"","nnd_to_prev","lek_id","date_prev","date_now","period"
"1",1.37072446775328,"TalChhapar_TC",2012-10-01,2014-02-01,"2012-2014"
"2",0.273289516092235,"TalChhapar_TC",2012-10-01,2014-02-01,"2012-2014"
"3",4.81920935741832,"TalChhapar_TC",2012-10-01,2014-02-01,"2012-2014"
"4",3.15860061913511,"TalChhapar_TC",2012-10-01,2014-02-01,"2012-2014"
"5",0.851588630402716,"TalChhapar_TC",2012-10-01,2014-02-01,"2012-2014"
"6",9.04604077343784,"TalChhapar_TC",2012-10-01,2014-02-01,"2012-2014"
"7",1.7801035234064,"TalChhapar_TC",2012-10-01,2014-02-01,"2012-2014"
"8",24.5895575956297,"TalChhapar_TC",2012-10-01,2014-02-01,"2012-2014"
"9",10.7414799914831,"TalChhapar_TC",2012-10-01,2014-02-01,"2012-2014"
"10",7.18570195758248,"TalChhapar_TC",2012-10-01,2014-02-01,"2012-2014"
"11",7.27706542111283,"TalChhapar_TC",2012-10-01,2014-02-01,"2012-2014"
"12",1.25380265605402,"TalChhapar_TC",2012-10-01,2014-02-01,"2012-2014"
"13",1.06069746783393,"TalChhapar_TC",2012-10-01,2014-02-01,"2012-2014"
"14",15.979342957992,"TalChhapar_TC",2012-10-01,2014-02-01,"2012-2014"
"15",18.3350340970631,"TalChhapar_TC",2012-10-01,2014-02-01,"2012-2014"
"16",0.162416286440429,"TalChhapar_TC",2012-10-01,2014-02-01,"2012-2014"
"17",5.52620863784576,"TalChhapar_TC",2012-10-01,2014-02-01,"2012-2014"
"18",7.0172833837996,"TalChhapar_TC",2012-10-01,2014-02-01,"2012-2014"
"19",1.71544196137985,"TalChhapar_TC",2012-10-01,2014-02-01,"2012-2014"
"20",4.770111834372,"TalChhapar_TC",2012-10-01,2014-02-01,"2012-2014"
"21",2.76200819331802,"TalChhapar_TC",2012-10-01,2014-02-01,"2012-2014"
"22",18.4579163794157,"TalChhapar_TC",2012-10-01,2014-02-01,"2012-2014"
"23",26.7139803358298,"TalChhapar_TC",2012-10-01,2014-02-01,"2012-2014"
"24",11.5871674512816,"TalChhapar_TC",2012-10-01,2014-02-01,"2012-2014"
"25",0.313679577403732,"TalChhapar_TC",2012-10-01,2014-02-01,"2012-2014"
"26",1.32650936713886,"TalChhapar_TC",2012-10-01,2014-02-01,"2012-2014"
"27",2.04706398273715,"TalChhapar_TC",2012-10-01,2014-02-01,"2012-2014"
"28",14.4273352107741,"TalChhapar_TC",2012-10-01,2014-02-01,"2012-2014"
"29",4.8630540281094,"TalChhapar_TC",2012-10-01,2014-02-01,"2012-2014"
"30",3.04177049582536,"TalChhapar_TC",2012-10-01,2014-02-01,"2012-2014"
"31",0.114607848168227,"TalChhapar_TC",2012-10-01,2014-02-01,"2012-2014"
"32",14.3015997072109,"TalChhapar_TC",2012-10-01,2014-02-01,"2012-2014"
"33",11.1525288951922,"TalChhapar_TC",2012-10-01,2014-02-01,"2012-2014"
"34",1.32834383937588,"TalChhapar_TC",2012-10-01,2014-02-01,"2012-2014"
"35",7.7926779566896,"TalChhapar_TC",2012-10-01,2014-02-01,"2012-2014"
"36",13.8420925846935,"TalChhapar_TC",2012-10-01,2014-02-01,"2012-2014"
"37",0.74055609570506,"TalChhapar_TC",2012-10-01,2014-02-01,"2012-2014"
"38",2.73749197252907,"TalChhapar_TC",2012-10-01,2014-02-01,"2012-2014"
"39",0.381046709730553,"TalChhapar_TC",2012-10-01,2014-02-01,"2012-2014"
"40",1.96131640194852,"TalChhapar_TC",2012-10-01,2014-02-01,"2012-2014"
"41",6.99326243795764,"TalChhapar_TC",2012-10-01,2014-02-01,"2012-2014"
"42",0.270694458038797,"TalChhapar_TC",2012-10-01,2014-02-01,"2012-2014"
"43",9.6206234272746,"TalChhapar_TC",2012-10-01,2014-02-01,"2012-2014"
"44",0.0794089311281013,"TalChhapar_TC",2012-10-01,2014-02-01,"2012-2014"
"45",0.0971523743463272,"TalChhapar_TC",2012-10-01,2014-02-01,"2012-2014"
"46",11.9025860706536,"TalChhapar_TC",2012-10-01,2014-02-01,"2012-2014"
"47",9.35436779196597,"TalChhapar_TC",2012-10-01,2014-02-01,"2012-2014"
"48",8.40812493898223,"TalChhapar_TC",2012-10-01,2014-02-01,"2012-2014"
"49",0.294021604780808,"TalChhapar_TC",2012-10-01,2014-02-01,"2012-2014"
"50",1.82647293534682,"TalChhapar_TC",2012-10-01,2014-02-01,"2012-2014"
"51",3.98340235042065,"TalChhapar_TC",2012-10-01,2014-02-01,"2012-2014"
"52",1.76858382030323,"TalChhapar_TC",2012-10-01,2014-02-01,"2012-2014"
"53",3.78649269942896,"TalChhapar_TC",2012-10-01,2014-02-01,"2012-2014"
"54",0.615173907265049,"TalChhapar_TC",2012-10-01,2014-02-01,"2012-2014"
"55",12.4265667074924,"TalChhapar_TC",2012-10-01,2014-02-01,"2012-2014"
"56",5.01700292195554,"TalChhapar_TC",2012-10-01,2014-02-01,"2012-2014"
"57",15.0318816306149,"TalChhapar_TC",2012-10-01,2014-02-01,"2012-2014"
"58",0.989018167400638,"TalChhapar_TC",2012-10-01,2014-02-01,"2012-2014"
"59",3.69556550908839,"TalChhapar_TC",2012-10-01,2014-02-01,"2012-2014"
"60",13.5516794558053,"TalChhapar_TC",2012-10-01,2014-02-01,"2012-2014"
"61",2.13447095751471,"TalChhapar_TC",2012-10-01,2014-02-01,"2012-2014"
"62",12.1583095873727,"TalChhapar_TC",2012-10-01,2014-02-01,"2012-2014"
"63",1.92347940345801,"TalChhapar_TC",2012-10-01,2014-02-01,"2012-2014"
"64",2.11503642595392,"TalChhapar_TC",2012-10-01,2014-02-01,"2012-2014"
"65",18.9668365846622,"TalChhapar_TC",2012-10-01,2014-02-01,"2012-2014"
"66",27.5629411115075,"TalChhapar_TC",2012-10-01,2014-02-01,"2012-2014"
"67",26.9718887456893,"TalChhapar_TC",2012-10-01,2014-02-01,"2012-2014"
"68",52.3870071372585,"TalChhapar_TC",2012-10-01,2014-02-01,"2012-2014"
"69",35.5606288746893,"TalChhapar_TC",2012-10-01,2014-02-01,"2012-2014"
"70",52.4451934968326,"TalChhapar_TC",2012-10-01,2014-02-01,"2012-2014"
"71",22.0203590624767,"TalChhapar_TC",2012-10-01,2014-02-01,"2012-2014"
"72",0.737031806587536,"TalChhapar_TC",2012-10-01,2014-02-01,"2012-2014"
"73",1.27041102557551,"TalChhapar_TC",2012-10-01,2014-02-01,"2012-2014"
"74",8.08423019275737,"TalChhapar_TC",2012-10-01,2014-02-01,"2012-2014"
"75",16.6088068929523,"TalChhapar_TC",2012-10-01,2014-02-01,"2012-2014"
"76",1.8920738641509,"TalChhapar_TC",2012-10-01,2014-02-01,"2012-2014"
"77",37.4273729749106,"TalChhapar_TC",2012-10-01,2014-02-01,"2012-2014"
"78",41.7095268586694,"TalChhapar_TC",2012-10-01,2014-02-01,"2012-2014"
"79",35.4403672972497,"TalChhapar_TC",2012-10-01,2014-02-01,"2012-2014"
"80",66.3920200358355,"TalChhapar_TC",2012-10-01,2014-02-01,"2012-2014"
"81",3.18954414766785,"TalChhapar_TC",2012-10-01,2014-02-01,"2012-2014"
"82",2.65055176804508,"TalChhapar_TC",2012-10-01,2014-02-01,"2012-2014"
"83",4.40799973587635,"TalChhapar_TC",2012-10-01,2014-02-01,"2012-2014"
"84",4.40445286252556,"TalChhapar_TC",2012-10-01,2014-02-01,"2012-2014"
"85",12.3846420855726,"TalChhapar_TC",2012-10-01,2014-02-01,"2012-2014"
"86",3.28558667370047,"TalChhapar_TC",2012-10-01,2014-02-01,"2012-2014"
"87",7.96870530769364,"TalChhapar_TC",2012-10-01,2014-02-01,"2012-2014"
"88",1.94740454226177,"TalChhapar_TC",2012-10-01,2014-02-01,"2012-2014"
"89",3.31974820442316,"TalChhapar_TC",2012-10-01,2014-02-01,"2012-2014"
"90",3.45428771164484,"TalChhapar_TC",2012-10-01,2014-02-01,"2012-2014"
"91",10.2516739989833,"TalChhapar_TC",2012-10-01,2014-02-01,"2012-2014"
"92",2.30421872538648,"TalChhapar_TC",2012-10-01,2014-02-01,"2012-2014"
"93",11.5264176905185,"TalChhapar_TC",2012-10-01,2014-02-01,"2012-2014"
"94",14.7322077569815,"TalChhapar_TC",2012-10-01,2014-02-01,"2012-2014"
"95",0.466960713769889,"TalChhapar_TC",2012-10-01,2014-02-01,"2012-2014"
"96",0.798087167787494,"TalChhapar_TC",2012-10-01,2014-02-01,"2012-2014"
"97",13.827235350298,"TalChhapar_TC",2012-10-01,2014-02-01,"2012-2014"
"98",11.2562380754298,"TalChhapar_TC",2012-10-01,2014-02-01,"2012-2014"
"99",13.5726545695665,"TalChhapar_TC",2012-10-01,2014-02-01,"2012-2014"
"100",0.821144122138765,"TalChhapar_TC",2012-10-01,2014-02-01,"2012-2014"
"101",9.11154304248334,"TalChhapar_TC",2012-10-01,2014-02-01,"2012-2014"
"102",4.05966218688668,"TalChhapar_TC",2012-10-01,2014-02-01,"2012-2014"
"103",0.383583672755636,"TalChhapar_TC",2012-10-01,2014-02-01,"2012-2014"
"104",12.8860277472587,"TalChhapar_TC",2012-10-01,2014-02-01,"2012-2014"
"105",2.40096367121556,"TalChhapar_TC",2012-10-01,2014-02-01,"2012-2014"
"106",1.84383402513143,"TalChhapar_TC",2012-10-01,2014-02-01,"2012-2014"
"107",12.2555323807764,"TalChhapar_TC",2012-10-01,2014-02-01,"2012-2014"
"108",9.56745704653385,"TalChhapar_TC",2012-10-01,2014-02-01,"2012-2014"
"109",2.45089395135576,"TalChhapar_TC",2012-10-01,2014-02-01,"2012-2014"
"110",6.68342700499747,"TalChhapar_TC",2012-10-01,2014-02-01,"2012-2014"
"111",10.4129575384592,"TalChhapar_TC",2012-10-01,2014-02-01,"2012-2014"
"112",1.45523669349709,"TalChhapar_TC",2012-10-01,2014-02-01,"2012-2014"
"113",10.2783410750175,"TalChhapar_TC",2012-10-01,2014-02-01,"2012-2014"
"114",0.629815387665559,"TalChhapar_TC",2012-10-01,2014-02-01,"2012-2014"
"115",1.84583810034768,"TalChhapar_TC",2012-10-01,2014-02-01,"2012-2014"
"116",5.84118052181054,"TalChhapar_TC",2012-10-01,2014-02-01,"2012-2014"
"117",0.893264264792878,"TalChhapar_TC",2012-10-01,2014-02-01,"2012-2014"
"118",0.76370253697243,"TalChhapar_TC",2012-10-01,2014-02-01,"2012-2014"
"119",2.89388306175247,"TalChhapar_TC",2012-10-01,2014-02-01,"2012-2014"
"120",2.01756676024952,"TalChhapar_TC",2012-10-01,2014-02-01,"2012-2014"
"121",2.01871744798942,"TalChhapar_TC",2012-10-01,2014-02-01,"2012-2014"
"122",10.6065699196625,"TalChhapar_TC",2012-10-01,2014-02-01,"2012-2014"
"123",0.52429730034194,"TalChhapar_TC",2012-10-01,2014-02-01,"2012-2014"
"124",12.4282699697216,"TalChhapar_TC",2012-10-01,2014-02-01,"2012-2014"
"125",1.10430241787751,"TalChhapar_TC",2012-10-01,2014-02-01,"2012-2014"
"126",42.8868256413126,"TalChhapar_TC",2012-10-01,2014-02-01,"2012-2014"
"127",1.21216202335477,"TalChhapar_TC",2012-10-01,2014-02-01,"2012-2014"
"128",20.6291127929212,"TalChhapar_TC",2012-10-01,2014-02-01,"2012-2014"
"129",0.302108068217608,"TalChhapar_TC",2012-10-01,2014-02-01,"2012-2014"
"130",2.44929305765586,"TalChhapar_TC",2012-10-01,2014-02-01,"2012-2014"
"131",0.919364134796017,"TalChhapar_TC",2012-10-01,2014-02-01,"2012-2014"
"132",4.34811480034487,"TalChhapar_TC",2012-10-01,2014-02-01,"2012-2014"
"133",10.095296516616,"TalChhapar_TC",2012-10-01,2014-02-01,"2012-2014"
"134",2.12538818532522,"TalChhapar_TC",2012-10-01,2014-02-01,"2012-2014"
"135",1.16671351600659,"TalChhapar_TC",2012-10-01,2014-02-01,"2012-2014"
"136",12.5746164458145,"TalChhapar_TC",2012-10-01,2014-02-01,"2012-2014"
"137",4.01458664336518,"TalChhapar_TC",2012-10-01,2014-02-01,"2012-2014"
"138",3.65621095211299,"TalChhapar_TC",2012-10-01,2014-02-01,"2012-2014"
"139",1.53339870796812,"TalChhapar_TC",2012-10-01,2014-02-01,"2012-2014"
"140",2.01835634161049,"TalChhapar_TC",2012-10-01,2014-02-01,"2012-2014"
"141",13.6886699783762,"TalChhapar_TC",2012-10-01,2014-02-01,"2012-2014"
"142",10.7170015960055,"TalChhapar_TC",2012-10-01,2014-02-01,"2012-2014"
"143",12.3588085148479,"TalChhapar_TC",2012-10-01,2014-02-01,"2012-2014"
"144",4.04713669780998,"TalChhapar_TC",2012-10-01,2014-02-01,"2012-2014"
"145",12.7985845395169,"TalChhapar_TC",2012-10-01,2014-02-01,"2012-2014"
"146",6.96627987795498,"TalChhapar_TC",2012-10-01,2014-02-01,"2012-2014"
"147",0.622269729810128,"TalChhapar_TC",2012-10-01,2014-02-01,"2012-2014"
"148",0.958883287499844,"TalChhapar_TC",2012-10-01,2014-02-01,"2012-2014"
"149",2.27557388145635,"TalChhapar_TC",2012-10-01,2014-02-01,"2012-2014"
"150",1.53010109214074,"TalChhapar_TC",2012-10-01,2014-02-01,"2012-2014"
"151",3.28824141387949,"TalChhapar_TC",2012-10-01,2014-02-01,"2012-2014"
"152",11.8598537399952,"TalChhapar_TC",2012-10-01,2014-02-01,"2012-2014"
"153",1.12743437481929,"TalChhapar_TC",2012-10-01,2014-02-01,"2012-2014"
"154",11.2281603767962,"TalChhapar_TC",2012-10-01,2014-02-01,"2012-2014"
"155",0.0848536679988707,"TalChhapar_TC",2012-10-01,2014-02-01,"2012-2014"
"156",0.874597473318948,"TalChhapar_TC",2012-10-01,2014-02-01,"2012-2014"
"157",2.99152331635876,"TalChhapar_TC",2012-10-01,2014-02-01,"2012-2014"
"158",0.448244923617909,"TalChhapar_TC",2012-10-01,2014-02-01,"2012-2014"
"159",3.42681425498769,"TalChhapar_TC",2012-10-01,2014-02-01,"2012-2014"
"160",0.92962047370895,"TalChhapar_TC",2012-10-01,2014-02-01,"2012-2014"
"161",12.5393185567538,"TalChhapar_TC",2012-10-01,2014-02-01,"2012-2014"
"162",4.56843846045977,"TalChhapar_TC",2012-10-01,2014-02-01,"2012-2014"
"163",4.64006259420612,"TalChhapar_TC",2012-10-01,2014-02-01,"2012-2014"
"164",0.599047676876188,"TalChhapar_TC",2012-10-01,2014-02-01,"2012-2014"
"165",0.810009148779632,"TalChhapar_TC",2012-10-01,2014-02-01,"2012-2014"
"166",0.121340229310498,"TalChhapar_TC",2012-10-01,2014-02-01,"2012-2014"
"167",7.38807266369591,"TalChhapar_TC",2012-10-01,2014-02-01,"2012-2014"
"168",3.03398504364825,"TalChhapar_TC",2012-10-01,2014-02-01,"2012-2014"
"169",20.0367988132273,"TalChhapar_TC",2012-10-01,2014-02-01,"2012-2014"
"170",1.24628971887631,"TalChhapar_TC",2012-10-01,2014-02-01,"2012-2014"
"171",1.4558679445709,"TalChhapar_TC",2012-10-01,2014-02-01,"2012-2014"
"172",0.199177962023652,"TalChhapar_TC",2012-10-01,2014-02-01,"2012-2014"
"173",0.5170293799197,"TalChhapar_TC",2012-10-01,2014-02-01,"2012-2014"
"174",3.54824771650913,"TalChhapar_TC",2012-10-01,2014-02-01,"2012-2014"
"175",1.38772407703912,"TalChhapar_TC",2012-10-01,2014-02-01,"2012-2014"
"176",2.5449344688913,"TalChhapar_TC",2012-10-01,2014-02-01,"2012-2014"
"177",1.98875000815423,"TalChhapar_TC",2012-10-01,2014-02-01,"2012-2014"
"178",0.767151898043137,"TalChhapar_TC",2012-10-01,2014-02-01,"2012-2014"
"179",3.48351913331864,"TalChhapar_TC",2012-10-01,2014-02-01,"2012-2014"
"180",1.04652918184301,"TalChhapar_TC",2012-10-01,2014-02-01,"2012-2014"
"181",0.701159957159148,"TalChhapar_TC",2012-10-01,2014-02-01,"2012-2014"
"182",2.91616552427134,"TalChhapar_TC",2012-10-01,2014-02-01,"2012-2014"
"183",9.28130051270579,"TalChhapar_TC",2012-10-01,2014-02-01,"2012-2014"
"184",2.55012433175476,"TalChhapar_TC",2012-10-01,2014-02-01,"2012-2014"
"185",2.80406070862211,"TalChhapar_TC",2012-10-01,2014-02-01,"2012-2014"
"186",24.8502069044244,"TalChhapar_TC",2012-10-01,2014-02-01,"2012-2014"
"187",43.9527937895014,"TalChhapar_TC",2012-10-01,2014-02-01,"2012-2014"
"188",43.1182494499958,"TalChhapar_TC",2012-10-01,2014-02-01,"2012-2014"
"189",11.5165348678353,"TalChhapar_TC",2012-10-01,2014-02-01,"2012-2014"
"190",36.3354040375446,"TalChhapar_TC",2012-10-01,2014-02-01,"2012-2014"
"191",0.63595714801211,"TalChhapar_TC",2012-10-01,2014-02-01,"2012-2014"
"192",0.358201887101768,"TalChhapar_TC",2012-10-01,2014-02-01,"2012-2014"
"193",17.6857687628661,"TalChhapar_TC",2012-10-01,2014-02-01,"2012-2014"
"194",3.51897756435508,"TalChhapar_TC",2014-02-01,2015-11-01,"2014-2015"
"195",2.03369725189744,"TalChhapar_TC",2014-02-01,2015-11-01,"2014-2015"
"196",1.37959321422091,"TalChhapar_TC",2014-02-01,2015-11-01,"2014-2015"
"197",9.93103084054817,"TalChhapar_TC",2014-02-01,2015-11-01,"2014-2015"
"198",2.24336398320891,"TalChhapar_TC",2014-02-01,2015-11-01,"2014-2015"
"199",0.732619084213463,"TalChhapar_TC",2014-02-01,2015-11-01,"2014-2015"
"200",0.74214281465181,"TalChhapar_TC",2014-02-01,2015-11-01,"2014-2015"
"201",1.59834697028108,"TalChhapar_TC",2014-02-01,2015-11-01,"2014-2015"
"202",1.76625889075586,"TalChhapar_TC",2014-02-01,2015-11-01,"2014-2015"
"203",3.45002001289813,"TalChhapar_TC",2014-02-01,2015-11-01,"2014-2015"
"204",11.1119616561156,"TalChhapar_TC",2014-02-01,2015-11-01,"2014-2015"
"205",2.47577677454663,"TalChhapar_TC",2014-02-01,2015-11-01,"2014-2015"
"206",1.01458181608467,"TalChhapar_TC",2014-02-01,2015-11-01,"2014-2015"
"207",12.0856146701438,"TalChhapar_TC",2014-02-01,2015-11-01,"2014-2015"
"208",2.38928088773941,"TalChhapar_TC",2014-02-01,2015-11-01,"2014-2015"
"209",2.4160333213008,"TalChhapar_TC",2014-02-01,2015-11-01,"2014-2015"
"210",1.49276983284028,"TalChhapar_TC",2014-02-01,2015-11-01,"2014-2015"
"211",8.49877219091386,"TalChhapar_TC",2014-02-01,2015-11-01,"2014-2015"
"212",1.63680079891384,"TalChhapar_TC",2014-02-01,2015-11-01,"2014-2015"
"213",2.89431633872337,"TalChhapar_TC",2014-02-01,2015-11-01,"2014-2015"
"214",0.50395557583492,"TalChhapar_TC",2014-02-01,2015-11-01,"2014-2015"
"215",2.58576779317246,"TalChhapar_TC",2014-02-01,2015-11-01,"2014-2015"
"216",3.10083815196394,"TalChhapar_TC",2014-02-01,2015-11-01,"2014-2015"
"217",1.90516854160889,"TalChhapar_TC",2014-02-01,2015-11-01,"2014-2015"
"218",9.31486661992823,"TalChhapar_TC",2014-02-01,2015-11-01,"2014-2015"
"219",0.819984106616717,"TalChhapar_TC",2014-02-01,2015-11-01,"2014-2015"
"220",1.2561745870913,"TalChhapar_TC",2014-02-01,2015-11-01,"2014-2015"
"221",13.0959123808985,"TalChhapar_TC",2014-02-01,2015-11-01,"2014-2015"
"222",9.22813031450597,"TalChhapar_TC",2014-02-01,2015-11-01,"2014-2015"
"223",7.83547929195527,"TalChhapar_TC",2014-02-01,2015-11-01,"2014-2015"
"224",2.83286582038511,"TalChhapar_TC",2014-02-01,2015-11-01,"2014-2015"
"225",2.76382751374494,"TalChhapar_TC",2014-02-01,2015-11-01,"2014-2015"
"226",1.33484818684743,"TalChhapar_TC",2014-02-01,2015-11-01,"2014-2015"
"227",7.16487360550288,"TalChhapar_TC",2014-02-01,2015-11-01,"2014-2015"
"228",1.33000487532048,"TalChhapar_TC",2014-02-01,2015-11-01,"2014-2015"
"229",5.08055075148607,"TalChhapar_TC",2014-02-01,2015-11-01,"2014-2015"
"230",0.532392237158963,"TalChhapar_TC",2014-02-01,2015-11-01,"2014-2015"
"231",8.38794247602223,"TalChhapar_TC",2014-02-01,2015-11-01,"2014-2015"
"232",4.6594556802088,"TalChhapar_TC",2014-02-01,2015-11-01,"2014-2015"
"233",3.66401818288282,"TalChhapar_TC",2014-02-01,2015-11-01,"2014-2015"
"234",7.31177511616939,"TalChhapar_TC",2014-02-01,2015-11-01,"2014-2015"
"235",4.35403672633313,"TalChhapar_TC",2014-02-01,2015-11-01,"2014-2015"
"236",9.70994259281411,"TalChhapar_TC",2014-02-01,2015-11-01,"2014-2015"
"237",0.561105322857531,"TalChhapar_TC",2014-02-01,2015-11-01,"2014-2015"
"238",5.10330571048439,"TalChhapar_TC",2014-02-01,2015-11-01,"2014-2015"
"239",11.7438697704426,"TalChhapar_TC",2014-02-01,2015-11-01,"2014-2015"
"240",0.375610619824091,"TalChhapar_TC",2014-02-01,2015-11-01,"2014-2015"
"241",4.17697808032612,"TalChhapar_TC",2014-02-01,2015-11-01,"2014-2015"
"242",8.41701455821065,"TalChhapar_TC",2014-02-01,2015-11-01,"2014-2015"
"243",3.50163096864308,"TalChhapar_TC",2014-02-01,2015-11-01,"2014-2015"
"244",12.1038552969255,"TalChhapar_TC",2014-02-01,2015-11-01,"2014-2015"
"245",9.28127283969044,"TalChhapar_TC",2014-02-01,2015-11-01,"2014-2015"
"246",7.50047497280375,"TalChhapar_TC",2014-02-01,2015-11-01,"2014-2015"
"247",6.40432469593174,"TalChhapar_TC",2014-02-01,2015-11-01,"2014-2015"
"248",6.88087370644006,"TalChhapar_TC",2014-02-01,2015-11-01,"2014-2015"
"249",5.94147741447124,"TalChhapar_TC",2014-02-01,2015-11-01,"2014-2015"
"250",8.9534084539655,"TalChhapar_TC",2014-02-01,2015-11-01,"2014-2015"
"251",10.137175490382,"TalChhapar_TC",2014-02-01,2015-11-01,"2014-2015"
"252",2.08141254882349,"TalChhapar_TC",2014-02-01,2015-11-01,"2014-2015"
"253",5.01612888845624,"TalChhapar_TC",2014-02-01,2015-11-01,"2014-2015"
"254",2.85005288582813,"TalChhapar_TC",2014-02-01,2015-11-01,"2014-2015"
"255",8.12630227893423,"TalChhapar_TC",2014-02-01,2015-11-01,"2014-2015"
"256",6.60281584746954,"TalChhapar_TC",2014-02-01,2015-11-01,"2014-2015"
"257",2.74198598022842,"TalChhapar_TC",2014-02-01,2015-11-01,"2014-2015"
"258",2.71627862050226,"TalChhapar_TC",2014-02-01,2015-11-01,"2014-2015"
"259",3.1484075621399,"TalChhapar_TC",2014-02-01,2015-11-01,"2014-2015"
"260",7.30206494227645,"TalChhapar_TC",2014-02-01,2015-11-01,"2014-2015"
"261",2.47529179774334,"TalChhapar_TC",2014-02-01,2015-11-01,"2014-2015"
"262",3.44109782981057,"TalChhapar_TC",2014-02-01,2015-11-01,"2014-2015"
"263",12.1245494091188,"TalChhapar_TC",2014-02-01,2015-11-01,"2014-2015"
"264",3.22520851359081,"TalChhapar_TC",2014-02-01,2015-11-01,"2014-2015"
"265",1.11246321084776,"TalChhapar_TC",2014-02-01,2015-11-01,"2014-2015"
"266",4.05262449350522,"TalChhapar_TC",2014-02-01,2015-11-01,"2014-2015"
"267",7.57688747298169,"TalChhapar_TC",2014-02-01,2015-11-01,"2014-2015"
"268",0.923323269495377,"TalChhapar_TC",2014-02-01,2015-11-01,"2014-2015"
"269",10.6729676675968,"TalChhapar_TC",2014-02-01,2015-11-01,"2014-2015"
"270",4.38434052635788,"TalChhapar_TC",2014-02-01,2015-11-01,"2014-2015"
"271",1.65342780300611,"TalChhapar_TC",2014-02-01,2015-11-01,"2014-2015"
"272",14.4579090005454,"TalChhapar_TC",2014-02-01,2015-11-01,"2014-2015"
"273",4.61221988052321,"TalChhapar_TC",2014-02-01,2015-11-01,"2014-2015"
"274",2.75248580034451,"TalChhapar_TC",2014-02-01,2015-11-01,"2014-2015"
"275",4.0325252570436,"TalChhapar_TC",2014-02-01,2015-11-01,"2014-2015"
"276",5.55931439520522,"TalChhapar_TC",2014-02-01,2015-11-01,"2014-2015"
"277",0.406652257709829,"TalChhapar_TC",2014-02-01,2015-11-01,"2014-2015"
"278",6.92940634017805,"TalChhapar_TC",2014-02-01,2015-11-01,"2014-2015"
"279",14.055385423199,"TalChhapar_TC",2014-02-01,2015-11-01,"2014-2015"
"280",24.2203840092281,"TalChhapar_TC",2014-02-01,2015-11-01,"2014-2015"
"281",37.9420573833061,"TalChhapar_TC",2014-02-01,2015-11-01,"2014-2015"
"282",35.438279110602,"TalChhapar_TC",2014-02-01,2015-11-01,"2014-2015"
"283",5.31771587832661,"TalChhapar_TC",2014-02-01,2015-11-01,"2014-2015"
"284",17.1453040241053,"TalChhapar_TC",2014-02-01,2015-11-01,"2014-2015"
"285",10.6260712599001,"TalChhapar_TC",2014-02-01,2015-11-01,"2014-2015"
"286",57.1397591993175,"TalChhapar_TC",2014-02-01,2015-11-01,"2014-2015"
"287",31.4342455625917,"TalChhapar_TC",2014-02-01,2015-11-01,"2014-2015"
"288",9.21278140535974,"TalChhapar_TC",2014-02-01,2015-11-01,"2014-2015"
"289",1.19596995591708,"TalChhapar_TC",2014-02-01,2015-11-01,"2014-2015"
"290",17.0471862695447,"TalChhapar_TC",2014-02-01,2015-11-01,"2014-2015"
"291",4.85852320432723,"TalChhapar_TC",2014-02-01,2015-11-01,"2014-2015"
"292",3.29681795729707,"TalChhapar_TC",2014-02-01,2015-11-01,"2014-2015"
"293",12.8905565712642,"TalChhapar_TC",2014-02-01,2015-11-01,"2014-2015"
"294",2.93507182378367,"TalChhapar_TC",2014-02-01,2015-11-01,"2014-2015"
"295",3.6682786802474,"TalChhapar_TC",2014-02-01,2015-11-01,"2014-2015"
"296",2.78257272892503,"TalChhapar_TC",2014-02-01,2015-11-01,"2014-2015"
"297",1.45104602506767,"TalChhapar_TC",2014-02-01,2015-11-01,"2014-2015"
"298",1.42807941889244,"TalChhapar_TC",2014-02-01,2015-11-01,"2014-2015"
"299",7.58456143886242,"TalChhapar_TC",2014-02-01,2015-11-01,"2014-2015"
"300",1.70455110322203,"TalChhapar_TC",2014-02-01,2015-11-01,"2014-2015"
"301",3.74005103430385,"TalChhapar_TC",2014-02-01,2015-11-01,"2014-2015"
"302",2.00967941903987,"TalChhapar_TC",2014-02-01,2015-11-01,"2014-2015"
"303",0.641720001556115,"TalChhapar_TC",2014-02-01,2015-11-01,"2014-2015"
"304",4.29177405778748,"TalChhapar_TC",2014-02-01,2015-11-01,"2014-2015"
"305",2.255610386024,"TalChhapar_TC",2014-02-01,2015-11-01,"2014-2015"
"306",1.64283292725477,"TalChhapar_TC",2014-02-01,2015-11-01,"2014-2015"
"307",0.934772945637396,"TalChhapar_TC",2014-02-01,2015-11-01,"2014-2015"
"308",2.56867882935517,"TalChhapar_TC",2014-02-01,2015-11-01,"2014-2015"
"309",1.90559447037705,"TalChhapar_TC",2014-02-01,2015-11-01,"2014-2015"
"310",0.528340884827354,"TalChhapar_TC",2014-02-01,2015-11-01,"2014-2015"
"311",2.88253936607165,"TalChhapar_TC",2014-02-01,2015-11-01,"2014-2015"
"312",7.02154084094634,"TalChhapar_TC",2014-02-01,2015-11-01,"2014-2015"
"313",1.46054868498238,"TalChhapar_TC",2014-02-01,2015-11-01,"2014-2015"
"314",3.20240839651062,"TalChhapar_TC",2014-02-01,2015-11-01,"2014-2015"
"315",10.1106340931071,"TalChhapar_TC",2014-02-01,2015-11-01,"2014-2015"
"316",3.93710430064808,"TalChhapar_TC",2014-02-01,2015-11-01,"2014-2015"
"317",4.69913286626101,"TalChhapar_TC",2014-02-01,2015-11-01,"2014-2015"
"318",12.1213091571092,"TalChhapar_TC",2014-02-01,2015-11-01,"2014-2015"
"319",3.84736546138163,"TalChhapar_TC",2014-02-01,2015-11-01,"2014-2015"
"320",12.8012334490746,"TalChhapar_TC",2014-02-01,2015-11-01,"2014-2015"
"321",1.72680026417217,"TalChhapar_TC",2015-11-01,2015-12-01,"2015-2015"
"322",1.58271767634167,"TalChhapar_TC",2015-11-01,2015-12-01,"2015-2015"
"323",20.1167864000389,"TalChhapar_TC",2015-11-01,2015-12-01,"2015-2015"
"324",1.91835657412463,"TalChhapar_TC",2015-11-01,2015-12-01,"2015-2015"
"325",1.63256483260709,"TalChhapar_TC",2015-11-01,2015-12-01,"2015-2015"
"326",2.36128785724511,"TalChhapar_TC",2015-11-01,2015-12-01,"2015-2015"
"327",1.19061138556766,"TalChhapar_TC",2015-11-01,2015-12-01,"2015-2015"
"328",1.13015281920304,"TalChhapar_TC",2015-11-01,2015-12-01,"2015-2015"
"329",0.993482248118491,"TalChhapar_TC",2015-11-01,2015-12-01,"2015-2015"
"330",1.2823375147514,"TalChhapar_TC",2015-11-01,2015-12-01,"2015-2015"
"331",0.370180318521612,"TalChhapar_TC",2015-11-01,2015-12-01,"2015-2015"
"332",0.529704695245382,"TalChhapar_TC",2015-11-01,2015-12-01,"2015-2015"
"333",1.03047067450907,"TalChhapar_TC",2015-11-01,2015-12-01,"2015-2015"
"334",2.02720443125838,"TalChhapar_TC",2015-11-01,2015-12-01,"2015-2015"
"335",1.85121068277393,"TalChhapar_TC",2015-11-01,2015-12-01,"2015-2015"
"336",1.60288787791714,"TalChhapar_TC",2015-11-01,2015-12-01,"2015-2015"
"337",0.733943617214476,"TalChhapar_TC",2015-11-01,2015-12-01,"2015-2015"
"338",1.0205766787489,"TalChhapar_TC",2015-11-01,2015-12-01,"2015-2015"
"339",0.462990057441543,"TalChhapar_TC",2015-11-01,2015-12-01,"2015-2015"
"340",0.518988654340033,"TalChhapar_TC",2015-11-01,2015-12-01,"2015-2015"
"341",1.48220711178794,"TalChhapar_TC",2015-11-01,2015-12-01,"2015-2015"
"342",0.528699451611017,"TalChhapar_TC",2015-11-01,2015-12-01,"2015-2015"
"343",0.907404065361951,"TalChhapar_TC",2015-11-01,2015-12-01,"2015-2015"
"344",0.820162913648647,"TalChhapar_TC",2015-11-01,2015-12-01,"2015-2015"
"345",0.226383381009052,"TalChhapar_TC",2015-11-01,2015-12-01,"2015-2015"
"346",1.07946044494128,"TalChhapar_TC",2015-11-01,2015-12-01,"2015-2015"
"347",0.196806362740597,"TalChhapar_TC",2015-11-01,2015-12-01,"2015-2015"
"348",0.912560267577278,"TalChhapar_TC",2015-11-01,2015-12-01,"2015-2015"
"349",25.8352515735732,"TalChhapar_TC",2015-11-01,2015-12-01,"2015-2015"
"350",19.458871703027,"TalChhapar_TC",2015-11-01,2015-12-01,"2015-2015"
"351",28.2978406961483,"TalChhapar_TC",2015-11-01,2015-12-01,"2015-2015"
"352",0.740888186363676,"TalChhapar_TC",2015-11-01,2015-12-01,"2015-2015"
"353",0.992693117546697,"TalChhapar_TC",2015-11-01,2015-12-01,"2015-2015"
"354",0.345853457555545,"TalChhapar_TC",2015-11-01,2015-12-01,"2015-2015"
"355",0.729175582014529,"TalChhapar_TC",2015-11-01,2015-12-01,"2015-2015"
"356",0.549137958172155,"TalChhapar_TC",2015-11-01,2015-12-01,"2015-2015"
"357",0.72744340919021,"TalChhapar_TC",2015-11-01,2015-12-01,"2015-2015"
"358",0.0811847577443151,"TalChhapar_TC",2015-11-01,2015-12-01,"2015-2015"
"359",0.981839098952429,"TalChhapar_TC",2015-11-01,2015-12-01,"2015-2015"
"360",0.840221029948268,"TalChhapar_TC",2015-11-01,2015-12-01,"2015-2015"
"361",0.628881231230798,"TalChhapar_TC",2015-11-01,2015-12-01,"2015-2015"
"362",0.46972411902626,"TalChhapar_TC",2015-11-01,2015-12-01,"2015-2015"
"363",1.01932615286263,"TalChhapar_TC",2015-11-01,2015-12-01,"2015-2015"
"364",21.4513806858532,"TalChhapar_TC",2015-11-01,2015-12-01,"2015-2015"
"365",23.5980243916498,"TalChhapar_TC",2015-11-01,2015-12-01,"2015-2015"
"366",1.61858884943861,"TalChhapar_TC",2015-11-01,2015-12-01,"2015-2015"
"367",1.02235773290941,"TalChhapar_TC",2015-11-01,2015-12-01,"2015-2015"
"368",0.839248496712522,"TalChhapar_TC",2015-11-01,2015-12-01,"2015-2015"
"369",0.152768339315071,"TalChhapar_TC",2015-11-01,2015-12-01,"2015-2015"
"370",0.192281168834144,"TalChhapar_TC",2015-11-01,2015-12-01,"2015-2015"
"371",0.665903756788976,"TalChhapar_TC",2015-11-01,2015-12-01,"2015-2015"
"372",1.10046772149699,"TalChhapar_TC",2015-11-01,2015-12-01,"2015-2015"
"373",1.68958236924348,"TalChhapar_TC",2015-11-01,2015-12-01,"2015-2015"
"374",0.724524763995871,"TalChhapar_TC",2015-11-01,2015-12-01,"2015-2015"
"375",1.5027854342899,"TalChhapar_TC",2015-11-01,2015-12-01,"2015-2015"
"376",1.5058802440159,"TalChhapar_TC",2015-11-01,2015-12-01,"2015-2015"
"377",1.56290083257444,"TalChhapar_TC",2015-11-01,2015-12-01,"2015-2015"
"378",1.04431021023608,"TalChhapar_TC",2015-11-01,2015-12-01,"2015-2015"
"379",1.22501993343773,"TalChhapar_TC",2015-11-01,2015-12-01,"2015-2015"
"380",1.28782717222202,"TalChhapar_TC",2015-11-01,2015-12-01,"2015-2015"
"381",1.11780483127894,"TalChhapar_TC",2015-11-01,2015-12-01,"2015-2015"
"382",1.73689311120002,"TalChhapar_TC",2015-11-01,2015-12-01,"2015-2015"
"383",0.937434404954489,"TalChhapar_TC",2015-11-01,2015-12-01,"2015-2015"
"384",1.56159999876748,"TalChhapar_TC",2015-11-01,2015-12-01,"2015-2015"
"385",2.01210459196711,"TalChhapar_TC",2015-11-01,2015-12-01,"2015-2015"
"386",1.91385500738976,"TalChhapar_TC",2015-11-01,2015-12-01,"2015-2015"
"387",2.2354121585791,"TalChhapar_TC",2015-11-01,2015-12-01,"2015-2015"
"388",1.06680497357698,"TalChhapar_TC",2015-11-01,2015-12-01,"2015-2015"
"389",12.6393076966448,"TalChhapar_TC",2015-11-01,2015-12-01,"2015-2015"
"390",0.478399188583645,"TalChhapar_TC",2015-11-01,2015-12-01,"2015-2015"
"391",1.37108910039469,"TalChhapar_TC",2015-11-01,2015-12-01,"2015-2015"
"392",0.859003313602406,"TalChhapar_TC",2015-11-01,2015-12-01,"2015-2015"
"393",0.485653019267959,"TalChhapar_TC",2015-11-01,2015-12-01,"2015-2015"
"394",5.56766599518265,"TalChhapar_TC",2015-11-01,2015-12-01,"2015-2015"
"395",1.95819472434146,"TalChhapar_TC",2015-11-01,2015-12-01,"2015-2015"
"396",0.274391069828374,"TalChhapar_TC",2015-11-01,2015-12-01,"2015-2015"
"397",0.137352081025895,"TalChhapar_TC",2015-11-01,2015-12-01,"2015-2015"
"398",0.494919051323877,"TalChhapar_TC",2015-11-01,2015-12-01,"2015-2015"
"399",0.92262246794023,"TalChhapar_TC",2015-11-01,2015-12-01,"2015-2015"
"400",0.473837155654401,"TalChhapar_TC",2015-11-01,2015-12-01,"2015-2015"
"401",0.632315300502346,"TalChhapar_TC",2015-11-01,2015-12-01,"2015-2015"
"402",2.13417043673328,"TalChhapar_TC",2015-11-01,2015-12-01,"2015-2015"
"403",0.237455584936284,"TalChhapar_TC",2015-11-01,2015-12-01,"2015-2015"
"404",1.14903528153884,"TalChhapar_TC",2015-11-01,2015-12-01,"2015-2015"
"405",0.566932449723693,"TalChhapar_TC",2015-11-01,2015-12-01,"2015-2015"
"406",0.535089159660797,"TalChhapar_TC",2015-11-01,2015-12-01,"2015-2015"
"407",1.48652866700061,"TalChhapar_TC",2015-11-01,2015-12-01,"2015-2015"
"408",0.666179011817994,"TalChhapar_TC",2015-11-01,2015-12-01,"2015-2015"
"409",0.204072847427683,"TalChhapar_TC",2015-11-01,2015-12-01,"2015-2015"
"410",0.788953606674233,"TalChhapar_TC",2015-11-01,2015-12-01,"2015-2015"
"411",1.24828517449651,"TalChhapar_TC",2015-11-01,2015-12-01,"2015-2015"
"412",40.4180852539956,"TalChhapar_TC",2015-11-01,2015-12-01,"2015-2015"
"413",46.5819525748556,"TalChhapar_TC",2015-11-01,2015-12-01,"2015-2015"
"414",1.23869109353892,"TalChhapar_TC",2015-11-01,2015-12-01,"2015-2015"
"415",1.29704220155353,"TalChhapar_TC",2015-11-01,2015-12-01,"2015-2015"
"416",1.32496637190025,"TalChhapar_TC",2015-11-01,2015-12-01,"2015-2015"
"417",14.7248289780867,"TalChhapar_TC",2015-11-01,2015-12-01,"2015-2015"
"418",0.599792834658248,"TalChhapar_TC",2015-11-01,2015-12-01,"2015-2015"
"419",0.105725679072216,"TalChhapar_TC",2015-11-01,2015-12-01,"2015-2015"
"420",1.32541347268635,"TalChhapar_TC",2015-11-01,2015-12-01,"2015-2015"
"421",2.40719891553567,"TalChhapar_TC",2015-11-01,2015-12-01,"2015-2015"
"422",21.1667057325219,"TalChhapar_TC",2015-11-01,2015-12-01,"2015-2015"
"423",14.9686132550577,"TalChhapar_TC",2015-11-01,2015-12-01,"2015-2015"
"424",1.06053363223472,"TalChhapar_TC",2015-11-01,2015-12-01,"2015-2015"
"425",0.849000272700114,"TalChhapar_TC",2015-11-01,2015-12-01,"2015-2015"
"426",15.5383804433252,"TalChhapar_TC",2015-11-01,2015-12-01,"2015-2015"
"427",2.43962192796456,"TalChhapar_TC",2015-12-01,2018-01-01,"2015-2018"
"428",16.0145443810885,"TalChhapar_TC",2015-12-01,2018-01-01,"2015-2018"
"429",7.92339524884181,"TalChhapar_TC",2015-12-01,2018-01-01,"2015-2018"
"430",12.7901612182372,"TalChhapar_TC",2015-12-01,2018-01-01,"2015-2018"
"431",11.1874608410432,"TalChhapar_TC",2015-12-01,2018-01-01,"2015-2018"
"432",30.0601547704152,"TalChhapar_TC",2015-12-01,2018-01-01,"2015-2018"
"433",1.4022364845072,"TalChhapar_TC",2015-12-01,2018-01-01,"2015-2018"
"434",15.0009538544367,"TalChhapar_TC",2015-12-01,2018-01-01,"2015-2018"
"435",1.3800703619632,"TalChhapar_TC",2015-12-01,2018-01-01,"2015-2018"
"436",20.4383581452189,"TalChhapar_TC",2015-12-01,2018-01-01,"2015-2018"
"437",12.1722490048471,"TalChhapar_TC",2015-12-01,2018-01-01,"2015-2018"
"438",18.2780588903573,"TalChhapar_TC",2015-12-01,2018-01-01,"2015-2018"
"439",8.22398245615246,"TalChhapar_TC",2015-12-01,2018-01-01,"2015-2018"
"440",1.09426727587849,"TalChhapar_TC",2015-12-01,2018-01-01,"2015-2018"
"441",6.59880334757104,"TalChhapar_TC",2015-12-01,2018-01-01,"2015-2018"
"442",10.828797904152,"TalChhapar_TC",2015-12-01,2018-01-01,"2015-2018"
"443",14.2747392208154,"TalChhapar_TC",2015-12-01,2018-01-01,"2015-2018"
"444",0.45364039584088,"TalChhapar_TC",2015-12-01,2018-01-01,"2015-2018"
"445",25.0900608511019,"TalChhapar_TC",2015-12-01,2018-01-01,"2015-2018"
"446",3.98333369131546,"TalChhapar_TC",2015-12-01,2018-01-01,"2015-2018"
"447",16.427498297948,"TalChhapar_TC",2015-12-01,2018-01-01,"2015-2018"
"448",11.8016773514266,"TalChhapar_TC",2015-12-01,2018-01-01,"2015-2018"
"449",3.28335835798415,"TalChhapar_TC",2015-12-01,2018-01-01,"2015-2018"
"450",15.400747483068,"TalChhapar_TC",2015-12-01,2018-01-01,"2015-2018"
"451",2.81934168011389,"TalChhapar_TC",2015-12-01,2018-01-01,"2015-2018"
"452",0.513494855312988,"TalChhapar_TC",2015-12-01,2018-01-01,"2015-2018"
"453",17.0921268385203,"TalChhapar_TC",2015-12-01,2018-01-01,"2015-2018"
"454",1.72677166360309,"TalChhapar_TC",2015-12-01,2018-01-01,"2015-2018"
"455",13.1889453590774,"TalChhapar_TC",2015-12-01,2018-01-01,"2015-2018"
"456",0.392577989994482,"TalChhapar_TC",2015-12-01,2018-01-01,"2015-2018"
"457",11.5275872992642,"TalChhapar_TC",2015-12-01,2018-01-01,"2015-2018"
"458",2.91468602600751,"TalChhapar_TC",2015-12-01,2018-01-01,"2015-2018"
"459",0.427113461853374,"TalChhapar_TC",2015-12-01,2018-01-01,"2015-2018"
"460",10.0720293462624,"TalChhapar_TC",2015-12-01,2018-01-01,"2015-2018"
"461",12.7064946508593,"TalChhapar_TC",2015-12-01,2018-01-01,"2015-2018"
"462",2.49397248614828,"TalChhapar_TC",2015-12-01,2018-01-01,"2015-2018"
"463",3.50113703113316,"TalChhapar_TC",2015-12-01,2018-01-01,"2015-2018"
"464",10.1397261006638,"TalChhapar_TC",2015-12-01,2018-01-01,"2015-2018"
"465",1.68401681742883,"TalChhapar_TC",2015-12-01,2018-01-01,"2015-2018"
"466",22.4671491928108,"TalChhapar_TC",2015-12-01,2018-01-01,"2015-2018"
"467",12.1776101221269,"TalChhapar_TC",2015-12-01,2018-01-01,"2015-2018"
"468",8.09187826666466,"TalChhapar_TC",2015-12-01,2018-01-01,"2015-2018"
"469",4.36828717466051,"TalChhapar_TC",2015-12-01,2018-01-01,"2015-2018"
"470",13.0740342407016,"TalChhapar_TC",2015-12-01,2018-01-01,"2015-2018"
"471",12.4419553721222,"TalChhapar_TC",2015-12-01,2018-01-01,"2015-2018"
"472",4.55246912509084,"TalChhapar_TC",2015-12-01,2018-01-01,"2015-2018"
"473",10.5045487395279,"TalChhapar_TC",2015-12-01,2018-01-01,"2015-2018"
"474",6.27993916832479,"TalChhapar_TC",2015-12-01,2018-01-01,"2015-2018"
"475",9.6370971066319,"TalChhapar_TC",2015-12-01,2018-01-01,"2015-2018"
"476",1.73876870264819,"TalChhapar_TC",2015-12-01,2018-01-01,"2015-2018"
"477",2.87738754137199,"TalChhapar_TC",2015-12-01,2018-01-01,"2015-2018"
"478",7.28464644093262,"TalChhapar_TC",2015-12-01,2018-01-01,"2015-2018"
"479",6.95693693105332,"TalChhapar_TC",2015-12-01,2018-01-01,"2015-2018"
"480",6.65385190593634,"TalChhapar_TC",2015-12-01,2018-01-01,"2015-2018"
"481",12.1271436923433,"TalChhapar_TC",2015-12-01,2018-01-01,"2015-2018"
"482",6.30493144909893,"TalChhapar_TC",2015-12-01,2018-01-01,"2015-2018"
"483",11.2229280270454,"TalChhapar_TC",2015-12-01,2018-01-01,"2015-2018"
"484",5.1380621680419,"TalChhapar_TC",2015-12-01,2018-01-01,"2015-2018"
"485",11.7496485738029,"TalChhapar_TC",2015-12-01,2018-01-01,"2015-2018"
"486",19.963258718612,"TalChhapar_TC",2015-12-01,2018-01-01,"2015-2018"
"487",1.70347152118626,"TalChhapar_TC",2015-12-01,2018-01-01,"2015-2018"
"488",111.064362068371,"TalChhapar_TC",2015-12-01,2018-01-01,"2015-2018"
"489",146.842725431071,"TalChhapar_TC",2015-12-01,2018-01-01,"2015-2018"
"490",108.154612061684,"TalChhapar_TC",2015-12-01,2018-01-01,"2015-2018"
"491",38.7558935512568,"TalChhapar_TC",2015-12-01,2018-01-01,"2015-2018"
"492",76.9616832081284,"TalChhapar_TC",2015-12-01,2018-01-01,"2015-2018"
"493",81.8051804442221,"TalChhapar_TC",2015-12-01,2018-01-01,"2015-2018"
"494",114.889203078718,"TalChhapar_TC",2015-12-01,2018-01-01,"2015-2018"
"495",49.8868293725143,"TalChhapar_TC",2015-12-01,2018-01-01,"2015-2018"
"496",2.25845668557007,"TalChhapar_TC",2015-12-01,2018-01-01,"2015-2018"
"497",59.2330516264869,"TalChhapar_TC",2015-12-01,2018-01-01,"2015-2018"
"498",83.23461873412,"TalChhapar_TC",2015-12-01,2018-01-01,"2015-2018"
"499",49.5745005818192,"TalChhapar_TC",2015-12-01,2018-01-01,"2015-2018"
"500",0.328994169105704,"TalChhapar_TC",2015-12-01,2018-01-01,"2015-2018"
"501",1.8948021956573,"TalChhapar_TC",2015-12-01,2018-01-01,"2015-2018"
"502",0.965798039177093,"TalChhapar_TC",2015-12-01,2018-01-01,"2015-2018"
"503",0.0746482094098572,"TalChhapar_TC",2015-12-01,2018-01-01,"2015-2018"
"504",10.9942695461321,"TalChhapar_TC",2015-12-01,2018-01-01,"2015-2018"
"505",20.1745850492652,"TalChhapar_TC",2015-12-01,2018-01-01,"2015-2018"
"506",3.62530381175748,"TalChhapar_TC",2015-12-01,2018-01-01,"2015-2018"
"507",30.1425346054369,"TalChhapar_TC",2015-12-01,2018-01-01,"2015-2018"
"508",26.0528620070601,"TalChhapar_TC",2015-12-01,2018-01-01,"2015-2018"
"509",12.0903473479598,"TalChhapar_TC",2015-12-01,2018-01-01,"2015-2018"
"510",13.0962877789436,"TalChhapar_TC",2015-12-01,2018-01-01,"2015-2018"
"511",8.2138983886498,"TalChhapar_TC",2015-12-01,2018-01-01,"2015-2018"
"512",0.29515543834343,"TalChhapar_TC",2015-12-01,2018-01-01,"2015-2018"
"513",53.0067275827694,"TalChhapar_TC",2015-12-01,2018-01-01,"2015-2018"
"514",129.077720442368,"TalChhapar_TC",2015-12-01,2018-01-01,"2015-2018"
"515",152.224442730381,"TalChhapar_TC",2015-12-01,2018-01-01,"2015-2018"
"516",100.351984154739,"TalChhapar_TC",2015-12-01,2018-01-01,"2015-2018"
"517",90.2926412518663,"TalChhapar_TC",2015-12-01,2018-01-01,"2015-2018"
"518",145.19238832299,"TalChhapar_TC",2015-12-01,2018-01-01,"2015-2018"
"519",82.8283254001821,"TalChhapar_TC",2015-12-01,2018-01-01,"2015-2018"
"520",94.4983749555839,"TalChhapar_TC",2015-12-01,2018-01-01,"2015-2018"
"521",152.335226333671,"TalChhapar_TC",2015-12-01,2018-01-01,"2015-2018"
"522",189.476867124155,"TalChhapar_TC",2015-12-01,2018-01-01,"2015-2018"
"523",191.238075698933,"TalChhapar_TC",2015-12-01,2018-01-01,"2015-2018"
"524",198.68360644667,"TalChhapar_TC",2015-12-01,2018-01-01,"2015-2018"
"525",110.720518148323,"TalChhapar_TC",2015-12-01,2018-01-01,"2015-2018"
"526",154.029911024773,"TalChhapar_TC",2015-12-01,2018-01-01,"2015-2018"
"527",212.9547254676,"TalChhapar_TC",2015-12-01,2018-01-01,"2015-2018"
"528",90.28862142967,"TalChhapar_TC",2015-12-01,2018-01-01,"2015-2018"
"529",1.41555429681566,"TalChhapar_TC",2015-12-01,2018-01-01,"2015-2018"
"530",20.3127663335076,"TalChhapar_TC",2015-12-01,2018-01-01,"2015-2018"
"531",18.3601784753869,"TalChhapar_TC",2015-12-01,2018-01-01,"2015-2018"
"532",0.441839578285872,"TalChhapar_TC",2015-12-01,2018-01-01,"2015-2018"
"533",10.5586620647594,"TalChhapar_TC",2015-12-01,2018-01-01,"2015-2018"
"534",17.0879992386192,"TalChhapar_TC",2015-12-01,2018-01-01,"2015-2018"
"535",24.9105133797401,"TalChhapar_TC",2015-12-01,2018-01-01,"2015-2018"
"536",50.6819944653464,"TalChhapar_TC",2015-12-01,2018-01-01,"2015-2018"
"537",62.2011171857428,"TalChhapar_TC",2015-12-01,2018-01-01,"2015-2018"
"538",47.3420068638836,"TalChhapar_TC",2015-12-01,2018-01-01,"2015-2018"
"539",70.5460707831256,"TalChhapar_TC",2015-12-01,2018-01-01,"2015-2018"
"540",64.3452527367009,"TalChhapar_TC",2015-12-01,2018-01-01,"2015-2018"
"541",92.8925782919083,"TalChhapar_TC",2015-12-01,2018-01-01,"2015-2018"
"542",63.1723108185177,"TalChhapar_TC",2015-12-01,2018-01-01,"2015-2018"
"543",64.2860516767109,"TalChhapar_TC",2015-12-01,2018-01-01,"2015-2018"
"544",37.3404871734058,"TalChhapar_TC",2015-12-01,2018-01-01,"2015-2018"
"545",44.9490637455866,"TalChhapar_TC",2015-12-01,2018-01-01,"2015-2018"
"546",64.194667251053,"TalChhapar_TC",2015-12-01,2018-01-01,"2015-2018"
"547",82.1051596946461,"TalChhapar_TC",2015-12-01,2018-01-01,"2015-2018"
"548",43.6441060540822,"TalChhapar_TC",2015-12-01,2018-01-01,"2015-2018"
"549",74.8634264878336,"TalChhapar_TC",2015-12-01,2018-01-01,"2015-2018"
"550",111.355658750184,"TalChhapar_TC",2015-12-01,2018-01-01,"2015-2018"
"551",142.241762788817,"TalChhapar_TC",2015-12-01,2018-01-01,"2015-2018"
"552",175.891302866878,"TalChhapar_TC",2015-12-01,2018-01-01,"2015-2018"
"553",137.523441025809,"TalChhapar_TC",2015-12-01,2018-01-01,"2015-2018"
"554",69.3867802828152,"TalChhapar_TC",2015-12-01,2018-01-01,"2015-2018"
"555",90.4550298208467,"TalChhapar_TC",2015-12-01,2018-01-01,"2015-2018"
"556",85.4330794016646,"TalChhapar_TC",2015-12-01,2018-01-01,"2015-2018"
"557",134.029967141243,"TalChhapar_TC",2015-12-01,2018-01-01,"2015-2018"
"558",118.223031928535,"TalChhapar_TC",2015-12-01,2018-01-01,"2015-2018"
"559",94.4557295180249,"TalChhapar_TC",2015-12-01,2018-01-01,"2015-2018"
"560",87.4588079896516,"TalChhapar_TC",2015-12-01,2018-01-01,"2015-2018"
"561",114.831703494214,"TalChhapar_TC",2015-12-01,2018-01-01,"2015-2018"
"562",6.0105836878068,"TalChhapar_TC",2015-12-01,2018-01-01,"2015-2018"
"563",9.82779433463051,"TalChhapar_TC",2015-12-01,2018-01-01,"2015-2018"
"564",8.40392560514209,"TalChhapar_TC",2015-12-01,2018-01-01,"2015-2018"
"565",14.1773330327199,"TalChhapar_TC",2015-12-01,2018-01-01,"2015-2018"
"566",3.94958545243658,"TalChhapar_TC",2015-12-01,2018-01-01,"2015-2018"
"567",3.62657088801371,"TalChhapar_TC",2015-12-01,2018-01-01,"2015-2018"
"568",2.97223329847552,"TalChhapar_TC",2015-12-01,2018-01-01,"2015-2018"
"569",3.13531775583801,"TalChhapar_TC",2015-12-01,2018-01-01,"2015-2018"
"570",13.829536298745,"TalChhapar_TC",2015-12-01,2018-01-01,"2015-2018"
"571",3.68754037204385,"TalChhapar_TC",2015-12-01,2018-01-01,"2015-2018"
"572",11.9871392368605,"TalChhapar_TC",2015-12-01,2018-01-01,"2015-2018"
"573",1.31413196049542,"TalChhapar_TC",2015-12-01,2018-01-01,"2015-2018"
"574",3.84226701989057,"TalChhapar_TC",2015-12-01,2018-01-01,"2015-2018"
"575",6.38945161028303,"TalChhapar_TC",2015-12-01,2018-01-01,"2015-2018"
"576",19.5537853125975,"TalChhapar_TC",2015-12-01,2018-01-01,"2015-2018"
"577",50.1077472764269,"TalChhapar_TC",2015-12-01,2018-01-01,"2015-2018"
"578",45.8181592578161,"TalChhapar_TC",2015-12-01,2018-01-01,"2015-2018"
"579",46.7039222535001,"TalChhapar_TC",2015-12-01,2018-01-01,"2015-2018"
"580",68.058276305982,"TalChhapar_TC",2015-12-01,2018-01-01,"2015-2018"
"581",63.5417694263188,"TalChhapar_TC",2015-12-01,2018-01-01,"2015-2018"
"582",89.3887690792825,"TalChhapar_TC",2015-12-01,2018-01-01,"2015-2018"
"583",38.0527400382673,"TalChhapar_TC",2015-12-01,2018-01-01,"2015-2018"
"584",1.01810603614338,"TalChhapar_TC",2015-12-01,2018-01-01,"2015-2018"
"585",0.649154628740557,"TalChhapar_TC",2015-12-01,2018-01-01,"2015-2018"
"586",38.0421387760396,"TalChhapar_TC",2015-12-01,2018-01-01,"2015-2018"
"587",28.0566866156362,"TalChhapar_TC",2015-12-01,2018-01-01,"2015-2018"
"588",31.510746531767,"TalChhapar_TC",2015-12-01,2018-01-01,"2015-2018"
"589",94.0906717479453,"TalChhapar_TC",2015-12-01,2018-01-01,"2015-2018"
"590",56.9646847967629,"TalChhapar_TC",2015-12-01,2018-01-01,"2015-2018"
"591",25.3298257305117,"TalChhapar_TC",2015-12-01,2018-01-01,"2015-2018"
"592",18.84801176974,"TalChhapar_TC",2015-12-01,2018-01-01,"2015-2018"
"593",11.1577368801497,"TalChhapar_TC",2015-12-01,2018-01-01,"2015-2018"
"594",23.6242761178208,"TalChhapar_TC",2015-12-01,2018-01-01,"2015-2018"
"595",23.480520362954,"TalChhapar_TC",2015-12-01,2018-01-01,"2015-2018"
"596",19.3759541105996,"TalChhapar_TC",2015-12-01,2018-01-01,"2015-2018"
"597",16.4797269123459,"TalChhapar_TC",2015-12-01,2018-01-01,"2015-2018"
"598",21.0320788098752,"TalChhapar_TC",2015-12-01,2018-01-01,"2015-2018"
"599",15.7223009102276,"TalChhapar_TC",2015-12-01,2018-01-01,"2015-2018"
"600",23.7258645042783,"TalChhapar_TC",2015-12-01,2018-01-01,"2015-2018"
"601",0.496480234768651,"TalChhapar_TC",2015-12-01,2018-01-01,"2015-2018"
"602",33.9245046308572,"TalChhapar_TC",2015-12-01,2018-01-01,"2015-2018"
"603",75.0094736581814,"TalChhapar_TC",2015-12-01,2018-01-01,"2015-2018"
"604",17.5001797782242,"TalChhapar_TC",2015-12-01,2018-01-01,"2015-2018"
"605",16.1253263539147,"TalChhapar_TC",2015-12-01,2018-01-01,"2015-2018"
"606",4.75175741577677,"TalChhapar_TC",2015-12-01,2018-01-01,"2015-2018"
"607",14.0086044667592,"TalChhapar_TC",2015-12-01,2018-01-01,"2015-2018"
"608",32.830457314348,"TalChhapar_TC",2015-12-01,2018-01-01,"2015-2018"
"609",27.9790090746729,"TalChhapar_TC",2015-12-01,2018-01-01,"2015-2018"
"610",3.49555629603248,"TalChhapar_TC",2015-12-01,2018-01-01,"2015-2018"
"611",14.1475228800664,"TalChhapar_TC",2015-12-01,2018-01-01,"2015-2018"
"612",13.627009640528,"TalChhapar_TC",2015-12-01,2018-01-01,"2015-2018"
"613",11.8881131195767,"TalChhapar_TC",2015-12-01,2018-01-01,"2015-2018"
"614",0.889703256006666,"TalChhapar_TC",2015-12-01,2018-01-01,"2015-2018"
"615",1.60620975770566,"TalChhapar_TC",2015-12-01,2018-01-01,"2015-2018"
"616",1.69366112781534,"TalChhapar_TC",2015-12-01,2018-01-01,"2015-2018"
"617",0.468123561000022,"TalChhapar_TC",2015-12-01,2018-01-01,"2015-2018"
"618",1.58357994290758,"TalChhapar_TC",2015-12-01,2018-01-01,"2015-2018"
"619",21.8350936452509,"TalChhapar_TC",2015-12-01,2018-01-01,"2015-2018"
"620",21.5275193938314,"TalChhapar_TC",2015-12-01,2018-01-01,"2015-2018"
"621",5.60206306622783,"TalChhapar_TC",2015-12-01,2018-01-01,"2015-2018"
"622",14.5103097740442,"TalChhapar_TC",2015-12-01,2018-01-01,"2015-2018"
"623",18.936353510013,"TalChhapar_TC",2015-12-01,2018-01-01,"2015-2018"
"624",18.0599639544433,"TalChhapar_TC",2015-12-01,2018-01-01,"2015-2018"
"625",21.055437760381,"TalChhapar_TC",2015-12-01,2018-01-01,"2015-2018"
"626",0.35713793109464,"TalChhapar_TC",2015-12-01,2018-01-01,"2015-2018"
"627",15.6185090649328,"TalChhapar_TC",2015-12-01,2018-01-01,"2015-2018"
"628",4.08662740664437,"TalChhapar_TC",2015-12-01,2018-01-01,"2015-2018"
"629",7.96317393035533,"TalChhapar_TC",2015-12-01,2018-01-01,"2015-2018"
"630",0.800034009631607,"TalChhapar_TC",2015-12-01,2018-01-01,"2015-2018"
"631",3.00366821485583,"TalChhapar_TC",2015-12-01,2018-01-01,"2015-2018"
"632",1.63119595413305,"TalChhapar_TC",2015-12-01,2018-01-01,"2015-2018"
"633",2.3897248166625,"TalChhapar_TC",2015-12-01,2018-01-01,"2015-2018"
"634",14.6321652128535,"TalChhapar_TC",2015-12-01,2018-01-01,"2015-2018"
"635",2.81618687288163,"TalChhapar_TC",2015-12-01,2018-01-01,"2015-2018"
"636",19.7683765553977,"TalChhapar_TC",2015-12-01,2018-01-01,"2015-2018"
"637",59.8647374831442,"TalChhapar_TC",2015-12-01,2018-01-01,"2015-2018"
"638",2.93964057071492,"TalChhapar_TC",2015-12-01,2018-01-01,"2015-2018"
"639",17.6702318396274,"TalChhapar_TC",2015-12-01,2018-01-01,"2015-2018"
"640",18.6102107588131,"TalChhapar_TC",2015-12-01,2018-01-01,"2015-2018"
"641",3.46459935255665,"TalChhapar_TC",2015-12-01,2018-01-01,"2015-2018"
"642",1.75319946948175,"TalChhapar_TC",2015-12-01,2018-01-01,"2015-2018"
"643",1.33827078475142,"TalChhapar_TC",2015-12-01,2018-01-01,"2015-2018"
"644",15.3577745816499,"TalChhapar_TC",2015-12-01,2018-01-01,"2015-2018"
"645",12.3440147099283,"TalChhapar_TC",2015-12-01,2018-01-01,"2015-2018"
"646",2.84397412637778,"TalChhapar_TC",2015-12-01,2018-01-01,"2015-2018"
"647",3.08673570182451,"TalChhapar_TC",2015-12-01,2018-01-01,"2015-2018"
"648",20.6570591414133,"TalChhapar_TC",2015-12-01,2018-01-01,"2015-2018"
"649",1.63140707212121,"TalChhapar_TC",2015-12-01,2018-01-01,"2015-2018"
"650",9.9630423916319,"TalChhapar_TC",2015-12-01,2018-01-01,"2015-2018"
"651",11.3776158373037,"TalChhapar_TC",2015-12-01,2018-01-01,"2015-2018"
"652",16.9223938180929,"TalChhapar_TC",2015-12-01,2018-01-01,"2015-2018"
"653",4.20850415188614,"TalChhapar_TC",2015-12-01,2018-01-01,"2015-2018"
"654",6.93271303082162,"TalChhapar_TC",2015-12-01,2018-01-01,"2015-2018"
"655",19.4044737126126,"TalChhapar_TC",2015-12-01,2018-01-01,"2015-2018"
"656",12.6336388840224,"TalChhapar_TC",2015-12-01,2018-01-01,"2015-2018"
"657",22.0418566416428,"TalChhapar_TC",2015-12-01,2018-01-01,"2015-2018"
"658",28.0512911316835,"TalChhapar_TC",2015-12-01,2018-01-01,"2015-2018"
"659",19.8597411148829,"TalChhapar_TC",2015-12-01,2018-01-01,"2015-2018"
"660",13.0093607388803,"TalChhapar_TC",2015-12-01,2018-01-01,"2015-2018"
"661",5.69221213310534,"TalChhapar_TC",2015-12-01,2018-01-01,"2015-2018"
"662",1.07294636603975,"TalChhapar_TC",2015-12-01,2018-01-01,"2015-2018"
"663",0.542600798486687,"TalChhapar_TC",2015-12-01,2018-01-01,"2015-2018"
"664",37.8011391972946,"TalChhapar_TC",2015-12-01,2018-01-01,"2015-2018"
"665",0.665092840380858,"TalChhapar_TC",2015-12-01,2018-01-01,"2015-2018"
"666",18.2876408321465,"TalChhapar_TC",2015-12-01,2018-01-01,"2015-2018"
"667",5.49799081568384,"TalChhapar_TC",2015-12-01,2018-01-01,"2015-2018"
"668",3.26553393557494,"TalChhapar_TC",2018-01-01,2018-11-01,"2018-2018"
"669",11.1547131454931,"TalChhapar_TC",2018-01-01,2018-11-01,"2018-2018"
"670",9.33829683264704,"TalChhapar_TC",2018-01-01,2018-11-01,"2018-2018"
"671",6.65736856581083,"TalChhapar_TC",2018-01-01,2018-11-01,"2018-2018"
"672",4.99568177985502,"TalChhapar_TC",2018-01-01,2018-11-01,"2018-2018"
"673",1.75850885644717,"TalChhapar_TC",2018-01-01,2018-11-01,"2018-2018"
"674",0.738675431396772,"TalChhapar_TC",2018-01-01,2018-11-01,"2018-2018"
"675",3.13485670838909,"TalChhapar_TC",2018-01-01,2018-11-01,"2018-2018"
"676",4.2574923077185,"TalChhapar_TC",2018-01-01,2018-11-01,"2018-2018"
"677",2.03823829848434,"TalChhapar_TC",2018-01-01,2018-11-01,"2018-2018"
"678",6.78975965953944,"TalChhapar_TC",2018-01-01,2018-11-01,"2018-2018"
"679",3.32655519349828,"TalChhapar_TC",2018-01-01,2018-11-01,"2018-2018"
"680",4.11051395569814,"TalChhapar_TC",2018-01-01,2018-11-01,"2018-2018"
"681",3.05695006220961,"TalChhapar_TC",2018-01-01,2018-11-01,"2018-2018"
"682",4.02138080933918,"TalChhapar_TC",2018-01-01,2018-11-01,"2018-2018"
"683",1.31013990604435,"TalChhapar_TC",2018-01-01,2018-11-01,"2018-2018"
"684",4.98007372363699,"TalChhapar_TC",2018-01-01,2018-11-01,"2018-2018"
"685",10.7213648754247,"TalChhapar_TC",2018-01-01,2018-11-01,"2018-2018"
"686",1.55380389374036,"TalChhapar_TC",2018-01-01,2018-11-01,"2018-2018"
"687",5.9810652775117,"TalChhapar_TC",2018-01-01,2018-11-01,"2018-2018"
"688",2.20885875794779,"TalChhapar_TC",2018-01-01,2018-11-01,"2018-2018"
"689",1.66745596495309,"TalChhapar_TC",2018-01-01,2018-11-01,"2018-2018"
"690",2.54673673492972,"TalChhapar_TC",2018-01-01,2018-11-01,"2018-2018"
"691",2.3113835295826,"TalChhapar_TC",2018-01-01,2018-11-01,"2018-2018"
"692",8.85628705705749,"TalChhapar_TC",2018-01-01,2018-11-01,"2018-2018"
"693",12.8338344881658,"TalChhapar_TC",2018-01-01,2018-11-01,"2018-2018"
"694",6.02998912997985,"TalChhapar_TC",2018-01-01,2018-11-01,"2018-2018"
"695",7.45448341053229,"TalChhapar_TC",2018-01-01,2018-11-01,"2018-2018"
"696",8.25093303165253,"TalChhapar_TC",2018-01-01,2018-11-01,"2018-2018"
"697",14.7557439460096,"TalChhapar_TC",2018-01-01,2018-11-01,"2018-2018"
"698",2.48068261755081,"TalChhapar_TC",2018-01-01,2018-11-01,"2018-2018"
"699",7.40712638602959,"TalChhapar_TC",2018-01-01,2018-11-01,"2018-2018"
"700",2.33614289567847,"TalChhapar_TC",2018-01-01,2018-11-01,"2018-2018"
"701",4.92914470656024,"TalChhapar_TC",2018-01-01,2018-11-01,"2018-2018"
"702",2.3567701868814,"TalChhapar_TC",2018-01-01,2018-11-01,"2018-2018"
"703",7.84751674364286,"TalChhapar_TC",2018-01-01,2018-11-01,"2018-2018"
"704",6.82272908839439,"TalChhapar_TC",2018-01-01,2018-11-01,"2018-2018"
"705",11.4896940881392,"TalChhapar_TC",2018-01-01,2018-11-01,"2018-2018"
"706",3.72650478103205,"TalChhapar_TC",2018-01-01,2018-11-01,"2018-2018"
"707",2.75539724662818,"TalChhapar_TC",2018-01-01,2018-11-01,"2018-2018"
"708",9.14361242625155,"TalChhapar_TC",2018-01-01,2018-11-01,"2018-2018"
"709",2.64210893436715,"TalChhapar_TC",2018-01-01,2018-11-01,"2018-2018"
"710",2.14889071575934,"TalChhapar_TC",2018-01-01,2018-11-01,"2018-2018"
"711",6.75263521304201,"TalChhapar_TC",2018-01-01,2018-11-01,"2018-2018"
"712",11.5836959781836,"TalChhapar_TC",2018-01-01,2018-11-01,"2018-2018"
"713",1.05116651450887,"TalChhapar_TC",2018-01-01,2018-11-01,"2018-2018"
"714",10.4219045862281,"TalChhapar_TC",2018-01-01,2018-11-01,"2018-2018"
"715",8.76558652055491,"TalChhapar_TC",2018-01-01,2018-11-01,"2018-2018"
"716",0.917451862620827,"TalChhapar_TC",2018-01-01,2018-11-01,"2018-2018"
"717",10.4773707526614,"TalChhapar_TC",2018-01-01,2018-11-01,"2018-2018"
"718",14.8674944068108,"TalChhapar_TC",2018-01-01,2018-11-01,"2018-2018"
"719",5.11218500297583,"TalChhapar_TC",2018-01-01,2018-11-01,"2018-2018"
"720",3.80223472961809,"TalChhapar_TC",2018-01-01,2018-11-01,"2018-2018"
"721",20.0043429998511,"TalChhapar_TC",2018-01-01,2018-11-01,"2018-2018"
"722",0.591031249803515,"TalChhapar_TC",2018-01-01,2018-11-01,"2018-2018"
"723",4.78184284958844,"TalChhapar_TC",2018-01-01,2018-11-01,"2018-2018"
"724",0.360395910839155,"TalChhapar_TC",2018-01-01,2018-11-01,"2018-2018"
"725",5.78408808576484,"TalChhapar_TC",2018-01-01,2018-11-01,"2018-2018"
"726",16.6991464199458,"TalChhapar_TC",2018-01-01,2018-11-01,"2018-2018"
"727",1.6051274488456,"TalChhapar_TC",2018-01-01,2018-11-01,"2018-2018"
"728",11.7223520038653,"TalChhapar_TC",2018-01-01,2018-11-01,"2018-2018"
"729",6.2296126124307,"TalChhapar_TC",2018-01-01,2018-11-01,"2018-2018"
"730",4.31196687235213,"TalChhapar_TC",2018-01-01,2018-11-01,"2018-2018"
"731",29.8641452000059,"TalChhapar_TC",2018-01-01,2018-11-01,"2018-2018"
"732",2.44224179964311,"TalChhapar_TC",2018-01-01,2018-11-01,"2018-2018"
"733",1.41333080863849,"TalChhapar_TC",2018-01-01,2018-11-01,"2018-2018"
"734",0.455366148344574,"TalChhapar_TC",2018-01-01,2018-11-01,"2018-2018"
"735",12.1800939106848,"TalChhapar_TC",2018-01-01,2018-11-01,"2018-2018"
"736",1.21419340940337,"TalChhapar_TC",2018-01-01,2018-11-01,"2018-2018"
"737",12.6644521639695,"TalChhapar_TC",2018-01-01,2018-11-01,"2018-2018"
"738",7.65640923119554,"TalChhapar_TC",2018-01-01,2018-11-01,"2018-2018"
"739",1.64948842958395,"TalChhapar_TC",2018-01-01,2018-11-01,"2018-2018"
"740",1.51327018016562,"TalChhapar_TC",2018-01-01,2018-11-01,"2018-2018"
"741",3.87713962001672,"TalChhapar_TC",2018-01-01,2018-11-01,"2018-2018"
"742",3.7008962197356,"TalChhapar_TC",2018-01-01,2018-11-01,"2018-2018"
"743",2.45540515615651,"TalChhapar_TC",2018-01-01,2018-11-01,"2018-2018"
"744",3.0122702441202,"TalChhapar_TC",2018-01-01,2018-11-01,"2018-2018"
"745",5.14055782151444,"TalChhapar_TC",2018-01-01,2018-11-01,"2018-2018"
"746",7.50641677895569,"TalChhapar_TC",2018-01-01,2018-11-01,"2018-2018"
"747",4.36963667912716,"TalChhapar_TC",2018-01-01,2018-11-01,"2018-2018"
"748",7.25369610908785,"TalChhapar_TC",2018-01-01,2018-11-01,"2018-2018"
"749",1.6665944426585,"TalChhapar_TC",2018-01-01,2018-11-01,"2018-2018"
"750",4.9067823360979,"TalChhapar_TC",2018-01-01,2018-11-01,"2018-2018"
"751",3.36195937638622,"TalChhapar_TC",2018-01-01,2018-11-01,"2018-2018"
"752",2.19289140235329,"TalChhapar_TC",2018-01-01,2018-11-01,"2018-2018"
"753",10.7487624791914,"TalChhapar_TC",2018-01-01,2018-11-01,"2018-2018"
"754",9.11794306698446,"TalChhapar_TC",2018-01-01,2018-11-01,"2018-2018"
"755",3.87860427782911,"TalChhapar_TC",2018-01-01,2018-11-01,"2018-2018"
"756",4.53481310964246,"TalChhapar_TC",2018-01-01,2018-11-01,"2018-2018"
"757",8.55927679060266,"TalChhapar_TC",2018-01-01,2018-11-01,"2018-2018"
"758",4.63769583265871,"TalChhapar_TC",2018-01-01,2018-11-01,"2018-2018"
"759",0.524005432243229,"TalChhapar_TC",2018-01-01,2018-11-01,"2018-2018"
"760",8.46390162440579,"TalChhapar_TC",2018-01-01,2018-11-01,"2018-2018"
"761",10.759300463673,"TalChhapar_TC",2018-01-01,2018-11-01,"2018-2018"
"762",11.0164237670609,"TalChhapar_TC",2018-01-01,2018-11-01,"2018-2018"
"763",3.77397043896511,"TalChhapar_TC",2018-01-01,2018-11-01,"2018-2018"
"764",2.77776650609768,"TalChhapar_TC",2018-01-01,2018-11-01,"2018-2018"
"765",2.92924070967671,"TalChhapar_TC",2018-01-01,2018-11-01,"2018-2018"
"766",3.93261040918982,"TalChhapar_TC",2018-01-01,2018-11-01,"2018-2018"
"767",1.63928299380828,"TalChhapar_TC",2018-01-01,2018-11-01,"2018-2018"
"768",0.557013431784945,"TalChhapar_TC",2018-01-01,2018-11-01,"2018-2018"
"769",12.4801907754971,"TalChhapar_TC",2018-01-01,2018-11-01,"2018-2018"
"770",5.94872408467575,"TalChhapar_TC",2018-01-01,2018-11-01,"2018-2018"
"771",0.474924700018057,"TalChhapar_TC",2018-01-01,2018-11-01,"2018-2018"
"772",14.5655912847956,"TalChhapar_TC",2018-01-01,2018-11-01,"2018-2018"
"773",8.55626014751382,"TalChhapar_TC",2018-01-01,2018-11-01,"2018-2018"
"774",4.56698219907239,"TalChhapar_TC",2018-01-01,2018-11-01,"2018-2018"
"775",7.77591548464893,"TalChhapar_TC",2018-01-01,2018-11-01,"2018-2018"
"776",5.50430190581077,"TalChhapar_TC",2018-01-01,2018-11-01,"2018-2018"
"777",19.1763862882507,"TalChhapar_TC",2018-01-01,2018-11-01,"2018-2018"
"778",1.27815432027204,"TalChhapar_TC",2018-01-01,2018-11-01,"2018-2018"
"779",5.76872848724687,"TalChhapar_TC",2018-01-01,2018-11-01,"2018-2018"
"780",5.61628936506492,"TalChhapar_TC",2018-01-01,2018-11-01,"2018-2018"
"781",0.867211432059687,"TalChhapar_TC",2018-01-01,2018-11-01,"2018-2018"
"782",2.14078589909593,"TalChhapar_TC",2018-01-01,2018-11-01,"2018-2018"
"783",5.96650424126881,"TalChhapar_TC",2018-01-01,2018-11-01,"2018-2018"
"784",5.70042307262778,"TalChhapar_TC",2018-01-01,2018-11-01,"2018-2018"
"785",13.7009694792803,"TalChhapar_TC",2018-01-01,2018-11-01,"2018-2018"
"786",1.33554825177947,"TalChhapar_TC",2018-01-01,2018-11-01,"2018-2018"
"787",4.29812538493612,"TalChhapar_TC",2018-01-01,2018-11-01,"2018-2018"
"788",0.929507253118612,"TalChhapar_TC",2018-01-01,2018-11-01,"2018-2018"
"789",21.0147009204265,"TalChhapar_TC",2018-01-01,2018-11-01,"2018-2018"
"790",4.38341943837897,"TalChhapar_TC",2018-01-01,2018-11-01,"2018-2018"
"791",5.7577900028584,"TalChhapar_TC",2018-01-01,2018-11-01,"2018-2018"
"792",1.77652830407775,"TalChhapar_TC",2018-01-01,2018-11-01,"2018-2018"
"793",0.961958298293819,"TalChhapar_TC",2018-01-01,2018-11-01,"2018-2018"
"794",10.4624424353241,"TalChhapar_TC",2018-01-01,2018-11-01,"2018-2018"
"795",4.52153398284339,"TalChhapar_TC",2018-01-01,2018-11-01,"2018-2018"
"796",23.1540053819,"TalChhapar_TC",2018-01-01,2018-11-01,"2018-2018"
"797",3.87563172351668,"TalChhapar_TC",2018-01-01,2018-11-01,"2018-2018"
"798",1.39099104506233,"TalChhapar_TC",2018-01-01,2018-11-01,"2018-2018"
"799",7.21415590456923,"TalChhapar_TC",2018-01-01,2018-11-01,"2018-2018"
"800",4.65873127235635,"TalChhapar_TC",2018-01-01,2018-11-01,"2018-2018"
"801",4.847086774357,"TalChhapar_TC",2018-01-01,2018-11-01,"2018-2018"
"802",13.306909434222,"TalChhapar_TC",2018-01-01,2018-11-01,"2018-2018"
"803",13.0504637044424,"TalChhapar_TC",2018-01-01,2018-11-01,"2018-2018"
"804",9.16368659608083,"TalChhapar_TC",2018-01-01,2018-11-01,"2018-2018"
"805",0.28849773922609,"TalChhapar_TC",2018-01-01,2018-11-01,"2018-2018"
"806",18.4503319681546,"TalChhapar_TC",2018-01-01,2018-11-01,"2018-2018"
"807",8.35100037057806,"TalChhapar_TC",2018-01-01,2018-11-01,"2018-2018"
"808",7.95114216675431,"TalChhapar_TC",2018-01-01,2018-11-01,"2018-2018"
"809",1.49220718324051,"TalChhapar_TC",2018-01-01,2018-11-01,"2018-2018"
"810",4.72446724910458,"TalChhapar_TC",2018-01-01,2018-11-01,"2018-2018"
"811",6.13104140565415,"TalChhapar_TC",2018-01-01,2018-11-01,"2018-2018"
"812",5.2949771844397,"TalChhapar_TC",2018-01-01,2018-11-01,"2018-2018"
"813",18.5680268594238,"TalChhapar_TC",2018-01-01,2018-11-01,"2018-2018"
"814",13.37976004998,"TalChhapar_TC",2018-01-01,2018-11-01,"2018-2018"
"815",13.7682877465796,"TalChhapar_TC",2018-01-01,2018-11-01,"2018-2018"
"816",1.23465564115956,"TalChhapar_TC",2018-01-01,2018-11-01,"2018-2018"
"817",0.125710146881199,"TalChhapar_TC",2018-01-01,2018-11-01,"2018-2018"
"818",7.412899775583,"TalChhapar_TC",2018-01-01,2018-11-01,"2018-2018"
"819",1.43012348284304,"TalChhapar_TC",2018-01-01,2018-11-01,"2018-2018"
"820",7.01601820876718,"TalChhapar_TC",2018-01-01,2018-11-01,"2018-2018"
"821",5.79217667800793,"TalChhapar_TC",2018-01-01,2018-11-01,"2018-2018"
"822",5.02708005331734,"TalChhapar_TC",2018-01-01,2018-11-01,"2018-2018"
"823",6.92322256453971,"TalChhapar_TC",2018-01-01,2018-11-01,"2018-2018"
"824",1.54737584095004,"TalChhapar_TC",2018-01-01,2018-11-01,"2018-2018"
"825",0.187579388490475,"TalChhapar_TC",2018-01-01,2018-11-01,"2018-2018"
"826",7.73159407312789,"TalChhapar_TC",2018-01-01,2018-11-01,"2018-2018"
"827",0.940400146091149,"TalChhapar_TC",2018-11-01,2019-10-01,"2018-2019"
"828",1.32655237392813,"TalChhapar_TC",2018-11-01,2019-10-01,"2018-2019"
"829",3.45275916849716,"TalChhapar_TC",2018-11-01,2019-10-01,"2018-2019"
"830",16.3559086347651,"TalChhapar_TC",2018-11-01,2019-10-01,"2018-2019"
"831",2.89960027410848,"TalChhapar_TC",2018-11-01,2019-10-01,"2018-2019"
"832",1.8888732787773,"TalChhapar_TC",2018-11-01,2019-10-01,"2018-2019"
"833",2.184692520815,"TalChhapar_TC",2018-11-01,2019-10-01,"2018-2019"
"834",16.4127837714853,"TalChhapar_TC",2018-11-01,2019-10-01,"2018-2019"
"835",0.957207435753937,"TalChhapar_TC",2018-11-01,2019-10-01,"2018-2019"
"836",14.4715361978231,"TalChhapar_TC",2018-11-01,2019-10-01,"2018-2019"
"837",0.887404330965963,"TalChhapar_TC",2018-11-01,2019-10-01,"2018-2019"
"838",5.45281655129795,"TalChhapar_TC",2018-11-01,2019-10-01,"2018-2019"
"839",5.51516110339219,"TalChhapar_TC",2018-11-01,2019-10-01,"2018-2019"
"840",1.12687148882095,"TalChhapar_TC",2018-11-01,2019-10-01,"2018-2019"
"841",1.09770180041153,"TalChhapar_TC",2018-11-01,2019-10-01,"2018-2019"
"842",2.32032090207861,"TalChhapar_TC",2018-11-01,2019-10-01,"2018-2019"
"843",1.69771269580695,"TalChhapar_TC",2018-11-01,2019-10-01,"2018-2019"
"844",4.59992478151778,"TalChhapar_TC",2018-11-01,2019-10-01,"2018-2019"
"845",19.0641354891292,"TalChhapar_TC",2018-11-01,2019-10-01,"2018-2019"
"846",43.1290673521098,"TalChhapar_TC",2018-11-01,2019-10-01,"2018-2019"
"847",4.76789295069773,"TalChhapar_TC",2018-11-01,2019-10-01,"2018-2019"
"848",11.6007669323389,"TalChhapar_TC",2018-11-01,2019-10-01,"2018-2019"
"849",1.86170403761479,"TalChhapar_TC",2018-11-01,2019-10-01,"2018-2019"
"850",3.97576450652609,"TalChhapar_TC",2018-11-01,2019-10-01,"2018-2019"
"851",6.38922380251176,"TalChhapar_TC",2018-11-01,2019-10-01,"2018-2019"
"852",3.04390503826138,"TalChhapar_TC",2018-11-01,2019-10-01,"2018-2019"
"853",2.10156369897648,"TalChhapar_TC",2018-11-01,2019-10-01,"2018-2019"
"854",3.96622218452093,"TalChhapar_TC",2018-11-01,2019-10-01,"2018-2019"
"855",0.975823997947519,"TalChhapar_TC",2018-11-01,2019-10-01,"2018-2019"
"856",2.14125514880827,"TalChhapar_TC",2018-11-01,2019-10-01,"2018-2019"
"857",2.34233662695796,"TalChhapar_TC",2018-11-01,2019-10-01,"2018-2019"
"858",2.7183313325803,"TalChhapar_TC",2018-11-01,2019-10-01,"2018-2019"
"859",1.54139568561808,"TalChhapar_TC",2018-11-01,2019-10-01,"2018-2019"
"860",3.92448561461769,"TalChhapar_TC",2018-11-01,2019-10-01,"2018-2019"
"861",4.19910059998849,"TalChhapar_TC",2018-11-01,2019-10-01,"2018-2019"
"862",14.3542462492537,"TalChhapar_TC",2018-11-01,2019-10-01,"2018-2019"
"863",2.37368076498198,"TalChhapar_TC",2018-11-01,2019-10-01,"2018-2019"
"864",1.26270151253114,"TalChhapar_TC",2018-11-01,2019-10-01,"2018-2019"
"865",10.6175649329216,"TalChhapar_TC",2018-11-01,2019-10-01,"2018-2019"
"866",18.3766223808644,"TalChhapar_TC",2018-11-01,2019-10-01,"2018-2019"
"867",9.11652700818909,"TalChhapar_TC",2018-11-01,2019-10-01,"2018-2019"
"868",10.1691108598396,"TalChhapar_TC",2018-11-01,2019-10-01,"2018-2019"
"869",3.41983400494105,"TalChhapar_TC",2018-11-01,2019-10-01,"2018-2019"
"870",3.28236005081707,"TalChhapar_TC",2018-11-01,2019-10-01,"2018-2019"
"871",6.50976206281975,"TalChhapar_TC",2018-11-01,2019-10-01,"2018-2019"
"872",6.28097206298006,"TalChhapar_TC",2018-11-01,2019-10-01,"2018-2019"
"873",5.29963106684151,"TalChhapar_TC",2018-11-01,2019-10-01,"2018-2019"
"874",1.13874999390554,"TalChhapar_TC",2018-11-01,2019-10-01,"2018-2019"
"875",0.698903649555791,"TalChhapar_TC",2018-11-01,2019-10-01,"2018-2019"
"876",5.86171659543933,"TalChhapar_TC",2018-11-01,2019-10-01,"2018-2019"
"877",9.58268248569076,"TalChhapar_TC",2018-11-01,2019-10-01,"2018-2019"
"878",5.58568770185049,"TalChhapar_TC",2018-11-01,2019-10-01,"2018-2019"
"879",10.9106183783154,"TalChhapar_TC",2018-11-01,2019-10-01,"2018-2019"
"880",4.70101330188922,"TalChhapar_TC",2018-11-01,2019-10-01,"2018-2019"
"881",10.9158272405257,"TalChhapar_TC",2018-11-01,2019-10-01,"2018-2019"
"882",1.96911193882726,"TalChhapar_TC",2018-11-01,2019-10-01,"2018-2019"
"883",1.56452387210328,"TalChhapar_TC",2018-11-01,2019-10-01,"2018-2019"
"884",0.768683994779836,"TalChhapar_TC",2018-11-01,2019-10-01,"2018-2019"
"885",2.36534458019679,"TalChhapar_TC",2018-11-01,2019-10-01,"2018-2019"
"886",0.575838983802174,"TalChhapar_TC",2018-11-01,2019-10-01,"2018-2019"
"887",1.9497363646516,"TalChhapar_TC",2018-11-01,2019-10-01,"2018-2019"
"888",11.5289770415407,"TalChhapar_TC",2018-11-01,2019-10-01,"2018-2019"
"889",0.0546492262668516,"TalChhapar_TC",2018-11-01,2019-10-01,"2018-2019"
"890",15.2604152291912,"TalChhapar_TC",2018-11-01,2019-10-01,"2018-2019"
"891",1.19837018698789,"TalChhapar_TC",2018-11-01,2019-10-01,"2018-2019"
"892",1.70035724359488,"TalChhapar_TC",2018-11-01,2019-10-01,"2018-2019"
"893",7.65631429087789,"TalChhapar_TC",2018-11-01,2019-10-01,"2018-2019"
"894",1.87756230515184,"TalChhapar_TC",2018-11-01,2019-10-01,"2018-2019"
"895",2.54106571961512,"TalChhapar_TC",2018-11-01,2019-10-01,"2018-2019"
"896",1.09444530258558,"TalChhapar_TC",2018-11-01,2019-10-01,"2018-2019"
"897",1.69545242569029,"TalChhapar_TC",2018-11-01,2019-10-01,"2018-2019"
"898",6.80679781711135,"TalChhapar_TC",2018-11-01,2019-10-01,"2018-2019"
"899",2.234062285758,"TalChhapar_TC",2018-11-01,2019-10-01,"2018-2019"
"900",0.127748048997776,"TalChhapar_TC",2018-11-01,2019-10-01,"2018-2019"
"901",3.97216028041262,"TalChhapar_TC",2018-11-01,2019-10-01,"2018-2019"
"902",12.0243257067541,"TalChhapar_TC",2018-11-01,2019-10-01,"2018-2019"
"903",2.49309463761745,"TalChhapar_TC",2018-11-01,2019-10-01,"2018-2019"
"904",4.31500351643389,"TalChhapar_TC",2018-11-01,2019-10-01,"2018-2019"
"905",1.76694292230849,"TalChhapar_TC",2018-11-01,2019-10-01,"2018-2019"
"906",1.1886934894,"TalChhapar_TC",2018-11-01,2019-10-01,"2018-2019"
"907",4.34278700251158,"TalChhapar_TC",2018-11-01,2019-10-01,"2018-2019"
"908",14.1071769431985,"TalChhapar_TC",2018-11-01,2019-10-01,"2018-2019"
"909",0.524189268605148,"TalChhapar_TC",2018-11-01,2019-10-01,"2018-2019"
"910",5.37394243503883,"TalChhapar_TC",2018-11-01,2019-10-01,"2018-2019"
"911",0.868463420731571,"TalChhapar_TC",2018-11-01,2019-10-01,"2018-2019"
"912",0.99492271421603,"TalChhapar_TC",2018-11-01,2019-10-01,"2018-2019"
"913",9.55523593747001,"TalChhapar_TC",2018-11-01,2019-10-01,"2018-2019"
"914",11.4251679394823,"TalChhapar_TC",2018-11-01,2019-10-01,"2018-2019"
"915",1.391552999945,"TalChhapar_TC",2018-11-01,2019-10-01,"2018-2019"
"916",0.370618870931252,"TalChhapar_TC",2018-11-01,2019-10-01,"2018-2019"
"917",2.08062471070428,"TalChhapar_TC",2018-11-01,2019-10-01,"2018-2019"
"918",10.1271986225338,"TalChhapar_TC",2018-11-01,2019-10-01,"2018-2019"
"919",0.476773354844748,"TalChhapar_TC",2018-11-01,2019-10-01,"2018-2019"
"920",12.7752843332844,"TalChhapar_TC",2018-11-01,2019-10-01,"2018-2019"
"921",12.486038449349,"TalChhapar_TC",2018-11-01,2019-10-01,"2018-2019"
"922",1.09647532608804,"TalChhapar_TC",2018-11-01,2019-10-01,"2018-2019"
"923",13.3971029984488,"TalChhapar_TC",2018-11-01,2019-10-01,"2018-2019"
"924",0.97227289966074,"TalChhapar_TC",2018-11-01,2019-10-01,"2018-2019"
"925",24.0887969676306,"TalChhapar_TC",2018-11-01,2019-10-01,"2018-2019"
"926",18.4916088370039,"TalChhapar_TC",2018-11-01,2019-10-01,"2018-2019"
"927",12.1209531934735,"TalChhapar_TC",2018-11-01,2019-10-01,"2018-2019"
"928",7.97983683627515,"TalChhapar_TC",2018-11-01,2019-10-01,"2018-2019"
"929",21.0877206521603,"TalChhapar_TC",2018-11-01,2019-10-01,"2018-2019"
"930",16.6791202019571,"TalChhapar_TC",2018-11-01,2019-10-01,"2018-2019"
"931",6.17617309133305,"TalChhapar_TC",2018-11-01,2019-10-01,"2018-2019"
"932",6.63834536148844,"TalChhapar_TC",2018-11-01,2019-10-01,"2018-2019"
"933",9.95411034190914,"TalChhapar_TC",2018-11-01,2019-10-01,"2018-2019"
"934",3.44701419743625,"TalChhapar_TC",2018-11-01,2019-10-01,"2018-2019"
"935",5.44678506500195,"TalChhapar_TC",2018-11-01,2019-10-01,"2018-2019"
"936",0.751919999220001,"TalChhapar_TC",2018-11-01,2019-10-01,"2018-2019"
"937",14.5399112291376,"TalChhapar_TC",2018-11-01,2019-10-01,"2018-2019"
"938",6.97853472179095,"TalChhapar_TC",2018-11-01,2019-10-01,"2018-2019"
"939",7.25709256430822,"TalChhapar_TC",2018-11-01,2019-10-01,"2018-2019"
"940",17.0802493672293,"TalChhapar_TC",2018-11-01,2019-10-01,"2018-2019"
"941",1.43071223830741,"TalChhapar_TC",2018-11-01,2019-10-01,"2018-2019"
"942",4.83151815233224,"TalChhapar_TC",2018-11-01,2019-10-01,"2018-2019"
"943",4.23804358422798,"TalChhapar_TC",2018-11-01,2019-10-01,"2018-2019"
"944",12.6700221363439,"TalChhapar_TC",2018-11-01,2019-10-01,"2018-2019"
"945",0.90601631734005,"TalChhapar_TC",2018-11-01,2019-10-01,"2018-2019"
"946",4.9674062867291,"TalChhapar_TC",2018-11-01,2019-10-01,"2018-2019"
"947",14.9473694999427,"TalChhapar_TC",2018-11-01,2019-10-01,"2018-2019"
"948",21.8207128799616,"TalChhapar_TC",2018-11-01,2019-10-01,"2018-2019"
"949",25.6725712339853,"TalChhapar_TC",2018-11-01,2019-10-01,"2018-2019"
"950",28.7121742190794,"TalChhapar_TC",2018-11-01,2019-10-01,"2018-2019"
"951",12.8329584774632,"TalChhapar_TC",2018-11-01,2019-10-01,"2018-2019"
"952",12.3475277668047,"TalChhapar_TC",2018-11-01,2019-10-01,"2018-2019"
"953",1.18806502664887,"TalChhapar_TC",2018-11-01,2019-10-01,"2018-2019"
"954",47.0105931447957,"TalChhapar_TC",2018-11-01,2019-10-01,"2018-2019"
"955",59.1068740100159,"TalChhapar_TC",2018-11-01,2019-10-01,"2018-2019"
"956",107.466979417757,"TalChhapar_TC",2018-11-01,2019-10-01,"2018-2019"
"957",1.05491021314062,"TalChhapar_TC",2018-11-01,2019-10-01,"2018-2019"
"958",7.33956137382004,"TalChhapar_TC",2018-11-01,2019-10-01,"2018-2019"
"959",6.66673464751368,"TalChhapar_TC",2018-11-01,2019-10-01,"2018-2019"
"960",1.43227361383436,"TalChhapar_TC",2018-11-01,2019-10-01,"2018-2019"
"961",8.63260941345745,"TalChhapar_TC",2018-11-01,2019-10-01,"2018-2019"
"962",20.8662090096016,"TalChhapar_TC",2018-11-01,2019-10-01,"2018-2019"
"963",10.1317550846307,"TalChhapar_TC",2018-11-01,2019-10-01,"2018-2019"
"964",0.745892695866039,"TalChhapar_TC",2018-11-01,2019-10-01,"2018-2019"
"965",5.57699233422702,"TalChhapar_TC",2018-11-01,2019-10-01,"2018-2019"
"966",2.80047126662528,"TalChhapar_TC",2018-11-01,2019-10-01,"2018-2019"
"967",5.18200524632356,"TalChhapar_TC",2018-11-01,2019-10-01,"2018-2019"
"968",27.7491344437044,"TalChhapar_TC",2018-11-01,2019-10-01,"2018-2019"
"969",8.16647460674527,"TalChhapar_TC",2018-11-01,2019-10-01,"2018-2019"
"970",33.8897300244706,"TalChhapar_TC",2018-11-01,2019-10-01,"2018-2019"
"971",67.6389999242785,"TalChhapar_TC",2018-11-01,2019-10-01,"2018-2019"
"972",52.3182441731968,"TalChhapar_TC",2018-11-01,2019-10-01,"2018-2019"
"973",39.8801837776861,"TalChhapar_TC",2018-11-01,2019-10-01,"2018-2019"
"974",64.719382247274,"TalChhapar_TC",2018-11-01,2019-10-01,"2018-2019"
"975",35.4268971586206,"TalChhapar_TC",2018-11-01,2019-10-01,"2018-2019"
"976",22.5116053528494,"TalChhapar_TC",2018-11-01,2019-10-01,"2018-2019"
"977",106.885959061131,"TalChhapar_TC",2018-11-01,2019-10-01,"2018-2019"
"978",37.115209702397,"TalChhapar_TC",2019-10-01,2021-02-01,"2019-2021"
"979",70.9087581606913,"TalChhapar_TC",2019-10-01,2021-02-01,"2019-2021"
"980",64.7758737622455,"TalChhapar_TC",2019-10-01,2021-02-01,"2019-2021"
"981",62.9977073209771,"TalChhapar_TC",2019-10-01,2021-02-01,"2019-2021"
"982",67.1197040567532,"TalChhapar_TC",2019-10-01,2021-02-01,"2019-2021"
"983",21.8151157973104,"TalChhapar_TC",2019-10-01,2021-02-01,"2019-2021"
"984",39.3103462790292,"TalChhapar_TC",2019-10-01,2021-02-01,"2019-2021"
"985",53.246787677232,"TalChhapar_TC",2019-10-01,2021-02-01,"2019-2021"
"986",29.0813244055916,"TalChhapar_TC",2019-10-01,2021-02-01,"2019-2021"
"987",19.4082714639697,"TalChhapar_TC",2019-10-01,2021-02-01,"2019-2021"
"988",30.3204717536815,"TalChhapar_TC",2019-10-01,2021-02-01,"2019-2021"
"989",38.5262009889053,"TalChhapar_TC",2019-10-01,2021-02-01,"2019-2021"
"990",54.9370397549663,"TalChhapar_TC",2019-10-01,2021-02-01,"2019-2021"
"991",46.6280524416168,"TalChhapar_TC",2019-10-01,2021-02-01,"2019-2021"
"992",28.7195594885942,"TalChhapar_TC",2019-10-01,2021-02-01,"2019-2021"
"993",18.9506500900158,"TalChhapar_TC",2019-10-01,2021-02-01,"2019-2021"
"994",33.7009327837624,"TalChhapar_TC",2019-10-01,2021-02-01,"2019-2021"
"995",23.9179504234387,"TalChhapar_TC",2019-10-01,2021-02-01,"2019-2021"
"996",17.37104521362,"TalChhapar_TC",2019-10-01,2021-02-01,"2019-2021"
"997",21.4113570836577,"TalChhapar_TC",2019-10-01,2021-02-01,"2019-2021"
"998",31.0577142149696,"TalChhapar_TC",2019-10-01,2021-02-01,"2019-2021"
"999",2.08539972456081,"TalChhapar_TC",2019-10-01,2021-02-01,"2019-2021"
"1000",0.580450696727593,"TalChhapar_TC",2019-10-01,2021-02-01,"2019-2021"
"1001",2.41484382898836,"TalChhapar_TC",2019-10-01,2021-02-01,"2019-2021"
"1002",10.7158401964976,"TalChhapar_TC",2019-10-01,2021-02-01,"2019-2021"
"1003",1.83938357274484,"TalChhapar_TC",2019-10-01,2021-02-01,"2019-2021"
"1004",21.8721747116415,"TalChhapar_TC",2019-10-01,2021-02-01,"2019-2021"
"1005",22.358307634593,"TalChhapar_TC",2019-10-01,2021-02-01,"2019-2021"
"1006",38.835810469948,"TalChhapar_TC",2019-10-01,2021-02-01,"2019-2021"
"1007",39.4578697451327,"TalChhapar_TC",2019-10-01,2021-02-01,"2019-2021"
"1008",40.6654073633639,"TalChhapar_TC",2019-10-01,2021-02-01,"2019-2021"
"1009",62.2064520286447,"TalChhapar_TC",2019-10-01,2021-02-01,"2019-2021"
"1010",54.2481949831971,"TalChhapar_TC",2019-10-01,2021-02-01,"2019-2021"
"1011",45.9834509072244,"TalChhapar_TC",2019-10-01,2021-02-01,"2019-2021"
"1012",25.9519270437713,"TalChhapar_TC",2019-10-01,2021-02-01,"2019-2021"
"1013",23.1248341446328,"TalChhapar_TC",2019-10-01,2021-02-01,"2019-2021"
"1014",26.7939667744836,"TalChhapar_TC",2019-10-01,2021-02-01,"2019-2021"
"1015",32.4341210611341,"TalChhapar_TC",2019-10-01,2021-02-01,"2019-2021"
"1016",42.8615847475518,"TalChhapar_TC",2019-10-01,2021-02-01,"2019-2021"
"1017",0.559088849031363,"TalChhapar_TC",2019-10-01,2021-02-01,"2019-2021"
"1018",13.4448004073237,"TalChhapar_TC",2019-10-01,2021-02-01,"2019-2021"
"1019",12.3388168947082,"TalChhapar_TC",2019-10-01,2021-02-01,"2019-2021"
"1020",10.2028261694111,"TalChhapar_TC",2019-10-01,2021-02-01,"2019-2021"
"1021",5.63413167244471,"TalChhapar_TC",2019-10-01,2021-02-01,"2019-2021"
"1022",2.42170425121342,"TalChhapar_TC",2019-10-01,2021-02-01,"2019-2021"
"1023",1.90149008665992,"TalChhapar_TC",2019-10-01,2021-02-01,"2019-2021"
"1024",1.26006356809047,"TalChhapar_TC",2019-10-01,2021-02-01,"2019-2021"
"1025",2.74740437813804,"TalChhapar_TC",2019-10-01,2021-02-01,"2019-2021"
"1026",0.59914721974359,"TalChhapar_TC",2019-10-01,2021-02-01,"2019-2021"
"1027",1.65825361455703,"TalChhapar_TC",2019-10-01,2021-02-01,"2019-2021"
"1028",1.41593651773386,"TalChhapar_TC",2019-10-01,2021-02-01,"2019-2021"
"1029",3.83504052891557,"TalChhapar_TC",2019-10-01,2021-02-01,"2019-2021"
"1030",0.595267991209682,"TalChhapar_TC",2019-10-01,2021-02-01,"2019-2021"
"1031",2.07897747097733,"TalChhapar_TC",2019-10-01,2021-02-01,"2019-2021"
"1032",1.50804067631709,"TalChhapar_TC",2019-10-01,2021-02-01,"2019-2021"
"1033",0.842106893316631,"TalChhapar_TC",2019-10-01,2021-02-01,"2019-2021"
"1034",1.5341894738871,"TalChhapar_TC",2019-10-01,2021-02-01,"2019-2021"
"1035",1.42578681651912,"TalChhapar_TC",2019-10-01,2021-02-01,"2019-2021"
"1036",3.24402375525588,"TalChhapar_TC",2019-10-01,2021-02-01,"2019-2021"
"1037",3.22294730585242,"TalChhapar_TC",2019-10-01,2021-02-01,"2019-2021"
"1038",5.43171745604375,"TalChhapar_TC",2019-10-01,2021-02-01,"2019-2021"
"1039",11.9507206448983,"TalChhapar_TC",2019-10-01,2021-02-01,"2019-2021"
"1040",2.62761237307172,"TalChhapar_TC",2019-10-01,2021-02-01,"2019-2021"
"1041",1.00973670666936,"TalChhapar_TC",2019-10-01,2021-02-01,"2019-2021"
"1042",2.08511898100313,"TalChhapar_TC",2019-10-01,2021-02-01,"2019-2021"
"1043",0.249103912972472,"TalChhapar_TC",2019-10-01,2021-02-01,"2019-2021"
"1044",0.884680086526788,"TalChhapar_TC",2019-10-01,2021-02-01,"2019-2021"
"1045",2.28491172382684,"TalChhapar_TC",2019-10-01,2021-02-01,"2019-2021"
"1046",0.8440398413134,"TalChhapar_TC",2019-10-01,2021-02-01,"2019-2021"
"1047",1.74932355857925,"TalChhapar_TC",2019-10-01,2021-02-01,"2019-2021"
"1048",11.8899789168562,"TalChhapar_TC",2019-10-01,2021-02-01,"2019-2021"
"1049",0.327441645678732,"TalChhapar_TC",2019-10-01,2021-02-01,"2019-2021"
"1050",3.47997084001584,"TalChhapar_TC",2019-10-01,2021-02-01,"2019-2021"
"1051",2.1756213531556,"TalChhapar_TC",2019-10-01,2021-02-01,"2019-2021"
"1052",0.527396088640875,"TalChhapar_TC",2019-10-01,2021-02-01,"2019-2021"
"1053",0.74412475094186,"TalChhapar_TC",2019-10-01,2021-02-01,"2019-2021"
"1054",0.729804105733559,"TalChhapar_TC",2019-10-01,2021-02-01,"2019-2021"
"1055",2.49474924783565,"TalChhapar_TC",2019-10-01,2021-02-01,"2019-2021"
"1056",1.77146302217468,"TalChhapar_TC",2019-10-01,2021-02-01,"2019-2021"
"1057",1.61986670937541,"TalChhapar_TC",2019-10-01,2021-02-01,"2019-2021"
"1058",2.76819852702055,"TalChhapar_TC",2019-10-01,2021-02-01,"2019-2021"
"1059",1.62758423230997,"TalChhapar_TC",2019-10-01,2021-02-01,"2019-2021"
"1060",3.46696661631035,"TalChhapar_TC",2019-10-01,2021-02-01,"2019-2021"
"1061",5.62736176767447,"TalChhapar_TC",2019-10-01,2021-02-01,"2019-2021"
"1062",1.38856427293075,"TalChhapar_TC",2019-10-01,2021-02-01,"2019-2021"
"1063",0.748683408199402,"TalChhapar_TC",2019-10-01,2021-02-01,"2019-2021"
"1064",0.35858373812958,"TalChhapar_TC",2019-10-01,2021-02-01,"2019-2021"
"1065",1.47221909275444,"TalChhapar_TC",2019-10-01,2021-02-01,"2019-2021"
"1066",0.514736968303081,"TalChhapar_TC",2019-10-01,2021-02-01,"2019-2021"
"1067",4.31682986897665,"TalChhapar_TC",2019-10-01,2021-02-01,"2019-2021"
"1068",13.1214857360008,"TalChhapar_TC",2019-10-01,2021-02-01,"2019-2021"
"1069",1.43971025203661,"TalChhapar_TC",2019-10-01,2021-02-01,"2019-2021"
"1070",1.69412983744642,"TalChhapar_TC",2019-10-01,2021-02-01,"2019-2021"
"1071",3.29853381072061,"TalChhapar_TC",2019-10-01,2021-02-01,"2019-2021"
"1072",3.66219736193067,"TalChhapar_TC",2019-10-01,2021-02-01,"2019-2021"
"1073",13.7258242420432,"TalChhapar_TC",2019-10-01,2021-02-01,"2019-2021"
"1074",4.27321831943868,"TalChhapar_TC",2019-10-01,2021-02-01,"2019-2021"
"1075",3.27352896184514,"TalChhapar_TC",2019-10-01,2021-02-01,"2019-2021"
"1076",2.63646239751634,"TalChhapar_TC",2019-10-01,2021-02-01,"2019-2021"
"1077",2.23779008071638,"TalChhapar_TC",2019-10-01,2021-02-01,"2019-2021"
"1078",2.48851211572578,"TalChhapar_TC",2019-10-01,2021-02-01,"2019-2021"
"1079",0.987353937940215,"TalChhapar_TC",2019-10-01,2021-02-01,"2019-2021"
"1080",2.72882636343149,"TalChhapar_TC",2019-10-01,2021-02-01,"2019-2021"
"1081",0.376385344516199,"TalChhapar_TC",2019-10-01,2021-02-01,"2019-2021"
"1082",1.01187434735542,"TalChhapar_TC",2019-10-01,2021-02-01,"2019-2021"
"1083",1.94740592045578,"TalChhapar_TC",2019-10-01,2021-02-01,"2019-2021"
"1084",3.61558041440121,"TalChhapar_TC",2019-10-01,2021-02-01,"2019-2021"
"1085",8.02794407595712,"TalChhapar_TC",2019-10-01,2021-02-01,"2019-2021"
"1086",13.2671674050008,"TalChhapar_TC",2019-10-01,2021-02-01,"2019-2021"
"1087",17.4138170255945,"TalChhapar_TC",2019-10-01,2021-02-01,"2019-2021"
"1088",2.12919910695837,"TalChhapar_TC",2019-10-01,2021-02-01,"2019-2021"
"1089",2.14046099123351,"TalChhapar_TC",2019-10-01,2021-02-01,"2019-2021"
"1090",2.624993142796,"TalChhapar_TC",2019-10-01,2021-02-01,"2019-2021"
"1091",12.8743763398986,"TalChhapar_TC",2019-10-01,2021-02-01,"2019-2021"
"1092",17.3820324540625,"TalChhapar_TC",2019-10-01,2021-02-01,"2019-2021"
"1093",1.07019483858998,"TalChhapar_TC",2019-10-01,2021-02-01,"2019-2021"
"1094",3.83164763937704,"TalChhapar_TC",2019-10-01,2021-02-01,"2019-2021"
"1095",3.24706468987484,"TalChhapar_TC",2019-10-01,2021-02-01,"2019-2021"
"1096",4.46441406601391,"TalChhapar_TC",2019-10-01,2021-02-01,"2019-2021"
"1097",0.875816331071768,"TalChhapar_TC",2019-10-01,2021-02-01,"2019-2021"
"1098",13.8319794362686,"TalChhapar_TC",2019-10-01,2021-02-01,"2019-2021"
"1099",19.9213334828184,"TalChhapar_TC",2019-10-01,2021-02-01,"2019-2021"
"1100",16.3191924718566,"TalChhapar_TC",2019-10-01,2021-02-01,"2019-2021"
"1101",6.00823592883059,"TalChhapar_TC",2019-10-01,2021-02-01,"2019-2021"
"1102",0.744308469690475,"TalChhapar_TC",2019-10-01,2021-02-01,"2019-2021"
"1103",1.25469090490191,"TalChhapar_TC",2019-10-01,2021-02-01,"2019-2021"
"1104",4.1749380724881,"TalChhapar_TC",2019-10-01,2021-02-01,"2019-2021"
"1105",1.78752889719132,"TalChhapar_TC",2019-10-01,2021-02-01,"2019-2021"
"1106",1.21145210188038,"TalChhapar_TC",2019-10-01,2021-02-01,"2019-2021"
"1107",12.3148444591714,"TalChhapar_TC",2019-10-01,2021-02-01,"2019-2021"
"1108",1.28591998493466,"TalChhapar_TC",2019-10-01,2021-02-01,"2019-2021"
"1109",12.0307067769776,"TalChhapar_TC",2019-10-01,2021-02-01,"2019-2021"
"1110",1.65517262707936,"TalChhapar_TC",2019-10-01,2021-02-01,"2019-2021"
"1111",1.98014891070765,"TalChhapar_TC",2019-10-01,2021-02-01,"2019-2021"
"1112",7.44069525285108,"TalChhapar_TC",2019-10-01,2021-02-01,"2019-2021"
"1113",0.98797986934357,"TalChhapar_TC",2019-10-01,2021-02-01,"2019-2021"
"1114",2.06670715554426,"TalChhapar_TC",2019-10-01,2021-02-01,"2019-2021"
"1115",2.47331952043372,"TalChhapar_TC",2019-10-01,2021-02-01,"2019-2021"
"1116",11.4978914087676,"TalChhapar_TC",2019-10-01,2021-02-01,"2019-2021"
"1117",2.42877609996765,"TalChhapar_TC",2019-10-01,2021-02-01,"2019-2021"
"1118",10.2835783320714,"TalChhapar_TC",2019-10-01,2021-02-01,"2019-2021"
"1119",1.23555792042897,"TalChhapar_TC",2019-10-01,2021-02-01,"2019-2021"
"1120",2.03209955034474,"TalChhapar_TC",2019-10-01,2021-02-01,"2019-2021"
"1121",0.739151831419332,"TalChhapar_TC",2019-10-01,2021-02-01,"2019-2021"
"1122",0.869140893884793,"TalChhapar_TC",2019-10-01,2021-02-01,"2019-2021"
"1123",1.15516574465679,"TalChhapar_TC",2019-10-01,2021-02-01,"2019-2021"
"1124",1.46554208514184,"TalChhapar_TC",2019-10-01,2021-02-01,"2019-2021"
"1125",0.412249028564885,"TalChhapar_TC",2019-10-01,2021-02-01,"2019-2021"
"1126",15.652187412396,"TalChhapar_TC",2019-10-01,2021-02-01,"2019-2021"
"1127",2.17297112921893,"TalChhapar_TC",2019-10-01,2021-02-01,"2019-2021"
"1128",13.6409109561224,"TalChhapar_TC",2019-10-01,2021-02-01,"2019-2021"
"1129",12.1332533718113,"TalChhapar_TC",2019-10-01,2021-02-01,"2019-2021"
"1130",4.39417953708787,"TalChhapar_TC",2019-10-01,2021-02-01,"2019-2021"
"1131",1.58697478314734,"TalChhapar_TC",2019-10-01,2021-02-01,"2019-2021"
"1132",8.74371406215083,"TalChhapar_TC",2019-10-01,2021-02-01,"2019-2021"
"1133",1.62370103347862,"TalChhapar_TC",2019-10-01,2021-02-01,"2019-2021"
"1134",2.44678559139946,"TalChhapar_TC",2019-10-01,2021-02-01,"2019-2021"
"1135",5.36948632715157,"TalChhapar_TC",2019-10-01,2021-02-01,"2019-2021"
"1136",4.6638390159975,"TalChhapar_TC",2019-10-01,2021-02-01,"2019-2021"
"1137",2.1485733362625,"TalChhapar_TC",2019-10-01,2021-02-01,"2019-2021"
"1138",20.0007896912708,"TalChhapar_TC",2019-10-01,2021-02-01,"2019-2021"
"1139",12.780515449811,"TalChhapar_TC",2019-10-01,2021-02-01,"2019-2021"
"1140",19.4249990135162,"TalChhapar_TC",2019-10-01,2021-02-01,"2019-2021"
"1141",2.94838918465068,"TalChhapar_TC",2021-02-01,2022-03-01,"2021-2022"
"1142",2.83437528417233,"TalChhapar_TC",2021-02-01,2022-03-01,"2021-2022"
"1143",0.624620108793065,"TalChhapar_TC",2021-02-01,2022-03-01,"2021-2022"
"1144",2.53070544732296,"TalChhapar_TC",2021-02-01,2022-03-01,"2021-2022"
"1145",6.64071796694285,"TalChhapar_TC",2021-02-01,2022-03-01,"2021-2022"
"1146",11.9778763261211,"TalChhapar_TC",2021-02-01,2022-03-01,"2021-2022"
"1147",1.56627960835734,"TalChhapar_TC",2021-02-01,2022-03-01,"2021-2022"
"1148",2.23803294916831,"TalChhapar_TC",2021-02-01,2022-03-01,"2021-2022"
"1149",1.96519704088849,"TalChhapar_TC",2021-02-01,2022-03-01,"2021-2022"
"1150",1.84933611261329,"TalChhapar_TC",2021-02-01,2022-03-01,"2021-2022"
"1151",1.1583872649234,"TalChhapar_TC",2021-02-01,2022-03-01,"2021-2022"
"1152",3.40473267789024,"TalChhapar_TC",2021-02-01,2022-03-01,"2021-2022"
"1153",1.53596631573874,"TalChhapar_TC",2021-02-01,2022-03-01,"2021-2022"
"1154",2.48470604816719,"TalChhapar_TC",2021-02-01,2022-03-01,"2021-2022"
"1155",2.37252010916495,"TalChhapar_TC",2021-02-01,2022-03-01,"2021-2022"
"1156",3.86366416706281,"TalChhapar_TC",2021-02-01,2022-03-01,"2021-2022"
"1157",1.94661262343762,"TalChhapar_TC",2021-02-01,2022-03-01,"2021-2022"
"1158",3.12881550020127,"TalChhapar_TC",2021-02-01,2022-03-01,"2021-2022"
"1159",6.36577104776584,"TalChhapar_TC",2021-02-01,2022-03-01,"2021-2022"
"1160",1.77514645621427,"TalChhapar_TC",2021-02-01,2022-03-01,"2021-2022"
"1161",2.90132026802411,"TalChhapar_TC",2021-02-01,2022-03-01,"2021-2022"
"1162",3.73956312248675,"TalChhapar_TC",2021-02-01,2022-03-01,"2021-2022"
"1163",1.43078345298749,"TalChhapar_TC",2021-02-01,2022-03-01,"2021-2022"
"1164",2.53412075310439,"TalChhapar_TC",2021-02-01,2022-03-01,"2021-2022"
"1165",2.62538017515472,"TalChhapar_TC",2021-02-01,2022-03-01,"2021-2022"
"1166",14.4565118667037,"TalChhapar_TC",2021-02-01,2022-03-01,"2021-2022"
"1167",0.532162006300474,"TalChhapar_TC",2021-02-01,2022-03-01,"2021-2022"
"1168",1.50643951425191,"TalChhapar_TC",2021-02-01,2022-03-01,"2021-2022"
"1169",2.00041500819861,"TalChhapar_TC",2021-02-01,2022-03-01,"2021-2022"
"1170",0.705240769195285,"TalChhapar_TC",2021-02-01,2022-03-01,"2021-2022"
"1171",1.02771860750241,"TalChhapar_TC",2021-02-01,2022-03-01,"2021-2022"
"1172",3.47938614799764,"TalChhapar_TC",2021-02-01,2022-03-01,"2021-2022"
"1173",0.56694793701765,"TalChhapar_TC",2021-02-01,2022-03-01,"2021-2022"
"1174",0.476933761087718,"TalChhapar_TC",2021-02-01,2022-03-01,"2021-2022"
"1175",1.10103553033507,"TalChhapar_TC",2021-02-01,2022-03-01,"2021-2022"
"1176",1.63879522324931,"TalChhapar_TC",2021-02-01,2022-03-01,"2021-2022"
"1177",3.8825477842116,"TalChhapar_TC",2021-02-01,2022-03-01,"2021-2022"
"1178",1.02469329298316,"TalChhapar_TC",2021-02-01,2022-03-01,"2021-2022"
"1179",0.65907709132931,"TalChhapar_TC",2021-02-01,2022-03-01,"2021-2022"
"1180",2.22052606440147,"TalChhapar_TC",2021-02-01,2022-03-01,"2021-2022"
"1181",2.03029396120559,"TalChhapar_TC",2021-02-01,2022-03-01,"2021-2022"
"1182",4.55030060878937,"TalChhapar_TC",2021-02-01,2022-03-01,"2021-2022"
"1183",2.60065734398664,"TalChhapar_TC",2021-02-01,2022-03-01,"2021-2022"
"1184",2.05819191046662,"TalChhapar_TC",2021-02-01,2022-03-01,"2021-2022"
"1185",1.94144167169717,"TalChhapar_TC",2021-02-01,2022-03-01,"2021-2022"
"1186",1.0689476707867,"TalChhapar_TC",2021-02-01,2022-03-01,"2021-2022"
"1187",2.36142898661874,"TalChhapar_TC",2021-02-01,2022-03-01,"2021-2022"
"1188",1.46645639813641,"TalChhapar_TC",2021-02-01,2022-03-01,"2021-2022"
"1189",1.20649458517417,"TalChhapar_TC",2021-02-01,2022-03-01,"2021-2022"
"1190",1.49853653024699,"TalChhapar_TC",2021-02-01,2022-03-01,"2021-2022"
"1191",14.7447361598644,"TalChhapar_TC",2021-02-01,2022-03-01,"2021-2022"
"1192",0.705093023036517,"TalChhapar_TC",2021-02-01,2022-03-01,"2021-2022"
"1193",3.6859039134953,"TalChhapar_TC",2021-02-01,2022-03-01,"2021-2022"
"1194",1.03172529364689,"TalChhapar_TC",2021-02-01,2022-03-01,"2021-2022"
"1195",1.6546171407692,"TalChhapar_TC",2021-02-01,2022-03-01,"2021-2022"
"1196",8.1051292176209,"TalChhapar_TC",2021-02-01,2022-03-01,"2021-2022"
"1197",1.71488998999346,"TalChhapar_TC",2021-02-01,2022-03-01,"2021-2022"
"1198",8.94716328080396,"TalChhapar_TC",2021-02-01,2022-03-01,"2021-2022"
"1199",2.18545984623867,"TalChhapar_TC",2021-02-01,2022-03-01,"2021-2022"
"1200",7.81021070240481,"TalChhapar_TC",2021-02-01,2022-03-01,"2021-2022"
"1201",0.897475797629884,"TalChhapar_TC",2021-02-01,2022-03-01,"2021-2022"
"1202",1.00573949053868,"TalChhapar_TC",2021-02-01,2022-03-01,"2021-2022"
"1203",15.0651745711765,"TalChhapar_TC",2021-02-01,2022-03-01,"2021-2022"
"1204",0.318821544533523,"TalChhapar_TC",2021-02-01,2022-03-01,"2021-2022"
"1205",9.85102842303542,"TalChhapar_TC",2021-02-01,2022-03-01,"2021-2022"
"1206",3.13813950880845,"TalChhapar_TC",2021-02-01,2022-03-01,"2021-2022"
"1207",0.527684774160756,"TalChhapar_TC",2021-02-01,2022-03-01,"2021-2022"
"1208",1.16836596621227,"TalChhapar_TC",2021-02-01,2022-03-01,"2021-2022"
"1209",10.5208237775272,"TalChhapar_TC",2021-02-01,2022-03-01,"2021-2022"
"1210",13.0697517944241,"TalChhapar_TC",2021-02-01,2022-03-01,"2021-2022"
"1211",6.85057006433632,"TalChhapar_TC",2021-02-01,2022-03-01,"2021-2022"
"1212",3.25083508309733,"TalChhapar_TC",2021-02-01,2022-03-01,"2021-2022"
"1213",12.2645436285057,"TalChhapar_TC",2021-02-01,2022-03-01,"2021-2022"
"1214",4.53080440222361,"TalChhapar_TC",2021-02-01,2022-03-01,"2021-2022"
"1215",3.75683053177835,"TalChhapar_TC",2021-02-01,2022-03-01,"2021-2022"
"1216",1.92802902416806,"TalChhapar_TC",2021-02-01,2022-03-01,"2021-2022"
"1217",2.57933040103213,"TalChhapar_TC",2021-02-01,2022-03-01,"2021-2022"
"1218",2.56238106048557,"TalChhapar_TC",2021-02-01,2022-03-01,"2021-2022"
"1219",1.0005805037131,"TalChhapar_TC",2021-02-01,2022-03-01,"2021-2022"
"1220",0.870161494053548,"TalChhapar_TC",2021-02-01,2022-03-01,"2021-2022"
"1221",12.7277350330343,"TalChhapar_TC",2021-02-01,2022-03-01,"2021-2022"
"1222",12.5038903654457,"TalChhapar_TC",2021-02-01,2022-03-01,"2021-2022"
"1223",6.2006120624847,"TalChhapar_TC",2021-02-01,2022-03-01,"2021-2022"
"1224",3.13314935552177,"TalChhapar_TC",2021-02-01,2022-03-01,"2021-2022"
"1225",5.96649633024458,"TalChhapar_TC",2021-02-01,2022-03-01,"2021-2022"
"1226",4.56649144033473,"TalChhapar_TC",2021-02-01,2022-03-01,"2021-2022"
"1227",6.24354155069533,"TalChhapar_TC",2021-02-01,2022-03-01,"2021-2022"
"1228",5.77240998802291,"TalChhapar_TC",2021-02-01,2022-03-01,"2021-2022"
"1229",2.69059752895256,"TalChhapar_TC",2021-02-01,2022-03-01,"2021-2022"
"1230",4.77625161138015,"TalChhapar_TC",2021-02-01,2022-03-01,"2021-2022"
"1231",2.82543113261689,"TalChhapar_TC",2021-02-01,2022-03-01,"2021-2022"
"1232",11.8960717744174,"TalChhapar_TC",2021-02-01,2022-03-01,"2021-2022"
"1233",0.594665460688829,"TalChhapar_TC",2021-02-01,2022-03-01,"2021-2022"
"1234",11.0617023951825,"TalChhapar_TC",2021-02-01,2022-03-01,"2021-2022"
"1235",1.29025208574896,"TalChhapar_TC",2021-02-01,2022-03-01,"2021-2022"
"1236",0.70244546216898,"TalChhapar_TC",2021-02-01,2022-03-01,"2021-2022"
"1237",12.8067132118341,"TalChhapar_TC",2021-02-01,2022-03-01,"2021-2022"
"1238",2.5426577304136,"TalChhapar_TC",2021-02-01,2022-03-01,"2021-2022"
"1239",0.182438179244748,"TalChhapar_TC",2021-02-01,2022-03-01,"2021-2022"
"1240",12.4607770061548,"TalChhapar_TC",2021-02-01,2022-03-01,"2021-2022"
"1241",12.6823370337559,"TalChhapar_TC",2021-02-01,2022-03-01,"2021-2022"
"1242",1.08717378875095,"TalChhapar_TC",2021-02-01,2022-03-01,"2021-2022"
"1243",0.850458799375616,"TalChhapar_TC",2021-02-01,2022-03-01,"2021-2022"
"1244",16.2192011682826,"TalChhapar_TC",2021-02-01,2022-03-01,"2021-2022"
"1245",15.9169784819973,"TalChhapar_TC",2021-02-01,2022-03-01,"2021-2022"
"1246",1.23790642266481,"TalChhapar_TC",2021-02-01,2022-03-01,"2021-2022"
"1247",1.99848094270227,"TalChhapar_TC",2021-02-01,2022-03-01,"2021-2022"
"1248",2.73369143383256,"TalChhapar_TC",2021-02-01,2022-03-01,"2021-2022"
"1249",0.938949584060594,"TalChhapar_TC",2021-02-01,2022-03-01,"2021-2022"
"1250",2.89413824374742,"TalChhapar_TC",2021-02-01,2022-03-01,"2021-2022"
"1251",1.31220166021271,"TalChhapar_TC",2021-02-01,2022-03-01,"2021-2022"
"1252",2.71906557260941,"TalChhapar_TC",2021-02-01,2022-03-01,"2021-2022"
"1253",1.95402615265876,"TalChhapar_TC",2021-02-01,2022-03-01,"2021-2022"
"1254",1.29132473648651,"TalChhapar_TC",2021-02-01,2022-03-01,"2021-2022"
"1255",7.07596288415025,"TalChhapar_TC",2021-02-01,2022-03-01,"2021-2022"
"1256",22.1997439190411,"TalChhapar_TC",2021-02-01,2022-03-01,"2021-2022"
"1257",5.39356681445473,"TalChhapar_TC",2021-02-01,2022-03-01,"2021-2022"
"1258",4.26635499647974,"TalChhapar_TC",2021-02-01,2022-03-01,"2021-2022"
"1259",0.802057114835875,"TalChhapar_TC",2021-02-01,2022-03-01,"2021-2022"
"1260",2.62040265883624,"TalChhapar_TC",2021-02-01,2022-03-01,"2021-2022"
"1261",15.4503245438543,"TalChhapar_TC",2021-02-01,2022-03-01,"2021-2022"
"1262",20.0534139125771,"TalChhapar_TC",2021-02-01,2022-03-01,"2021-2022"
"1263",1.99968472188709,"TalChhapar_TC",2021-02-01,2022-03-01,"2021-2022"
"1264",1.10957415221949,"TalChhapar_TC",2021-02-01,2022-03-01,"2021-2022"
"1265",12.4481923195138,"TalChhapar_TC",2021-02-01,2022-03-01,"2021-2022"
"1266",7.75025926217735,"TalChhapar_TC",2021-02-01,2022-03-01,"2021-2022"
"1267",2.22848055344672,"TalChhapar_TC",2021-02-01,2022-03-01,"2021-2022"
"1268",15.5203738934748,"TalChhapar_TC",2021-02-01,2022-03-01,"2021-2022"
"1269",9.55697412775001,"TalChhapar_TC",2021-02-01,2022-03-01,"2021-2022"
"1270",8.39701317896994,"TalChhapar_TC",2021-02-01,2022-03-01,"2021-2022"
"1271",13.8838162854866,"TalChhapar_TC",2021-02-01,2022-03-01,"2021-2022"
"1272",0.966177307418398,"TalChhapar_TC",2021-02-01,2022-03-01,"2021-2022"
"1273",2.840646374203,"TalChhapar_TC",2021-02-01,2022-03-01,"2021-2022"
"1274",0.279205253988171,"TalChhapar_TC",2021-02-01,2022-03-01,"2021-2022"
"1275",20.8334182260473,"TalChhapar_TC",2021-02-01,2022-03-01,"2021-2022"
"1276",15.9029365857105,"TalChhapar_TC",2022-03-01,2023-12-01,"2022-2023"
"1277",6.89007593690235,"TalChhapar_TC",2022-03-01,2023-12-01,"2022-2023"
"1278",2.21357509795799,"TalChhapar_TC",2022-03-01,2023-12-01,"2022-2023"
"1279",8.30694992327681,"TalChhapar_TC",2022-03-01,2023-12-01,"2022-2023"
"1280",3.51339596002691,"TalChhapar_TC",2022-03-01,2023-12-01,"2022-2023"
"1281",14.2255558977481,"TalChhapar_TC",2022-03-01,2023-12-01,"2022-2023"
"1282",9.12257078085899,"TalChhapar_TC",2022-03-01,2023-12-01,"2022-2023"
"1283",5.01718983686114,"TalChhapar_TC",2022-03-01,2023-12-01,"2022-2023"
"1284",2.19946530012891,"TalChhapar_TC",2022-03-01,2023-12-01,"2022-2023"
"1285",2.20446972756523,"TalChhapar_TC",2022-03-01,2023-12-01,"2022-2023"
"1286",0.585012345575578,"TalChhapar_TC",2022-03-01,2023-12-01,"2022-2023"
"1287",11.2773022558974,"TalChhapar_TC",2022-03-01,2023-12-01,"2022-2023"
"1288",8.94368849148312,"TalChhapar_TC",2022-03-01,2023-12-01,"2022-2023"
"1289",2.82358288795334,"TalChhapar_TC",2022-03-01,2023-12-01,"2022-2023"
"1290",2.62820718409459,"TalChhapar_TC",2022-03-01,2023-12-01,"2022-2023"
"1291",1.51471307911277,"TalChhapar_TC",2022-03-01,2023-12-01,"2022-2023"
"1292",10.8058647662917,"TalChhapar_TC",2022-03-01,2023-12-01,"2022-2023"
"1293",13.3759973148424,"TalChhapar_TC",2022-03-01,2023-12-01,"2022-2023"
"1294",11.6427102811912,"TalChhapar_TC",2022-03-01,2023-12-01,"2022-2023"
"1295",1.95289583111164,"TalChhapar_TC",2022-03-01,2023-12-01,"2022-2023"
"1296",1.50920544888625,"TalChhapar_TC",2022-03-01,2023-12-01,"2022-2023"
"1297",9.57248188197505,"TalChhapar_TC",2022-03-01,2023-12-01,"2022-2023"
"1298",2.25009943071582,"TalChhapar_TC",2022-03-01,2023-12-01,"2022-2023"
"1299",9.45399817135267,"TalChhapar_TC",2022-03-01,2023-12-01,"2022-2023"
"1300",4.58140907683992,"TalChhapar_TC",2022-03-01,2023-12-01,"2022-2023"
"1301",11.5744268530445,"TalChhapar_TC",2022-03-01,2023-12-01,"2022-2023"
"1302",3.83999662653801,"TalChhapar_TC",2022-03-01,2023-12-01,"2022-2023"
"1303",1.46360304184072,"TalChhapar_TC",2022-03-01,2023-12-01,"2022-2023"
"1304",12.3103333358319,"TalChhapar_TC",2022-03-01,2023-12-01,"2022-2023"
"1305",11.1292168773028,"TalChhapar_TC",2022-03-01,2023-12-01,"2022-2023"
"1306",10.9390688630442,"TalChhapar_TC",2022-03-01,2023-12-01,"2022-2023"
"1307",2.66114395314921,"TalChhapar_TC",2022-03-01,2023-12-01,"2022-2023"
"1308",1.76011249600176,"TalChhapar_TC",2022-03-01,2023-12-01,"2022-2023"
"1309",3.65267956606152,"TalChhapar_TC",2022-03-01,2023-12-01,"2022-2023"
"1310",0.0782484224086741,"TalChhapar_TC",2022-03-01,2023-12-01,"2022-2023"
"1311",35.9436602419229,"TalChhapar_TC",2022-03-01,2023-12-01,"2022-2023"
"1312",12.2397269732703,"TalChhapar_TC",2022-03-01,2023-12-01,"2022-2023"
"1313",22.2049856270667,"TalChhapar_TC",2022-03-01,2023-12-01,"2022-2023"
"1314",25.0126362617186,"TalChhapar_TC",2022-03-01,2023-12-01,"2022-2023"
"1315",0.154675074163242,"TalChhapar_TC",2022-03-01,2023-12-01,"2022-2023"
"1316",10.5962516900245,"TalChhapar_TC",2022-03-01,2023-12-01,"2022-2023"
"1317",3.20399583044216,"TalChhapar_TC",2022-03-01,2023-12-01,"2022-2023"
"1318",19.0637011278651,"TalChhapar_TC",2022-03-01,2023-12-01,"2022-2023"
"1319",16.3020607899714,"TalChhapar_TC",2022-03-01,2023-12-01,"2022-2023"
"1320",13.6886624986376,"TalChhapar_TC",2022-03-01,2023-12-01,"2022-2023"
"1321",0.896939975168218,"TalChhapar_TC",2022-03-01,2023-12-01,"2022-2023"
"1322",15.5570399260745,"TalChhapar_TC",2022-03-01,2023-12-01,"2022-2023"
"1323",3.9773438355888,"TalChhapar_TC",2022-03-01,2023-12-01,"2022-2023"
"1324",1.23029058255967,"TalChhapar_TC",2022-03-01,2023-12-01,"2022-2023"
"1325",1.44209747261615,"TalChhapar_TC",2022-03-01,2023-12-01,"2022-2023"
"1326",12.3153814004615,"TalChhapar_TC",2022-03-01,2023-12-01,"2022-2023"
"1327",11.7925603712042,"TalChhapar_TC",2022-03-01,2023-12-01,"2022-2023"
"1328",11.6649470954114,"TalChhapar_TC",2022-03-01,2023-12-01,"2022-2023"
"1329",2.19528817981943,"TalChhapar_TC",2022-03-01,2023-12-01,"2022-2023"
"1330",1.88580160671032,"TalChhapar_TC",2022-03-01,2023-12-01,"2022-2023"
"1331",14.0241792609383,"TalChhapar_TC",2022-03-01,2023-12-01,"2022-2023"
"1332",0.238411742361013,"TalChhapar_TC",2022-03-01,2023-12-01,"2022-2023"
"1333",17.8412960570053,"TalChhapar_TC",2022-03-01,2023-12-01,"2022-2023"
"1334",1.9845125617703,"TalChhapar_TC",2022-03-01,2023-12-01,"2022-2023"
"1335",9.28002879964844,"TalChhapar_TC",2022-03-01,2023-12-01,"2022-2023"
"1336",18.2979048397208,"TalChhapar_TC",2022-03-01,2023-12-01,"2022-2023"
"1337",17.9445270378818,"TalChhapar_TC",2022-03-01,2023-12-01,"2022-2023"
"1338",27.0225840239092,"TalChhapar_TC",2022-03-01,2023-12-01,"2022-2023"
"1339",1.62485699144169,"TalChhapar_TC",2022-03-01,2023-12-01,"2022-2023"
"1340",14.1339612084542,"TalChhapar_TC",2022-03-01,2023-12-01,"2022-2023"
"1341",1.75963527043474,"TalChhapar_TC",2022-03-01,2023-12-01,"2022-2023"
"1342",46.1777396916249,"TalChhapar_TC",2022-03-01,2023-12-01,"2022-2023"
"1343",45.2118384899243,"TalChhapar_TC",2022-03-01,2023-12-01,"2022-2023"
"1344",32.0600020790616,"TalChhapar_TC",2022-03-01,2023-12-01,"2022-2023"
"1345",60.8191749145531,"TalChhapar_TC",2022-03-01,2023-12-01,"2022-2023"
"1346",31.7552723177619,"TalChhapar_TC",2022-03-01,2023-12-01,"2022-2023"
"1347",27.8587112179757,"TalChhapar_TC",2022-03-01,2023-12-01,"2022-2023"
"1348",16.8376353350441,"TalChhapar_TC",2022-03-01,2023-12-01,"2022-2023"
"1349",0.494969312694547,"TalChhapar_TC",2022-03-01,2023-12-01,"2022-2023"
"1350",1.03934716777692,"TalChhapar_TC",2022-03-01,2023-12-01,"2022-2023"
"1351",17.5672225069347,"TalChhapar_TC",2022-03-01,2023-12-01,"2022-2023"
"1352",2.42952720329166,"TalChhapar_TC",2022-03-01,2023-12-01,"2022-2023"
"1353",1.92478149693756,"TalChhapar_TC",2022-03-01,2023-12-01,"2022-2023"
"1354",2.09368360494438,"TalChhapar_TC",2022-03-01,2023-12-01,"2022-2023"
"1355",29.1346151079122,"TalChhapar_TC",2022-03-01,2023-12-01,"2022-2023"
"1356",1.30993069360509,"TalChhapar_TC",2022-03-01,2023-12-01,"2022-2023"
"1357",0.326405603565044,"TalChhapar_TC",2022-03-01,2023-12-01,"2022-2023"
"1358",0.364161818854586,"TalChhapar_TC",2022-03-01,2023-12-01,"2022-2023"
"1359",5.20964371993938,"TalChhapar_TC",2022-03-01,2023-12-01,"2022-2023"
"1360",0.805840992121291,"TalChhapar_TC",2022-03-01,2023-12-01,"2022-2023"
"1361",28.7724942783453,"TalChhapar_TC",2022-03-01,2023-12-01,"2022-2023"
"1362",44.3445652934231,"TalChhapar_TC",2022-03-01,2023-12-01,"2022-2023"
"1363",35.5606103101612,"TalChhapar_TC",2022-03-01,2023-12-01,"2022-2023"
"1364",10.3321869696453,"TalChhapar_TC",2022-03-01,2023-12-01,"2022-2023"
"1365",2.17530856532338,"TalChhapar_TC",2022-03-01,2023-12-01,"2022-2023"
"1366",26.2762287572451,"TalChhapar_TC",2022-03-01,2023-12-01,"2022-2023"
"1367",1.71766342444307,"TalChhapar_TC",2022-03-01,2023-12-01,"2022-2023"
"1368",13.8373481359588,"TalChhapar_TC",2022-03-01,2023-12-01,"2022-2023"
"1369",27.1548953507411,"TalChhapar_TC",2022-03-01,2023-12-01,"2022-2023"
"1370",19.7275742862433,"TalChhapar_TC",2022-03-01,2023-12-01,"2022-2023"
"1371",10.830299544466,"TalChhapar_TC",2022-03-01,2023-12-01,"2022-2023"
"1372",1.13772561542664,"TalChhapar_TC",2022-03-01,2023-12-01,"2022-2023"
"1373",13.0732175329478,"TalChhapar_TC",2022-03-01,2023-12-01,"2022-2023"
"1374",8.92897875299753,"TalChhapar_TC",2022-03-01,2023-12-01,"2022-2023"
"1375",15.5124365215135,"TalChhapar_TC",2022-03-01,2023-12-01,"2022-2023"
"1376",1.42462613849313,"TalChhapar_TC",2022-03-01,2023-12-01,"2022-2023"
"1377",44.1122883362665,"TalChhapar_TC",2022-03-01,2023-12-01,"2022-2023"
"1378",47.0049709706753,"TalChhapar_TC",2022-03-01,2023-12-01,"2022-2023"
"1379",23.0359627609199,"TalChhapar_TC",2022-03-01,2023-12-01,"2022-2023"
"1380",23.6381810816797,"TalChhapar_TC",2022-03-01,2023-12-01,"2022-2023"
"1381",44.8166966775786,"TalChhapar_TC",2022-03-01,2023-12-01,"2022-2023"
"1382",28.7101188580246,"TalChhapar_TC",2022-03-01,2023-12-01,"2022-2023"
"1383",0.695720077017361,"TalChhapar_TC",2022-03-01,2023-12-01,"2022-2023"
"1384",1.62541233334578,"TalChhapar_TC",2022-03-01,2023-12-01,"2022-2023"
"1385",0.982144788059335,"TalChhapar_TC",2022-03-01,2023-12-01,"2022-2023"
"1386",0.116240326579495,"TalChhapar_TC",2022-03-01,2023-12-01,"2022-2023"
"1387",0.770301403364132,"TalChhapar_TC",2022-03-01,2023-12-01,"2022-2023"
"1388",2.10495812202681,"TalChhapar_TC",2022-03-01,2023-12-01,"2022-2023"
"1389",13.6847745478764,"TalChhapar_TC",2022-03-01,2023-12-01,"2022-2023"
"1390",3.71594683681148,"TalChhapar_TC",2022-03-01,2023-12-01,"2022-2023"
"1391",10.3953476496273,"TalChhapar_TC",2022-03-01,2023-12-01,"2022-2023"
"1392",23.3311494288566,"TalChhapar_TC",2022-03-01,2023-12-01,"2022-2023"
"1393",15.5068123149415,"TalChhapar_TC",2022-03-01,2023-12-01,"2022-2023"
"1394",4.66205053126971,"TalChhapar_TC",2022-03-01,2023-12-01,"2022-2023"
"1395",19.3131868986384,"TalChhapar_TC",2022-03-01,2023-12-01,"2022-2023"
"1396",5.79500381705246,"TalChhapar_TC",2022-03-01,2023-12-01,"2022-2023"
"1397",10.7265938288638,"TalChhapar_TC",2022-03-01,2023-12-01,"2022-2023"
"1398",9.57904404832076,"TalChhapar_TC",2022-03-01,2023-12-01,"2022-2023"
"1399",11.7702061417692,"TalChhapar_TC",2022-03-01,2023-12-01,"2022-2023"
"1400",0.478860576201649,"TalChhapar_TC",2022-03-01,2023-12-01,"2022-2023"
"1401",1.15184670230098,"TalChhapar_TC",2022-03-01,2023-12-01,"2022-2023"
"1402",0.715332165690482,"TalChhapar_TC",2022-03-01,2023-12-01,"2022-2023"
"1403",24.2117928782491,"TalChhapar_TC",2022-03-01,2023-12-01,"2022-2023"
"1404",13.1683266207801,"TalChhapar_TC",2022-03-01,2023-12-01,"2022-2023"
"1405",15.2943538767097,"TalChhapar_TC",2022-03-01,2023-12-01,"2022-2023"
"1406",16.6992405902483,"TalChhapar_TC",2022-03-01,2023-12-01,"2022-2023"
"1407",41.9537258002259,"TalChhapar_TC",2022-03-01,2023-12-01,"2022-2023"
"1408",8.99219811103614,"TalChhapar_TC",2022-03-01,2023-12-01,"2022-2023"
"1409",17.2248536594102,"TalChhapar_TC",2022-03-01,2023-12-01,"2022-2023"
"1410",1.14181922120741,"TalChhapar_TC",2022-03-01,2023-12-01,"2022-2023"
"1411",29.4819655447515,"TalChhapar_TC",2022-03-01,2023-12-01,"2022-2023"
"1412",20.3148066590341,"TalChhapar_TC",2022-03-01,2023-12-01,"2022-2023"
"1413",55.3128531255524,"TalChhapar_TC",2022-03-01,2023-12-01,"2022-2023"
"1414",46.5040640848721,"TalChhapar_TC",2022-03-01,2023-12-01,"2022-2023"
"1415",63.9802771235625,"TalChhapar_TC",2022-03-01,2023-12-01,"2022-2023"
"1416",17.6846921145879,"TalChhapar_TC",2022-03-01,2023-12-01,"2022-2023"
"1417",1.79724969735188,"TalChhapar_TC",2022-03-01,2023-12-01,"2022-2023"
"1418",14.6198208339569,"TalChhapar_TC",2022-03-01,2023-12-01,"2022-2023"
"1419",1.10982753748774,"TalChhapar_TC",2022-03-01,2023-12-01,"2022-2023"
"1420",14.1038091100384,"TalChhapar_TC",2022-03-01,2023-12-01,"2022-2023"
"1421",1.02767763779893,"TalChhapar_TC",2022-03-01,2023-12-01,"2022-2023"
"1422",5.25779906873321,"TalChhapar_TC",2022-03-01,2023-12-01,"2022-2023"
"1423",17.8136459162849,"TalChhapar_TC",2022-03-01,2023-12-01,"2022-2023"
"1424",5.85752480510462,"TalChhapar_TC",2022-03-01,2023-12-01,"2022-2023"
"1425",0.973485514435921,"TalChhapar_TC",2022-03-01,2023-12-01,"2022-2023"
"1426",1.33196734247988,"TalChhapar_TC",2022-03-01,2023-12-01,"2022-2023"
"1427",16.4458562618781,"TalChhapar_TC",2022-03-01,2023-12-01,"2022-2023"
"1428",12.5536277882699,"TalChhapar_TC",2022-03-01,2023-12-01,"2022-2023"
"1429",12.1009787183086,"TalChhapar_TC",2022-03-01,2023-12-01,"2022-2023"
"1430",2.8863928299174,"TalChhapar_TC",2022-03-01,2023-12-01,"2022-2023"
"1431",3.87007391573073,"TalChhapar_TC",2022-03-01,2023-12-01,"2022-2023"
"1432",12.8022377213945,"TalChhapar_TC",2022-03-01,2023-12-01,"2022-2023"
"1433",5.18992469045171,"TalChhapar_TC",2022-03-01,2023-12-01,"2022-2023"
"1434",1.48912733479383,"TalChhapar_TC",2022-03-01,2023-12-01,"2022-2023"
"1435",12.2611276343626,"TalChhapar_TC",2022-03-01,2023-12-01,"2022-2023"
"1436",7.71307707446976,"TalChhapar_TC",2022-03-01,2023-12-01,"2022-2023"
"1437",5.77337489518781,"TalChhapar_TC",2022-03-01,2023-12-01,"2022-2023"
"1438",13.3504876726069,"TalChhapar_TC",2022-03-01,2023-12-01,"2022-2023"
"1439",2.10255276375893,"TalChhapar_TC",2022-03-01,2023-12-01,"2022-2023"
"1440",2.75290439049772,"TalChhapar_TC",2022-03-01,2023-12-01,"2022-2023"
"1441",3.2443271680115,"TalChhapar_TC",2022-03-01,2023-12-01,"2022-2023"
"1442",1.34645479315217,"TalChhapar_TC",2022-03-01,2023-12-01,"2022-2023"
"1443",3.3002053621116,"TalChhapar_TC",2022-03-01,2023-12-01,"2022-2023"
"1444",3.81790668236864,"TalChhapar_TC",2022-03-01,2023-12-01,"2022-2023"
"1445",2.19822374777121,"TalChhapar_TC",2022-03-01,2023-12-01,"2022-2023"
"1446",0.564261427417534,"TalChhapar_TC",2022-03-01,2023-12-01,"2022-2023"
"1447",1.24968780010571,"TalChhapar_TC",2022-03-01,2023-12-01,"2022-2023"
"1448",1.47683403268735,"TalChhapar_TC",2022-03-01,2023-12-01,"2022-2023"
"1449",1.52729183630197,"TalChhapar_TC",2022-03-01,2023-12-01,"2022-2023"
"1450",0.96221065236341,"TalChhapar_TC",2022-03-01,2023-12-01,"2022-2023"
"1451",9.281365570261,"TalChhapar_TC",2022-03-01,2023-12-01,"2022-2023"
"1452",0.822318314323453,"TalChhapar_TC",2022-03-01,2023-12-01,"2022-2023"
"1453",15.307612919516,"TalChhapar_TC",2022-03-01,2023-12-01,"2022-2023"
"1454",1.07477607320709,"TalChhapar_TC",2022-03-01,2023-12-01,"2022-2023"
"1455",10.2956967389006,"TalChhapar_TC",2022-03-01,2023-12-01,"2022-2023"
"1456",3.07221120416248,"TalChhapar_TC",2022-03-01,2023-12-01,"2022-2023"
"1457",1.36229557903626,"TalChhapar_TC",2022-03-01,2023-12-01,"2022-2023"
"1458",0.220773519285317,"TalChhapar_TC",2022-03-01,2023-12-01,"2022-2023"
"1459",0.283241622015778,"TalChhapar_TC",2022-03-01,2023-12-01,"2022-2023"
"1460",2.01613187209139,"TalChhapar_TC",2022-03-01,2023-12-01,"2022-2023"
"1461",1.32706167864568,"TalChhapar_TC",2022-03-01,2023-12-01,"2022-2023"
"1462",5.9858188385622,"TalChhapar_TC",2022-03-01,2023-12-01,"2022-2023"
"1463",3.6398436462375,"TalChhapar_TC",2022-03-01,2023-12-01,"2022-2023"
"1464",0.629123935346321,"TalChhapar_TC",2022-03-01,2023-12-01,"2022-2023"
"1465",12.6169848633493,"TalChhapar_TC",2022-03-01,2023-12-01,"2022-2023"
"1466",2.37864760867226,"TalChhapar_TC",2022-03-01,2023-12-01,"2022-2023"
"1467",2.83438529258365,"TalChhapar_TC",2022-03-01,2023-12-01,"2022-2023"
"1468",4.2584064446851,"TalChhapar_TC",2022-03-01,2023-12-01,"2022-2023"
"1469",2.2815551634768,"TalChhapar_TC",2022-03-01,2023-12-01,"2022-2023"
"1470",2.47902295240976,"TalChhapar_TC",2022-03-01,2023-12-01,"2022-2023"
"1471",0.874999689490003,"TalChhapar_TC",2022-03-01,2023-12-01,"2022-2023"
"1472",2.55257374992028,"TalChhapar_TC",2022-03-01,2023-12-01,"2022-2023"
"1473",3.0311416134706,"TalChhapar_TC",2022-03-01,2023-12-01,"2022-2023"
"1474",2.53507529854447,"TalChhapar_TC",2022-03-01,2023-12-01,"2022-2023"
"1475",5.39767218061418,"TalChhapar_TC",2022-03-01,2023-12-01,"2022-2023"
"1476",11.9503853855361,"TalChhapar_TC",2022-03-01,2023-12-01,"2022-2023"
"1477",3.25718427153832,"TalChhapar_TC",2022-03-01,2023-12-01,"2022-2023"
"1478",5.05750875243143,"TalChhapar_TC",2022-03-01,2023-12-01,"2022-2023"
"1479",0.544518248156591,"TalChhapar_TC",2022-03-01,2023-12-01,"2022-2023"
"1480",1.24416105826839,"TalChhapar_TC",2022-03-01,2023-12-01,"2022-2023"
"1481",2.82683191090617,"TalChhapar_TC",2022-03-01,2023-12-01,"2022-2023"
"1482",0.0507009715606165,"TalChhapar_TC",2022-03-01,2023-12-01,"2022-2023"
"1483",1.20225828049748,"TalChhapar_TC",2022-03-01,2023-12-01,"2022-2023"
"1484",6.39679112076603,"TalChhapar_TC",2022-03-01,2023-12-01,"2022-2023"
"1485",3.26413405465859,"TalChhapar_TC",2022-03-01,2023-12-01,"2022-2023"
"1486",5.12083598723659,"TalChhapar_TC",2022-03-01,2023-12-01,"2022-2023"
"1487",10.1768907380098,"TalChhapar_TC",2022-03-01,2023-12-01,"2022-2023"
"1488",26.1915155770764,"TalChhapar_TC",2022-03-01,2023-12-01,"2022-2023"
"1489",34.1140067879298,"TalChhapar_TC",2022-03-01,2023-12-01,"2022-2023"
"1490",2.69844378002083,"TalChhapar_TC",2022-03-01,2023-12-01,"2022-2023"
"1491",16.7151508871694,"TalChhapar_TC",2022-03-01,2023-12-01,"2022-2023"
"1492",25.4875381889251,"TalChhapar_TC",2022-03-01,2023-12-01,"2022-2023"
"1493",44.5076559653606,"TalChhapar_TC",2022-03-01,2023-12-01,"2022-2023"
"1494",46.1216896058532,"TalChhapar_TC",2022-03-01,2023-12-01,"2022-2023"
"1495",49.1606829079435,"TalChhapar_TC",2022-03-01,2023-12-01,"2022-2023"
"1496",12.5827533325424,"TalChhapar_TC",2022-03-01,2023-12-01,"2022-2023"
"1497",14.6959485599809,"TalChhapar_TC",2022-03-01,2023-12-01,"2022-2023"
"1498",13.6113251424249,"TalChhapar_TC",2022-03-01,2023-12-01,"2022-2023"
"1499",9.90978176222634,"TalChhapar_TC",2022-03-01,2023-12-01,"2022-2023"
"1500",26.515758379281,"TalChhapar_TC",2022-03-01,2023-12-01,"2022-2023"
"1501",27.8409133001882,"TalChhapar_TC",2022-03-01,2023-12-01,"2022-2023"
"1502",47.6152384301136,"TalChhapar_TC",2022-03-01,2023-12-01,"2022-2023"
"1503",53.8927107500345,"TalChhapar_TC",2022-03-01,2023-12-01,"2022-2023"
"1504",37.2815668901288,"TalChhapar_TC",2022-03-01,2023-12-01,"2022-2023"
"1505",30.9823935268685,"TalChhapar_TC",2022-03-01,2023-12-01,"2022-2023"
"1506",24.1934859950997,"TalChhapar_TC",2022-03-01,2023-12-01,"2022-2023"
"1507",53.7378909552535,"TalChhapar_TC",2022-03-01,2023-12-01,"2022-2023"
"1508",16.2812529115236,"TalChhapar_TC",2022-03-01,2023-12-01,"2022-2023"
"1509",10.5537347438382,"TalChhapar_TC",2022-03-01,2023-12-01,"2022-2023"
"1510",0.797577086303469,"TalChhapar_TC",2022-03-01,2023-12-01,"2022-2023"
"1511",20.778612025961,"TalChhapar_TC",2022-03-01,2023-12-01,"2022-2023"
"1512",13.3135844240084,"TalChhapar_TC",2022-03-01,2023-12-01,"2022-2023"
"1513",19.2323486805806,"TalChhapar_TC",2022-03-01,2023-12-01,"2022-2023"
"1514",0.357257329605272,"TalChhapar_TC",2022-03-01,2023-12-01,"2022-2023"
"1515",9.94002614162422,"TalChhapar_TC",2022-03-01,2023-12-01,"2022-2023"
"1516",1.38390974175289,"TalChhapar_TC",2022-03-01,2023-12-01,"2022-2023"
"1517",13.82381557627,"TalChhapar_TC",2022-03-01,2023-12-01,"2022-2023"
"1518",0.951769011714787,"TalChhapar_TC",2022-03-01,2023-12-01,"2022-2023"
"1519",13.6355907684546,"TalChhapar_TC",2022-03-01,2023-12-01,"2022-2023"
"1520",13.4823128979541,"TalChhapar_TC",2022-03-01,2023-12-01,"2022-2023"
"1521",2.63563949642716,"TalChhapar_TC",2022-03-01,2023-12-01,"2022-2023"
"1522",14.4983280563252,"TalChhapar_TC",2022-03-01,2023-12-01,"2022-2023"
"1523",11.8112952401988,"TalChhapar_TC",2022-03-01,2023-12-01,"2022-2023"
"1524",7.40513026516838,"TalChhapar_TC",2022-03-01,2023-12-01,"2022-2023"
"1525",8.69820109220496,"TalChhapar_TC",2022-03-01,2023-12-01,"2022-2023"
"1526",7.33199882989024,"TalChhapar_TC",2022-03-01,2023-12-01,"2022-2023"
"1527",8.58869919981927,"TalChhapar_TC",2022-03-01,2023-12-01,"2022-2023"
"1528",31.6416309192477,"TalChhapar_TC",2022-03-01,2023-12-01,"2022-2023"
"1529",20.5641428421472,"TalChhapar_TC",2022-03-01,2023-12-01,"2022-2023"
"1530",51.528069898643,"TalChhapar_TC",2022-03-01,2023-12-01,"2022-2023"
"1531",45.406575059198,"TalChhapar_TC",2022-03-01,2023-12-01,"2022-2023"
"1532",24.163240119879,"TalChhapar_TC",2022-03-01,2023-12-01,"2022-2023"
"1533",37.25174308936,"TalChhapar_TC",2022-03-01,2023-12-01,"2022-2023"
"1534",18.1339152282754,"TalChhapar_TC",2022-03-01,2023-12-01,"2022-2023"
"1535",3.97782708434517,"TalChhapar_TC",2022-03-01,2023-12-01,"2022-2023"
"1536",12.926964352993,"TalChhapar_TC",2022-03-01,2023-12-01,"2022-2023"
"1537",10.7271192273965,"TalChhapar_TC",2022-03-01,2023-12-01,"2022-2023"
"1538",1.20809532139178,"TalChhapar_TC",2022-03-01,2023-12-01,"2022-2023"
"1539",14.3446856129519,"TalChhapar_TC",2022-03-01,2023-12-01,"2022-2023"
"1540",30.3505192251901,"TalChhapar_TC",2022-03-01,2023-12-01,"2022-2023"
"1541",62.5207894135288,"TalChhapar_TC",2022-03-01,2023-12-01,"2022-2023"
"1542",27.0566137067417,"TalChhapar_TC",2022-03-01,2023-12-01,"2022-2023"
"1543",14.6692196385319,"TalChhapar_TC",2022-03-01,2023-12-01,"2022-2023"
"1544",18.2758136166962,"TalChhapar_TC",2022-03-01,2023-12-01,"2022-2023"
"1545",14.4582621571507,"TalChhapar_TC",2022-03-01,2023-12-01,"2022-2023"
"1546",1.06353010280028,"TalChhapar_TC",2022-03-01,2023-12-01,"2022-2023"
"1547",15.729425593528,"TalChhapar_TC",2022-03-01,2023-12-01,"2022-2023"
"1548",4.02003711324473,"TalChhapar_TC",2022-03-01,2023-12-01,"2022-2023"
"1549",18.9516906967622,"TalChhapar_TC",2022-03-01,2023-12-01,"2022-2023"
"1550",12.2555695571936,"TalChhapar_TC",2022-03-01,2023-12-01,"2022-2023"
"1551",37.062427696074,"TalChhapar_TC",2022-03-01,2023-12-01,"2022-2023"
"1552",35.1272610753644,"TalChhapar_TC",2022-03-01,2023-12-01,"2022-2023"
"1553",29.6638479700475,"TalChhapar_TC",2022-03-01,2023-12-01,"2022-2023"
"1554",17.0495058336712,"TalChhapar_TC",2022-03-01,2023-12-01,"2022-2023"
"1555",49.3358984737377,"TalChhapar_TC",2022-03-01,2023-12-01,"2022-2023"
"1556",12.15484663399,"TalChhapar_TC",2022-03-01,2023-12-01,"2022-2023"
"1557",10.2015328042751,"TalChhapar_TC",2022-03-01,2023-12-01,"2022-2023"
"1558",19.2799843405116,"TalChhapar_TC",2022-03-01,2023-12-01,"2022-2023"
"1559",27.5940504054409,"TalChhapar_TC",2022-03-01,2023-12-01,"2022-2023"
"1560",3.95188091545991,"Velavadar_LEK1",2013-12-01,2014-02-01,"2013-2014"
"1561",4.90469662137725,"Velavadar_LEK1",2013-12-01,2014-02-01,"2013-2014"
"1562",17.0949480267781,"Velavadar_LEK1",2013-12-01,2014-02-01,"2013-2014"
"1563",5.9414806176369,"Velavadar_LEK1",2013-12-01,2014-02-01,"2013-2014"
"1564",9.21832515823728,"Velavadar_LEK1",2013-12-01,2014-02-01,"2013-2014"
"1565",18.1200576715806,"Velavadar_LEK1",2013-12-01,2014-02-01,"2013-2014"
"1566",27.5620651627233,"Velavadar_LEK1",2013-12-01,2014-02-01,"2013-2014"
"1567",16.1030844014145,"Velavadar_LEK1",2013-12-01,2014-02-01,"2013-2014"
"1568",14.2343926324337,"Velavadar_LEK1",2013-12-01,2014-02-01,"2013-2014"
"1569",3.58428435278299,"Velavadar_LEK1",2013-12-01,2014-02-01,"2013-2014"
"1570",4.29253042404542,"Velavadar_LEK1",2013-12-01,2014-02-01,"2013-2014"
"1571",3.82046382612918,"Velavadar_LEK1",2013-12-01,2014-02-01,"2013-2014"
"1572",4.57411373788347,"Velavadar_LEK1",2013-12-01,2014-02-01,"2013-2014"
"1573",3.71978425193077,"Velavadar_LEK1",2013-12-01,2014-02-01,"2013-2014"
"1574",4.82072129478836,"Velavadar_LEK1",2013-12-01,2014-02-01,"2013-2014"
"1575",16.3894632338905,"Velavadar_LEK1",2013-12-01,2014-02-01,"2013-2014"
"1576",7.49704531732516,"Velavadar_LEK1",2013-12-01,2014-02-01,"2013-2014"
"1577",10.6998708033835,"Velavadar_LEK1",2013-12-01,2014-02-01,"2013-2014"
"1578",22.8576180920361,"Velavadar_LEK1",2013-12-01,2014-02-01,"2013-2014"
"1579",3.84441217370572,"Velavadar_LEK1",2013-12-01,2014-02-01,"2013-2014"
"1580",4.06315643693826,"Velavadar_LEK1",2013-12-01,2014-02-01,"2013-2014"
"1581",4.81318832758997,"Velavadar_LEK1",2013-12-01,2014-02-01,"2013-2014"
"1582",31.873239113365,"Velavadar_LEK1",2013-12-01,2014-02-01,"2013-2014"
"1583",27.1474485701309,"Velavadar_LEK1",2013-12-01,2014-02-01,"2013-2014"
"1584",23.8968240596787,"Velavadar_LEK1",2013-12-01,2014-02-01,"2013-2014"
"1585",4.86589698899256,"Velavadar_LEK1",2013-12-01,2014-02-01,"2013-2014"
"1586",4.99308369971997,"Velavadar_LEK1",2013-12-01,2014-02-01,"2013-2014"
"1587",4.1057683820934,"Velavadar_LEK1",2013-12-01,2014-02-01,"2013-2014"
"1588",3.99137990563413,"Velavadar_LEK1",2013-12-01,2014-02-01,"2013-2014"
"1589",4.25615950272135,"Velavadar_LEK1",2013-12-01,2014-02-01,"2013-2014"
"1590",4.89159114178814,"Velavadar_LEK1",2013-12-01,2014-02-01,"2013-2014"
"1591",14.0859633136119,"Velavadar_LEK1",2013-12-01,2014-02-01,"2013-2014"
"1592",5.3966330069815,"Velavadar_LEK1",2013-12-01,2014-02-01,"2013-2014"
"1593",4.27096402432892,"Velavadar_LEK1",2013-12-01,2014-02-01,"2013-2014"
"1594",4.1496362633949,"Velavadar_LEK1",2013-12-01,2014-02-01,"2013-2014"
"1595",4.65302928244368,"Velavadar_LEK1",2013-12-01,2014-02-01,"2013-2014"
"1596",3.61886968407126,"Velavadar_LEK1",2013-12-01,2014-02-01,"2013-2014"
"1597",4.86390934528841,"Velavadar_LEK1",2013-12-01,2014-02-01,"2013-2014"
"1598",4.48570509281082,"Velavadar_LEK1",2013-12-01,2014-02-01,"2013-2014"
"1599",5.36317124425535,"Velavadar_LEK1",2013-12-01,2014-02-01,"2013-2014"
"1600",17.0060958571897,"Velavadar_LEK1",2013-12-01,2014-02-01,"2013-2014"
"1601",3.75343137501816,"Velavadar_LEK1",2013-12-01,2014-02-01,"2013-2014"
"1602",37.0933790260857,"Velavadar_LEK1",2013-12-01,2014-02-01,"2013-2014"
"1603",4.83687326451996,"Velavadar_LEK1",2013-12-01,2014-02-01,"2013-2014"
"1604",31.5960972104339,"Velavadar_LEK1",2013-12-01,2014-02-01,"2013-2014"
"1605",5.50979113346736,"Velavadar_LEK1",2013-12-01,2014-02-01,"2013-2014"
"1606",4.43851218340454,"Velavadar_LEK1",2013-12-01,2014-02-01,"2013-2014"
"1607",4.0060398989718,"Velavadar_LEK1",2013-12-01,2014-02-01,"2013-2014"
"1608",25.7345403869945,"Velavadar_LEK1",2013-12-01,2014-02-01,"2013-2014"
"1609",35.1591050896192,"Velavadar_LEK1",2013-12-01,2014-02-01,"2013-2014"
"1610",15.0404595090235,"Velavadar_LEK1",2013-12-01,2014-02-01,"2013-2014"
"1611",6.60852562925543,"Velavadar_LEK1",2013-12-01,2014-02-01,"2013-2014"
"1612",11.8593481290519,"Velavadar_LEK1",2013-12-01,2014-02-01,"2013-2014"
"1613",3.96904571704036,"Velavadar_LEK1",2013-12-01,2014-02-01,"2013-2014"
"1614",18.2747527243821,"Velavadar_LEK1",2013-12-01,2014-02-01,"2013-2014"
"1615",1.03432556613857,"Velavadar_LEK1",2013-12-01,2014-02-01,"2013-2014"
"1616",3.80475257342821,"Velavadar_LEK1",2013-12-01,2014-02-01,"2013-2014"
"1617",3.56316889137159,"Velavadar_LEK1",2013-12-01,2014-02-01,"2013-2014"
"1618",7.86665710952431,"Velavadar_LEK1",2013-12-01,2014-02-01,"2013-2014"
"1619",24.2991607342937,"Velavadar_LEK1",2013-12-01,2014-02-01,"2013-2014"
"1620",3.0106770238084,"Velavadar_LEK1",2013-12-01,2014-02-01,"2013-2014"
"1621",154.474185047476,"Velavadar_LEK1",2013-12-01,2014-02-01,"2013-2014"
"1622",36.1331416458522,"Velavadar_LEK1",2013-12-01,2014-02-01,"2013-2014"
"1623",4.74592141360146,"Velavadar_LEK1",2013-12-01,2014-02-01,"2013-2014"
"1624",20.4122393777815,"Velavadar_LEK1",2013-12-01,2014-02-01,"2013-2014"
"1625",4.82738591443974,"Velavadar_LEK1",2013-12-01,2014-02-01,"2013-2014"
"1626",15.0704263936998,"Velavadar_LEK1",2013-12-01,2014-02-01,"2013-2014"
"1627",46.4590726856519,"Velavadar_LEK1",2013-12-01,2014-02-01,"2013-2014"
"1628",34.1375310320253,"Velavadar_LEK1",2013-12-01,2014-02-01,"2013-2014"
"1629",57.8343146922379,"Velavadar_LEK1",2013-12-01,2014-02-01,"2013-2014"
"1630",24.5357906486478,"Velavadar_LEK1",2013-12-01,2014-02-01,"2013-2014"
"1631",2.28330782475234,"Velavadar_LEK1",2013-12-01,2014-02-01,"2013-2014"
"1632",16.3999238325328,"Velavadar_LEK1",2013-12-01,2014-02-01,"2013-2014"
"1633",5.47715349566566,"Velavadar_LEK1",2014-02-01,2014-10-01,"2014-2014"
"1634",5.91378297771201,"Velavadar_LEK1",2014-02-01,2014-10-01,"2014-2014"
"1635",5.29556866376551,"Velavadar_LEK1",2014-02-01,2014-10-01,"2014-2014"
"1636",4.84876021302852,"Velavadar_LEK1",2014-02-01,2014-10-01,"2014-2014"
"1637",5.43763225738137,"Velavadar_LEK1",2014-02-01,2014-10-01,"2014-2014"
"1638",4.24081599785763,"Velavadar_LEK1",2014-02-01,2014-10-01,"2014-2014"
"1639",5.47956108593573,"Velavadar_LEK1",2014-02-01,2014-10-01,"2014-2014"
"1640",6.69811964526367,"Velavadar_LEK1",2014-02-01,2014-10-01,"2014-2014"
"1641",2.86116729975905,"Velavadar_LEK1",2014-02-01,2014-10-01,"2014-2014"
"1642",4.70156140425212,"Velavadar_LEK1",2014-02-01,2014-10-01,"2014-2014"
"1643",1.55800367387198,"Velavadar_LEK1",2014-02-01,2014-10-01,"2014-2014"
"1644",17.0447156391927,"Velavadar_LEK1",2014-02-01,2014-10-01,"2014-2014"
"1645",4.70349486733256,"Velavadar_LEK1",2014-02-01,2014-10-01,"2014-2014"
"1646",4.06118158993064,"Velavadar_LEK1",2014-02-01,2014-10-01,"2014-2014"
"1647",4.65281241408691,"Velavadar_LEK1",2014-02-01,2014-10-01,"2014-2014"
"1648",6.63771166257845,"Velavadar_LEK1",2014-02-01,2014-10-01,"2014-2014"
"1649",19.1688626060998,"Velavadar_LEK1",2014-02-01,2014-10-01,"2014-2014"
"1650",5.01699019936631,"Velavadar_LEK1",2014-02-01,2014-10-01,"2014-2014"
"1651",22.0038252924414,"Velavadar_LEK1",2014-02-01,2014-10-01,"2014-2014"
"1652",4.49129080494347,"Velavadar_LEK1",2014-02-01,2014-10-01,"2014-2014"
"1653",24.1193878752759,"Velavadar_LEK1",2014-02-01,2014-10-01,"2014-2014"
"1654",6.85642870010933,"Velavadar_LEK1",2014-02-01,2014-10-01,"2014-2014"
"1655",6.36908085823904,"Velavadar_LEK1",2014-02-01,2014-10-01,"2014-2014"
"1656",6.78026972553866,"Velavadar_LEK1",2014-02-01,2014-10-01,"2014-2014"
"1657",3.76669512206624,"Velavadar_LEK1",2014-02-01,2014-10-01,"2014-2014"
"1658",3.88328187023159,"Velavadar_LEK1",2014-02-01,2014-10-01,"2014-2014"
"1659",30.1728026007463,"Velavadar_LEK1",2014-02-01,2014-10-01,"2014-2014"
"1660",3.20286940292046,"Velavadar_LEK1",2014-02-01,2014-10-01,"2014-2014"
"1661",45.4124102957905,"Velavadar_LEK1",2014-02-01,2014-10-01,"2014-2014"
"1662",18.2025802470475,"Velavadar_LEK1",2014-02-01,2014-10-01,"2014-2014"
"1663",8.41792961322754,"Velavadar_LEK1",2014-02-01,2014-10-01,"2014-2014"
"1664",4.56564158255666,"Velavadar_LEK1",2014-02-01,2014-10-01,"2014-2014"
"1665",7.89642929333946,"Velavadar_LEK1",2014-02-01,2014-10-01,"2014-2014"
"1666",4.71456955532244,"Velavadar_LEK1",2014-02-01,2014-10-01,"2014-2014"
"1667",15.6392400173751,"Velavadar_LEK1",2014-02-01,2014-10-01,"2014-2014"
"1668",5.82952574710261,"Velavadar_LEK1",2014-02-01,2014-10-01,"2014-2014"
"1669",4.81736301414089,"Velavadar_LEK1",2014-02-01,2014-10-01,"2014-2014"
"1670",23.7983754270909,"Velavadar_LEK1",2014-10-01,2015-05-01,"2014-2015"
"1671",4.5868477640982,"Velavadar_LEK1",2014-10-01,2015-05-01,"2014-2015"
"1672",35.0780830987137,"Velavadar_LEK1",2014-10-01,2015-05-01,"2014-2015"
"1673",31.7430799533934,"Velavadar_LEK1",2014-10-01,2015-05-01,"2014-2015"
"1674",5.75306801597004,"Velavadar_LEK1",2014-10-01,2015-05-01,"2014-2015"
"1675",16.5913928771584,"Velavadar_LEK1",2014-10-01,2015-05-01,"2014-2015"
"1676",18.1262949693146,"Velavadar_LEK1",2014-10-01,2015-05-01,"2014-2015"
"1677",5.91864780720451,"Velavadar_LEK1",2014-10-01,2015-05-01,"2014-2015"
"1678",4.19118498459471,"Velavadar_LEK1",2014-10-01,2015-05-01,"2014-2015"
"1679",25.7843820815066,"Velavadar_LEK1",2014-10-01,2015-05-01,"2014-2015"
"1680",3.95811589860912,"Velavadar_LEK1",2014-10-01,2015-05-01,"2014-2015"
"1681",1.7846351985118,"Velavadar_LEK1",2014-10-01,2015-05-01,"2014-2015"
"1682",6.4346520021045,"Velavadar_LEK1",2014-10-01,2015-05-01,"2014-2015"
"1683",18.3926646927893,"Velavadar_LEK1",2014-10-01,2015-05-01,"2014-2015"
"1684",4.668666058967,"Velavadar_LEK1",2014-10-01,2015-05-01,"2014-2015"
"1685",37.9928413216461,"Velavadar_LEK1",2014-10-01,2015-05-01,"2014-2015"
"1686",24.5917056963666,"Velavadar_LEK1",2014-10-01,2015-05-01,"2014-2015"
"1687",3.50185749152228,"Velavadar_LEK1",2014-10-01,2015-05-01,"2014-2015"
"1688",17.6670811979915,"Velavadar_LEK1",2014-10-01,2015-05-01,"2014-2015"
"1689",5.43929385935607,"Velavadar_LEK1",2014-10-01,2015-05-01,"2014-2015"
"1690",23.5722797568005,"Velavadar_LEK1",2014-10-01,2015-05-01,"2014-2015"
"1691",6.94007691862636,"Velavadar_LEK1",2014-10-01,2015-05-01,"2014-2015"
"1692",17.9444820789212,"Velavadar_LEK1",2014-10-01,2015-05-01,"2014-2015"
"1693",11.8667223141142,"Velavadar_LEK1",2014-10-01,2015-05-01,"2014-2015"
"1694",4.9098210104956,"Velavadar_LEK1",2014-10-01,2015-05-01,"2014-2015"
"1695",19.9446819044805,"Velavadar_LEK1",2014-10-01,2015-05-01,"2014-2015"
"1696",5.83688766226184,"Velavadar_LEK1",2014-10-01,2015-05-01,"2014-2015"
"1697",3.55947087715286,"Velavadar_LEK1",2014-10-01,2015-05-01,"2014-2015"
"1698",5.31675775084074,"Velavadar_LEK1",2014-10-01,2015-05-01,"2014-2015"
"1699",6.13399264890702,"Velavadar_LEK1",2014-10-01,2015-05-01,"2014-2015"
"1700",6.21489880133779,"Velavadar_LEK1",2014-10-01,2015-05-01,"2014-2015"
"1701",5.97203491132564,"Velavadar_LEK1",2014-10-01,2015-05-01,"2014-2015"
"1702",6.93256074426538,"Velavadar_LEK1",2014-10-01,2015-05-01,"2014-2015"
"1703",6.58191246345133,"Velavadar_LEK1",2014-10-01,2015-05-01,"2014-2015"
"1704",5.63092844623361,"Velavadar_LEK1",2014-10-01,2015-05-01,"2014-2015"
"1705",14.0165727757565,"Velavadar_LEK1",2014-10-01,2015-05-01,"2014-2015"
"1706",10.3087376232144,"Velavadar_LEK1",2014-10-01,2015-05-01,"2014-2015"
"1707",22.1411197313052,"Velavadar_LEK1",2014-10-01,2015-05-01,"2014-2015"
"1708",31.2570681813388,"Velavadar_LEK1",2014-10-01,2015-05-01,"2014-2015"
"1709",55.4570353180574,"Velavadar_LEK1",2014-10-01,2015-05-01,"2014-2015"
"1710",31.7976473139698,"Velavadar_LEK1",2014-10-01,2015-05-01,"2014-2015"
"1711",6.79139890146723,"Velavadar_LEK1",2014-10-01,2015-05-01,"2014-2015"
"1712",3.16987029493986,"Velavadar_LEK1",2014-10-01,2015-05-01,"2014-2015"
"1713",17.8446079031523,"Velavadar_LEK1",2014-10-01,2015-05-01,"2014-2015"
"1714",8.32093098690023,"Velavadar_LEK1",2014-10-01,2015-05-01,"2014-2015"
"1715",3.79212039862345,"Velavadar_LEK1",2014-10-01,2015-05-01,"2014-2015"
"1716",2.6206512423944,"Velavadar_LEK1",2014-10-01,2015-05-01,"2014-2015"
"1717",21.7876333198979,"Velavadar_LEK1",2014-10-01,2015-05-01,"2014-2015"
"1718",32.3374918669502,"Velavadar_LEK1",2014-10-01,2015-05-01,"2014-2015"
"1719",34.3460553852896,"Velavadar_LEK1",2014-10-01,2015-05-01,"2014-2015"
"1720",4.79122312796244,"Velavadar_LEK1",2014-10-01,2015-05-01,"2014-2015"
"1721",3.57239391160929,"Velavadar_LEK1",2014-10-01,2015-05-01,"2014-2015"
"1722",26.9325052367778,"Velavadar_LEK1",2014-10-01,2015-05-01,"2014-2015"
"1723",48.8034805697278,"Velavadar_LEK1",2014-10-01,2015-05-01,"2014-2015"
"1724",33.7432099250449,"Velavadar_LEK1",2014-10-01,2015-05-01,"2014-2015"
"1725",41.2643427916263,"Velavadar_LEK1",2014-10-01,2015-05-01,"2014-2015"
"1726",80.8524719282688,"Velavadar_LEK1",2014-10-01,2015-05-01,"2014-2015"
"1727",32.789655196319,"Velavadar_LEK1",2014-10-01,2015-05-01,"2014-2015"
"1728",72.5233590267608,"Velavadar_LEK1",2014-10-01,2015-05-01,"2014-2015"
"1729",75.1684088171965,"Velavadar_LEK1",2014-10-01,2015-05-01,"2014-2015"
"1730",12.1776768181412,"Velavadar_LEK1",2014-10-01,2015-05-01,"2014-2015"
"1731",5.99945178851952,"Velavadar_LEK1",2014-10-01,2015-05-01,"2014-2015"
"1732",5.74763559861077,"Velavadar_LEK1",2014-10-01,2015-05-01,"2014-2015"
"1733",49.0757045554507,"Velavadar_LEK1",2014-10-01,2015-05-01,"2014-2015"
"1734",12.8191319748137,"Velavadar_LEK1",2014-10-01,2015-05-01,"2014-2015"
"1735",36.6036911121996,"Velavadar_LEK1",2014-10-01,2015-05-01,"2014-2015"
"1736",22.2924538379751,"Velavadar_LEK1",2014-10-01,2015-05-01,"2014-2015"
"1737",6.60987752399573,"Velavadar_LEK1",2014-10-01,2015-05-01,"2014-2015"
"1738",20.8190978731084,"Velavadar_LEK1",2014-10-01,2015-05-01,"2014-2015"
"1739",33.1358268902688,"Velavadar_LEK1",2014-10-01,2015-05-01,"2014-2015"
"1740",65.0573745715779,"Velavadar_LEK1",2014-10-01,2015-05-01,"2014-2015"
"1741",54.0057162725936,"Velavadar_LEK1",2014-10-01,2015-05-01,"2014-2015"
"1742",55.6097061172969,"Velavadar_LEK1",2014-10-01,2015-05-01,"2014-2015"
"1743",90.1057252746966,"Velavadar_LEK1",2014-10-01,2015-05-01,"2014-2015"
"1744",76.593501619147,"Velavadar_LEK1",2014-10-01,2015-05-01,"2014-2015"
"1745",32.8699032353514,"Velavadar_LEK1",2014-10-01,2015-05-01,"2014-2015"
"1746",5.44945312662936,"Velavadar_LEK1",2014-10-01,2015-05-01,"2014-2015"
"1747",21.4011944298167,"Velavadar_LEK1",2014-10-01,2015-05-01,"2014-2015"
"1748",41.9084246458963,"Velavadar_LEK1",2014-10-01,2015-05-01,"2014-2015"
"1749",5.58543492195814,"Velavadar_LEK1",2014-10-01,2015-05-01,"2014-2015"
"1750",30.7214245006779,"Velavadar_LEK1",2014-10-01,2015-05-01,"2014-2015"
"1751",52.420021779126,"Velavadar_LEK1",2014-10-01,2015-05-01,"2014-2015"
"1752",47.2249036480941,"Velavadar_LEK1",2014-10-01,2015-05-01,"2014-2015"
"1753",17.5929587757272,"Velavadar_LEK1",2015-05-01,2015-11-01,"2015-2015"
"1754",5.28724735521626,"Velavadar_LEK1",2015-05-01,2015-11-01,"2015-2015"
"1755",5.56474381531558,"Velavadar_LEK1",2015-05-01,2015-11-01,"2015-2015"
"1756",7.49452373399483,"Velavadar_LEK1",2015-05-01,2015-11-01,"2015-2015"
"1757",3.42002512188648,"Velavadar_LEK1",2015-05-01,2015-11-01,"2015-2015"
"1758",5.00626151184359,"Velavadar_LEK1",2015-05-01,2015-11-01,"2015-2015"
"1759",1.5016788846503,"Velavadar_LEK1",2015-05-01,2015-11-01,"2015-2015"
"1760",4.58771533702841,"Velavadar_LEK1",2015-05-01,2015-11-01,"2015-2015"
"1761",11.9922858930327,"Velavadar_LEK1",2015-05-01,2015-11-01,"2015-2015"
"1762",4.65689147126438,"Velavadar_LEK1",2015-05-01,2015-11-01,"2015-2015"
"1763",4.37563581131122,"Velavadar_LEK1",2015-05-01,2015-11-01,"2015-2015"
"1764",4.79176975617257,"Velavadar_LEK1",2015-05-01,2015-11-01,"2015-2015"
"1765",4.61881647839841,"Velavadar_LEK1",2015-05-01,2015-11-01,"2015-2015"
"1766",4.18971801358033,"Velavadar_LEK1",2015-05-01,2015-11-01,"2015-2015"
"1767",3.40386180583971,"Velavadar_LEK1",2015-05-01,2015-11-01,"2015-2015"
"1768",6.14694805825837,"Velavadar_LEK1",2015-05-01,2015-11-01,"2015-2015"
"1769",3.26445431434493,"Velavadar_LEK1",2015-05-01,2015-11-01,"2015-2015"
"1770",2.93721723348442,"Velavadar_LEK1",2015-05-01,2015-11-01,"2015-2015"
"1771",3.06367066863879,"Velavadar_LEK1",2015-05-01,2015-11-01,"2015-2015"
"1772",4.00459888888851,"Velavadar_LEK1",2015-05-01,2015-11-01,"2015-2015"
"1773",12.9828822520558,"Velavadar_LEK1",2015-05-01,2015-11-01,"2015-2015"
"1774",3.6955656032942,"Velavadar_LEK1",2015-05-01,2015-11-01,"2015-2015"
"1775",4.91127944366056,"Velavadar_LEK1",2015-05-01,2015-11-01,"2015-2015"
"1776",4.16655965524619,"Velavadar_LEK1",2015-05-01,2015-11-01,"2015-2015"
"1777",13.1622440041302,"Velavadar_LEK1",2015-05-01,2015-11-01,"2015-2015"
"1778",6.03805409369314,"Velavadar_LEK1",2015-05-01,2015-11-01,"2015-2015"
"1779",53.1854587632494,"Velavadar_LEK1",2015-05-01,2015-11-01,"2015-2015"
"1780",22.3824796482087,"Velavadar_LEK1",2015-05-01,2015-11-01,"2015-2015"
"1781",2.82935590019884,"Velavadar_LEK1",2015-05-01,2015-11-01,"2015-2015"
"1782",3.05495636106747,"Velavadar_LEK1",2015-05-01,2015-11-01,"2015-2015"
"1783",4.55262857769637,"Velavadar_LEK1",2015-05-01,2015-11-01,"2015-2015"
"1784",2.76642239097838,"Velavadar_LEK1",2015-05-01,2015-11-01,"2015-2015"
"1785",4.59851060630362,"Velavadar_LEK1",2015-05-01,2015-11-01,"2015-2015"
"1786",6.1005473712432,"Velavadar_LEK1",2015-05-01,2015-11-01,"2015-2015"
"1787",3.20697594947161,"Velavadar_LEK1",2015-05-01,2015-11-01,"2015-2015"
"1788",4.69307968649439,"Velavadar_LEK1",2015-05-01,2015-11-01,"2015-2015"
"1789",4.66287935882317,"Velavadar_LEK1",2015-05-01,2015-11-01,"2015-2015"
"1790",14.6844475296246,"Velavadar_LEK1",2015-05-01,2015-11-01,"2015-2015"
"1791",4.81188637087964,"Velavadar_LEK1",2015-05-01,2015-11-01,"2015-2015"
"1792",4.95052663291717,"Velavadar_LEK1",2015-05-01,2015-11-01,"2015-2015"
"1793",7.78913698367411,"Velavadar_LEK1",2015-05-01,2015-11-01,"2015-2015"
"1794",3.67479818168298,"Velavadar_LEK1",2015-05-01,2015-11-01,"2015-2015"
"1795",5.64997826168216,"Velavadar_LEK1",2015-05-01,2015-11-01,"2015-2015"
"1796",4.27886291582305,"Velavadar_LEK1",2015-05-01,2015-11-01,"2015-2015"
"1797",4.97756200785371,"Velavadar_LEK1",2015-05-01,2015-11-01,"2015-2015"
"1798",10.3486979714108,"Velavadar_LEK1",2015-05-01,2015-11-01,"2015-2015"
"1799",5.32424096171245,"Velavadar_LEK1",2015-05-01,2015-11-01,"2015-2015"
"1800",16.5087539255277,"Velavadar_LEK1",2015-05-01,2015-11-01,"2015-2015"
"1801",105.371782063323,"Velavadar_LEK1",2015-11-01,2016-01-01,"2015-2016"
"1802",73.5052666814668,"Velavadar_LEK1",2015-11-01,2016-01-01,"2015-2016"
"1803",113.123831863689,"Velavadar_LEK1",2015-11-01,2016-01-01,"2015-2016"
"1804",4.56585962143397,"Velavadar_LEK1",2015-11-01,2016-01-01,"2015-2016"
"1805",8.0022035965309,"Velavadar_LEK1",2015-11-01,2016-01-01,"2015-2016"
"1806",1.64851207364111,"Velavadar_LEK1",2015-11-01,2016-01-01,"2015-2016"
"1807",6.95561886666271,"Velavadar_LEK1",2015-11-01,2016-01-01,"2015-2016"
"1808",9.3240881298207,"Velavadar_LEK1",2015-11-01,2016-01-01,"2015-2016"
"1809",16.5760734258018,"Velavadar_LEK1",2015-11-01,2016-01-01,"2015-2016"
"1810",9.73037177409709,"Velavadar_LEK1",2015-11-01,2016-01-01,"2015-2016"
"1811",3.28918001685568,"Velavadar_LEK1",2015-11-01,2016-01-01,"2015-2016"
"1812",10.8264852152874,"Velavadar_LEK1",2015-11-01,2016-01-01,"2015-2016"
"1813",37.9676923509484,"Velavadar_LEK1",2015-11-01,2016-01-01,"2015-2016"
"1814",21.3331307395725,"Velavadar_LEK1",2015-11-01,2016-01-01,"2015-2016"
"1815",49.3569639561837,"Velavadar_LEK1",2015-11-01,2016-01-01,"2015-2016"
"1816",56.1471170748795,"Velavadar_LEK1",2015-11-01,2016-01-01,"2015-2016"
"1817",54.5085922626416,"Velavadar_LEK1",2015-11-01,2016-01-01,"2015-2016"
"1818",23.7029980826344,"Velavadar_LEK1",2015-11-01,2016-01-01,"2015-2016"
"1819",2.1060748765935,"Velavadar_LEK1",2015-11-01,2016-01-01,"2015-2016"
"1820",2.07399747626353,"Velavadar_LEK1",2015-11-01,2016-01-01,"2015-2016"
"1821",1.59729991958159,"Velavadar_LEK1",2015-11-01,2016-01-01,"2015-2016"
"1822",1.11637175631286,"Velavadar_LEK1",2015-11-01,2016-01-01,"2015-2016"
"1823",0.923476044862113,"Velavadar_LEK1",2015-11-01,2016-01-01,"2015-2016"
"1824",2.01634427203822,"Velavadar_LEK1",2015-11-01,2016-01-01,"2015-2016"
"1825",2.22003556205495,"Velavadar_LEK1",2015-11-01,2016-01-01,"2015-2016"
"1826",1.08505876516108,"Velavadar_LEK1",2015-11-01,2016-01-01,"2015-2016"
"1827",1.57985036596908,"Velavadar_LEK1",2015-11-01,2016-01-01,"2015-2016"
"1828",2.14939859218876,"Velavadar_LEK1",2015-11-01,2016-01-01,"2015-2016"
"1829",3.05870370960692,"Velavadar_LEK1",2015-11-01,2016-01-01,"2015-2016"
"1830",8.79885182532297,"Velavadar_LEK1",2015-11-01,2016-01-01,"2015-2016"
"1831",3.61433910173756,"Velavadar_LEK1",2015-11-01,2016-01-01,"2015-2016"
"1832",3.69392654567472,"Velavadar_LEK1",2015-11-01,2016-01-01,"2015-2016"
"1833",24.2800229149619,"Velavadar_LEK1",2015-11-01,2016-01-01,"2015-2016"
"1834",1.63026367744232,"Velavadar_LEK1",2015-11-01,2016-01-01,"2015-2016"
"1835",2.75002955223926,"Velavadar_LEK1",2015-11-01,2016-01-01,"2015-2016"
"1836",4.29434315608053,"Velavadar_LEK1",2015-11-01,2016-01-01,"2015-2016"
"1837",1.84047826665553,"Velavadar_LEK1",2015-11-01,2016-01-01,"2015-2016"
"1838",2.23272526817192,"Velavadar_LEK1",2015-11-01,2016-01-01,"2015-2016"
"1839",1.11863179067352,"Velavadar_LEK1",2015-11-01,2016-01-01,"2015-2016"
"1840",1.72793408931764,"Velavadar_LEK1",2015-11-01,2016-01-01,"2015-2016"
"1841",20.9315296565658,"Velavadar_LEK1",2015-11-01,2016-01-01,"2015-2016"
"1842",20.4840529741516,"Velavadar_LEK1",2015-11-01,2016-01-01,"2015-2016"
"1843",30.9425653829258,"Velavadar_LEK1",2015-11-01,2016-01-01,"2015-2016"
"1844",15.8151901498655,"Velavadar_LEK1",2015-11-01,2016-01-01,"2015-2016"
"1845",19.1589644431418,"Velavadar_LEK1",2015-11-01,2016-01-01,"2015-2016"
"1846",2.78142521389893,"Velavadar_LEK1",2015-11-01,2016-01-01,"2015-2016"
"1847",31.0301525011424,"Velavadar_LEK1",2015-11-01,2016-01-01,"2015-2016"
"1848",27.1980039492465,"Velavadar_LEK1",2015-11-01,2016-01-01,"2015-2016"
"1849",16.7842274216582,"Velavadar_LEK1",2015-11-01,2016-01-01,"2015-2016"
"1850",22.4633329685255,"Velavadar_LEK1",2015-11-01,2016-01-01,"2015-2016"
"1851",14.560004029842,"Velavadar_LEK1",2015-11-01,2016-01-01,"2015-2016"
"1852",2.22194798229587,"Velavadar_LEK1",2015-11-01,2016-01-01,"2015-2016"
"1853",3.75883636509055,"Velavadar_LEK1",2015-11-01,2016-01-01,"2015-2016"
"1854",3.08543712700857,"Velavadar_LEK1",2015-11-01,2016-01-01,"2015-2016"
"1855",3.42988697383473,"Velavadar_LEK1",2015-11-01,2016-01-01,"2015-2016"
"1856",17.4912767159553,"Velavadar_LEK1",2015-11-01,2016-01-01,"2015-2016"
"1857",2.44542608085283,"Velavadar_LEK1",2015-11-01,2016-01-01,"2015-2016"
"1858",2.6503506859963,"Velavadar_LEK1",2015-11-01,2016-01-01,"2015-2016"
"1859",1.70936307517357,"Velavadar_LEK1",2015-11-01,2016-01-01,"2015-2016"
"1860",19.4929807775282,"Velavadar_LEK1",2015-11-01,2016-01-01,"2015-2016"
"1861",1.6992987788412,"Velavadar_LEK1",2015-11-01,2016-01-01,"2015-2016"
"1862",10.3039874462121,"Velavadar_LEK1",2015-11-01,2016-01-01,"2015-2016"
"1863",16.2636233938012,"Velavadar_LEK1",2015-11-01,2016-01-01,"2015-2016"
"1864",2.25063705130921,"Velavadar_LEK1",2015-11-01,2016-01-01,"2015-2016"
"1865",22.2169131470679,"Velavadar_LEK1",2015-11-01,2016-01-01,"2015-2016"
"1866",24.9122654637819,"Velavadar_LEK1",2015-11-01,2016-01-01,"2015-2016"
"1867",4.49867405948054,"Velavadar_LEK1",2015-11-01,2016-01-01,"2015-2016"
"1868",2.39623102814473,"Velavadar_LEK1",2015-11-01,2016-01-01,"2015-2016"
"1869",1.7212299618328,"Velavadar_LEK1",2015-11-01,2016-01-01,"2015-2016"
"1870",11.2960844953387,"Velavadar_LEK1",2015-11-01,2016-01-01,"2015-2016"
"1871",29.5963153581133,"Velavadar_LEK1",2015-11-01,2016-01-01,"2015-2016"
"1872",3.06243860517095,"Velavadar_LEK1",2015-11-01,2016-01-01,"2015-2016"
"1873",29.9706408108377,"Velavadar_LEK1",2015-11-01,2016-01-01,"2015-2016"
"1874",41.910120169742,"Velavadar_LEK1",2015-11-01,2016-01-01,"2015-2016"
"1875",83.7893205960523,"Velavadar_LEK1",2015-11-01,2016-01-01,"2015-2016"
"1876",46.1438954924357,"Velavadar_LEK1",2015-11-01,2016-01-01,"2015-2016"
"1877",4.70890491886725,"Velavadar_LEK1",2015-11-01,2016-01-01,"2015-2016"
"1878",42.9185732418083,"Velavadar_LEK1",2015-11-01,2016-01-01,"2015-2016"
"1879",2.76050010612001,"Velavadar_LEK1",2015-11-01,2016-01-01,"2015-2016"
"1880",63.2112965110818,"Velavadar_LEK1",2015-11-01,2016-01-01,"2015-2016"
"1881",56.6448173648149,"Velavadar_LEK1",2015-11-01,2016-01-01,"2015-2016"
"1882",2.23150735310631,"Velavadar_LEK1",2015-11-01,2016-01-01,"2015-2016"
"1883",25.7450957891161,"Velavadar_LEK1",2015-11-01,2016-01-01,"2015-2016"
"1884",3.97471093313613,"Velavadar_LEK1",2015-11-01,2016-01-01,"2015-2016"
"1885",18.5422677966234,"Velavadar_LEK1",2015-11-01,2016-01-01,"2015-2016"
"1886",2.93856517001456,"Velavadar_LEK1",2015-11-01,2016-01-01,"2015-2016"
"1887",33.5191725340233,"Velavadar_LEK1",2015-11-01,2016-01-01,"2015-2016"
"1888",29.2548752343785,"Velavadar_LEK1",2015-11-01,2016-01-01,"2015-2016"
"1889",28.6879150083888,"Velavadar_LEK1",2015-11-01,2016-01-01,"2015-2016"
"1890",31.2735865226602,"Velavadar_LEK1",2015-11-01,2016-01-01,"2015-2016"
"1891",33.3530931277104,"Velavadar_LEK1",2015-11-01,2016-01-01,"2015-2016"
"1892",19.6896770155615,"Velavadar_LEK1",2015-11-01,2016-01-01,"2015-2016"
"1893",12.902388048359,"Velavadar_LEK1",2015-11-01,2016-01-01,"2015-2016"
"1894",27.7977384705849,"Velavadar_LEK1",2015-11-01,2016-01-01,"2015-2016"
"1895",18.821716620473,"Velavadar_LEK1",2015-11-01,2016-01-01,"2015-2016"
"1896",2.28904829184809,"Velavadar_LEK1",2015-11-01,2016-01-01,"2015-2016"
"1897",52.381780579607,"Velavadar_LEK1",2015-11-01,2016-01-01,"2015-2016"
"1898",1.81764421767172,"Velavadar_LEK1",2015-11-01,2016-01-01,"2015-2016"
"1899",1.24295800462421,"Velavadar_LEK1",2015-11-01,2016-01-01,"2015-2016"
"1900",3.17148337219981,"Velavadar_LEK1",2015-11-01,2016-01-01,"2015-2016"
"1901",44.114769248329,"Velavadar_LEK1",2015-11-01,2016-01-01,"2015-2016"
"1902",53.8238264569708,"Velavadar_LEK1",2015-11-01,2016-01-01,"2015-2016"
"1903",8.61609236943482,"Velavadar_LEK1",2016-01-01,2016-11-01,"2016-2016"
"1904",1.46587511186566,"Velavadar_LEK1",2016-01-01,2016-11-01,"2016-2016"
"1905",3.96714294993098,"Velavadar_LEK1",2016-01-01,2016-11-01,"2016-2016"
"1906",20.3767912855215,"Velavadar_LEK1",2016-01-01,2016-11-01,"2016-2016"
"1907",3.32039049476151,"Velavadar_LEK1",2016-01-01,2016-11-01,"2016-2016"
"1908",17.6597067887007,"Velavadar_LEK1",2016-01-01,2016-11-01,"2016-2016"
"1909",7.1341471744714,"Velavadar_LEK1",2016-01-01,2016-11-01,"2016-2016"
"1910",1.69179584842155,"Velavadar_LEK1",2016-01-01,2016-11-01,"2016-2016"
"1911",10.7291693422751,"Velavadar_LEK1",2016-01-01,2016-11-01,"2016-2016"
"1912",1.9142219627702,"Velavadar_LEK1",2016-01-01,2016-11-01,"2016-2016"
"1913",11.1458615139509,"Velavadar_LEK1",2016-01-01,2016-11-01,"2016-2016"
"1914",15.6481374011266,"Velavadar_LEK1",2016-01-01,2016-11-01,"2016-2016"
"1915",6.27833853591571,"Velavadar_LEK1",2016-01-01,2016-11-01,"2016-2016"
"1916",2.35981599577518,"Velavadar_LEK1",2016-01-01,2016-11-01,"2016-2016"
"1917",2.23726293124345,"Velavadar_LEK1",2016-01-01,2016-11-01,"2016-2016"
"1918",9.32695978932834,"Velavadar_LEK1",2016-01-01,2016-11-01,"2016-2016"
"1919",4.36584972855303,"Velavadar_LEK1",2016-01-01,2016-11-01,"2016-2016"
"1920",2.86146635081581,"Velavadar_LEK1",2016-01-01,2016-11-01,"2016-2016"
"1921",5.93331081215667,"Velavadar_LEK1",2016-01-01,2016-11-01,"2016-2016"
"1922",5.44096008584557,"Velavadar_LEK1",2016-01-01,2016-11-01,"2016-2016"
"1923",2.39685175260911,"Velavadar_LEK1",2016-01-01,2016-11-01,"2016-2016"
"1924",12.3025821019908,"Velavadar_LEK1",2016-01-01,2016-11-01,"2016-2016"
"1925",13.7287480783766,"Velavadar_LEK1",2016-01-01,2016-11-01,"2016-2016"
"1926",2.10133145543973,"Velavadar_LEK1",2016-01-01,2016-11-01,"2016-2016"
"1927",2.1167717971147,"Velavadar_LEK1",2016-01-01,2016-11-01,"2016-2016"
"1928",4.69267884865479,"Velavadar_LEK1",2016-01-01,2016-11-01,"2016-2016"
"1929",12.8884762072821,"Velavadar_LEK1",2016-01-01,2016-11-01,"2016-2016"
"1930",3.74431079501323,"Velavadar_LEK1",2016-01-01,2016-11-01,"2016-2016"
"1931",1.95788883993338,"Velavadar_LEK1",2016-01-01,2016-11-01,"2016-2016"
"1932",2.31084726758383,"Velavadar_LEK1",2016-01-01,2016-11-01,"2016-2016"
"1933",9.63678813505849,"Velavadar_LEK1",2016-01-01,2016-11-01,"2016-2016"
"1934",6.0312071337116,"Velavadar_LEK1",2016-01-01,2016-11-01,"2016-2016"
"1935",3.02686760307345,"Velavadar_LEK1",2016-01-01,2016-11-01,"2016-2016"
"1936",2.95378568606187,"Velavadar_LEK1",2016-01-01,2016-11-01,"2016-2016"
"1937",1.51039950446525,"Velavadar_LEK1",2016-01-01,2016-11-01,"2016-2016"
"1938",1.97918715919298,"Velavadar_LEK1",2016-01-01,2016-11-01,"2016-2016"
"1939",11.5829427628694,"Velavadar_LEK1",2016-01-01,2016-11-01,"2016-2016"
"1940",8.96167215322654,"Velavadar_LEK1",2016-01-01,2016-11-01,"2016-2016"
"1941",12.4177913531482,"Velavadar_LEK1",2016-01-01,2016-11-01,"2016-2016"
"1942",2.74741417529282,"Velavadar_LEK1",2016-01-01,2016-11-01,"2016-2016"
"1943",6.65805508485368,"Velavadar_LEK1",2016-01-01,2016-11-01,"2016-2016"
"1944",3.97923688189866,"Velavadar_LEK1",2016-01-01,2016-11-01,"2016-2016"
"1945",13.5421026405858,"Velavadar_LEK1",2016-01-01,2016-11-01,"2016-2016"
"1946",12.4313596012547,"Velavadar_LEK1",2016-01-01,2016-11-01,"2016-2016"
"1947",2.16237314583004,"Velavadar_LEK1",2016-01-01,2016-11-01,"2016-2016"
"1948",10.5354864715153,"Velavadar_LEK1",2016-01-01,2016-11-01,"2016-2016"
"1949",10.3952965001219,"Velavadar_LEK1",2016-01-01,2016-11-01,"2016-2016"
"1950",6.42693643323504,"Velavadar_LEK1",2016-01-01,2016-11-01,"2016-2016"
"1951",11.754834545577,"Velavadar_LEK1",2016-01-01,2016-11-01,"2016-2016"
"1952",2.31470866951594,"Velavadar_LEK1",2016-01-01,2016-11-01,"2016-2016"
"1953",2.2633894351433,"Velavadar_LEK1",2016-01-01,2016-11-01,"2016-2016"
"1954",10.8202220544167,"Velavadar_LEK1",2016-01-01,2016-11-01,"2016-2016"
"1955",1.63551954246286,"Velavadar_LEK1",2016-01-01,2016-11-01,"2016-2016"
"1956",3.88043437047435,"Velavadar_LEK1",2016-01-01,2016-11-01,"2016-2016"
"1957",8.87461480386222,"Velavadar_LEK1",2016-01-01,2016-11-01,"2016-2016"
"1958",2.60274241416755,"Velavadar_LEK1",2016-01-01,2016-11-01,"2016-2016"
"1959",4.45099610982714,"Velavadar_LEK1",2016-01-01,2016-11-01,"2016-2016"
"1960",8.02704817695805,"Velavadar_LEK1",2016-01-01,2016-11-01,"2016-2016"
"1961",1.99952316242737,"Velavadar_LEK1",2016-01-01,2016-11-01,"2016-2016"
"1962",6.79418871581596,"Velavadar_LEK1",2016-01-01,2016-11-01,"2016-2016"
"1963",5.85643632408336,"Velavadar_LEK1",2016-01-01,2016-11-01,"2016-2016"
"1964",11.1803992113328,"Velavadar_LEK1",2016-01-01,2016-11-01,"2016-2016"
"1965",1.95377310041631,"Velavadar_LEK1",2016-01-01,2016-11-01,"2016-2016"
"1966",10.5971455744461,"Velavadar_LEK1",2016-01-01,2016-11-01,"2016-2016"
"1967",2.05037786179361,"Velavadar_LEK1",2016-01-01,2016-11-01,"2016-2016"
"1968",11.3048507722276,"Velavadar_LEK1",2016-01-01,2016-11-01,"2016-2016"
"1969",17.7275892930154,"Velavadar_LEK1",2016-01-01,2016-11-01,"2016-2016"
"1970",11.8164059537582,"Velavadar_LEK1",2016-01-01,2016-11-01,"2016-2016"
"1971",11.8221096040485,"Velavadar_LEK1",2016-01-01,2016-11-01,"2016-2016"
"1972",2.54510115789777,"Velavadar_LEK1",2016-01-01,2016-11-01,"2016-2016"
"1973",6.6448729834346,"Velavadar_LEK1",2016-01-01,2016-11-01,"2016-2016"
"1974",3.7278772262773,"Velavadar_LEK1",2016-01-01,2016-11-01,"2016-2016"
"1975",3.23230300249463,"Velavadar_LEK1",2016-01-01,2016-11-01,"2016-2016"
"1976",24.0929278176972,"Velavadar_LEK1",2016-01-01,2016-11-01,"2016-2016"
"1977",2.02072557753038,"Velavadar_LEK1",2016-01-01,2016-11-01,"2016-2016"
"1978",16.6620938485619,"Velavadar_LEK1",2016-01-01,2016-11-01,"2016-2016"
"1979",13.6808324357455,"Velavadar_LEK1",2016-01-01,2016-11-01,"2016-2016"
"1980",14.6716855263598,"Velavadar_LEK1",2016-01-01,2016-11-01,"2016-2016"
"1981",10.4629880575592,"Velavadar_LEK1",2016-01-01,2016-11-01,"2016-2016"
"1982",10.130818447042,"Velavadar_LEK1",2016-01-01,2016-11-01,"2016-2016"
"1983",5.34326541627445,"Velavadar_LEK1",2016-01-01,2016-11-01,"2016-2016"
"1984",4.02231546927098,"Velavadar_LEK1",2016-01-01,2016-11-01,"2016-2016"
"1985",6.32257918180579,"Velavadar_LEK1",2016-01-01,2016-11-01,"2016-2016"
"1986",18.2267022373483,"Velavadar_LEK1",2016-01-01,2016-11-01,"2016-2016"
"1987",34.6346315264739,"Velavadar_LEK1",2016-01-01,2016-11-01,"2016-2016"
"1988",11.5940123906038,"Velavadar_LEK1",2016-01-01,2016-11-01,"2016-2016"
"1989",1.77372089532455,"Velavadar_LEK1",2016-01-01,2016-11-01,"2016-2016"
"1990",2.83755927392082,"Velavadar_LEK1",2016-01-01,2016-11-01,"2016-2016"
"1991",3.13517500081679,"Velavadar_LEK1",2016-01-01,2016-11-01,"2016-2016"
"1992",2.09373621650938,"Velavadar_LEK1",2016-01-01,2016-11-01,"2016-2016"
"1993",3.14499423104235,"Velavadar_LEK1",2016-01-01,2016-11-01,"2016-2016"
"1994",13.5499465677435,"Velavadar_LEK1",2016-01-01,2016-11-01,"2016-2016"
"1995",25.048533611126,"Velavadar_LEK1",2016-01-01,2016-11-01,"2016-2016"
"1996",9.53460576207708,"Velavadar_LEK1",2016-01-01,2016-11-01,"2016-2016"
"1997",24.8183207437317,"Velavadar_LEK1",2016-01-01,2016-11-01,"2016-2016"
"1998",24.5506885163364,"Velavadar_LEK1",2016-01-01,2016-11-01,"2016-2016"
"1999",38.5835117321749,"Velavadar_LEK1",2016-01-01,2016-11-01,"2016-2016"
"2000",3.45817483091418,"Velavadar_LEK1",2016-01-01,2016-11-01,"2016-2016"
"2001",19.5754598042178,"Velavadar_LEK1",2016-01-01,2016-11-01,"2016-2016"
"2002",21.7216980279463,"Velavadar_LEK1",2016-01-01,2016-11-01,"2016-2016"
"2003",14.7162527794535,"Velavadar_LEK1",2016-01-01,2016-11-01,"2016-2016"
"2004",1.80272529774094,"Velavadar_LEK1",2016-01-01,2016-11-01,"2016-2016"
"2005",21.798896764309,"Velavadar_LEK1",2016-11-01,2018-10-01,"2016-2018"
"2006",5.93108871338966,"Velavadar_LEK1",2016-11-01,2018-10-01,"2016-2018"
"2007",24.9917116839945,"Velavadar_LEK1",2016-11-01,2018-10-01,"2016-2018"
"2008",14.3837414256123,"Velavadar_LEK1",2016-11-01,2018-10-01,"2016-2018"
"2009",4.29346231426133,"Velavadar_LEK1",2016-11-01,2018-10-01,"2016-2018"
"2010",1.39824353442162,"Velavadar_LEK1",2016-11-01,2018-10-01,"2016-2018"
"2011",6.46222829947617,"Velavadar_LEK1",2016-11-01,2018-10-01,"2016-2018"
"2012",0.538058185377494,"Velavadar_LEK1",2016-11-01,2018-10-01,"2016-2018"
"2013",17.9374127006025,"Velavadar_LEK1",2016-11-01,2018-10-01,"2016-2018"
"2014",8.98609371229656,"Velavadar_LEK1",2016-11-01,2018-10-01,"2016-2018"
"2015",9.49271808973812,"Velavadar_LEK1",2016-11-01,2018-10-01,"2016-2018"
"2016",2.20969386132832,"Velavadar_LEK1",2016-11-01,2018-10-01,"2016-2018"
"2017",0.155154952035775,"Velavadar_LEK1",2016-11-01,2018-10-01,"2016-2018"
"2018",6.41568638954797,"Velavadar_LEK1",2016-11-01,2018-10-01,"2016-2018"
"2019",0.984371064798846,"Velavadar_LEK1",2016-11-01,2018-10-01,"2016-2018"
"2020",0.542775335967499,"Velavadar_LEK1",2016-11-01,2018-10-01,"2016-2018"
"2021",6.2374320262586,"Velavadar_LEK1",2016-11-01,2018-10-01,"2016-2018"
"2022",7.55954521584745,"Velavadar_LEK1",2016-11-01,2018-10-01,"2016-2018"
"2023",6.78246598741462,"Velavadar_LEK1",2016-11-01,2018-10-01,"2016-2018"
"2024",4.67105099797671,"Velavadar_LEK1",2016-11-01,2018-10-01,"2016-2018"
"2025",2.73685381929165,"Velavadar_LEK1",2016-11-01,2018-10-01,"2016-2018"
"2026",3.94779118770451,"Velavadar_LEK1",2016-11-01,2018-10-01,"2016-2018"
"2027",7.00628004051003,"Velavadar_LEK1",2016-11-01,2018-10-01,"2016-2018"
"2028",7.33733777846169,"Velavadar_LEK1",2016-11-01,2018-10-01,"2016-2018"
"2029",1.49583892835236,"Velavadar_LEK1",2016-11-01,2018-10-01,"2016-2018"
"2030",7.41193072231153,"Velavadar_LEK1",2016-11-01,2018-10-01,"2016-2018"
"2031",10.4491202723332,"Velavadar_LEK1",2016-11-01,2018-10-01,"2016-2018"
"2032",10.3226901368657,"Velavadar_LEK1",2016-11-01,2018-10-01,"2016-2018"
"2033",11.3798180398253,"Velavadar_LEK1",2016-11-01,2018-10-01,"2016-2018"
"2034",17.4351475558244,"Velavadar_LEK1",2016-11-01,2018-10-01,"2016-2018"
"2035",9.01067522757578,"Velavadar_LEK1",2016-11-01,2018-10-01,"2016-2018"
"2036",10.3675419696907,"Velavadar_LEK1",2016-11-01,2018-10-01,"2016-2018"
"2037",1.40297816810609,"Velavadar_LEK1",2016-11-01,2018-10-01,"2016-2018"
"2038",5.4269190379066,"Velavadar_LEK1",2016-11-01,2018-10-01,"2016-2018"
"2039",0.828628837586494,"Velavadar_LEK1",2016-11-01,2018-10-01,"2016-2018"
"2040",2.569105791023,"Velavadar_LEK1",2016-11-01,2018-10-01,"2016-2018"
"2041",6.24222010504859,"Velavadar_LEK1",2016-11-01,2018-10-01,"2016-2018"
"2042",1.36545809710413,"Velavadar_LEK1",2016-11-01,2018-10-01,"2016-2018"
"2043",1.04017387217327,"Velavadar_LEK1",2016-11-01,2018-10-01,"2016-2018"
"2044",2.56424551319373,"Velavadar_LEK1",2016-11-01,2018-10-01,"2016-2018"
"2045",2.31924491640631,"Velavadar_LEK1",2016-11-01,2018-10-01,"2016-2018"
"2046",3.03911085727397,"Velavadar_LEK1",2016-11-01,2018-10-01,"2016-2018"
"2047",3.38688280886397,"Velavadar_LEK1",2016-11-01,2018-10-01,"2016-2018"
"2048",11.0912307915534,"Velavadar_LEK1",2016-11-01,2018-10-01,"2016-2018"
"2049",0.567509231087227,"Velavadar_LEK1",2016-11-01,2018-10-01,"2016-2018"
"2050",3.77518505923919,"Velavadar_LEK1",2016-11-01,2018-10-01,"2016-2018"
"2051",10.7640890869629,"Velavadar_LEK1",2016-11-01,2018-10-01,"2016-2018"
"2052",8.54396836182807,"Velavadar_LEK1",2016-11-01,2018-10-01,"2016-2018"
"2053",9.03823685631235,"Velavadar_LEK1",2016-11-01,2018-10-01,"2016-2018"
"2054",12.6405123484251,"Velavadar_LEK1",2016-11-01,2018-10-01,"2016-2018"
"2055",2.03933190560076,"Velavadar_LEK1",2016-11-01,2018-10-01,"2016-2018"
"2056",11.8537724474569,"Velavadar_LEK1",2016-11-01,2018-10-01,"2016-2018"
"2057",18.0790085059988,"Velavadar_LEK1",2016-11-01,2018-10-01,"2016-2018"
"2058",0.872006248009528,"Velavadar_LEK1",2016-11-01,2018-10-01,"2016-2018"
"2059",9.41021653991032,"Velavadar_LEK1",2016-11-01,2018-10-01,"2016-2018"
"2060",7.97652205669539,"Velavadar_LEK1",2016-11-01,2018-10-01,"2016-2018"
"2061",2.12917391477996,"Velavadar_LEK1",2016-11-01,2018-10-01,"2016-2018"
"2062",2.073125585826,"Velavadar_LEK1",2016-11-01,2018-10-01,"2016-2018"
"2063",0.254246613056842,"Velavadar_LEK1",2016-11-01,2018-10-01,"2016-2018"
"2064",19.5947924301985,"Velavadar_LEK1",2016-11-01,2018-10-01,"2016-2018"
"2065",12.6114825838693,"Velavadar_LEK1",2016-11-01,2018-10-01,"2016-2018"
"2066",5.79761450334717,"Velavadar_LEK1",2016-11-01,2018-10-01,"2016-2018"
"2067",0.74192806189659,"Velavadar_LEK1",2016-11-01,2018-10-01,"2016-2018"
"2068",1.10288629284635,"Velavadar_LEK1",2018-10-01,2018-11-01,"2018-2018"
"2069",1.2264213742131,"Velavadar_LEK1",2018-10-01,2018-11-01,"2018-2018"
"2070",0.369267838653062,"Velavadar_LEK1",2018-10-01,2018-11-01,"2018-2018"
"2071",29.0418416539532,"Velavadar_LEK1",2018-10-01,2018-11-01,"2018-2018"
"2072",1.30979192998538,"Velavadar_LEK1",2018-10-01,2018-11-01,"2018-2018"
"2073",25.5905549612844,"Velavadar_LEK1",2018-10-01,2018-11-01,"2018-2018"
"2074",2.1827555301136,"Velavadar_LEK1",2018-10-01,2018-11-01,"2018-2018"
"2075",39.0992521397791,"Velavadar_LEK1",2018-10-01,2018-11-01,"2018-2018"
"2076",2.72795442542249,"Velavadar_LEK1",2018-10-01,2018-11-01,"2018-2018"
"2077",21.5266748940479,"Velavadar_LEK1",2018-10-01,2018-11-01,"2018-2018"
"2078",1.23483269834032,"Velavadar_LEK1",2018-10-01,2018-11-01,"2018-2018"
"2079",1.46917408205453,"Velavadar_LEK1",2018-10-01,2018-11-01,"2018-2018"
"2080",1.63747875456647,"Velavadar_LEK1",2018-10-01,2018-11-01,"2018-2018"
"2081",0.52980812371774,"Velavadar_LEK1",2018-10-01,2018-11-01,"2018-2018"
"2082",2.59970266439918,"Velavadar_LEK1",2018-10-01,2018-11-01,"2018-2018"
"2083",11.2007049387024,"Velavadar_LEK1",2018-10-01,2018-11-01,"2018-2018"
"2084",1.32655514685491,"Velavadar_LEK1",2018-10-01,2018-11-01,"2018-2018"
"2085",1.52653480688286,"Velavadar_LEK1",2018-10-01,2018-11-01,"2018-2018"
"2086",3.3973490712524,"Velavadar_LEK1",2018-10-01,2018-11-01,"2018-2018"
"2087",1.21175697206025,"Velavadar_LEK1",2018-10-01,2018-11-01,"2018-2018"
"2088",46.5186739505227,"Velavadar_LEK1",2018-10-01,2018-11-01,"2018-2018"
"2089",35.9681444046823,"Velavadar_LEK1",2018-10-01,2018-11-01,"2018-2018"
"2090",54.3555578155535,"Velavadar_LEK1",2018-10-01,2018-11-01,"2018-2018"
"2091",3.12152330343252,"Velavadar_LEK1",2018-10-01,2018-11-01,"2018-2018"
"2092",1.18671834038273,"Velavadar_LEK1",2018-10-01,2018-11-01,"2018-2018"
"2093",2.7620136299489,"Velavadar_LEK1",2018-10-01,2018-11-01,"2018-2018"
"2094",19.7110382839337,"Velavadar_LEK1",2018-10-01,2018-11-01,"2018-2018"
"2095",2.3772359764144,"Velavadar_LEK1",2018-10-01,2018-11-01,"2018-2018"
"2096",2.16814882821289,"Velavadar_LEK1",2018-10-01,2018-11-01,"2018-2018"
"2097",2.93977586296004,"Velavadar_LEK1",2018-10-01,2018-11-01,"2018-2018"
"2098",3.51296814330977,"Velavadar_LEK1",2018-10-01,2018-11-01,"2018-2018"
"2099",2.19193757097065,"Velavadar_LEK1",2018-10-01,2018-11-01,"2018-2018"
"2100",2.18907819572889,"Velavadar_LEK1",2018-10-01,2018-11-01,"2018-2018"
"2101",1.81567329494063,"Velavadar_LEK1",2018-10-01,2018-11-01,"2018-2018"
"2102",2.17463159512591,"Velavadar_LEK1",2018-10-01,2018-11-01,"2018-2018"
"2103",3.20785297143039,"Velavadar_LEK1",2018-10-01,2018-11-01,"2018-2018"
"2104",3.72984367675257,"Velavadar_LEK1",2018-10-01,2018-11-01,"2018-2018"
"2105",2.59337708762916,"Velavadar_LEK1",2018-10-01,2018-11-01,"2018-2018"
"2106",3.11368300988236,"Velavadar_LEK1",2018-10-01,2018-11-01,"2018-2018"
"2107",2.3728542332548,"Velavadar_LEK1",2018-10-01,2018-11-01,"2018-2018"
"2108",14.2328933421694,"Velavadar_LEK1",2018-10-01,2018-11-01,"2018-2018"
"2109",0.421224405482092,"Velavadar_LEK1",2018-10-01,2018-11-01,"2018-2018"
"2110",2.86526436109688,"Velavadar_LEK1",2018-10-01,2018-11-01,"2018-2018"
"2111",1.49149986982096,"Velavadar_LEK1",2018-10-01,2018-11-01,"2018-2018"
"2112",3.39914695280192,"Velavadar_LEK1",2018-10-01,2018-11-01,"2018-2018"
"2113",2.78789038195607,"Velavadar_LEK1",2018-10-01,2018-11-01,"2018-2018"
"2114",1.93822751444686,"Velavadar_LEK1",2018-10-01,2018-11-01,"2018-2018"
"2115",2.53217725810763,"Velavadar_LEK1",2018-10-01,2018-11-01,"2018-2018"
"2116",2.4097533032474,"Velavadar_LEK1",2018-10-01,2018-11-01,"2018-2018"
"2117",1.87434747269786,"Velavadar_LEK1",2018-10-01,2018-11-01,"2018-2018"
"2118",2.29962386381832,"Velavadar_LEK1",2018-10-01,2018-11-01,"2018-2018"
"2119",5.22126399171705,"Velavadar_LEK1",2018-10-01,2018-11-01,"2018-2018"
"2120",1.66159041025525,"Velavadar_LEK1",2018-10-01,2018-11-01,"2018-2018"
"2121",1.5021429181091,"Velavadar_LEK1",2018-10-01,2018-11-01,"2018-2018"
"2122",2.15657265554275,"Velavadar_LEK1",2018-10-01,2018-11-01,"2018-2018"
"2123",1.95916136531518,"Velavadar_LEK1",2018-10-01,2018-11-01,"2018-2018"
"2124",1.26005618083667,"Velavadar_LEK1",2018-10-01,2018-11-01,"2018-2018"
"2125",1.03622802285176,"Velavadar_LEK1",2018-10-01,2018-11-01,"2018-2018"
"2126",1.13730600301513,"Velavadar_LEK1",2018-10-01,2018-11-01,"2018-2018"
"2127",9.99890359453262,"Velavadar_LEK1",2018-10-01,2018-11-01,"2018-2018"
"2128",0.512123509353649,"Velavadar_LEK1",2018-10-01,2018-11-01,"2018-2018"
"2129",1.64848577015019,"Velavadar_LEK1",2018-10-01,2018-11-01,"2018-2018"
"2130",14.9770856726792,"Velavadar_LEK1",2018-10-01,2018-11-01,"2018-2018"
"2131",1.80326898225049,"Velavadar_LEK1",2018-10-01,2018-11-01,"2018-2018"
"2132",1.38074137802264,"Velavadar_LEK1",2018-10-01,2018-11-01,"2018-2018"
"2133",17.8307202055942,"Velavadar_LEK1",2018-10-01,2018-11-01,"2018-2018"
"2134",15.4011464065488,"Velavadar_LEK1",2018-10-01,2018-11-01,"2018-2018"
"2135",10.7170862607557,"Velavadar_LEK1",2018-10-01,2018-11-01,"2018-2018"
"2136",5.0578833819659,"Velavadar_LEK1",2018-10-01,2018-11-01,"2018-2018"
"2137",1.29445717229077,"Velavadar_LEK1",2018-10-01,2018-11-01,"2018-2018"
"2138",14.0594331542082,"Velavadar_LEK1",2018-10-01,2018-11-01,"2018-2018"
"2139",12.4331047527572,"Velavadar_LEK1",2018-10-01,2018-11-01,"2018-2018"
"2140",1.64287819930958,"Velavadar_LEK1",2018-10-01,2018-11-01,"2018-2018"
"2141",7.84247170823201,"Velavadar_LEK1",2018-10-01,2018-11-01,"2018-2018"
"2142",2.79399825034175,"Velavadar_LEK1",2018-10-01,2018-11-01,"2018-2018"
"2143",27.7874984025174,"Velavadar_LEK1",2018-10-01,2018-11-01,"2018-2018"
"2144",19.3689099767568,"Velavadar_LEK1",2018-10-01,2018-11-01,"2018-2018"
"2145",53.9508767309996,"Velavadar_LEK1",2018-10-01,2018-11-01,"2018-2018"
"2146",46.5253281868832,"Velavadar_LEK1",2018-10-01,2018-11-01,"2018-2018"
"2147",12.9977203689669,"Velavadar_LEK1",2018-10-01,2018-11-01,"2018-2018"
"2148",2.56428359752475,"Velavadar_LEK1",2018-10-01,2018-11-01,"2018-2018"
"2149",3.25695035466122,"Velavadar_LEK1",2018-10-01,2018-11-01,"2018-2018"
"2150",1.28124536029219,"Velavadar_LEK1",2018-11-01,2021-03-01,"2018-2021"
"2151",69.9939892803592,"Velavadar_LEK1",2018-11-01,2021-03-01,"2018-2021"
"2152",24.8005164945739,"Velavadar_LEK1",2018-11-01,2021-03-01,"2018-2021"
"2153",5.05185612517097,"Velavadar_LEK1",2018-11-01,2021-03-01,"2018-2021"
"2154",27.7889583553817,"Velavadar_LEK1",2018-11-01,2021-03-01,"2018-2021"
"2155",32.3870494370481,"Velavadar_LEK1",2018-11-01,2021-03-01,"2018-2021"
"2156",19.3544490500454,"Velavadar_LEK1",2018-11-01,2021-03-01,"2018-2021"
"2157",18.0057764977385,"Velavadar_LEK1",2018-11-01,2021-03-01,"2018-2021"
"2158",1.45742979561553,"Velavadar_LEK1",2018-11-01,2021-03-01,"2018-2021"
"2159",4.60589616869658,"Velavadar_LEK1",2018-11-01,2021-03-01,"2018-2021"
"2160",3.32242446717677,"Velavadar_LEK1",2018-11-01,2021-03-01,"2018-2021"
"2161",13.2897523568949,"Velavadar_LEK1",2018-11-01,2021-03-01,"2018-2021"
"2162",2.91756299224327,"Velavadar_LEK1",2018-11-01,2021-03-01,"2018-2021"
"2163",1.90220638335543,"Velavadar_LEK1",2018-11-01,2021-03-01,"2018-2021"
"2164",30.1217261183391,"Velavadar_LEK1",2018-11-01,2021-03-01,"2018-2021"
"2165",1.36410218126349,"Velavadar_LEK1",2018-11-01,2021-03-01,"2018-2021"
"2166",20.675538238475,"Velavadar_LEK1",2018-11-01,2021-03-01,"2018-2021"
"2167",12.9829741168003,"Velavadar_LEK1",2018-11-01,2021-03-01,"2018-2021"
"2168",6.61481805692713,"Velavadar_LEK1",2018-11-01,2021-03-01,"2018-2021"
"2169",1.7022488413355,"Velavadar_LEK1",2018-11-01,2021-03-01,"2018-2021"
"2170",17.0590695967681,"Velavadar_LEK1",2018-11-01,2021-03-01,"2018-2021"
"2171",2.05746169351171,"Velavadar_LEK1",2018-11-01,2021-03-01,"2018-2021"
"2172",2.1161060841921,"Velavadar_LEK1",2018-11-01,2021-03-01,"2018-2021"
"2173",1.0454971392016,"Velavadar_LEK1",2018-11-01,2021-03-01,"2018-2021"
"2174",28.8726394337505,"Velavadar_LEK1",2018-11-01,2021-03-01,"2018-2021"
"2175",70.9294793291343,"Velavadar_LEK1",2018-11-01,2021-03-01,"2018-2021"
"2176",115.268188987422,"Velavadar_LEK1",2018-11-01,2021-03-01,"2018-2021"
"2177",147.540760427671,"Velavadar_LEK1",2018-11-01,2021-03-01,"2018-2021"
"2178",88.0118357643652,"Velavadar_LEK1",2018-11-01,2021-03-01,"2018-2021"
"2179",56.0079057664074,"Velavadar_LEK1",2018-11-01,2021-03-01,"2018-2021"
"2180",23.8100069913509,"Velavadar_LEK1",2018-11-01,2021-03-01,"2018-2021"
"2181",38.2868221748715,"Velavadar_LEK1",2018-11-01,2021-03-01,"2018-2021"
"2182",39.3862686765669,"Velavadar_LEK1",2018-11-01,2021-03-01,"2018-2021"
"2183",4.08135832802456,"Velavadar_LEK1",2018-11-01,2021-03-01,"2018-2021"
"2184",8.59076341636161,"Velavadar_LEK1",2018-11-01,2021-03-01,"2018-2021"
"2185",2.03916117532196,"Velavadar_LEK1",2018-11-01,2021-03-01,"2018-2021"
"2186",2.64096031342147,"Velavadar_LEK1",2018-11-01,2021-03-01,"2018-2021"
"2187",11.0527954870738,"Velavadar_LEK1",2018-11-01,2021-03-01,"2018-2021"
"2188",1.40417086200674,"Velavadar_LEK1",2018-11-01,2021-03-01,"2018-2021"
"2189",10.7178898368323,"Velavadar_LEK1",2018-11-01,2021-03-01,"2018-2021"
"2190",8.13627237715644,"Velavadar_LEK1",2018-11-01,2021-03-01,"2018-2021"
"2191",13.3850469159657,"Velavadar_LEK1",2018-11-01,2021-03-01,"2018-2021"
"2192",2.04134946749593,"Velavadar_LEK1",2018-11-01,2021-03-01,"2018-2021"
"2193",4.68047784893923,"Velavadar_LEK1",2018-11-01,2021-03-01,"2018-2021"
"2194",3.32329045235664,"Velavadar_LEK1",2018-11-01,2021-03-01,"2018-2021"
"2195",2.04149342213989,"Velavadar_LEK1",2018-11-01,2021-03-01,"2018-2021"
"2196",0.693591382930391,"Velavadar_LEK1",2018-11-01,2021-03-01,"2018-2021"
"2197",16.77872934066,"Velavadar_LEK1",2018-11-01,2021-03-01,"2018-2021"
"2198",7.50227243030064,"Velavadar_LEK1",2018-11-01,2021-03-01,"2018-2021"
"2199",1.31152257794894,"Velavadar_LEK1",2018-11-01,2021-03-01,"2018-2021"
"2200",8.29301559993147,"Velavadar_LEK1",2018-11-01,2021-03-01,"2018-2021"
"2201",0.185290643212535,"Velavadar_LEK1",2018-11-01,2021-03-01,"2018-2021"
"2202",1.39448581977216,"Velavadar_LEK1",2018-11-01,2021-03-01,"2018-2021"
"2203",0.422455872995074,"Velavadar_LEK1",2018-11-01,2021-03-01,"2018-2021"
"2204",0.0859135611842152,"Velavadar_LEK1",2018-11-01,2021-03-01,"2018-2021"
"2205",1.18976165741897,"Velavadar_LEK1",2018-11-01,2021-03-01,"2018-2021"
"2206",2.19426938886608,"Velavadar_LEK1",2018-11-01,2021-03-01,"2018-2021"
"2207",1.4407704765013,"Velavadar_LEK1",2018-11-01,2021-03-01,"2018-2021"
"2208",13.5339778868012,"Velavadar_LEK1",2018-11-01,2021-03-01,"2018-2021"
"2209",7.42504606020521,"Velavadar_LEK1",2018-11-01,2021-03-01,"2018-2021"
"2210",0.687119279210828,"Velavadar_LEK1",2018-11-01,2021-03-01,"2018-2021"
"2211",6.88878657412364,"Velavadar_LEK1",2018-11-01,2021-03-01,"2018-2021"
"2212",35.5816225018964,"Velavadar_LEK1",2018-11-01,2021-03-01,"2018-2021"
"2213",2.16351427665159,"Velavadar_LEK1",2018-11-01,2021-03-01,"2018-2021"
"2214",15.2228226768277,"Velavadar_LEK1",2018-11-01,2021-03-01,"2018-2021"
"2215",17.3384334526579,"Velavadar_LEK1",2018-11-01,2021-03-01,"2018-2021"
"2216",0.77022310267629,"Velavadar_LEK1",2018-11-01,2021-03-01,"2018-2021"
"2217",10.002949881611,"Velavadar_LEK1",2018-11-01,2021-03-01,"2018-2021"
"2218",46.6033447633294,"Velavadar_LEK1",2018-11-01,2021-03-01,"2018-2021"
"2219",1.11279908578608,"Velavadar_LEK1",2021-03-01,2021-12-01,"2021-2021"
"2220",10.1492020048791,"Velavadar_LEK1",2021-03-01,2021-12-01,"2021-2021"
"2221",14.360525055291,"Velavadar_LEK1",2021-03-01,2021-12-01,"2021-2021"
"2222",5.18566600425204,"Velavadar_LEK1",2021-03-01,2021-12-01,"2021-2021"
"2223",13.5135258741429,"Velavadar_LEK1",2021-03-01,2021-12-01,"2021-2021"
"2224",2.62759910063064,"Velavadar_LEK1",2021-03-01,2021-12-01,"2021-2021"
"2225",0.925612752356806,"Velavadar_LEK1",2021-03-01,2021-12-01,"2021-2021"
"2226",0.690038139006483,"Velavadar_LEK1",2021-03-01,2021-12-01,"2021-2021"
"2227",0.277542250234922,"Velavadar_LEK1",2021-03-01,2021-12-01,"2021-2021"
"2228",2.34485525202473,"Velavadar_LEK1",2021-03-01,2021-12-01,"2021-2021"
"2229",2.28656285398557,"Velavadar_LEK1",2021-03-01,2021-12-01,"2021-2021"
"2230",0.658018456124063,"Velavadar_LEK1",2021-03-01,2021-12-01,"2021-2021"
"2231",1.39130599387981,"Velavadar_LEK1",2021-03-01,2021-12-01,"2021-2021"
"2232",13.5625804194896,"Velavadar_LEK1",2021-03-01,2021-12-01,"2021-2021"
"2233",10.3131551166888,"Velavadar_LEK1",2021-03-01,2021-12-01,"2021-2021"
"2234",2.36244452978992,"Velavadar_LEK1",2021-03-01,2021-12-01,"2021-2021"
"2235",0.767265663255603,"Velavadar_LEK1",2021-03-01,2021-12-01,"2021-2021"
"2236",7.13872359689451,"Velavadar_LEK1",2021-03-01,2021-12-01,"2021-2021"
"2237",0.231430012254916,"Velavadar_LEK1",2021-03-01,2021-12-01,"2021-2021"
"2238",29.2082708926734,"Velavadar_LEK1",2021-03-01,2021-12-01,"2021-2021"
"2239",17.7828195590194,"Velavadar_LEK1",2021-03-01,2021-12-01,"2021-2021"
"2240",0.575961228732255,"Velavadar_LEK1",2021-03-01,2021-12-01,"2021-2021"
"2241",1.18339674707547,"Velavadar_LEK1",2021-03-01,2021-12-01,"2021-2021"
"2242",17.441711113151,"Velavadar_LEK1",2021-03-01,2021-12-01,"2021-2021"
"2243",3.42140814409609,"Velavadar_LEK1",2021-03-01,2021-12-01,"2021-2021"
"2244",25.6441288688313,"Velavadar_LEK1",2021-03-01,2021-12-01,"2021-2021"
"2245",17.8019913314554,"Velavadar_LEK1",2021-03-01,2021-12-01,"2021-2021"
"2246",31.909703651104,"Velavadar_LEK1",2021-03-01,2021-12-01,"2021-2021"
"2247",0.404213900595904,"Velavadar_LEK1",2021-03-01,2021-12-01,"2021-2021"
"2248",1.49067557094369,"Velavadar_LEK1",2021-03-01,2021-12-01,"2021-2021"
"2249",2.7987721917254,"Velavadar_LEK1",2021-03-01,2021-12-01,"2021-2021"
"2250",16.2437932488812,"Velavadar_LEK1",2021-03-01,2021-12-01,"2021-2021"
"2251",2.05248719393757,"Velavadar_LEK1",2021-12-01,2022-12-01,"2021-2022"
"2252",18.6619454335097,"Velavadar_LEK1",2021-12-01,2022-12-01,"2021-2022"
"2253",24.7251605331069,"Velavadar_LEK1",2021-12-01,2022-12-01,"2021-2022"
"2254",20.8175110239814,"Velavadar_LEK1",2021-12-01,2022-12-01,"2021-2022"
"2255",29.2996426212858,"Velavadar_LEK1",2021-12-01,2022-12-01,"2021-2022"
"2256",1.0686704984441,"Velavadar_LEK1",2021-12-01,2022-12-01,"2021-2022"
"2257",18.6177578968033,"Velavadar_LEK1",2021-12-01,2022-12-01,"2021-2022"
"2258",26.6476909191045,"Velavadar_LEK1",2021-12-01,2022-12-01,"2021-2022"
"2259",49.7995057324702,"Velavadar_LEK1",2021-12-01,2022-12-01,"2021-2022"
"2260",0.90097682825416,"Velavadar_LEK1",2021-12-01,2022-12-01,"2021-2022"
"2261",0.559995054758483,"Velavadar_LEK1",2021-12-01,2022-12-01,"2021-2022"
"2262",1.00678397391968,"Velavadar_LEK1",2021-12-01,2022-12-01,"2021-2022"
"2263",19.3408610494583,"Velavadar_LEK1",2022-12-01,2024-05-01,"2022-2024"
"2264",24.9994975932113,"Velavadar_LEK1",2022-12-01,2024-05-01,"2022-2024"
"2265",51.264838623614,"Velavadar_LEK1",2022-12-01,2024-05-01,"2022-2024"
"2266",36.1739492795674,"Velavadar_LEK1",2022-12-01,2024-05-01,"2022-2024"
"2267",101.571427659712,"Velavadar_LEK1",2022-12-01,2024-05-01,"2022-2024"
"2268",145.311870499397,"Velavadar_LEK1",2022-12-01,2024-05-01,"2022-2024"
"2269",241.793944377608,"Velavadar_LEK1",2022-12-01,2024-05-01,"2022-2024"
"2270",77.2152701896662,"Velavadar_LEK2",2014-02-01,2015-05-01,"2014-2015"
"2271",32.0143958806776,"Velavadar_LEK2",2014-02-01,2015-05-01,"2014-2015"
"2272",75.303194001519,"Velavadar_LEK2",2014-02-01,2015-05-01,"2014-2015"
"2273",1.5683350531797,"Velavadar_LEK2",2014-02-01,2015-05-01,"2014-2015"
"2274",30.0344785865466,"Velavadar_LEK2",2014-02-01,2015-05-01,"2014-2015"
"2275",80.6298822812071,"Velavadar_LEK2",2014-02-01,2015-05-01,"2014-2015"
"2276",54.9759830415799,"Velavadar_LEK2",2014-02-01,2015-05-01,"2014-2015"
"2277",52.2970552475842,"Velavadar_LEK2",2014-02-01,2015-05-01,"2014-2015"
"2278",2.38451149464852,"Velavadar_LEK2",2014-02-01,2015-05-01,"2014-2015"
"2279",46.0667431968557,"Velavadar_LEK2",2014-02-01,2015-05-01,"2014-2015"
"2280",2.45069986644715,"Velavadar_LEK2",2014-02-01,2015-05-01,"2014-2015"
"2281",62.7915242075801,"Velavadar_LEK2",2014-02-01,2015-05-01,"2014-2015"
"2282",33.6126476721735,"Velavadar_LEK2",2014-02-01,2015-05-01,"2014-2015"
"2283",77.2841801452255,"Velavadar_LEK2",2014-02-01,2015-05-01,"2014-2015"
"2284",45.9842360309241,"Velavadar_LEK2",2014-02-01,2015-05-01,"2014-2015"
"2285",52.6364798910805,"Velavadar_LEK2",2014-02-01,2015-05-01,"2014-2015"
"2286",41.8407359911159,"Velavadar_LEK2",2014-02-01,2015-05-01,"2014-2015"
"2287",2.81922417749578,"Velavadar_LEK2",2014-02-01,2015-05-01,"2014-2015"
"2288",50.8228111285529,"Velavadar_LEK2",2014-02-01,2015-05-01,"2014-2015"
"2289",75.2053267474546,"Velavadar_LEK2",2014-02-01,2015-05-01,"2014-2015"
"2290",142.760059592224,"Velavadar_LEK2",2014-02-01,2015-05-01,"2014-2015"
"2291",67.4759705722449,"Velavadar_LEK2",2014-02-01,2015-05-01,"2014-2015"
"2292",220.159429399822,"Velavadar_LEK2",2014-02-01,2015-05-01,"2014-2015"
"2293",243.364492166332,"Velavadar_LEK2",2014-02-01,2015-05-01,"2014-2015"
"2294",153.3543964449,"Velavadar_LEK2",2014-02-01,2015-05-01,"2014-2015"
"2295",187.792468378721,"Velavadar_LEK2",2014-02-01,2015-05-01,"2014-2015"
"2296",86.4348093771118,"Velavadar_LEK2",2014-02-01,2015-05-01,"2014-2015"
"2297",53.4999901838441,"Velavadar_LEK2",2014-02-01,2015-05-01,"2014-2015"
"2298",220.841136465735,"Velavadar_LEK2",2014-02-01,2015-05-01,"2014-2015"
"2299",194.545376048812,"Velavadar_LEK2",2014-02-01,2015-05-01,"2014-2015"
"2300",171.076483864641,"Velavadar_LEK2",2014-02-01,2015-05-01,"2014-2015"
"2301",134.249655818735,"Velavadar_LEK2",2014-02-01,2015-05-01,"2014-2015"
"2302",68.7201033540127,"Velavadar_LEK2",2014-02-01,2015-05-01,"2014-2015"
"2303",2.88919026859383,"Velavadar_LEK2",2014-02-01,2015-05-01,"2014-2015"
"2304",61.4204551265451,"Velavadar_LEK2",2014-02-01,2015-05-01,"2014-2015"
"2305",1.72454883701082,"Velavadar_LEK2",2014-02-01,2015-05-01,"2014-2015"
"2306",45.467314757237,"Velavadar_LEK2",2014-02-01,2015-05-01,"2014-2015"
"2307",83.9338406094635,"Velavadar_LEK2",2014-02-01,2015-05-01,"2014-2015"
"2308",2.87790192186485,"Velavadar_LEK2",2014-02-01,2015-05-01,"2014-2015"
"2309",2.85210761196959,"Velavadar_LEK2",2014-02-01,2015-05-01,"2014-2015"
"2310",52.5095860639485,"Velavadar_LEK2",2014-02-01,2015-05-01,"2014-2015"
"2311",38.3095043920501,"Velavadar_LEK2",2014-02-01,2015-05-01,"2014-2015"
"2312",1.79498330216999,"Velavadar_LEK2",2014-02-01,2015-05-01,"2014-2015"
"2313",22.9444679517963,"Velavadar_LEK2",2014-02-01,2015-05-01,"2014-2015"
"2314",66.6434273459847,"Velavadar_LEK2",2014-02-01,2015-05-01,"2014-2015"
"2315",56.8198901309035,"Velavadar_LEK2",2014-02-01,2015-05-01,"2014-2015"
"2316",78.9710873851649,"Velavadar_LEK2",2014-02-01,2015-05-01,"2014-2015"
"2317",90.8863895056985,"Velavadar_LEK2",2014-02-01,2015-05-01,"2014-2015"
"2318",53.9013263322423,"Velavadar_LEK2",2014-02-01,2015-05-01,"2014-2015"
"2319",47.3960842554356,"Velavadar_LEK2",2014-02-01,2015-05-01,"2014-2015"
"2320",36.5177984670432,"Velavadar_LEK2",2014-02-01,2015-05-01,"2014-2015"
"2321",34.6137160744998,"Velavadar_LEK2",2014-02-01,2015-05-01,"2014-2015"
"2322",30.9699179530659,"Velavadar_LEK2",2014-02-01,2015-05-01,"2014-2015"
"2323",49.0397988566821,"Velavadar_LEK2",2014-02-01,2015-05-01,"2014-2015"
"2324",0.95979189761174,"Velavadar_LEK2",2014-02-01,2015-05-01,"2014-2015"
"2325",20.1917501247848,"Velavadar_LEK2",2014-02-01,2015-05-01,"2014-2015"
"2326",34.1130239309539,"Velavadar_LEK2",2014-02-01,2015-05-01,"2014-2015"
"2327",114.767540396766,"Velavadar_LEK2",2014-02-01,2015-05-01,"2014-2015"
"2328",2.50268476399648,"Velavadar_LEK2",2014-02-01,2015-05-01,"2014-2015"
"2329",57.8504505872798,"Velavadar_LEK2",2014-02-01,2015-05-01,"2014-2015"
"2330",1.97619310460463,"Velavadar_LEK2",2014-02-01,2015-05-01,"2014-2015"
"2331",26.1910929840212,"Velavadar_LEK2",2014-02-01,2015-05-01,"2014-2015"
"2332",31.5120657932532,"Velavadar_LEK2",2014-02-01,2015-05-01,"2014-2015"
"2333",1.91760886601929,"Velavadar_LEK2",2014-02-01,2015-05-01,"2014-2015"
"2334",55.0350141119908,"Velavadar_LEK2",2014-02-01,2015-05-01,"2014-2015"
"2335",67.0588780495747,"Velavadar_LEK2",2014-02-01,2015-05-01,"2014-2015"
"2336",39.0532410824161,"Velavadar_LEK2",2014-02-01,2015-05-01,"2014-2015"
"2337",37.6824818064853,"Velavadar_LEK2",2014-02-01,2015-05-01,"2014-2015"
"2338",99.4638048806274,"Velavadar_LEK2",2014-02-01,2015-05-01,"2014-2015"
"2339",80.7051672220342,"Velavadar_LEK2",2014-02-01,2015-05-01,"2014-2015"
"2340",41.406829253189,"Velavadar_LEK2",2014-02-01,2015-05-01,"2014-2015"
"2341",10.4304830829824,"Velavadar_LEK2",2014-02-01,2015-05-01,"2014-2015"
"2342",1.24038105291718,"Velavadar_LEK2",2014-02-01,2015-05-01,"2014-2015"
"2343",650.597359400923,"Velavadar_LEK2",2014-02-01,2015-05-01,"2014-2015"
"2344",120.035996948996,"Velavadar_LEK2",2014-02-01,2015-05-01,"2014-2015"
"2345",102.594047912425,"Velavadar_LEK2",2014-02-01,2015-05-01,"2014-2015"
"2346",4.01566296610976,"Velavadar_LEK2",2015-05-01,2015-11-01,"2015-2015"
"2347",74.6210668708661,"Velavadar_LEK2",2015-05-01,2015-11-01,"2015-2015"
"2348",17.9809539800658,"Velavadar_LEK2",2015-05-01,2015-11-01,"2015-2015"
"2349",5.58259745895014,"Velavadar_LEK2",2015-05-01,2015-11-01,"2015-2015"
"2350",10.7572659262081,"Velavadar_LEK2",2015-05-01,2015-11-01,"2015-2015"
"2351",37.0826635736445,"Velavadar_LEK2",2015-05-01,2015-11-01,"2015-2015"
"2352",43.4929855170714,"Velavadar_LEK2",2015-05-01,2015-11-01,"2015-2015"
"2353",5.93866590361592,"Velavadar_LEK2",2015-05-01,2015-11-01,"2015-2015"
"2354",53.0456879661569,"Velavadar_LEK2",2015-05-01,2015-11-01,"2015-2015"
"2355",55.4906587760217,"Velavadar_LEK2",2015-05-01,2015-11-01,"2015-2015"
"2356",124.454381423825,"Velavadar_LEK2",2015-05-01,2015-11-01,"2015-2015"
"2357",4.36453332925728,"Velavadar_LEK2",2015-05-01,2015-11-01,"2015-2015"
"2358",65.3405865936971,"Velavadar_LEK2",2015-05-01,2015-11-01,"2015-2015"
"2359",75.9596199833965,"Velavadar_LEK2",2015-05-01,2015-11-01,"2015-2015"
"2360",24.6587953600007,"Velavadar_LEK2",2015-05-01,2015-11-01,"2015-2015"
"2361",4.23465180134614,"Velavadar_LEK2",2015-05-01,2015-11-01,"2015-2015"
"2362",4.04509019068537,"Velavadar_LEK2",2015-05-01,2015-11-01,"2015-2015"
"2363",32.0996141588718,"Velavadar_LEK2",2015-05-01,2015-11-01,"2015-2015"
"2364",20.4415292660519,"Velavadar_LEK2",2015-05-01,2015-11-01,"2015-2015"
"2365",2.15438023923787,"Velavadar_LEK2",2015-11-01,2016-01-01,"2015-2016"
"2366",58.3409879928928,"Velavadar_LEK2",2015-11-01,2016-01-01,"2015-2016"
"2367",3.05744465067155,"Velavadar_LEK2",2015-11-01,2016-01-01,"2015-2016"
"2368",45.237684833125,"Velavadar_LEK2",2015-11-01,2016-01-01,"2015-2016"
"2369",1.30987462756239,"Velavadar_LEK2",2015-11-01,2016-01-01,"2015-2016"
"2370",162.76320400944,"Velavadar_LEK2",2015-11-01,2016-01-01,"2015-2016"
"2371",89.2417163555622,"Velavadar_LEK2",2015-11-01,2016-01-01,"2015-2016"
"2372",35.2539033471351,"Velavadar_LEK2",2015-11-01,2016-01-01,"2015-2016"
"2373",3.08106624241066,"Velavadar_LEK2",2015-11-01,2016-01-01,"2015-2016"
"2374",27.9193851243461,"Velavadar_LEK2",2015-11-01,2016-01-01,"2015-2016"
"2375",8.28483676022494,"Velavadar_LEK2",2015-11-01,2016-01-01,"2015-2016"
"2376",32.8730668503722,"Velavadar_LEK2",2015-11-01,2016-01-01,"2015-2016"
"2377",37.6601624746327,"Velavadar_LEK2",2015-11-01,2016-01-01,"2015-2016"
"2378",18.3178156159625,"Velavadar_LEK2",2015-11-01,2016-01-01,"2015-2016"
"2379",33.5336329870415,"Velavadar_LEK2",2015-11-01,2016-01-01,"2015-2016"
"2380",28.740156804884,"Velavadar_LEK2",2015-11-01,2016-01-01,"2015-2016"
"2381",34.8191944281633,"Velavadar_LEK2",2015-11-01,2016-01-01,"2015-2016"
"2382",26.8904537857872,"Velavadar_LEK2",2015-11-01,2016-01-01,"2015-2016"
"2383",20.6693204739555,"Velavadar_LEK2",2015-11-01,2016-01-01,"2015-2016"
"2384",12.0579187896819,"Velavadar_LEK2",2015-11-01,2016-01-01,"2015-2016"
"2385",50.0157795313047,"Velavadar_LEK2",2015-11-01,2016-01-01,"2015-2016"
"2386",66.7732262099296,"Velavadar_LEK2",2015-11-01,2016-01-01,"2015-2016"
"2387",102.063901220917,"Velavadar_LEK2",2015-11-01,2016-01-01,"2015-2016"
"2388",2.61468760118491,"Velavadar_LEK2",2015-11-01,2016-01-01,"2015-2016"
"2389",5.67187966080489,"Velavadar_LEK2",2015-11-01,2016-01-01,"2015-2016"
"2390",28.7012402209675,"Velavadar_LEK2",2015-11-01,2016-01-01,"2015-2016"
"2391",15.1618295717085,"Velavadar_LEK2",2015-11-01,2016-01-01,"2015-2016"
"2392",28.1913006688223,"Velavadar_LEK2",2015-11-01,2016-01-01,"2015-2016"
"2393",38.7503633395088,"Velavadar_LEK2",2015-11-01,2016-01-01,"2015-2016"
"2394",38.7361668881409,"Velavadar_LEK2",2015-11-01,2016-01-01,"2015-2016"
"2395",40.6251443536406,"Velavadar_LEK2",2015-11-01,2016-01-01,"2015-2016"
"2396",21.0775890753688,"Velavadar_LEK2",2015-11-01,2016-01-01,"2015-2016"
"2397",25.3373196191128,"Velavadar_LEK2",2015-11-01,2016-01-01,"2015-2016"
"2398",12.4077162598678,"Velavadar_LEK2",2015-11-01,2016-01-01,"2015-2016"
"2399",16.0499472300802,"Velavadar_LEK2",2015-11-01,2016-01-01,"2015-2016"
"2400",37.4874774865638,"Velavadar_LEK2",2015-11-01,2016-01-01,"2015-2016"
"2401",58.9874755891486,"Velavadar_LEK2",2015-11-01,2016-01-01,"2015-2016"
"2402",53.5824416858192,"Velavadar_LEK2",2015-11-01,2016-01-01,"2015-2016"
"2403",51.6805341401166,"Velavadar_LEK2",2015-11-01,2016-01-01,"2015-2016"
"2404",56.9872773794811,"Velavadar_LEK2",2015-11-01,2016-01-01,"2015-2016"
"2405",58.6097247296067,"Velavadar_LEK2",2015-11-01,2016-01-01,"2015-2016"
"2406",42.0763492210711,"Velavadar_LEK2",2015-11-01,2016-01-01,"2015-2016"
"2407",84.9798818633837,"Velavadar_LEK2",2015-11-01,2016-01-01,"2015-2016"
"2408",89.1812100993374,"Velavadar_LEK2",2015-11-01,2016-01-01,"2015-2016"
"2409",95.2868147359472,"Velavadar_LEK2",2015-11-01,2016-01-01,"2015-2016"
"2410",93.0112092667153,"Velavadar_LEK2",2015-11-01,2016-01-01,"2015-2016"
"2411",99.1334148359401,"Velavadar_LEK2",2015-11-01,2016-01-01,"2015-2016"
"2412",80.3057392888438,"Velavadar_LEK2",2015-11-01,2016-01-01,"2015-2016"
"2413",77.0618681630042,"Velavadar_LEK2",2015-11-01,2016-01-01,"2015-2016"
"2414",77.3352723846825,"Velavadar_LEK2",2015-11-01,2016-01-01,"2015-2016"
"2415",1.22578149082669,"Velavadar_LEK2",2015-11-01,2016-01-01,"2015-2016"
"2416",13.2191548884844,"Velavadar_LEK2",2015-11-01,2016-01-01,"2015-2016"
"2417",36.6719757270583,"Velavadar_LEK2",2015-11-01,2016-01-01,"2015-2016"
"2418",49.4965561638536,"Velavadar_LEK2",2015-11-01,2016-01-01,"2015-2016"
"2419",69.0636297069412,"Velavadar_LEK2",2015-11-01,2016-01-01,"2015-2016"
"2420",22.3168486858878,"Velavadar_LEK2",2015-11-01,2016-01-01,"2015-2016"
"2421",24.3692606736116,"Velavadar_LEK2",2015-11-01,2016-01-01,"2015-2016"
"2422",29.4780599603653,"Velavadar_LEK2",2015-11-01,2016-01-01,"2015-2016"
"2423",5.34209439869342,"Velavadar_LEK2",2015-11-01,2016-01-01,"2015-2016"
"2424",3.91496884405595,"Velavadar_LEK2",2015-11-01,2016-01-01,"2015-2016"
"2425",3.88893565370532,"Velavadar_LEK2",2015-11-01,2016-01-01,"2015-2016"
"2426",45.6507525373407,"Velavadar_LEK2",2015-11-01,2016-01-01,"2015-2016"
"2427",25.3728564219188,"Velavadar_LEK2",2015-11-01,2016-01-01,"2015-2016"
"2428",39.3433514219369,"Velavadar_LEK2",2015-11-01,2016-01-01,"2015-2016"
"2429",42.7810489334031,"Velavadar_LEK2",2015-11-01,2016-01-01,"2015-2016"
"2430",74.3602975850931,"Velavadar_LEK2",2015-11-01,2016-01-01,"2015-2016"
"2431",73.6678483186381,"Velavadar_LEK2",2015-11-01,2016-01-01,"2015-2016"
"2432",63.2252360486169,"Velavadar_LEK2",2015-11-01,2016-01-01,"2015-2016"
"2433",68.615402901282,"Velavadar_LEK2",2015-11-01,2016-01-01,"2015-2016"
"2434",81.5535682034865,"Velavadar_LEK2",2015-11-01,2016-01-01,"2015-2016"
"2435",97.7914601879284,"Velavadar_LEK2",2015-11-01,2016-01-01,"2015-2016"
"2436",2.83062224914908,"Velavadar_LEK2",2015-11-01,2016-01-01,"2015-2016"
"2437",61.5892567046344,"Velavadar_LEK2",2015-11-01,2016-01-01,"2015-2016"
"2438",67.2674638533576,"Velavadar_LEK2",2015-11-01,2016-01-01,"2015-2016"
"2439",41.3924632253055,"Velavadar_LEK2",2015-11-01,2016-01-01,"2015-2016"
"2440",55.0146405915004,"Velavadar_LEK2",2015-11-01,2016-01-01,"2015-2016"
"2441",105.383661396775,"Velavadar_LEK2",2015-11-01,2016-01-01,"2015-2016"
"2442",127.85910869557,"Velavadar_LEK2",2015-11-01,2016-01-01,"2015-2016"
"2443",88.0103900610387,"Velavadar_LEK2",2015-11-01,2016-01-01,"2015-2016"
"2444",56.2138446953929,"Velavadar_LEK2",2015-11-01,2016-01-01,"2015-2016"
"2445",52.424752589175,"Velavadar_LEK2",2015-11-01,2016-01-01,"2015-2016"
"2446",52.481980114789,"Velavadar_LEK2",2015-11-01,2016-01-01,"2015-2016"
"2447",46.1998411260886,"Velavadar_LEK2",2015-11-01,2016-01-01,"2015-2016"
"2448",65.5923872643964,"Velavadar_LEK2",2015-11-01,2016-01-01,"2015-2016"
"2449",44.0888270758807,"Velavadar_LEK2",2015-11-01,2016-01-01,"2015-2016"
"2450",12.2659765055013,"Velavadar_LEK2",2015-11-01,2016-01-01,"2015-2016"
"2451",22.3350497013729,"Velavadar_LEK2",2015-11-01,2016-01-01,"2015-2016"
"2452",37.2590354861736,"Velavadar_LEK2",2015-11-01,2016-01-01,"2015-2016"
"2453",33.3829029454932,"Velavadar_LEK2",2015-11-01,2016-01-01,"2015-2016"
"2454",57.562907839268,"Velavadar_LEK2",2015-11-01,2016-01-01,"2015-2016"
"2455",50.9967181072015,"Velavadar_LEK2",2015-11-01,2016-01-01,"2015-2016"
"2456",34.2390127725143,"Velavadar_LEK2",2015-11-01,2016-01-01,"2015-2016"
"2457",8.33789284639729,"Velavadar_LEK2",2015-11-01,2016-01-01,"2015-2016"
"2458",1.47755721234253,"Velavadar_LEK2",2015-11-01,2016-01-01,"2015-2016"
"2459",19.2318328183499,"Velavadar_LEK2",2015-11-01,2016-01-01,"2015-2016"
"2460",25.3891034835332,"Velavadar_LEK2",2015-11-01,2016-01-01,"2015-2016"
"2461",28.8400001258869,"Velavadar_LEK2",2015-11-01,2016-01-01,"2015-2016"
"2462",39.4480833883196,"Velavadar_LEK2",2015-11-01,2016-01-01,"2015-2016"
"2463",38.168328531137,"Velavadar_LEK2",2015-11-01,2016-01-01,"2015-2016"
"2464",25.474706086499,"Velavadar_LEK2",2015-11-01,2016-01-01,"2015-2016"
"2465",31.4202600449641,"Velavadar_LEK2",2015-11-01,2016-01-01,"2015-2016"
"2466",40.5519728858584,"Velavadar_LEK2",2015-11-01,2016-01-01,"2015-2016"
"2467",37.013426363431,"Velavadar_LEK2",2015-11-01,2016-01-01,"2015-2016"
"2468",56.4578432450662,"Velavadar_LEK2",2015-11-01,2016-01-01,"2015-2016"
"2469",22.6469239681801,"Velavadar_LEK2",2015-11-01,2016-01-01,"2015-2016"
"2470",52.9187925973491,"Velavadar_LEK2",2015-11-01,2016-01-01,"2015-2016"
"2471",265.860776593969,"Velavadar_LEK2",2015-11-01,2016-01-01,"2015-2016"
"2472",221.915859981604,"Velavadar_LEK2",2015-11-01,2016-01-01,"2015-2016"
"2473",193.558296845211,"Velavadar_LEK2",2015-11-01,2016-01-01,"2015-2016"
"2474",243.971938950063,"Velavadar_LEK2",2015-11-01,2016-01-01,"2015-2016"
"2475",340.3836116825,"Velavadar_LEK2",2015-11-01,2016-01-01,"2015-2016"
"2476",328.32740795229,"Velavadar_LEK2",2015-11-01,2016-01-01,"2015-2016"
"2477",198.558155905509,"Velavadar_LEK2",2015-11-01,2016-01-01,"2015-2016"
"2478",300.123572414551,"Velavadar_LEK2",2015-11-01,2016-01-01,"2015-2016"
"2479",42.9386860814173,"Velavadar_LEK2",2015-11-01,2016-01-01,"2015-2016"
"2480",2.88180786546895,"Velavadar_LEK2",2015-11-01,2016-01-01,"2015-2016"
"2481",285.068469010668,"Velavadar_LEK2",2015-11-01,2016-01-01,"2015-2016"
"2482",3.46306888930852,"Velavadar_LEK2",2016-01-01,2016-11-01,"2016-2016"
"2483",3.09575314406634,"Velavadar_LEK2",2016-01-01,2016-11-01,"2016-2016"
"2484",3.19584757348742,"Velavadar_LEK2",2016-01-01,2016-11-01,"2016-2016"
"2485",14.929899523523,"Velavadar_LEK2",2016-01-01,2016-11-01,"2016-2016"
"2486",4.24849778215967,"Velavadar_LEK2",2016-01-01,2016-11-01,"2016-2016"
"2487",18.2541422435114,"Velavadar_LEK2",2016-01-01,2016-11-01,"2016-2016"
"2488",15.0119223071482,"Velavadar_LEK2",2016-01-01,2016-11-01,"2016-2016"
"2489",2.37122302597689,"Velavadar_LEK2",2016-01-01,2016-11-01,"2016-2016"
"2490",2.32027365902271,"Velavadar_LEK2",2016-01-01,2016-11-01,"2016-2016"
"2491",4.98858999949399,"Velavadar_LEK2",2016-01-01,2016-11-01,"2016-2016"
"2492",3.28455803297586,"Velavadar_LEK2",2016-01-01,2016-11-01,"2016-2016"
"2493",36.8404840412785,"Velavadar_LEK2",2016-01-01,2016-11-01,"2016-2016"
"2494",56.2029628160819,"Velavadar_LEK2",2016-01-01,2016-11-01,"2016-2016"
"2495",3.32964021181425,"Velavadar_LEK2",2016-01-01,2016-11-01,"2016-2016"
"2496",38.7283772674766,"Velavadar_LEK2",2016-01-01,2016-11-01,"2016-2016"
"2497",98.6232599133936,"Velavadar_LEK2",2016-01-01,2016-11-01,"2016-2016"
"2498",62.1033630687357,"Velavadar_LEK2",2016-01-01,2016-11-01,"2016-2016"
"2499",24.1013728274715,"Velavadar_LEK2",2016-01-01,2016-11-01,"2016-2016"
"2500",26.4894744012884,"Velavadar_LEK2",2016-01-01,2016-11-01,"2016-2016"
"2501",24.3796012024712,"Velavadar_LEK2",2016-01-01,2016-11-01,"2016-2016"
"2502",23.3929775026201,"Velavadar_LEK2",2016-01-01,2016-11-01,"2016-2016"
"2503",48.1905125848396,"Velavadar_LEK2",2016-01-01,2016-11-01,"2016-2016"
"2504",34.4149681401632,"Velavadar_LEK2",2016-01-01,2016-11-01,"2016-2016"
"2505",37.0143240304002,"Velavadar_LEK2",2016-01-01,2016-11-01,"2016-2016"
"2506",2.86955202172409,"Velavadar_LEK2",2016-01-01,2016-11-01,"2016-2016"
"2507",76.2039109716836,"Velavadar_LEK2",2016-01-01,2016-11-01,"2016-2016"
"2508",42.7706054328099,"Velavadar_LEK2",2016-01-01,2016-11-01,"2016-2016"
"2509",61.3698201034596,"Velavadar_LEK2",2016-01-01,2016-11-01,"2016-2016"
"2510",49.7357099187253,"Velavadar_LEK2",2016-01-01,2016-11-01,"2016-2016"
"2511",84.1906311811377,"Velavadar_LEK2",2016-01-01,2016-11-01,"2016-2016"
"2512",81.5380802034687,"Velavadar_LEK2",2016-01-01,2016-11-01,"2016-2016"
"2513",79.3005092217294,"Velavadar_LEK2",2016-01-01,2016-11-01,"2016-2016"
"2514",77.6962647249743,"Velavadar_LEK2",2016-01-01,2016-11-01,"2016-2016"
"2515",2.56812923051247,"Velavadar_LEK2",2016-01-01,2016-11-01,"2016-2016"
"2516",81.4481252212837,"Velavadar_LEK2",2016-01-01,2016-11-01,"2016-2016"
"2517",35.161783500473,"Velavadar_LEK2",2016-01-01,2016-11-01,"2016-2016"
"2518",3.07670536567023,"Velavadar_LEK2",2016-01-01,2016-11-01,"2016-2016"
"2519",34.1883662451483,"Velavadar_LEK2",2016-01-01,2016-11-01,"2016-2016"
"2520",1.12789085959389,"Velavadar_LEK2",2016-01-01,2016-11-01,"2016-2016"
"2521",87.867265372532,"Velavadar_LEK2",2016-01-01,2016-11-01,"2016-2016"
"2522",36.4930623216525,"Velavadar_LEK2",2016-01-01,2016-11-01,"2016-2016"
"2523",64.2395908432294,"Velavadar_LEK2",2016-01-01,2016-11-01,"2016-2016"
"2524",163.471053087359,"Velavadar_LEK2",2016-01-01,2016-11-01,"2016-2016"
"2525",93.7865858741834,"Velavadar_LEK2",2016-01-01,2016-11-01,"2016-2016"
"2526",63.6779935451173,"Velavadar_LEK2",2016-01-01,2016-11-01,"2016-2016"
"2527",81.7743934953974,"Velavadar_LEK2",2016-01-01,2016-11-01,"2016-2016"
"2528",113.80889416981,"Velavadar_LEK2",2016-01-01,2016-11-01,"2016-2016"
"2529",100.675359540143,"Velavadar_LEK2",2016-01-01,2016-11-01,"2016-2016"
"2530",80.0688462133594,"Velavadar_LEK2",2016-01-01,2016-11-01,"2016-2016"
"2531",80.9840825990966,"Velavadar_LEK2",2016-01-01,2016-11-01,"2016-2016"
"2532",3.87971886871895,"Velavadar_LEK2",2016-01-01,2016-11-01,"2016-2016"
"2533",7.33797137276593,"Velavadar_LEK2",2016-01-01,2016-11-01,"2016-2016"
"2534",558.430180528519,"Velavadar_LEK2",2016-01-01,2016-11-01,"2016-2016"
"2535",500.300747164097,"Velavadar_LEK2",2016-01-01,2016-11-01,"2016-2016"
"2536",462.529213982178,"Velavadar_LEK2",2016-01-01,2016-11-01,"2016-2016"
"2537",529.622278322348,"Velavadar_LEK2",2016-01-01,2016-11-01,"2016-2016"
"2538",538.870576737539,"Velavadar_LEK2",2016-01-01,2016-11-01,"2016-2016"
"2539",629.549087087668,"Velavadar_LEK2",2016-01-01,2016-11-01,"2016-2016"
"2540",616.238308554538,"Velavadar_LEK2",2016-01-01,2016-11-01,"2016-2016"
"2541",486.642521037752,"Velavadar_LEK2",2016-01-01,2016-11-01,"2016-2016"
"2542",351.945977315678,"Velavadar_LEK2",2016-01-01,2016-11-01,"2016-2016"
"2543",425.25520296877,"Velavadar_LEK2",2016-01-01,2016-11-01,"2016-2016"
"2544",309.946236774981,"Velavadar_LEK2",2016-01-01,2016-11-01,"2016-2016"
"2545",13.066053007248,"Velavadar_LEK2",2016-11-01,2018-10-01,"2016-2018"
"2546",0.493589685386855,"Velavadar_LEK2",2016-11-01,2018-10-01,"2016-2018"
"2547",1.56745466107102,"Velavadar_LEK2",2016-11-01,2018-10-01,"2016-2018"
"2548",27.3576470199857,"Velavadar_LEK2",2016-11-01,2018-10-01,"2016-2018"
"2549",0.77311666055595,"Velavadar_LEK2",2016-11-01,2018-10-01,"2016-2018"
"2550",31.7365337473504,"Velavadar_LEK2",2016-11-01,2018-10-01,"2016-2018"
"2551",15.5251886710426,"Velavadar_LEK2",2016-11-01,2018-10-01,"2016-2018"
"2552",9.63338621014045,"Velavadar_LEK2",2016-11-01,2018-10-01,"2016-2018"
"2553",0.47661947635384,"Velavadar_LEK2",2016-11-01,2018-10-01,"2016-2018"
"2554",0.395573464524521,"Velavadar_LEK2",2016-11-01,2018-10-01,"2016-2018"
"2555",0.340616051615711,"Velavadar_LEK2",2016-11-01,2018-10-01,"2016-2018"
"2556",2.81618909955267,"Velavadar_LEK2",2016-11-01,2018-10-01,"2016-2018"
"2557",1.12987704127929,"Velavadar_LEK2",2016-11-01,2018-10-01,"2016-2018"
"2558",0.415457044959065,"Velavadar_LEK2",2016-11-01,2018-10-01,"2016-2018"
"2559",0.838461386190228,"Velavadar_LEK2",2016-11-01,2018-10-01,"2016-2018"
"2560",2.62047152298992,"Velavadar_LEK2",2016-11-01,2018-10-01,"2016-2018"
"2561",7.97578933651344,"Velavadar_LEK2",2016-11-01,2018-10-01,"2016-2018"
"2562",29.7594228870449,"Velavadar_LEK2",2016-11-01,2018-10-01,"2016-2018"
"2563",1.40522521530146,"Velavadar_LEK2",2016-11-01,2018-10-01,"2016-2018"
"2564",25.0433280458875,"Velavadar_LEK2",2016-11-01,2018-10-01,"2016-2018"
"2565",38.2782574803993,"Velavadar_LEK2",2016-11-01,2018-10-01,"2016-2018"
"2566",26.1738299209027,"Velavadar_LEK2",2016-11-01,2018-10-01,"2016-2018"
"2567",36.8514203806859,"Velavadar_LEK2",2016-11-01,2018-10-01,"2016-2018"
"2568",27.3832741367317,"Velavadar_LEK2",2016-11-01,2018-10-01,"2016-2018"
"2569",35.1343021120213,"Velavadar_LEK2",2016-11-01,2018-10-01,"2016-2018"
"2570",72.6041101233341,"Velavadar_LEK2",2016-11-01,2018-10-01,"2016-2018"
"2571",153.962148079264,"Velavadar_LEK2",2016-11-01,2018-10-01,"2016-2018"
"2572",67.4932915408247,"Velavadar_LEK2",2016-11-01,2018-10-01,"2016-2018"
"2573",88.6686596988228,"Velavadar_LEK2",2016-11-01,2018-10-01,"2016-2018"
"2574",58.6669435365517,"Velavadar_LEK2",2016-11-01,2018-10-01,"2016-2018"
"2575",13.3356766890248,"Velavadar_LEK2",2016-11-01,2018-10-01,"2016-2018"
"2576",74.065911349494,"Velavadar_LEK2",2016-11-01,2018-10-01,"2016-2018"
"2577",68.7166929987579,"Velavadar_LEK2",2016-11-01,2018-10-01,"2016-2018"
"2578",53.4874300110659,"Velavadar_LEK2",2016-11-01,2018-10-01,"2016-2018"
"2579",27.0406462462466,"Velavadar_LEK2",2016-11-01,2018-10-01,"2016-2018"
"2580",3.76195875009331,"Velavadar_LEK2",2016-11-01,2018-10-01,"2016-2018"
"2581",22.9732591188903,"Velavadar_LEK2",2016-11-01,2018-10-01,"2016-2018"
"2582",83.1314904528422,"Velavadar_LEK2",2016-11-01,2018-10-01,"2016-2018"
"2583",60.4934557287303,"Velavadar_LEK2",2016-11-01,2018-10-01,"2016-2018"
"2584",69.3291136547749,"Velavadar_LEK2",2016-11-01,2018-10-01,"2016-2018"
"2585",21.7930862664487,"Velavadar_LEK2",2016-11-01,2018-10-01,"2016-2018"
"2586",32.1233518747212,"Velavadar_LEK2",2016-11-01,2018-10-01,"2016-2018"
"2587",57.1072390302063,"Velavadar_LEK2",2016-11-01,2018-10-01,"2016-2018"
"2588",80.4144376277967,"Velavadar_LEK2",2016-11-01,2018-10-01,"2016-2018"
"2589",149.113060409149,"Velavadar_LEK2",2016-11-01,2018-10-01,"2016-2018"
"2590",81.4476086129405,"Velavadar_LEK2",2016-11-01,2018-10-01,"2016-2018"
"2591",4.61041269611201,"Velavadar_LEK2",2016-11-01,2018-10-01,"2016-2018"
"2592",36.3112893590035,"Velavadar_LEK2",2016-11-01,2018-10-01,"2016-2018"
"2593",11.7051916760487,"Velavadar_LEK2",2016-11-01,2018-10-01,"2016-2018"
"2594",0.507506581465328,"Velavadar_LEK2",2018-10-01,2018-11-01,"2018-2018"
"2595",1.41464394864533,"Velavadar_LEK2",2018-10-01,2018-11-01,"2018-2018"
"2596",0.775311145152321,"Velavadar_LEK2",2018-10-01,2018-11-01,"2018-2018"
"2597",5.13846055573895,"Velavadar_LEK2",2018-10-01,2018-11-01,"2018-2018"
"2598",0.195144623213872,"Velavadar_LEK2",2018-10-01,2018-11-01,"2018-2018"
"2599",2.67211102311737,"Velavadar_LEK2",2018-10-01,2018-11-01,"2018-2018"
"2600",0.597086246987511,"Velavadar_LEK2",2018-10-01,2018-11-01,"2018-2018"
"2601",1.40484016575177,"Velavadar_LEK2",2018-10-01,2018-11-01,"2018-2018"
"2602",0.834632088669814,"Velavadar_LEK2",2018-10-01,2018-11-01,"2018-2018"
"2603",0.473776824182984,"Velavadar_LEK2",2018-10-01,2018-11-01,"2018-2018"
"2604",7.99564877536531,"Velavadar_LEK2",2018-10-01,2018-11-01,"2018-2018"
"2605",10.6893385762775,"Velavadar_LEK2",2018-10-01,2018-11-01,"2018-2018"
"2606",22.4622942152789,"Velavadar_LEK2",2018-10-01,2018-11-01,"2018-2018"
"2607",2.17054554972087,"Velavadar_LEK2",2018-10-01,2018-11-01,"2018-2018"
"2608",1.20607137790111,"Velavadar_LEK2",2018-10-01,2018-11-01,"2018-2018"
"2609",0.583269669574135,"Velavadar_LEK2",2018-10-01,2018-11-01,"2018-2018"
"2610",24.7471264549394,"Velavadar_LEK2",2018-10-01,2018-11-01,"2018-2018"
"2611",39.9080334395267,"Velavadar_LEK2",2018-10-01,2018-11-01,"2018-2018"
"2612",23.0651912784332,"Velavadar_LEK2",2018-10-01,2018-11-01,"2018-2018"
"2613",1.34366624793927,"Velavadar_LEK2",2018-10-01,2018-11-01,"2018-2018"
"2614",2.0536067817181,"Velavadar_LEK2",2018-10-01,2018-11-01,"2018-2018"
"2615",0.612694178728079,"Velavadar_LEK2",2018-10-01,2018-11-01,"2018-2018"
"2616",20.0520500571768,"Velavadar_LEK2",2018-10-01,2018-11-01,"2018-2018"
"2617",20.9156288004684,"Velavadar_LEK2",2018-10-01,2018-11-01,"2018-2018"
"2618",0.730080705491338,"Velavadar_LEK2",2018-10-01,2018-11-01,"2018-2018"
"2619",0.642438075047467,"Velavadar_LEK2",2018-10-01,2018-11-01,"2018-2018"
"2620",0.489175429387732,"Velavadar_LEK2",2018-10-01,2018-11-01,"2018-2018"
"2621",1.65461356243256,"Velavadar_LEK2",2018-10-01,2018-11-01,"2018-2018"
"2622",1.0209432952919,"Velavadar_LEK2",2018-10-01,2018-11-01,"2018-2018"
"2623",61.9545436202814,"Velavadar_LEK2",2018-10-01,2018-11-01,"2018-2018"
"2624",63.3666941080053,"Velavadar_LEK2",2018-10-01,2018-11-01,"2018-2018"
"2625",33.6186230717411,"Velavadar_LEK2",2018-10-01,2018-11-01,"2018-2018"
"2626",85.9152739827792,"Velavadar_LEK2",2018-10-01,2018-11-01,"2018-2018"
"2627",137.427038461952,"Velavadar_LEK2",2018-10-01,2018-11-01,"2018-2018"
"2628",105.423287445648,"Velavadar_LEK2",2018-10-01,2018-11-01,"2018-2018"
"2629",0.774252033172072,"Velavadar_LEK2",2018-10-01,2018-11-01,"2018-2018"
"2630",2.33056270104367,"Velavadar_LEK2",2018-10-01,2018-11-01,"2018-2018"
"2631",2.45781983722446,"Velavadar_LEK2",2018-10-01,2018-11-01,"2018-2018"
"2632",2.30654753169515,"Velavadar_LEK2",2018-10-01,2018-11-01,"2018-2018"
"2633",0.17152723636652,"Velavadar_LEK2",2018-10-01,2018-11-01,"2018-2018"
"2634",0.844234652006224,"Velavadar_LEK2",2018-10-01,2018-11-01,"2018-2018"
"2635",43.5824318108219,"Velavadar_LEK2",2018-10-01,2018-11-01,"2018-2018"
"2636",1.84213426967009,"Velavadar_LEK2",2018-10-01,2018-11-01,"2018-2018"
"2637",1.58206153688488,"Velavadar_LEK2",2018-10-01,2018-11-01,"2018-2018"
"2638",10.9234266812598,"Velavadar_LEK2",2018-10-01,2018-11-01,"2018-2018"
"2639",0.18634750698267,"Velavadar_LEK2",2018-10-01,2018-11-01,"2018-2018"
"2640",9.72789583847738,"Velavadar_LEK2",2018-10-01,2018-11-01,"2018-2018"
"2641",0.299148209658275,"Velavadar_LEK2",2018-10-01,2018-11-01,"2018-2018"
"2642",0.639978400317195,"Velavadar_LEK2",2018-10-01,2018-11-01,"2018-2018"
"2643",0.371324086274316,"Velavadar_LEK2",2018-10-01,2018-11-01,"2018-2018"
"2644",31.7817953522462,"Velavadar_LEK2",2018-10-01,2018-11-01,"2018-2018"
"2645",13.7647490288239,"Velavadar_LEK2",2018-10-01,2018-11-01,"2018-2018"
"2646",7.94451778518182,"Velavadar_LEK2",2018-10-01,2018-11-01,"2018-2018"
"2647",28.7944365057903,"Velavadar_LEK2",2018-10-01,2018-11-01,"2018-2018"
"2648",23.3717164914177,"Velavadar_LEK2",2018-10-01,2018-11-01,"2018-2018"
"2649",8.70758500454042,"Velavadar_LEK2",2018-10-01,2018-11-01,"2018-2018"
"2650",12.9750972568421,"Velavadar_LEK2",2018-10-01,2018-11-01,"2018-2018"
"2651",1.19420280276237,"Velavadar_LEK2",2018-10-01,2018-11-01,"2018-2018"
"2652",42.5738816776297,"Velavadar_LEK2",2018-10-01,2018-11-01,"2018-2018"
"2653",12.8995265991303,"Velavadar_LEK2",2018-10-01,2018-11-01,"2018-2018"
"2654",53.3456789412215,"Velavadar_LEK2",2018-10-01,2018-11-01,"2018-2018"
"2655",1.24035407299106,"Velavadar_LEK2",2018-10-01,2018-11-01,"2018-2018"
"2656",37.0598300231537,"Velavadar_LEK2",2018-10-01,2018-11-01,"2018-2018"
"2657",34.5019546170697,"Velavadar_LEK2",2018-10-01,2018-11-01,"2018-2018"
"2658",18.3896833510976,"Velavadar_LEK2",2018-10-01,2018-11-01,"2018-2018"
"2659",59.9355846379687,"Velavadar_LEK2",2018-10-01,2018-11-01,"2018-2018"
"2660",47.0462957937157,"Velavadar_LEK2",2018-10-01,2018-11-01,"2018-2018"
"2661",102.620048382697,"Velavadar_LEK2",2018-10-01,2018-11-01,"2018-2018"
"2662",113.391616502781,"Velavadar_LEK2",2018-10-01,2018-11-01,"2018-2018"
"2663",22.1862106838549,"Velavadar_LEK2",2018-10-01,2018-11-01,"2018-2018"
"2664",1.06032497956259,"Velavadar_LEK2",2018-10-01,2018-11-01,"2018-2018"
"2665",0.399353134225655,"Velavadar_LEK2",2018-10-01,2018-11-01,"2018-2018"
"2666",51.0451680837498,"Velavadar_LEK2",2018-10-01,2018-11-01,"2018-2018"
"2667",62.1507938450711,"Velavadar_LEK2",2018-10-01,2018-11-01,"2018-2018"
"2668",29.5171560363171,"Velavadar_LEK2",2018-10-01,2018-11-01,"2018-2018"
"2669",37.6478204265869,"Velavadar_LEK2",2018-10-01,2018-11-01,"2018-2018"
"2670",1.24960647452924,"Velavadar_LEK2",2018-10-01,2018-11-01,"2018-2018"
"2671",14.3741586996158,"Velavadar_LEK2",2018-10-01,2018-11-01,"2018-2018"
"2672",33.7967920182043,"Velavadar_LEK2",2018-10-01,2018-11-01,"2018-2018"
"2673",58.8984904748475,"Velavadar_LEK2",2018-10-01,2018-11-01,"2018-2018"
"2674",48.5624338664165,"Velavadar_LEK2",2018-10-01,2018-11-01,"2018-2018"
"2675",75.5531461843321,"Velavadar_LEK2",2018-10-01,2018-11-01,"2018-2018"
"2676",67.1124558914991,"Velavadar_LEK2",2018-10-01,2018-11-01,"2018-2018"
"2677",65.0198865832871,"Velavadar_LEK2",2018-10-01,2018-11-01,"2018-2018"
"2678",90.5173004687207,"Velavadar_LEK2",2018-10-01,2018-11-01,"2018-2018"
"2679",99.8511088252037,"Velavadar_LEK2",2018-10-01,2018-11-01,"2018-2018"
"2680",26.2633292007278,"Velavadar_LEK2",2018-10-01,2018-11-01,"2018-2018"
"2681",64.7464707646124,"Velavadar_LEK2",2018-10-01,2018-11-01,"2018-2018"
"2682",88.8718802858099,"Velavadar_LEK2",2018-10-01,2018-11-01,"2018-2018"
"2683",121.325861906807,"Velavadar_LEK2",2018-10-01,2018-11-01,"2018-2018"
"2684",140.756257482516,"Velavadar_LEK2",2018-10-01,2018-11-01,"2018-2018"
"2685",184.133306512332,"Velavadar_LEK2",2018-10-01,2018-11-01,"2018-2018"
"2686",149.775377572823,"Velavadar_LEK2",2018-10-01,2018-11-01,"2018-2018"
"2687",57.3609938179093,"Velavadar_LEK2",2018-10-01,2018-11-01,"2018-2018"
"2688",2.62915145860549,"Velavadar_LEK2",2018-10-01,2018-11-01,"2018-2018"
"2689",0.413347210143528,"Velavadar_LEK2",2018-10-01,2018-11-01,"2018-2018"
"2690",34.671537370714,"Velavadar_LEK2",2018-10-01,2018-11-01,"2018-2018"
"2691",82.1586638987696,"Velavadar_LEK2",2018-10-01,2018-11-01,"2018-2018"
"2692",103.685921044893,"Velavadar_LEK2",2018-10-01,2018-11-01,"2018-2018"
"2693",30.9684048387076,"Velavadar_LEK2",2018-10-01,2018-11-01,"2018-2018"
"2694",49.531856222593,"Velavadar_LEK2",2018-10-01,2018-11-01,"2018-2018"
"2695",112.722926931773,"Velavadar_LEK2",2018-10-01,2018-11-01,"2018-2018"
"2696",132.602214296181,"Velavadar_LEK2",2018-10-01,2018-11-01,"2018-2018"
"2697",156.797790477731,"Velavadar_LEK2",2018-10-01,2018-11-01,"2018-2018"
"2698",119.394064453243,"Velavadar_LEK2",2018-10-01,2018-11-01,"2018-2018"
"2699",147.154400701539,"Velavadar_LEK2",2018-10-01,2018-11-01,"2018-2018"
"2700",82.0003493122089,"Velavadar_LEK2",2018-10-01,2018-11-01,"2018-2018"
"2701",110.723445362772,"Velavadar_LEK2",2018-10-01,2018-11-01,"2018-2018"
"2702",93.4455178459165,"Velavadar_LEK2",2018-10-01,2018-11-01,"2018-2018"
"2703",45.2215557356194,"Velavadar_LEK2",2018-11-01,2021-03-01,"2018-2021"
"2704",11.6355855520888,"Velavadar_LEK2",2018-11-01,2021-03-01,"2018-2021"
"2705",23.3956715163934,"Velavadar_LEK2",2018-11-01,2021-03-01,"2018-2021"
"2706",124.912405670086,"Velavadar_LEK2",2018-11-01,2021-03-01,"2018-2021"
"2707",55.4716873557931,"Velavadar_LEK2",2018-11-01,2021-03-01,"2018-2021"
"2708",87.5555777788512,"Velavadar_LEK2",2018-11-01,2021-03-01,"2018-2021"
"2709",65.9158405985911,"Velavadar_LEK2",2018-11-01,2021-03-01,"2018-2021"
"2710",55.7232648188877,"Velavadar_LEK2",2018-11-01,2021-03-01,"2018-2021"
"2711",82.3164184588203,"Velavadar_LEK2",2018-11-01,2021-03-01,"2018-2021"
"2712",82.2204909169162,"Velavadar_LEK2",2018-11-01,2021-03-01,"2018-2021"
"2713",40.0916046407056,"Velavadar_LEK2",2018-11-01,2021-03-01,"2018-2021"
"2714",161.600267779029,"Velavadar_LEK2",2018-11-01,2021-03-01,"2018-2021"
"2715",196.945969092844,"Velavadar_LEK2",2018-11-01,2021-03-01,"2018-2021"
"2716",124.275109303112,"Velavadar_LEK2",2018-11-01,2021-03-01,"2018-2021"
"2717",181.101926243852,"Velavadar_LEK2",2018-11-01,2021-03-01,"2018-2021"
"2718",152.755213725266,"Velavadar_LEK2",2018-11-01,2021-03-01,"2018-2021"
"2719",162.580432353346,"Velavadar_LEK2",2018-11-01,2021-03-01,"2018-2021"
"2720",142.835224340362,"Velavadar_LEK2",2018-11-01,2021-03-01,"2018-2021"
"2721",148.360129529618,"Velavadar_LEK2",2018-11-01,2021-03-01,"2018-2021"
"2722",166.691380808744,"Velavadar_LEK2",2018-11-01,2021-03-01,"2018-2021"
"2723",36.2408915017237,"Velavadar_LEK2",2018-11-01,2021-03-01,"2018-2021"
"2724",71.975300729518,"Velavadar_LEK2",2018-11-01,2021-03-01,"2018-2021"
"2725",51.8055136235836,"Velavadar_LEK2",2018-11-01,2021-03-01,"2018-2021"
"2726",0.261825044870777,"Velavadar_LEK2",2018-11-01,2021-03-01,"2018-2021"
"2727",10.9842994264285,"Velavadar_LEK2",2018-11-01,2021-03-01,"2018-2021"
"2728",33.3891718246767,"Velavadar_LEK2",2018-11-01,2021-03-01,"2018-2021"
"2729",3.38033019837841,"Velavadar_LEK2",2018-11-01,2021-03-01,"2018-2021"
"2730",72.4857196708981,"Velavadar_LEK2",2018-11-01,2021-03-01,"2018-2021"
"2731",8.03460937617463,"Velavadar_LEK2",2018-11-01,2021-03-01,"2018-2021"
"2732",4.44413989094226,"Velavadar_LEK2",2018-11-01,2021-03-01,"2018-2021"
"2733",39.7731929130453,"Velavadar_LEK2",2018-11-01,2021-03-01,"2018-2021"
"2734",50.9444159692729,"Velavadar_LEK2",2018-11-01,2021-03-01,"2018-2021"
"2735",55.2786248307596,"Velavadar_LEK2",2018-11-01,2021-03-01,"2018-2021"
"2736",35.655150068899,"Velavadar_LEK2",2018-11-01,2021-03-01,"2018-2021"
"2737",3.00418374389288,"Velavadar_LEK2",2018-11-01,2021-03-01,"2018-2021"
"2738",20.8748749261752,"Velavadar_LEK2",2018-11-01,2021-03-01,"2018-2021"
"2739",14.3608426614312,"Velavadar_LEK2",2018-11-01,2021-03-01,"2018-2021"
"2740",35.670725296568,"Velavadar_LEK2",2018-11-01,2021-03-01,"2018-2021"
"2741",24.9238276903172,"Velavadar_LEK2",2018-11-01,2021-03-01,"2018-2021"
"2742",18.2239454002314,"Velavadar_LEK2",2018-11-01,2021-03-01,"2018-2021"
"2743",23.4103794591802,"Velavadar_LEK2",2018-11-01,2021-03-01,"2018-2021"
"2744",31.2997018406863,"Velavadar_LEK2",2018-11-01,2021-03-01,"2018-2021"
"2745",6.03319026256405,"Velavadar_LEK2",2018-11-01,2021-03-01,"2018-2021"
"2746",4.54138537087577,"Velavadar_LEK2",2018-11-01,2021-03-01,"2018-2021"
"2747",16.2383188813187,"Velavadar_LEK2",2018-11-01,2021-03-01,"2018-2021"
"2748",34.0481563205877,"Velavadar_LEK2",2018-11-01,2021-03-01,"2018-2021"
"2749",58.2319474657357,"Velavadar_LEK2",2018-11-01,2021-03-01,"2018-2021"
"2750",72.7253314214353,"Velavadar_LEK2",2018-11-01,2021-03-01,"2018-2021"
"2751",40.9333738878483,"Velavadar_LEK2",2018-11-01,2021-03-01,"2018-2021"
"2752",45.232749230343,"Velavadar_LEK2",2018-11-01,2021-03-01,"2018-2021"
"2753",28.7935964373477,"Velavadar_LEK2",2018-11-01,2021-03-01,"2018-2021"
"2754",99.7056711254634,"Velavadar_LEK2",2018-11-01,2021-03-01,"2018-2021"
"2755",117.148810832748,"Velavadar_LEK2",2018-11-01,2021-03-01,"2018-2021"
"2756",220.117010722577,"Velavadar_LEK2",2018-11-01,2021-03-01,"2018-2021"
"2757",112.69007707142,"Velavadar_LEK2",2018-11-01,2021-03-01,"2018-2021"
"2758",63.3351687400306,"Velavadar_LEK2",2018-11-01,2021-03-01,"2018-2021"
"2759",111.817043367529,"Velavadar_LEK2",2018-11-01,2021-03-01,"2018-2021"
"2760",90.8390256876462,"Velavadar_LEK2",2018-11-01,2021-03-01,"2018-2021"
"2761",43.9854502234684,"Velavadar_LEK2",2018-11-01,2021-03-01,"2018-2021"
"2762",47.0760941014441,"Velavadar_LEK2",2018-11-01,2021-03-01,"2018-2021"
"2763",79.1071977136845,"Velavadar_LEK2",2018-11-01,2021-03-01,"2018-2021"
"2764",21.7286261845016,"Velavadar_LEK2",2018-11-01,2021-03-01,"2018-2021"
"2765",44.2059044607235,"Velavadar_LEK2",2018-11-01,2021-03-01,"2018-2021"
"2766",81.705609407953,"Velavadar_LEK2",2018-11-01,2021-03-01,"2018-2021"
"2767",56.1308104733141,"Velavadar_LEK2",2018-11-01,2021-03-01,"2018-2021"
"2768",40.0901686444232,"Velavadar_LEK2",2018-11-01,2021-03-01,"2018-2021"
"2769",2.1895547016718,"Velavadar_LEK2",2018-11-01,2021-03-01,"2018-2021"
"2770",0.951169300893021,"Velavadar_LEK2",2018-11-01,2021-03-01,"2018-2021"
"2771",6.57029602450508,"Velavadar_LEK2",2018-11-01,2021-03-01,"2018-2021"
"2772",39.5085328567008,"Velavadar_LEK2",2018-11-01,2021-03-01,"2018-2021"
"2773",39.3635836844399,"Velavadar_LEK2",2018-11-01,2021-03-01,"2018-2021"
"2774",38.4081372728313,"Velavadar_LEK2",2018-11-01,2021-03-01,"2018-2021"
"2775",14.846919877196,"Velavadar_LEK2",2018-11-01,2021-03-01,"2018-2021"
"2776",1.32221689665972,"Velavadar_LEK2",2018-11-01,2021-03-01,"2018-2021"
"2777",0.701086139923847,"Velavadar_LEK2",2018-11-01,2021-03-01,"2018-2021"
"2778",1.41321096340106,"Velavadar_LEK2",2018-11-01,2021-03-01,"2018-2021"
"2779",0.298490261433838,"Velavadar_LEK2",2018-11-01,2021-03-01,"2018-2021"
"2780",1.35462248672182,"Velavadar_LEK2",2018-11-01,2021-03-01,"2018-2021"
"2781",18.4697659290863,"Velavadar_LEK2",2018-11-01,2021-03-01,"2018-2021"
"2782",1.73476038854183,"Velavadar_LEK2",2018-11-01,2021-03-01,"2018-2021"
"2783",20.59613198787,"Velavadar_LEK2",2018-11-01,2021-03-01,"2018-2021"
"2784",1.65646442418003,"Velavadar_LEK2",2018-11-01,2021-03-01,"2018-2021"
"2785",23.5334681458567,"Velavadar_LEK2",2018-11-01,2021-03-01,"2018-2021"
"2786",29.9239375248644,"Velavadar_LEK2",2018-11-01,2021-03-01,"2018-2021"
"2787",39.0845678119636,"Velavadar_LEK2",2018-11-01,2021-03-01,"2018-2021"
"2788",21.6960457443822,"Velavadar_LEK2",2018-11-01,2021-03-01,"2018-2021"
"2789",13.0447243512382,"Velavadar_LEK2",2018-11-01,2021-03-01,"2018-2021"
"2790",2.34146785768362,"Velavadar_LEK2",2018-11-01,2021-03-01,"2018-2021"
"2791",22.8630932363504,"Velavadar_LEK2",2018-11-01,2021-03-01,"2018-2021"
"2792",1.78219349247078,"Velavadar_LEK2",2018-11-01,2021-03-01,"2018-2021"
"2793",38.926819751002,"Velavadar_LEK2",2018-11-01,2021-03-01,"2018-2021"
"2794",17.0335506752797,"Velavadar_LEK2",2018-11-01,2021-03-01,"2018-2021"
"2795",23.3567308239362,"Velavadar_LEK2",2018-11-01,2021-03-01,"2018-2021"
"2796",19.7610445076577,"Velavadar_LEK2",2018-11-01,2021-03-01,"2018-2021"
"2797",0.823183691273851,"Velavadar_LEK2",2018-11-01,2021-03-01,"2018-2021"
"2798",24.1893120754704,"Velavadar_LEK2",2018-11-01,2021-03-01,"2018-2021"
"2799",1.4537552468444,"Velavadar_LEK2",2018-11-01,2021-03-01,"2018-2021"
"2800",11.768787739119,"Velavadar_LEK2",2018-11-01,2021-03-01,"2018-2021"
"2801",14.4410970392142,"Velavadar_LEK2",2018-11-01,2021-03-01,"2018-2021"
"2802",24.861022197061,"Velavadar_LEK2",2018-11-01,2021-03-01,"2018-2021"
"2803",3.24608809458359,"Velavadar_LEK2",2018-11-01,2021-03-01,"2018-2021"
"2804",17.9793757062537,"Velavadar_LEK2",2018-11-01,2021-03-01,"2018-2021"
"2805",16.9188461662667,"Velavadar_LEK2",2018-11-01,2021-03-01,"2018-2021"
"2806",0.696814910782984,"Velavadar_LEK2",2018-11-01,2021-03-01,"2018-2021"
"2807",28.6089602070485,"Velavadar_LEK2",2018-11-01,2021-03-01,"2018-2021"
"2808",0.432858406639514,"Velavadar_LEK2",2018-11-01,2021-03-01,"2018-2021"
"2809",18.419472915969,"Velavadar_LEK2",2018-11-01,2021-03-01,"2018-2021"
"2810",34.0122759226828,"Velavadar_LEK2",2018-11-01,2021-03-01,"2018-2021"
"2811",22.8977770313749,"Velavadar_LEK2",2018-11-01,2021-03-01,"2018-2021"
"2812",24.7342296980043,"Velavadar_LEK2",2018-11-01,2021-03-01,"2018-2021"
"2813",0.945525648622791,"Velavadar_LEK2",2018-11-01,2021-03-01,"2018-2021"
"2814",0.549419931974312,"Velavadar_LEK2",2018-11-01,2021-03-01,"2018-2021"
"2815",1.86781663743965,"Velavadar_LEK2",2018-11-01,2021-03-01,"2018-2021"
"2816",27.1227922727314,"Velavadar_LEK2",2018-11-01,2021-03-01,"2018-2021"
"2817",1.56169302822457,"Velavadar_LEK2",2018-11-01,2021-03-01,"2018-2021"
"2818",20.3637438583121,"Velavadar_LEK2",2018-11-01,2021-03-01,"2018-2021"
"2819",1.94890420375413,"Velavadar_LEK2",2018-11-01,2021-03-01,"2018-2021"
"2820",0.656343050756863,"Velavadar_LEK2",2018-11-01,2021-03-01,"2018-2021"
"2821",1.06745011050054,"Velavadar_LEK2",2018-11-01,2021-03-01,"2018-2021"
"2822",15.5342109112921,"Velavadar_LEK2",2018-11-01,2021-03-01,"2018-2021"
"2823",17.717532945326,"Velavadar_LEK2",2018-11-01,2021-03-01,"2018-2021"
"2824",24.4244146618592,"Velavadar_LEK2",2018-11-01,2021-03-01,"2018-2021"
"2825",24.7336348601648,"Velavadar_LEK2",2018-11-01,2021-03-01,"2018-2021"
"2826",14.4535597225824,"Velavadar_LEK2",2018-11-01,2021-03-01,"2018-2021"
"2827",3.15994833260508,"Velavadar_LEK2",2018-11-01,2021-03-01,"2018-2021"
"2828",3.31091926594567,"Velavadar_LEK2",2018-11-01,2021-03-01,"2018-2021"
"2829",0.263332556911439,"Velavadar_LEK2",2018-11-01,2021-03-01,"2018-2021"
"2830",2.51437455652758,"Velavadar_LEK2",2018-11-01,2021-03-01,"2018-2021"
"2831",9.73074334678912,"Velavadar_LEK2",2018-11-01,2021-03-01,"2018-2021"
"2832",2.0317599185744,"Velavadar_LEK2",2018-11-01,2021-03-01,"2018-2021"
"2833",2.2145858271551,"Velavadar_LEK2",2018-11-01,2021-03-01,"2018-2021"
"2834",13.3943391048196,"Velavadar_LEK2",2018-11-01,2021-03-01,"2018-2021"
"2835",9.39013453443587,"Velavadar_LEK2",2018-11-01,2021-03-01,"2018-2021"
"2836",7.98582086120629,"Velavadar_LEK2",2018-11-01,2021-03-01,"2018-2021"
"2837",16.9546732674756,"Velavadar_LEK2",2018-11-01,2021-03-01,"2018-2021"
"2838",17.8463698327721,"Velavadar_LEK2",2018-11-01,2021-03-01,"2018-2021"
"2839",3.66096850437317,"Velavadar_LEK2",2018-11-01,2021-03-01,"2018-2021"
"2840",17.9911744796589,"Velavadar_LEK2",2018-11-01,2021-03-01,"2018-2021"
"2841",20.1656891740643,"Velavadar_LEK2",2018-11-01,2021-03-01,"2018-2021"
"2842",5.23001864213232,"Velavadar_LEK2",2018-11-01,2021-03-01,"2018-2021"
"2843",4.17347572522052,"Velavadar_LEK2",2018-11-01,2021-03-01,"2018-2021"
"2844",16.3332454430553,"Velavadar_LEK2",2018-11-01,2021-03-01,"2018-2021"
"2845",22.928229407237,"Velavadar_LEK2",2018-11-01,2021-03-01,"2018-2021"
"2846",21.1427739632574,"Velavadar_LEK2",2018-11-01,2021-03-01,"2018-2021"
"2847",138.966574542643,"Velavadar_LEK2",2018-11-01,2021-03-01,"2018-2021"
"2848",168.378055615575,"Velavadar_LEK2",2018-11-01,2021-03-01,"2018-2021"
"2849",43.4855182264478,"Velavadar_LEK2",2018-11-01,2021-03-01,"2018-2021"
"2850",14.1062639759904,"Velavadar_LEK2",2018-11-01,2021-03-01,"2018-2021"
"2851",2.02456685298875,"Velavadar_LEK2",2018-11-01,2021-03-01,"2018-2021"
"2852",36.1786905711194,"Velavadar_LEK2",2018-11-01,2021-03-01,"2018-2021"
"2853",113.072965042598,"Velavadar_LEK2",2018-11-01,2021-03-01,"2018-2021"
"2854",157.239004454876,"Velavadar_LEK2",2018-11-01,2021-03-01,"2018-2021"
"2855",76.8102808153145,"Velavadar_LEK2",2021-03-01,2021-12-01,"2021-2021"
"2856",2.37469918368188,"Velavadar_LEK2",2021-03-01,2021-12-01,"2021-2021"
"2857",1.57619290137568,"Velavadar_LEK2",2021-03-01,2021-12-01,"2021-2021"
"2858",1.38549609663562,"Velavadar_LEK2",2021-03-01,2021-12-01,"2021-2021"
"2859",24.6053327001846,"Velavadar_LEK2",2021-03-01,2021-12-01,"2021-2021"
"2860",0.367095366201417,"Velavadar_LEK2",2021-03-01,2021-12-01,"2021-2021"
"2861",1.05836539152836,"Velavadar_LEK2",2021-03-01,2021-12-01,"2021-2021"
"2862",1.32174579276676,"Velavadar_LEK2",2021-03-01,2021-12-01,"2021-2021"
"2863",1.62406946912432,"Velavadar_LEK2",2021-03-01,2021-12-01,"2021-2021"
"2864",2.85627949741467,"Velavadar_LEK2",2021-03-01,2021-12-01,"2021-2021"
"2865",1.55039041207772,"Velavadar_LEK2",2021-03-01,2021-12-01,"2021-2021"
"2866",1.70244043013792,"Velavadar_LEK2",2021-03-01,2021-12-01,"2021-2021"
"2867",15.4160141146759,"Velavadar_LEK2",2021-03-01,2021-12-01,"2021-2021"
"2868",4.59035144292687,"Velavadar_LEK2",2021-03-01,2021-12-01,"2021-2021"
"2869",0.720399591056623,"Velavadar_LEK2",2021-03-01,2021-12-01,"2021-2021"
"2870",19.7125836547683,"Velavadar_LEK2",2021-03-01,2021-12-01,"2021-2021"
"2871",2.50838792838055,"Velavadar_LEK2",2021-03-01,2021-12-01,"2021-2021"
"2872",3.08215227387196,"Velavadar_LEK2",2021-03-01,2021-12-01,"2021-2021"
"2873",1.81250691152049,"Velavadar_LEK2",2021-03-01,2021-12-01,"2021-2021"
"2874",3.78488054119185,"Velavadar_LEK2",2021-03-01,2021-12-01,"2021-2021"
"2875",0.712746568077734,"Velavadar_LEK2",2021-03-01,2021-12-01,"2021-2021"
"2876",1.37468409692363,"Velavadar_LEK2",2021-03-01,2021-12-01,"2021-2021"
"2877",19.8447491403327,"Velavadar_LEK2",2021-03-01,2021-12-01,"2021-2021"
"2878",1.10922022103541,"Velavadar_LEK2",2021-03-01,2021-12-01,"2021-2021"
"2879",4.48565545368295,"Velavadar_LEK2",2021-03-01,2021-12-01,"2021-2021"
"2880",16.9890626304405,"Velavadar_LEK2",2021-03-01,2021-12-01,"2021-2021"
"2881",18.6978867727096,"Velavadar_LEK2",2021-03-01,2021-12-01,"2021-2021"
"2882",1.29149274472713,"Velavadar_LEK2",2021-03-01,2021-12-01,"2021-2021"
"2883",16.4230641853603,"Velavadar_LEK2",2021-03-01,2021-12-01,"2021-2021"
"2884",0.726978160711543,"Velavadar_LEK2",2021-03-01,2021-12-01,"2021-2021"
"2885",0.445946843493194,"Velavadar_LEK2",2021-03-01,2021-12-01,"2021-2021"
"2886",13.9367203825229,"Velavadar_LEK2",2021-03-01,2021-12-01,"2021-2021"
"2887",0.816012011844195,"Velavadar_LEK2",2021-03-01,2021-12-01,"2021-2021"
"2888",11.5355883905884,"Velavadar_LEK2",2021-03-01,2021-12-01,"2021-2021"
"2889",1.59598948728536,"Velavadar_LEK2",2021-03-01,2021-12-01,"2021-2021"
"2890",0.529543476756063,"Velavadar_LEK2",2021-03-01,2021-12-01,"2021-2021"
"2891",1.7384065373354,"Velavadar_LEK2",2021-03-01,2021-12-01,"2021-2021"
"2892",0.612061215524857,"Velavadar_LEK2",2021-03-01,2021-12-01,"2021-2021"
"2893",0.736298560799644,"Velavadar_LEK2",2021-03-01,2021-12-01,"2021-2021"
"2894",12.5613454262113,"Velavadar_LEK2",2021-03-01,2021-12-01,"2021-2021"
"2895",13.4671674291294,"Velavadar_LEK2",2021-03-01,2021-12-01,"2021-2021"
"2896",0.969397940524683,"Velavadar_LEK2",2021-03-01,2021-12-01,"2021-2021"
"2897",10.7769056156331,"Velavadar_LEK2",2021-03-01,2021-12-01,"2021-2021"
"2898",16.9464928452836,"Velavadar_LEK2",2021-03-01,2021-12-01,"2021-2021"
"2899",1.08844526818589,"Velavadar_LEK2",2021-03-01,2021-12-01,"2021-2021"
"2900",1.99745676631005,"Velavadar_LEK2",2021-03-01,2021-12-01,"2021-2021"
"2901",10.7351787627446,"Velavadar_LEK2",2021-03-01,2021-12-01,"2021-2021"
"2902",25.9854844027213,"Velavadar_LEK2",2021-03-01,2021-12-01,"2021-2021"
"2903",0.969699468016206,"Velavadar_LEK2",2021-03-01,2021-12-01,"2021-2021"
"2904",0.459978874678523,"Velavadar_LEK2",2021-03-01,2021-12-01,"2021-2021"
"2905",1.43673181432705,"Velavadar_LEK2",2021-03-01,2021-12-01,"2021-2021"
"2906",17.8941755236169,"Velavadar_LEK2",2021-03-01,2021-12-01,"2021-2021"
"2907",16.7004927751371,"Velavadar_LEK2",2021-03-01,2021-12-01,"2021-2021"
"2908",1.59056738675721,"Velavadar_LEK2",2021-03-01,2021-12-01,"2021-2021"
"2909",1.1700845480019,"Velavadar_LEK2",2021-03-01,2021-12-01,"2021-2021"
"2910",1.41687810074616,"Velavadar_LEK2",2021-03-01,2021-12-01,"2021-2021"
"2911",0.839828672376595,"Velavadar_LEK2",2021-03-01,2021-12-01,"2021-2021"
"2912",1.19107061789295,"Velavadar_LEK2",2021-03-01,2021-12-01,"2021-2021"
"2913",0.750934805137451,"Velavadar_LEK2",2021-03-01,2021-12-01,"2021-2021"
"2914",1.74270032847459,"Velavadar_LEK2",2021-03-01,2021-12-01,"2021-2021"
"2915",24.510923171041,"Velavadar_LEK2",2021-03-01,2021-12-01,"2021-2021"
"2916",1.67067644422407,"Velavadar_LEK2",2021-03-01,2021-12-01,"2021-2021"
"2917",10.4518392242951,"Velavadar_LEK2",2021-03-01,2021-12-01,"2021-2021"
"2918",1.76630293112815,"Velavadar_LEK2",2021-03-01,2021-12-01,"2021-2021"
"2919",0.988403245718173,"Velavadar_LEK2",2021-03-01,2021-12-01,"2021-2021"
"2920",0.895079174466784,"Velavadar_LEK2",2021-03-01,2021-12-01,"2021-2021"
"2921",7.53912580672248,"Velavadar_LEK2",2021-03-01,2021-12-01,"2021-2021"
"2922",0.649210372303779,"Velavadar_LEK2",2021-03-01,2021-12-01,"2021-2021"
"2923",5.93530983558081,"Velavadar_LEK2",2021-03-01,2021-12-01,"2021-2021"
"2924",0.858847635700075,"Velavadar_LEK2",2021-03-01,2021-12-01,"2021-2021"
"2925",3.81131402325244,"Velavadar_LEK2",2021-03-01,2021-12-01,"2021-2021"
"2926",10.1826824931262,"Velavadar_LEK2",2021-03-01,2021-12-01,"2021-2021"
"2927",0.595213554359925,"Velavadar_LEK2",2021-03-01,2021-12-01,"2021-2021"
"2928",1.36977760285511,"Velavadar_LEK2",2021-03-01,2021-12-01,"2021-2021"
"2929",1.39166950032289,"Velavadar_LEK2",2021-03-01,2021-12-01,"2021-2021"
"2930",9.96451488104846,"Velavadar_LEK2",2021-03-01,2021-12-01,"2021-2021"
"2931",0.129973827750601,"Velavadar_LEK2",2021-03-01,2021-12-01,"2021-2021"
"2932",10.8415475232939,"Velavadar_LEK2",2021-03-01,2021-12-01,"2021-2021"
"2933",1.2409949418543,"Velavadar_LEK2",2021-03-01,2021-12-01,"2021-2021"
"2934",15.6126505906372,"Velavadar_LEK2",2021-03-01,2021-12-01,"2021-2021"
"2935",0.846530117936747,"Velavadar_LEK2",2021-03-01,2021-12-01,"2021-2021"
"2936",16.5534752198338,"Velavadar_LEK2",2021-03-01,2021-12-01,"2021-2021"
"2937",17.7412855105493,"Velavadar_LEK2",2021-03-01,2021-12-01,"2021-2021"
"2938",5.22622241506364,"Velavadar_LEK2",2021-03-01,2021-12-01,"2021-2021"
"2939",4.87427161870522,"Velavadar_LEK2",2021-03-01,2021-12-01,"2021-2021"
"2940",2.07388729442571,"Velavadar_LEK2",2021-03-01,2021-12-01,"2021-2021"
"2941",1.5581267906076,"Velavadar_LEK2",2021-03-01,2021-12-01,"2021-2021"
"2942",10.0475704556192,"Velavadar_LEK2",2021-03-01,2021-12-01,"2021-2021"
"2943",1.98129020450442,"Velavadar_LEK2",2021-03-01,2021-12-01,"2021-2021"
"2944",1.03279374884452,"Velavadar_LEK2",2021-03-01,2021-12-01,"2021-2021"
"2945",105.203777374655,"Velavadar_LEK2",2021-03-01,2021-12-01,"2021-2021"
"2946",73.2864417008662,"Velavadar_LEK2",2021-03-01,2021-12-01,"2021-2021"
"2947",30.2650932309773,"Velavadar_LEK2",2021-03-01,2021-12-01,"2021-2021"
"2948",1.04680001499664,"Velavadar_LEK2",2021-03-01,2021-12-01,"2021-2021"
"2949",34.7096211227298,"Velavadar_LEK2",2021-03-01,2021-12-01,"2021-2021"
"2950",2.54244345631816,"Velavadar_LEK2",2021-12-01,2022-12-01,"2021-2022"
"2951",1.30922365368137,"Velavadar_LEK2",2021-12-01,2022-12-01,"2021-2022"
"2952",12.7990891819325,"Velavadar_LEK2",2021-12-01,2022-12-01,"2021-2022"
"2953",0.446538619831732,"Velavadar_LEK2",2021-12-01,2022-12-01,"2021-2022"
"2954",1.94970648663517,"Velavadar_LEK2",2021-12-01,2022-12-01,"2021-2022"
"2955",0.0157056861889023,"Velavadar_LEK2",2021-12-01,2022-12-01,"2021-2022"
"2956",15.6422022982115,"Velavadar_LEK2",2021-12-01,2022-12-01,"2021-2022"
"2957",11.0187741660917,"Velavadar_LEK2",2021-12-01,2022-12-01,"2021-2022"
"2958",17.4325577984746,"Velavadar_LEK2",2021-12-01,2022-12-01,"2021-2022"
"2959",11.7961776146251,"Velavadar_LEK2",2021-12-01,2022-12-01,"2021-2022"
"2960",14.5656097237959,"Velavadar_LEK2",2021-12-01,2022-12-01,"2021-2022"
"2961",13.9602193722548,"Velavadar_LEK2",2021-12-01,2022-12-01,"2021-2022"
"2962",14.9159618196654,"Velavadar_LEK2",2021-12-01,2022-12-01,"2021-2022"
"2963",10.0123970243591,"Velavadar_LEK2",2021-12-01,2022-12-01,"2021-2022"
"2964",6.13774454487504,"Velavadar_LEK2",2021-12-01,2022-12-01,"2021-2022"
"2965",0.606662102675653,"Velavadar_LEK2",2021-12-01,2022-12-01,"2021-2022"
"2966",0.22803825474208,"Velavadar_LEK2",2021-12-01,2022-12-01,"2021-2022"
"2967",5.1258216142874,"Velavadar_LEK2",2021-12-01,2022-12-01,"2021-2022"
"2968",10.0421245006043,"Velavadar_LEK2",2021-12-01,2022-12-01,"2021-2022"
"2969",3.33457503789858,"Velavadar_LEK2",2021-12-01,2022-12-01,"2021-2022"
"2970",0.0480765670926279,"Velavadar_LEK2",2021-12-01,2022-12-01,"2021-2022"
"2971",0.517985803858788,"Velavadar_LEK2",2021-12-01,2022-12-01,"2021-2022"
"2972",11.2483712651674,"Velavadar_LEK2",2021-12-01,2022-12-01,"2021-2022"
"2973",5.24087018451278,"Velavadar_LEK2",2021-12-01,2022-12-01,"2021-2022"
"2974",0.448208261630651,"Velavadar_LEK2",2021-12-01,2022-12-01,"2021-2022"
"2975",0.634824508711423,"Velavadar_LEK2",2021-12-01,2022-12-01,"2021-2022"
"2976",12.2752042120486,"Velavadar_LEK2",2021-12-01,2022-12-01,"2021-2022"
"2977",6.59843490455872,"Velavadar_LEK2",2021-12-01,2022-12-01,"2021-2022"
"2978",1.28117985038791,"Velavadar_LEK2",2021-12-01,2022-12-01,"2021-2022"
"2979",9.63534322910198,"Velavadar_LEK2",2021-12-01,2022-12-01,"2021-2022"
"2980",28.5114021621776,"Velavadar_LEK2",2021-12-01,2022-12-01,"2021-2022"
"2981",24.1245784606683,"Velavadar_LEK2",2021-12-01,2022-12-01,"2021-2022"
"2982",8.9945845614704,"Velavadar_LEK2",2021-12-01,2022-12-01,"2021-2022"
"2983",0.262140145336927,"Velavadar_LEK2",2021-12-01,2022-12-01,"2021-2022"
"2984",17.6578172503424,"Velavadar_LEK2",2021-12-01,2022-12-01,"2021-2022"
"2985",9.48450452341836,"Velavadar_LEK2",2021-12-01,2022-12-01,"2021-2022"
"2986",21.167623222255,"Velavadar_LEK2",2021-12-01,2022-12-01,"2021-2022"
"2987",13.5527460684839,"Velavadar_LEK2",2021-12-01,2022-12-01,"2021-2022"
"2988",17.4457120326446,"Velavadar_LEK2",2021-12-01,2022-12-01,"2021-2022"
"2989",26.5210592201781,"Velavadar_LEK2",2021-12-01,2022-12-01,"2021-2022"
"2990",24.9680324843635,"Velavadar_LEK2",2021-12-01,2022-12-01,"2021-2022"
"2991",0.938288593531119,"Velavadar_LEK2",2021-12-01,2022-12-01,"2021-2022"
"2992",5.97634513533282,"Velavadar_LEK2",2021-12-01,2022-12-01,"2021-2022"
"2993",8.65487225323106,"Velavadar_LEK2",2021-12-01,2022-12-01,"2021-2022"
"2994",34.387384196352,"Velavadar_LEK2",2021-12-01,2022-12-01,"2021-2022"
"2995",25.5000600639051,"Velavadar_LEK2",2021-12-01,2022-12-01,"2021-2022"
"2996",0.625597310732992,"Velavadar_LEK2",2021-12-01,2022-12-01,"2021-2022"
"2997",0.118550364889236,"Velavadar_LEK2",2021-12-01,2022-12-01,"2021-2022"
"2998",0.174866870647744,"Velavadar_LEK2",2021-12-01,2022-12-01,"2021-2022"
"2999",0.264014414043251,"Velavadar_LEK2",2021-12-01,2022-12-01,"2021-2022"
"3000",18.0109734238086,"Velavadar_LEK2",2021-12-01,2022-12-01,"2021-2022"
"3001",13.7579459161316,"Velavadar_LEK2",2021-12-01,2022-12-01,"2021-2022"
"3002",1.75805861196783,"Velavadar_LEK2",2021-12-01,2022-12-01,"2021-2022"
"3003",3.69599378112545,"Velavadar_LEK2",2021-12-01,2022-12-01,"2021-2022"
"3004",0.310916345281882,"Velavadar_LEK2",2021-12-01,2022-12-01,"2021-2022"
"3005",34.3818261763112,"Velavadar_LEK2",2021-12-01,2022-12-01,"2021-2022"
"3006",7.52844775783163,"Velavadar_LEK2",2021-12-01,2022-12-01,"2021-2022"
"3007",1.24778286881239,"Velavadar_LEK2",2021-12-01,2022-12-01,"2021-2022"
"3008",6.83462163075554,"Velavadar_LEK2",2021-12-01,2022-12-01,"2021-2022"
"3009",15.4978789516726,"Velavadar_LEK2",2021-12-01,2022-12-01,"2021-2022"
"3010",1.8385133343756,"Velavadar_LEK2",2021-12-01,2022-12-01,"2021-2022"
"3011",1.99098173542168,"Velavadar_LEK2",2021-12-01,2022-12-01,"2021-2022"
"3012",0.818030856146816,"Velavadar_LEK2",2021-12-01,2022-12-01,"2021-2022"
"3013",5.8194046417634,"Velavadar_LEK2",2021-12-01,2022-12-01,"2021-2022"
"3014",24.0270207035932,"Velavadar_LEK2",2021-12-01,2022-12-01,"2021-2022"
"3015",3.08143476618191,"Velavadar_LEK2",2021-12-01,2022-12-01,"2021-2022"
"3016",0.828457035385404,"Velavadar_LEK2",2021-12-01,2022-12-01,"2021-2022"
"3017",1.51761324784623,"Velavadar_LEK2",2021-12-01,2022-12-01,"2021-2022"
"3018",14.2501747228718,"Velavadar_LEK2",2021-12-01,2022-12-01,"2021-2022"
"3019",12.7091971586816,"Velavadar_LEK2",2021-12-01,2022-12-01,"2021-2022"
"3020",0.803563525171793,"Velavadar_LEK2",2021-12-01,2022-12-01,"2021-2022"
"3021",7.3130384362139,"Velavadar_LEK2",2021-12-01,2022-12-01,"2021-2022"
"3022",0.740113516567442,"Velavadar_LEK2",2021-12-01,2022-12-01,"2021-2022"
"3023",0.406801126103931,"Velavadar_LEK2",2021-12-01,2022-12-01,"2021-2022"
"3024",0.313730195206491,"Velavadar_LEK2",2021-12-01,2022-12-01,"2021-2022"
"3025",11.0342980704918,"Velavadar_LEK2",2021-12-01,2022-12-01,"2021-2022"
"3026",12.9155643025051,"Velavadar_LEK2",2021-12-01,2022-12-01,"2021-2022"
"3027",16.7093995248636,"Velavadar_LEK2",2021-12-01,2022-12-01,"2021-2022"
"3028",0.470684217167882,"Velavadar_LEK2",2021-12-01,2022-12-01,"2021-2022"
"3029",22.824124738529,"Velavadar_LEK2",2021-12-01,2022-12-01,"2021-2022"
"3030",0.315682423285134,"Velavadar_LEK2",2021-12-01,2022-12-01,"2021-2022"
"3031",16.7378401745904,"Velavadar_LEK2",2021-12-01,2022-12-01,"2021-2022"
"3032",0.280160861614208,"Velavadar_LEK2",2021-12-01,2022-12-01,"2021-2022"
"3033",24.4280078068923,"Velavadar_LEK2",2021-12-01,2022-12-01,"2021-2022"
"3034",30.081626936235,"Velavadar_LEK2",2021-12-01,2022-12-01,"2021-2022"
"3035",34.8266794464407,"Velavadar_LEK2",2021-12-01,2022-12-01,"2021-2022"
"3036",17.5895615510281,"Velavadar_LEK2",2021-12-01,2022-12-01,"2021-2022"
"3037",29.2847950471797,"Velavadar_LEK2",2021-12-01,2022-12-01,"2021-2022"
"3038",0.411098932165088,"Velavadar_LEK2",2021-12-01,2022-12-01,"2021-2022"
"3039",39.108072762975,"Velavadar_LEK2",2021-12-01,2022-12-01,"2021-2022"
"3040",44.0472004430883,"Velavadar_LEK2",2021-12-01,2022-12-01,"2021-2022"
"3041",1.84687778641531,"Velavadar_LEK2",2021-12-01,2022-12-01,"2021-2022"
"3042",42.9857325747245,"Velavadar_LEK2",2021-12-01,2022-12-01,"2021-2022"
"3043",40.1775471204036,"Velavadar_LEK2",2021-12-01,2022-12-01,"2021-2022"
"3044",15.2169078737446,"Velavadar_LEK2",2021-12-01,2022-12-01,"2021-2022"
"3045",22.5658521430711,"Velavadar_LEK2",2021-12-01,2022-12-01,"2021-2022"
"3046",13.3438461220794,"Velavadar_LEK2",2021-12-01,2022-12-01,"2021-2022"
"3047",19.687127676128,"Velavadar_LEK2",2021-12-01,2022-12-01,"2021-2022"
"3048",0.690971403377933,"Velavadar_LEK2",2021-12-01,2022-12-01,"2021-2022"
"3049",10.9583277049445,"Velavadar_LEK2",2021-12-01,2022-12-01,"2021-2022"
"3050",3.43919714331718,"Velavadar_LEK2",2021-12-01,2022-12-01,"2021-2022"
"3051",11.4489166541618,"Velavadar_LEK2",2021-12-01,2022-12-01,"2021-2022"
"3052",14.6323910889811,"Velavadar_LEK2",2021-12-01,2022-12-01,"2021-2022"
"3053",5.22854166309899,"Velavadar_LEK2",2021-12-01,2022-12-01,"2021-2022"
"3054",0.316158762836646,"Velavadar_LEK2",2021-12-01,2022-12-01,"2021-2022"
"3055",8.67637196444252,"Velavadar_LEK2",2021-12-01,2022-12-01,"2021-2022"
"3056",1.22890180686312,"Velavadar_LEK2",2021-12-01,2022-12-01,"2021-2022"
"3057",419.330936084593,"Velavadar_LEK2",2021-12-01,2022-12-01,"2021-2022"
"3058",263.102702133317,"Velavadar_LEK2",2021-12-01,2022-12-01,"2021-2022"
"3059",55.080811882236,"Velavadar_LEK2",2022-12-01,2024-05-01,"2022-2024"
"3060",86.6772776442801,"Velavadar_LEK2",2022-12-01,2024-05-01,"2022-2024"
"3061",49.7609978578952,"Velavadar_LEK2",2022-12-01,2024-05-01,"2022-2024"
"3062",119.584328445238,"Velavadar_LEK2",2022-12-01,2024-05-01,"2022-2024"
"3063",182.231642202492,"Velavadar_LEK2",2022-12-01,2024-05-01,"2022-2024"
"3064",190.829317644241,"Velavadar_LEK2",2022-12-01,2024-05-01,"2022-2024"
"3065",129.204075177892,"Velavadar_LEK2",2022-12-01,2024-05-01,"2022-2024"
"3066",190.203585901104,"Velavadar_LEK2",2022-12-01,2024-05-01,"2022-2024"
"3067",164.295914819478,"Velavadar_LEK2",2022-12-01,2024-05-01,"2022-2024"
"3068",144.89522887011,"Velavadar_LEK2",2022-12-01,2024-05-01,"2022-2024"
"3069",135.352305101955,"Velavadar_LEK2",2022-12-01,2024-05-01,"2022-2024"
"3070",210.865449207288,"Velavadar_LEK2",2022-12-01,2024-05-01,"2022-2024"
"3071",213.494393287004,"Velavadar_LEK2",2022-12-01,2024-05-01,"2022-2024"
"3072",215.699042981017,"Velavadar_LEK2",2022-12-01,2024-05-01,"2022-2024"
"3073",185.476353103094,"Velavadar_LEK2",2022-12-01,2024-05-01,"2022-2024"
"3074",209.928768882085,"Velavadar_LEK2",2022-12-01,2024-05-01,"2022-2024"
"3075",218.331094516716,"Velavadar_LEK2",2022-12-01,2024-05-01,"2022-2024"
"3076",236.903365263917,"Velavadar_LEK2",2022-12-01,2024-05-01,"2022-2024"
"3077",151.63563589193,"Velavadar_LEK2",2022-12-01,2024-05-01,"2022-2024"
"3078",149.235402088235,"Velavadar_LEK2",2022-12-01,2024-05-01,"2022-2024"
"3079",171.367324106058,"Velavadar_LEK2",2022-12-01,2024-05-01,"2022-2024"
"3080",136.069246069686,"Velavadar_LEK2",2022-12-01,2024-05-01,"2022-2024"
"3081",120.94221878652,"Velavadar_LEK2",2022-12-01,2024-05-01,"2022-2024"
"3082",162.813956657177,"Velavadar_LEK2",2022-12-01,2024-05-01,"2022-2024"
"3083",208.660534189594,"Velavadar_LEK2",2022-12-01,2024-05-01,"2022-2024"
"3084",191.426149665316,"Velavadar_LEK2",2022-12-01,2024-05-01,"2022-2024"
"3085",262.567997532335,"Velavadar_LEK2",2022-12-01,2024-05-01,"2022-2024"
"3086",124.041054391472,"Velavadar_LEK2",2022-12-01,2024-05-01,"2022-2024"
"3087",86.7164676886953,"Velavadar_LEK2",2022-12-01,2024-05-01,"2022-2024"
"3088",107.477222786683,"Velavadar_LEK2",2022-12-01,2024-05-01,"2022-2024"
"3089",61.4840860350411,"Velavadar_LEK2",2022-12-01,2024-05-01,"2022-2024"
"3090",47.7398662502863,"Velavadar_LEK2",2022-12-01,2024-05-01,"2022-2024"
"3091",89.3130058330512,"Velavadar_LEK2",2022-12-01,2024-05-01,"2022-2024"
"3092",136.92347159638,"Velavadar_LEK2",2022-12-01,2024-05-01,"2022-2024"
"3093",102.315873119841,"Velavadar_LEK2",2022-12-01,2024-05-01,"2022-2024"
"3094",89.989918338866,"Velavadar_LEK2",2022-12-01,2024-05-01,"2022-2024"
"3095",57.2578779466048,"Velavadar_LEK2",2022-12-01,2024-05-01,"2022-2024"
"3096",43.5220103544372,"Velavadar_LEK2",2022-12-01,2024-05-01,"2022-2024"
"3097",191.26213356109,"Velavadar_LEK2",2022-12-01,2024-05-01,"2022-2024"
"3098",188.928062567614,"Velavadar_LEK2",2022-12-01,2024-05-01,"2022-2024"
"3099",157.879606159348,"Velavadar_LEK2",2022-12-01,2024-05-01,"2022-2024"
"3100",140.056482673934,"Velavadar_LEK2",2022-12-01,2024-05-01,"2022-2024"
"3101",242.489213817907,"Velavadar_LEK2",2022-12-01,2024-05-01,"2022-2024"
"3102",242.634071201503,"Velavadar_LEK2",2022-12-01,2024-05-01,"2022-2024"
"3103",207.473019106511,"Velavadar_LEK2",2022-12-01,2024-05-01,"2022-2024"
"3104",186.51990828915,"Velavadar_LEK2",2022-12-01,2024-05-01,"2022-2024"
"3105",180.334440016631,"Velavadar_LEK2",2022-12-01,2024-05-01,"2022-2024"
"3106",153.485792449788,"Velavadar_LEK2",2022-12-01,2024-05-01,"2022-2024"
"3107",171.25776115585,"Velavadar_LEK2",2022-12-01,2024-05-01,"2022-2024"
"3108",147.152295597525,"Velavadar_LEK2",2022-12-01,2024-05-01,"2022-2024"
"3109",134.385346390092,"Velavadar_LEK2",2022-12-01,2024-05-01,"2022-2024"
"3110",145.721975915905,"Velavadar_LEK2",2022-12-01,2024-05-01,"2022-2024"
"3111",130.670383937385,"Velavadar_LEK2",2022-12-01,2024-05-01,"2022-2024"
"3112",90.8980991123507,"Velavadar_LEK2",2022-12-01,2024-05-01,"2022-2024"
"3113",108.48829007172,"Velavadar_LEK2",2022-12-01,2024-05-01,"2022-2024"
"3114",97.3718209370927,"Velavadar_LEK2",2022-12-01,2024-05-01,"2022-2024"
"3115",100.348487204366,"Velavadar_LEK2",2022-12-01,2024-05-01,"2022-2024"
"3116",48.7489615247289,"Velavadar_LEK2",2022-12-01,2024-05-01,"2022-2024"
"3117",35.9113132164956,"Velavadar_LEK2",2022-12-01,2024-05-01,"2022-2024"
"3118",140.52827011777,"Velavadar_LEK2",2022-12-01,2024-05-01,"2022-2024"
"3119",82.4540724560714,"Velavadar_LEK2",2022-12-01,2024-05-01,"2022-2024"
"3120",68.8231780919698,"Velavadar_LEK2",2022-12-01,2024-05-01,"2022-2024"
"3121",58.0357834372499,"Velavadar_LEK2",2022-12-01,2024-05-01,"2022-2024"
"3122",37.3976966628777,"Velavadar_LEK2",2022-12-01,2024-05-01,"2022-2024"
"3123",65.9164908702526,"Velavadar_LEK2",2022-12-01,2024-05-01,"2022-2024"
"3124",136.385311488202,"Velavadar_LEK2",2022-12-01,2024-05-01,"2022-2024"
"3125",233.603831374609,"Velavadar_LEK2",2022-12-01,2024-05-01,"2022-2024"
"3126",111.140173139804,"Velavadar_LEK2",2022-12-01,2024-05-01,"2022-2024"
"3127",64.4547808950489,"Velavadar_LEK2",2022-12-01,2024-05-01,"2022-2024"
"3128",67.7592714384148,"Velavadar_LEK2",2022-12-01,2024-05-01,"2022-2024"
"3129",32.7408804496295,"Velavadar_LEK2",2022-12-01,2024-05-01,"2022-2024"
"3130",13.652901631415,"Velavadar_LEK2",2022-12-01,2024-05-01,"2022-2024"
"3131",17.9795539863888,"Velavadar_LEK2",2022-12-01,2024-05-01,"2022-2024"
"3132",1.79930964957001,"Velavadar_LEK2",2022-12-01,2024-05-01,"2022-2024"
"3133",28.8738359921321,"Velavadar_LEK2",2022-12-01,2024-05-01,"2022-2024"
"3134",68.9995879325506,"Velavadar_LEK2",2022-12-01,2024-05-01,"2022-2024"
"3135",85.3872604323646,"Velavadar_LEK2",2022-12-01,2024-05-01,"2022-2024"
"3136",125.183013369882,"Velavadar_LEK2",2022-12-01,2024-05-01,"2022-2024"
"3137",99.5208661407078,"Velavadar_LEK2",2022-12-01,2024-05-01,"2022-2024"
"3138",82.7124183474777,"Velavadar_LEK2",2022-12-01,2024-05-01,"2022-2024"
"3139",90.5021643270165,"Velavadar_LEK2",2022-12-01,2024-05-01,"2022-2024"
"3140",82.3470746438632,"Velavadar_LEK2",2022-12-01,2024-05-01,"2022-2024"
"3141",44.5554674566584,"Velavadar_LEK2",2022-12-01,2024-05-01,"2022-2024"
"3142",1.61629841778191,"Velavadar_LEK2",2022-12-01,2024-05-01,"2022-2024"
"3143",79.6553224741041,"Velavadar_LEK2",2022-12-01,2024-05-01,"2022-2024"
"3144",2.06733478049532,"Velavadar_LEK2",2022-12-01,2024-05-01,"2022-2024"
"3145",33.7293178713095,"Velavadar_LEK2",2022-12-01,2024-05-01,"2022-2024"
"3146",34.9761432441048,"Velavadar_LEK2",2022-12-01,2024-05-01,"2022-2024"
"3147",72.2072685875651,"Velavadar_LEK2",2022-12-01,2024-05-01,"2022-2024"
"3148",61.8873253628918,"Velavadar_LEK2",2022-12-01,2024-05-01,"2022-2024"
"3149",35.4769849952717,"Velavadar_LEK2",2022-12-01,2024-05-01,"2022-2024"
"3150",45.6117857853661,"Velavadar_LEK2",2022-12-01,2024-05-01,"2022-2024"
"3151",43.0732194057917,"Velavadar_LEK2",2022-12-01,2024-05-01,"2022-2024"
"3152",15.3393538566593,"Velavadar_LEK2",2022-12-01,2024-05-01,"2022-2024"
"3153",15.8263713065954,"Velavadar_LEK2",2022-12-01,2024-05-01,"2022-2024"
"3154",73.1917331222917,"Velavadar_LEK2",2022-12-01,2024-05-01,"2022-2024"
"3155",81.9711661187929,"Velavadar_LEK2",2022-12-01,2024-05-01,"2022-2024"
"3156",52.7102743328382,"Velavadar_LEK2",2022-12-01,2024-05-01,"2022-2024"
"3157",68.6298871750233,"Velavadar_LEK2",2022-12-01,2024-05-01,"2022-2024"
"3158",44.8944325621344,"Velavadar_LEK2",2022-12-01,2024-05-01,"2022-2024"
"3159",64.5320309672004,"Velavadar_LEK2",2022-12-01,2024-05-01,"2022-2024"
"3160",54.4116571193524,"Velavadar_LEK2",2022-12-01,2024-05-01,"2022-2024"
"3161",34.006588461042,"Velavadar_LEK2",2022-12-01,2024-05-01,"2022-2024"
"3162",31.4357277480514,"Velavadar_LEK2",2022-12-01,2024-05-01,"2022-2024"
"3163",28.211760600695,"Velavadar_LEK2",2022-12-01,2024-05-01,"2022-2024"
"3164",23.498058843385,"Velavadar_LEK2",2022-12-01,2024-05-01,"2022-2024"
"3165",36.3441180357534,"Velavadar_LEK2",2022-12-01,2024-05-01,"2022-2024"
"3166",1.41760915217804,"Velavadar_LEK2",2022-12-01,2024-05-01,"2022-2024"
"3167",9.8519749452667,"Velavadar_LEK2",2022-12-01,2024-05-01,"2022-2024"
"3168",21.7691758188,"Velavadar_LEK2",2022-12-01,2024-05-01,"2022-2024"
"3169",25.7445241936453,"Velavadar_LEK2",2022-12-01,2024-05-01,"2022-2024"
"3170",27.3370212469883,"Velavadar_LEK2",2022-12-01,2024-05-01,"2022-2024"
"3171",44.0556045432199,"Velavadar_LEK2",2022-12-01,2024-05-01,"2022-2024"
"3172",47.0002502135061,"Velavadar_LEK2",2022-12-01,2024-05-01,"2022-2024"
"3173",0.896250046528925,"Velavadar_LEK2",2022-12-01,2024-05-01,"2022-2024"
"3174",18.5002474191736,"Velavadar_LEK2",2022-12-01,2024-05-01,"2022-2024"
"3175",32.135002803561,"Velavadar_LEK2",2022-12-01,2024-05-01,"2022-2024"
"3176",40.211387110261,"Velavadar_LEK2",2022-12-01,2024-05-01,"2022-2024"
"3177",1.71607359522033,"Velavadar_LEK2",2022-12-01,2024-05-01,"2022-2024"
"3178",48.6212629933467,"Velavadar_LEK2",2022-12-01,2024-05-01,"2022-2024"
"3179",36.4216889192554,"Velavadar_LEK2",2022-12-01,2024-05-01,"2022-2024"
"3180",1.43683142680052,"Velavadar_LEK2",2022-12-01,2024-05-01,"2022-2024"
"3181",0.759720259555958,"Velavadar_LEK2",2022-12-01,2024-05-01,"2022-2024"
"3182",0.637284860257126,"Velavadar_LEK2",2022-12-01,2024-05-01,"2022-2024"
"3183",1.94837536137133,"Velavadar_LEK2",2022-12-01,2024-05-01,"2022-2024"
"3184",29.5202158896633,"Velavadar_LEK2",2022-12-01,2024-05-01,"2022-2024"
"3185",1.82895024956736,"Velavadar_LEK2",2022-12-01,2024-05-01,"2022-2024"
"3186",16.5821642569847,"Velavadar_LEK2",2022-12-01,2024-05-01,"2022-2024"
"3187",40.5775721211253,"Velavadar_LEK2",2022-12-01,2024-05-01,"2022-2024"
"3188",32.8039048873675,"Velavadar_LEK2",2022-12-01,2024-05-01,"2022-2024"
"3189",77.2239955854872,"Velavadar_LEK2",2022-12-01,2024-05-01,"2022-2024"
"3190",47.1829477637392,"Velavadar_LEK2",2022-12-01,2024-05-01,"2022-2024"
"3191",17.8665342592212,"Velavadar_LEK2",2022-12-01,2024-05-01,"2022-2024"
"3192",1.35303471539522,"Velavadar_LEK2",2022-12-01,2024-05-01,"2022-2024"
"3193",57.1440704155403,"Velavadar_LEK2",2022-12-01,2024-05-01,"2022-2024"
"3194",29.6472194555239,"Velavadar_LEK2",2022-12-01,2024-05-01,"2022-2024"
"3195",1.35476674798908,"Velavadar_LEK2",2022-12-01,2024-05-01,"2022-2024"
"3196",38.1399538685237,"Velavadar_LEK2",2022-12-01,2024-05-01,"2022-2024"
"3197",14.9594727832481,"Velavadar_LEK2",2022-12-01,2024-05-01,"2022-2024"
"3198",16.4560866236368,"Velavadar_LEK2",2022-12-01,2024-05-01,"2022-2024"
"3199",1.96243214280125,"Velavadar_LEK2",2022-12-01,2024-05-01,"2022-2024"
"3200",24.0305893040678,"Velavadar_LEK2",2022-12-01,2024-05-01,"2022-2024"
"3201",16.1436038649555,"Velavadar_LEK2",2022-12-01,2024-05-01,"2022-2024"
"3202",1.16916429644449,"Velavadar_LEK2",2022-12-01,2024-05-01,"2022-2024"
"3203",18.4852146155827,"Velavadar_LEK2",2022-12-01,2024-05-01,"2022-2024"
"3204",16.8314489903181,"Velavadar_LEK2",2022-12-01,2024-05-01,"2022-2024"
"3205",35.2528968914217,"Velavadar_LEK2",2022-12-01,2024-05-01,"2022-2024"
"3206",40.4832571584025,"Velavadar_LEK2",2022-12-01,2024-05-01,"2022-2024"
"3207",32.1691036095951,"Velavadar_LEK2",2022-12-01,2024-05-01,"2022-2024"
"3208",16.969203001751,"Velavadar_LEK2",2022-12-01,2024-05-01,"2022-2024"
"3209",30.6996754665961,"Velavadar_LEK2",2022-12-01,2024-05-01,"2022-2024"
"3210",35.4806924024114,"Velavadar_LEK2",2022-12-01,2024-05-01,"2022-2024"
"3211",56.2853297607322,"Velavadar_LEK2",2022-12-01,2024-05-01,"2022-2024"
"3212",18.0532062456259,"Velavadar_LEK2",2022-12-01,2024-05-01,"2022-2024"
"3213",16.8075667652006,"Velavadar_LEK2",2022-12-01,2024-05-01,"2022-2024"
"3214",1.01904836807111,"Velavadar_LEK2",2022-12-01,2024-05-01,"2022-2024"
"3215",25.7939579295566,"Velavadar_LEK2",2022-12-01,2024-05-01,"2022-2024"
"3216",7.22697962495185,"Velavadar_LEK2",2022-12-01,2024-05-01,"2022-2024"
"3217",0.641503871512434,"Velavadar_LEK2",2022-12-01,2024-05-01,"2022-2024"
"3218",30.3052413560284,"Velavadar_LEK2",2022-12-01,2024-05-01,"2022-2024"
"3219",24.9648426050811,"Velavadar_LEK2",2022-12-01,2024-05-01,"2022-2024"
"3220",1.04271669564625,"Velavadar_LEK2",2022-12-01,2024-05-01,"2022-2024"
"3221",2.13848754774751,"Velavadar_LEK2",2022-12-01,2024-05-01,"2022-2024"
"3222",32.9374164332677,"Velavadar_LEK2",2022-12-01,2024-05-01,"2022-2024"
"3223",4.94819790360277,"Velavadar_LEK2",2022-12-01,2024-05-01,"2022-2024"
"3224",31.4806389943219,"Velavadar_LEK2",2022-12-01,2024-05-01,"2022-2024"
"3225",15.2152740364026,"Velavadar_LEK2",2022-12-01,2024-05-01,"2022-2024"
"3226",0.587751609277657,"Velavadar_LEK2",2022-12-01,2024-05-01,"2022-2024"
"3227",1.05906436030791,"Velavadar_LEK2",2022-12-01,2024-05-01,"2022-2024"
"3228",23.5415575837265,"Velavadar_LEK2",2022-12-01,2024-05-01,"2022-2024"
"3229",22.7125550333286,"Velavadar_LEK2",2022-12-01,2024-05-01,"2022-2024"
"3230",1.04230612450207,"Velavadar_LEK2",2022-12-01,2024-05-01,"2022-2024"
"3231",12.111662500978,"Velavadar_LEK2",2022-12-01,2024-05-01,"2022-2024"
"3232",15.9014345550928,"Velavadar_LEK2",2022-12-01,2024-05-01,"2022-2024"
"3233",1.56679974367437,"Velavadar_LEK2",2022-12-01,2024-05-01,"2022-2024"
"3234",0.724090544447001,"Velavadar_LEK2",2022-12-01,2024-05-01,"2022-2024"
"3235",22.1678925691338,"Velavadar_LEK2",2022-12-01,2024-05-01,"2022-2024"
"3236",29.1769053199204,"Velavadar_LEK2",2022-12-01,2024-05-01,"2022-2024"
"3237",8.4615230728837,"Velavadar_LEK2",2022-12-01,2024-05-01,"2022-2024"
"3238",12.3156228455225,"Velavadar_LEK2",2022-12-01,2024-05-01,"2022-2024"
"3239",23.9160311859805,"Velavadar_LEK2",2022-12-01,2024-05-01,"2022-2024"
"3240",1.1049812811105,"Velavadar_LEK2",2022-12-01,2024-05-01,"2022-2024"
"3241",10.8239207813613,"Velavadar_LEK2",2022-12-01,2024-05-01,"2022-2024"
"3242",1.56226047663845,"Velavadar_LEK2",2022-12-01,2024-05-01,"2022-2024"
"3243",1.25023510895497,"Velavadar_LEK2",2022-12-01,2024-05-01,"2022-2024"
"3244",16.8301654533795,"Velavadar_LEK2",2022-12-01,2024-05-01,"2022-2024"
"3245",0.586167897543974,"Velavadar_LEK2",2022-12-01,2024-05-01,"2022-2024"
"3246",1.62827462699119,"Velavadar_LEK2",2022-12-01,2024-05-01,"2022-2024"
"3247",14.5830541134576,"Velavadar_LEK2",2022-12-01,2024-05-01,"2022-2024"
"3248",0.841675333835668,"Velavadar_LEK2",2022-12-01,2024-05-01,"2022-2024"
"3249",3.73822341490525,"Velavadar_LEK2",2022-12-01,2024-05-01,"2022-2024"
"3250",0.473812973250213,"Velavadar_LEK2",2022-12-01,2024-05-01,"2022-2024"
"3251",19.2402341369949,"Velavadar_LEK2",2022-12-01,2024-05-01,"2022-2024"
"3252",20.8750868059652,"Velavadar_LEK2",2022-12-01,2024-05-01,"2022-2024"
"3253",1.41585824351165,"Velavadar_LEK2",2022-12-01,2024-05-01,"2022-2024"
"3254",12.5958326580396,"Velavadar_LEK2",2022-12-01,2024-05-01,"2022-2024"
"3255",23.7241696422351,"Velavadar_LEK2",2022-12-01,2024-05-01,"2022-2024"
"3256",1.97353262350094,"Velavadar_LEK2",2022-12-01,2024-05-01,"2022-2024"
"3257",1.58585874346507,"Velavadar_LEK2",2022-12-01,2024-05-01,"2022-2024"
"3258",13.0626088076988,"Velavadar_LEK2",2022-12-01,2024-05-01,"2022-2024"
"3259",0.854528747509772,"Velavadar_LEK2",2022-12-01,2024-05-01,"2022-2024"
"3260",0.774974960230792,"Velavadar_LEK2",2022-12-01,2024-05-01,"2022-2024"
"3261",2.79107339918626,"Velavadar_LEK2",2022-12-01,2024-05-01,"2022-2024"
"3262",3.03226640364663,"Velavadar_LEK2",2022-12-01,2024-05-01,"2022-2024"
"3263",2.24736251349183,"Velavadar_LEK2",2022-12-01,2024-05-01,"2022-2024"
"3264",11.0076599332242,"Velavadar_LEK2",2022-12-01,2024-05-01,"2022-2024"
"3265",2.03820807222551,"Velavadar_LEK2",2022-12-01,2024-05-01,"2022-2024"
"3266",2.21749748133097,"Velavadar_LEK2",2022-12-01,2024-05-01,"2022-2024"
"3267",11.792727129302,"Velavadar_LEK2",2022-12-01,2024-05-01,"2022-2024"
"3268",1.0156194831649,"Velavadar_LEK2",2022-12-01,2024-05-01,"2022-2024"
"3269",10.1359829453389,"Velavadar_LEK2",2022-12-01,2024-05-01,"2022-2024"
"3270",14.7140924697026,"Velavadar_LEK2",2022-12-01,2024-05-01,"2022-2024"
"3271",2.52307839900015,"Velavadar_LEK2",2022-12-01,2024-05-01,"2022-2024"
"3272",0.749158023017704,"Velavadar_LEK2",2022-12-01,2024-05-01,"2022-2024"
"3273",0.736308702866708,"Velavadar_LEK2",2022-12-01,2024-05-01,"2022-2024"
"3274",7.14966328883658,"Velavadar_LEK2",2022-12-01,2024-05-01,"2022-2024"
"3275",3.4203130695405,"Velavadar_LEK2",2022-12-01,2024-05-01,"2022-2024"
"3276",12.8734352530298,"Velavadar_LEK2",2022-12-01,2024-05-01,"2022-2024"
"3277",10.9030824713683,"Velavadar_LEK2",2022-12-01,2024-05-01,"2022-2024"
"3278",1.15166879409944,"Velavadar_LEK2",2022-12-01,2024-05-01,"2022-2024"
"3279",5.76365129642782,"Velavadar_LEK2",2022-12-01,2024-05-01,"2022-2024"
"3280",17.2454564028339,"Velavadar_LEK2",2022-12-01,2024-05-01,"2022-2024"
"3281",0.916325332649756,"Velavadar_LEK2",2022-12-01,2024-05-01,"2022-2024"
"3282",2.35314767346733,"Velavadar_LEK2",2022-12-01,2024-05-01,"2022-2024"
"3283",8.32848937481204,"Velavadar_LEK2",2022-12-01,2024-05-01,"2022-2024"
"3284",8.28415316732974,"Velavadar_LEK2",2022-12-01,2024-05-01,"2022-2024"
"3285",0.873740496611079,"Velavadar_LEK2",2022-12-01,2024-05-01,"2022-2024"
"3286",2.16531674769562,"Velavadar_LEK2",2022-12-01,2024-05-01,"2022-2024"
"3287",2.02923292065623,"Velavadar_LEK2",2022-12-01,2024-05-01,"2022-2024"
"3288",18.2276054421794,"Velavadar_LEK2",2022-12-01,2024-05-01,"2022-2024"
"3289",17.5907381149671,"Velavadar_LEK2",2022-12-01,2024-05-01,"2022-2024"
"3290",19.9943776233971,"Velavadar_LEK2",2022-12-01,2024-05-01,"2022-2024"
"3291",14.832242929994,"Velavadar_LEK2",2022-12-01,2024-05-01,"2022-2024"
"3292",9.15440530178166,"Velavadar_LEK2",2022-12-01,2024-05-01,"2022-2024"
"3293",13.0029537815712,"Velavadar_LEK2",2022-12-01,2024-05-01,"2022-2024"
"3294",2.35127369952526,"Velavadar_LEK2",2022-12-01,2024-05-01,"2022-2024"
"3295",0.860840427771501,"Velavadar_LEK2",2022-12-01,2024-05-01,"2022-2024"
"3296",1.56537431605341,"Velavadar_LEK2",2022-12-01,2024-05-01,"2022-2024"
"3297",3.13026401727753,"Velavadar_LEK2",2022-12-01,2024-05-01,"2022-2024"
"3298",11.8253806938348,"Velavadar_LEK2",2022-12-01,2024-05-01,"2022-2024"
"3299",33.519527705452,"Velavadar_LEK2",2022-12-01,2024-05-01,"2022-2024"
"3300",182.616459713797,"Velavadar_LEK2",2022-12-01,2024-05-01,"2022-2024"
"3301",213.029557670776,"Velavadar_LEK2",2022-12-01,2024-05-01,"2022-2024"
"3302",265.440066700921,"Velavadar_LEK2",2022-12-01,2024-05-01,"2022-2024"
"3303",367.079194462305,"Velavadar_LEK2",2022-12-01,2024-05-01,"2022-2024"
"3304",420.774177141888,"Velavadar_LEK2",2022-12-01,2024-05-01,"2022-2024"
"3305",95.2284110876801,"Velavadar_LEK2",2022-12-01,2024-05-01,"2022-2024"
"3306",1.13748465123743,"Velavadar_LEK2",2022-12-01,2024-05-01,"2022-2024"
"3307",0.882528389511288,"Velavadar_LEK2",2022-12-01,2024-05-01,"2022-2024"
"3308",14.8416628816281,"Velavadar_LEK2",2022-12-01,2024-05-01,"2022-2024"
"3309",1.07687159873004,"Velavadar_LEK2",2022-12-01,2024-05-01,"2022-2024"
"3310",1.31924063539566,"Velavadar_LEK2",2022-12-01,2024-05-01,"2022-2024"
"3311",1.02986838010878,"Velavadar_LEK2",2022-12-01,2024-05-01,"2022-2024"
"3312",19.678389423518,"Velavadar_LEK2",2022-12-01,2024-05-01,"2022-2024"
"3313",6.79579266978895,"Velavadar_LEK2",2022-12-01,2024-05-01,"2022-2024"
"3314",17.2526669800249,"Velavadar_LEK2",2022-12-01,2024-05-01,"2022-2024"
"3315",47.1156874352931,"Velavadar_LEK2",2022-12-01,2024-05-01,"2022-2024"
"3316",17.5326585138464,"Velavadar_LEK2",2022-12-01,2024-05-01,"2022-2024"
"3317",10.0257267153796,"Velavadar_LEK2",2022-12-01,2024-05-01,"2022-2024"
"3318",0.397583561652771,"Velavadar_LEK2",2022-12-01,2024-05-01,"2022-2024"
"3319",13.8612469406936,"Velavadar_LEK2",2022-12-01,2024-05-01,"2022-2024"
"3320",16.6619249952145,"Velavadar_LEK2",2022-12-01,2024-05-01,"2022-2024"
"3321",53.1829576967923,"Velavadar_LEK2",2022-12-01,2024-05-01,"2022-2024"
"3322",95.106188551399,"Velavadar_LEK2",2022-12-01,2024-05-01,"2022-2024"
"3323",284.218205092314,"Velavadar_LEK2",2022-12-01,2024-05-01,"2022-2024"
