nnd_to_prev,x,y,nn_x,nn_y,in_prev_core,dist_to_centre,lek_id,date_prev,date_now,period
1.3707244677532842,444608.06061929115,3075129.539760222,444608.18400455196,3075130.9049201556,TRUE,139.2847537482478,TalChhapar_TC,2012-10-01,2014-02-01,Oct12→Feb14
0.2732895160922348,444619.6963948452,3075152.669423267,444619.64353728126,3075152.4012941234,TRUE,141.34729059248133,TalChhapar_TC,2012-10-01,2014-02-01,Oct12→Feb14
4.819209357418316,444626.95477018866,3075117.3192740413,444627.4664999209,3075112.5273108203,FALSE,161.69855007441873,TalChhapar_TC,2012-10-01,2014-02-01,Oct12→Feb14
3.1586006191351053,444606.2422025568,3075166.6234592847,444604.51063670946,3075163.9817860294,TRUE,124.7792498928183,TalChhapar_TC,2012-10-01,2014-02-01,Oct12→Feb14
0.8515886304027157,444604.05750488414,3075104.0748567325,444603.47586579976,3075104.6968689277,TRUE,149.47617378409603,TalChhapar_TC,2012-10-01,2014-02-01,Oct12→Feb14
9.046040773437838,444627.07393343793,3075090.690491283,444619.14916617237,3075086.32827654,FALSE,175.94841455318917,TalChhapar_TC,2012-10-01,2014-02-01,Oct12→Feb14
1.7801035234063989,444600.87139123277,3075078.841604029,444600.18312065396,3075080.4832654325,TRUE,163.55823220247964,TalChhapar_TC,2012-10-01,2014-02-01,Oct12→Feb14
24.58955759562969,444628.65549392125,3075175.2799081607,444619.64353728126,3075152.4012941234,FALSE,145.39006790955676,TalChhapar_TC,2012-10-01,2014-02-01,Oct12→Feb14
10.741479991483146,444582.8684476712,3075087.257249604,444572.46394045994,3075084.5878635137,TRUE,144.98472710524672,TalChhapar_TC,2012-10-01,2014-02-01,Oct12→Feb14
7.18570195758248,444578.3691320775,3075054.1657181666,444581.11060434487,3075047.5235315966,TRUE,168.212531704731,TalChhapar_TC,2012-10-01,2014-02-01,Oct12→Feb14
7.277065421112833,444589.77671959606,3075041.030017807,444593.89433426835,3075047.030095353,FALSE,185.49176206242916,TalChhapar_TC,2012-10-01,2014-02-01,Oct12→Feb14
1.2538026560540225,444617.1024969543,3075046.0562377367,444616.6855937697,3075047.238698237,FALSE,198.4975265840133,TalChhapar_TC,2012-10-01,2014-02-01,Oct12→Feb14
1.0606974678339254,444612.27383538295,3075028.513159896,444612.9227659226,3075027.674131724,FALSE,208.88212769258394,TalChhapar_TC,2012-10-01,2014-02-01,Oct12→Feb14
15.979342957991962,444600.0151613636,3075018.2543044477,444612.9227659226,3075027.674131724,FALSE,210.1012146917051,TalChhapar_TC,2012-10-01,2014-02-01,Oct12→Feb14
18.33503409706311,444665.04194985586,3075086.385562501,444648.2028681188,3075093.6394443302,FALSE,210.08597422618135,TalChhapar_TC,2012-10-01,2014-02-01,Oct12→Feb14
0.16241628644042935,444574.541000017,3075028.712036453,444574.5450529045,3075028.549670742,FALSE,187.99638534663134,TalChhapar_TC,2012-10-01,2014-02-01,Oct12→Feb14
5.526208637845761,444584.15682888054,3075117.4221428153,444585.5194779474,3075122.777716494,TRUE,125.55296929308982,TalChhapar_TC,2012-10-01,2014-02-01,Oct12→Feb14
7.017283383799601,444583.6708395777,3075129.5471184077,444585.5194779474,3075122.777716494,TRUE,118.16900129387685,TalChhapar_TC,2012-10-01,2014-02-01,Oct12→Feb14
1.7154419613798506,444593.3588166861,3075149.374697689,444595.07138943276,3075149.473872838,TRUE,117.59789311016124,TalChhapar_TC,2012-10-01,2014-02-01,Oct12→Feb14
4.7701118343719955,444597.41452060716,3075187.7025188557,444600.37458053825,3075191.4431086644,TRUE,113.13589195984612,TalChhapar_TC,2012-10-01,2014-02-01,Oct12→Feb14
2.762008193318015,444586.8310155124,3075172.61986943,444585.9129875666,3075175.2248481154,TRUE,104.54212211112407,TalChhapar_TC,2012-10-01,2014-02-01,Oct12→Feb14
18.45791637941567,444591.95645669865,3075207.8696076246,444600.37458053825,3075191.4431086644,TRUE,108.44669559632554,TalChhapar_TC,2012-10-01,2014-02-01,Oct12→Feb14
26.71398033582985,444605.7184617738,3075227.9231805354,444579.2492945915,3075224.3148659626,FALSE,126.01382293834179,TalChhapar_TC,2012-10-01,2014-02-01,Oct12→Feb14
11.58716745128162,444580.4288356592,3075196.9428077955,444569.76035333914,3075192.4210897004,TRUE,96.04507188526067,TalChhapar_TC,2012-10-01,2014-02-01,Oct12→Feb14
0.31367957740373237,444579.14305385755,3075224.6100062407,444579.2492945915,3075224.3148659626,TRUE,99.61855254449969,TalChhapar_TC,2012-10-01,2014-02-01,Oct12→Feb14
1.326509367138856,444569.0934114466,3075207.5754322796,444570.2302964677,3075208.258893727,TRUE,85.78327784468793,TalChhapar_TC,2012-10-01,2014-02-01,Oct12→Feb14
2.0470639827371495,444586.1085303853,3075243.0909790564,444584.98085028375,3075244.7994311447,TRUE,113.02829651611694,TalChhapar_TC,2012-10-01,2014-02-01,Oct12→Feb14
14.42733521077409,444598.2054607143,3075250.5663783653,444584.98085028375,3075244.7994311447,FALSE,127.18374476367593,TalChhapar_TC,2012-10-01,2014-02-01,Oct12→Feb14
4.8630540281093975,444603.85296601546,3075271.8081292976,444600.25073582557,3075275.0751205953,FALSE,142.68600994306112,TalChhapar_TC,2012-10-01,2014-02-01,Oct12→Feb14
3.0417704958253644,444570.1014152716,3075177.4381619305,444571.81533442193,3075179.95109824,TRUE,87.19482931874481,TalChhapar_TC,2012-10-01,2014-02-01,Oct12→Feb14
0.11460784816822712,444570.64371583966,3075155.8445114675,444570.758273519,3075155.8479021853,TRUE,94.15486730957991,TalChhapar_TC,2012-10-01,2014-02-01,Oct12→Feb14
14.301599707210917,444572.32532009867,3075132.001375338,444559.1703944169,3075126.390342947,TRUE,107.38726229915606,TalChhapar_TC,2012-10-01,2014-02-01,Oct12→Feb14
11.152528895192242,444572.5095769405,3075117.03522063,444569.7241059599,3075106.23614418,TRUE,116.77112190488808,TalChhapar_TC,2012-10-01,2014-02-01,Oct12→Feb14
1.3283438393758844,444569.5335878057,3075104.9215339,444569.7241059599,3075106.23614418,TRUE,122.98173744445953,TalChhapar_TC,2012-10-01,2014-02-01,Oct12→Feb14
7.7926779566896,444565.64439589594,3075079.9512698688,444557.8568521916,3075079.6684399024,TRUE,139.76893666479413,TalChhapar_TC,2012-10-01,2014-02-01,Oct12→Feb14
13.84209258469351,444561.71028395416,3075049.4094699975,444566.0185133845,3075062.564039025,TRUE,163.68702327902903,TalChhapar_TC,2012-10-01,2014-02-01,Oct12→Feb14
0.7405560957050601,444618.64203682495,3075085.7886070525,444619.14916617237,3075086.32827654,TRUE,172.21371601971524,TalChhapar_TC,2012-10-01,2014-02-01,Oct12→Feb14
2.7374919725290656,444561.6668099259,3075238.3240097607,444560.03833328845,3075240.5244474765,TRUE,89.18924392334421,TalChhapar_TC,2012-10-01,2014-02-01,Oct12→Feb14
0.3810467097305526,444563.9744218013,3075265.6144534973,444564.0441719295,3075265.989061979,TRUE,107.22102082898417,TalChhapar_TC,2012-10-01,2014-02-01,Oct12→Feb14
1.9613164019485227,444562.4566399767,3075296.3565233825,444561.47887868807,3075298.056742454,TRUE,128.9314135583544,TalChhapar_TC,2012-10-01,2014-02-01,Oct12→Feb14
6.993262437957642,444551.9237323213,3075280.449481627,444556.01948696066,3075274.781103247,TRUE,109.90058791580864,TalChhapar_TC,2012-10-01,2014-02-01,Oct12→Feb14
0.27069445803879727,444547.9611638947,3075251.413016732,444547.9114684967,3075251.6791104316,TRUE,85.81884605702315,TalChhapar_TC,2012-10-01,2014-02-01,Oct12→Feb14
9.6206234272746,444544.51961581246,3075212.8608732084,444535.0920326605,3075210.9433041634,TRUE,63.05993132235795,TalChhapar_TC,2012-10-01,2014-02-01,Oct12→Feb14
0.07940893112810132,444534.77459651034,3075234.55296204,444534.8290776557,3075234.6107338597,TRUE,64.82244450313203,TalChhapar_TC,2012-10-01,2014-02-01,Oct12→Feb14
0.0971523743463272,444554.5444623197,3075207.0317644724,444554.45283086336,3075207.064048525,TRUE,71.36086237039002,TalChhapar_TC,2012-10-01,2014-02-01,Oct12→Feb14
11.902586070653568,444560.5516823843,3075217.2853774647,444554.45283086336,3075207.064048525,TRUE,79.68116623848869,TalChhapar_TC,2012-10-01,2014-02-01,Oct12→Feb14
9.35436779196597,444560.46540874516,3075191.3683780674,444569.76035333914,3075192.4210897004,TRUE,76.06323559308174,TalChhapar_TC,2012-10-01,2014-02-01,Oct12→Feb14
8.408124938982228,444554.7313408691,3075176.6591142607,444556.3181183297,3075168.4020747016,TRUE,72.33143653029833,TalChhapar_TC,2012-10-01,2014-02-01,Oct12→Feb14
0.294021604780808,444543.3216019343,3075190.170850519,444543.6124255008,3075190.127602892,TRUE,58.98962214921775,TalChhapar_TC,2012-10-01,2014-02-01,Oct12→Feb14
1.8264729353468194,444542.74342727376,3075157.762169877,444542.5097914855,3075159.57363826,TRUE,68.49599676807453,TalChhapar_TC,2012-10-01,2014-02-01,Oct12→Feb14
3.983402350420653,444552.70581425907,3075147.05234747,444556.65606994746,3075147.565157651,TRUE,82.6882464953832,TalChhapar_TC,2012-10-01,2014-02-01,Oct12→Feb14
1.768583820303227,444533.06638326985,3075135.0982172606,444533.7894916726,3075133.484215102,TRUE,76.15753038765885,TalChhapar_TC,2012-10-01,2014-02-01,Oct12→Feb14
3.7864926994289596,444558.33767384087,3075122.6965503967,444559.1703944169,3075126.390342947,TRUE,102.48880430374079,TalChhapar_TC,2012-10-01,2014-02-01,Oct12→Feb14
0.615173907265049,444540.12222234276,3075118.2269374295,444539.51902511436,3075118.3477349454,TRUE,93.79931044751885,TalChhapar_TC,2012-10-01,2014-02-01,Oct12→Feb14
12.4265667074924,444587.09327845194,3075139.946580184,444595.07138943276,3075149.473872838,TRUE,115.88142114029321,TalChhapar_TC,2012-10-01,2014-02-01,Oct12→Feb14
5.017002921955539,444520.12455034483,3075118.120983312,444519.8065293016,3075113.114069998,TRUE,83.58901089736773,TalChhapar_TC,2012-10-01,2014-02-01,Oct12→Feb14
15.031881630614912,444552.1712222364,3075110.2311239936,444539.51902511436,3075118.3477349454,TRUE,107.50061733809109,TalChhapar_TC,2012-10-01,2014-02-01,Oct12→Feb14
0.9890181674006377,444544.9449238471,3075096.8942635427,444544.83829884784,3075095.9110097378,TRUE,114.16756123265648,TalChhapar_TC,2012-10-01,2014-02-01,Oct12→Feb14
3.695565509088391,444521.7780967021,3075109.988349854,444519.8065293016,3075113.114069998,TRUE,91.67049899007213,TalChhapar_TC,2012-10-01,2014-02-01,Oct12→Feb14
13.551679455805345,444531.3023387382,3075102.3678882685,444529.6800812355,3075088.913658574,TRUE,102.6621511917605,TalChhapar_TC,2012-10-01,2014-02-01,Oct12→Feb14
2.1344709575147074,444527.8591378089,3075087.800046745,444529.6800812355,3075088.913658574,TRUE,114.46469673600622,TalChhapar_TC,2012-10-01,2014-02-01,Oct12→Feb14
12.158309587372669,444541.70655063086,3075076.35151388,444538.6801194601,3075064.575894729,TRUE,130.58535490862783,TalChhapar_TC,2012-10-01,2014-02-01,Oct12→Feb14
1.923479403458012,444554.4878010168,3075065.98943802,444552.6270494973,3075065.5022247215,TRUE,145.66857061592788,TalChhapar_TC,2012-10-01,2014-02-01,Oct12→Feb14
2.115036425953925,444516.0868434953,3075063.9355569636,444518.13338409824,3075063.401655621,TRUE,133.57726088514244,TalChhapar_TC,2012-10-01,2014-02-01,Oct12→Feb14
18.96683658466217,444527.53775957634,3075033.2009340087,444512.44044752384,3075044.6818772983,FALSE,166.19427407844864,TalChhapar_TC,2012-10-01,2014-02-01,Oct12→Feb14
27.562941111507488,444602.8080114791,3075002.034173353,444612.9227659226,3075027.674131724,FALSE,225.27938290836772,TalChhapar_TC,2012-10-01,2014-02-01,Oct12→Feb14
26.971888745689313,444548.74764328764,3075020.677159099,444574.5450529045,3075028.549670742,FALSE,184.59647197501386,TalChhapar_TC,2012-10-01,2014-02-01,Oct12→Feb14
52.3870071372585,444539.16683759657,3074989.913154356,444574.5450529045,3075028.549670742,FALSE,211.0168944914856,TalChhapar_TC,2012-10-01,2014-02-01,Oct12→Feb14
35.56062887468926,444518.4712185497,3075009.6363622244,444512.44044752384,3075044.6818772983,FALSE,187.1927520076646,TalChhapar_TC,2012-10-01,2014-02-01,Oct12→Feb14
52.44519349683258,444496.34896454774,3074991.938264548,444497.20509760856,3075044.3764696764,FALSE,202.12237447045277,TalChhapar_TC,2012-10-01,2014-02-01,Oct12→Feb14
22.020359062476704,444496.496456077,3075022.3675160343,444497.20509760856,3075044.3764696764,FALSE,171.76565441880726,TalChhapar_TC,2012-10-01,2014-02-01,Oct12→Feb14
0.7370318065875358,444497.194243755,3075043.6395177934,444497.20509760856,3075044.3764696764,TRUE,150.61103479339246,TalChhapar_TC,2012-10-01,2014-02-01,Oct12→Feb14
1.2704110255755134,444503.1137037041,3075084.2527498626,444501.8821204793,3075084.5644338923,TRUE,111.03842049353057,TalChhapar_TC,2012-10-01,2014-02-01,Oct12→Feb14
8.084230192757367,444520.03063917026,3075047.4646400586,444512.44044752384,3075044.6818772983,TRUE,150.51361697091812,TalChhapar_TC,2012-10-01,2014-02-01,Oct12→Feb14
16.60880689295234,444468.8401615334,3075035.232003269,444468.11072991905,3075051.824784709,FALSE,159.2431534925716,TalChhapar_TC,2012-10-01,2014-02-01,Oct12→Feb14
1.8920738641509018,444478.201944184,3075066.0535187135,444478.5607637501,3075067.9112571306,TRUE,127.80811047121745,TalChhapar_TC,2012-10-01,2014-02-01,Oct12→Feb14
37.4273729749106,444459.35243707127,3075015.4365921984,444468.11072991905,3075051.824784709,FALSE,180.0291287291515,TalChhapar_TC,2012-10-01,2014-02-01,Oct12→Feb14
41.7095268586694,444479.2759117672,3075006.7170893596,444497.20509760856,3075044.3764696764,FALSE,187.06354736360575,TalChhapar_TC,2012-10-01,2014-02-01,Oct12→Feb14
35.44036729724972,444444.19754122064,3075025.6679683807,444468.11072991905,3075051.824784709,FALSE,172.79245180429024,TalChhapar_TC,2012-10-01,2014-02-01,Oct12→Feb14
66.3920200358355,444463.95179164695,3074985.563155112,444468.11072991905,3075051.824784709,FALSE,209.15197673388465,TalChhapar_TC,2012-10-01,2014-02-01,Oct12→Feb14
3.1895441476678545,444464.94453609025,3075051.4395464603,444468.11072991905,3075051.824784709,TRUE,143.59913755528095,TalChhapar_TC,2012-10-01,2014-02-01,Oct12→Feb14
2.6505517680450787,444480.70096428675,3075083.2400595592,444482.0544492028,3075085.518985459,TRUE,110.53253149461449,TalChhapar_TC,2012-10-01,2014-02-01,Oct12→Feb14
4.40799973587635,444495.5795981884,3075104.0391450445,444497.7009089061,3075107.903145887,TRUE,90.35974711578898,TalChhapar_TC,2012-10-01,2014-02-01,Oct12→Feb14
4.404452862525563,444504.63062822557,3075127.65154518,444501.03030294355,3075130.188642514,TRUE,69.07512643997002,TalChhapar_TC,2012-10-01,2014-02-01,Oct12→Feb14
12.384642085572638,444530.4815463523,3075162.877975746,444528.72738069977,3075175.1377580627,TRUE,55.41268262675044,TalChhapar_TC,2012-10-01,2014-02-01,Oct12→Feb14
3.285586673700474,444511.4745594668,3075148.6837367513,444514.71535369876,3075149.2244146005,TRUE,52.519273196022276,TalChhapar_TC,2012-10-01,2014-02-01,Oct12→Feb14
7.968705307693641,444560.60141517536,3075161.682429442,444556.3181183297,3075168.4020747016,TRUE,82.6230034692095,TalChhapar_TC,2012-10-01,2014-02-01,Oct12→Feb14
1.9474045422617678,444529.79518629063,3075173.509207888,444528.72738069977,3075175.1377580627,TRUE,49.65181834175923,TalChhapar_TC,2012-10-01,2014-02-01,Oct12→Feb14
3.319748204423163,444511.0574463921,3075168.1218213392,444507.8814626144,3075167.15545951,TRUE,36.9229972647536,TalChhapar_TC,2012-10-01,2014-02-01,Oct12→Feb14
3.4542877116448385,444518.7514980633,3075182.8080672766,444515.3424476699,3075182.250860843,TRUE,36.003345145780884,TalChhapar_TC,2012-10-01,2014-02-01,Oct12→Feb14
10.251673998983279,444526.41935627064,3075185.1262435843,444528.72738069977,3075175.1377580627,TRUE,42.84959009141238,TalChhapar_TC,2012-10-01,2014-02-01,Oct12→Feb14
2.3042187253864763,444530.01349537406,3075199.040859223,444528.19531229074,3075197.6253613564,TRUE,45.8860706505685,TalChhapar_TC,2012-10-01,2014-02-01,Oct12→Feb14
11.526417690518477,444528.97874684935,3075220.7150000944,444535.0920326605,3075210.9433041634,TRUE,52.088027024678475,TalChhapar_TC,2012-10-01,2014-02-01,Oct12→Feb14
14.732207756981518,444526.70396716637,3075246.985633579,444516.6269078482,3075257.73229915,TRUE,68.00553189110406,TalChhapar_TC,2012-10-01,2014-02-01,Oct12→Feb14
0.46696071376988946,444517.0254038027,3075257.4888791787,444516.6269078482,3075257.73229915,TRUE,71.62226141096939,TalChhapar_TC,2012-10-01,2014-02-01,Oct12→Feb14
0.798087167787494,444534.5385145098,3075276.2921396624,444534.4620078165,3075275.4977280227,TRUE,96.59167129839427,TalChhapar_TC,2012-10-01,2014-02-01,Oct12→Feb14
13.827235350297965,444538.98145714373,3075262.4299426246,444534.4620078165,3075275.4977280227,TRUE,87.73528465707265,TalChhapar_TC,2012-10-01,2014-02-01,Oct12→Feb14
11.256238075429788,444525.75564298336,3075292.512393981,444514.932966424,3075295.606350623,TRUE,107.09418112924557,TalChhapar_TC,2012-10-01,2014-02-01,Oct12→Feb14
13.57265456956647,444538.9356132767,3075288.311931324,444534.4620078165,3075275.4977280227,TRUE,109.17695575004345,TalChhapar_TC,2012-10-01,2014-02-01,Oct12→Feb14
0.8211441221387646,444502.8113041261,3075264.7539467565,444502.03355486103,3075265.01735471,TRUE,73.3818737105631,TalChhapar_TC,2012-10-01,2014-02-01,Oct12→Feb14
9.111543042483337,444514.4727597459,3075281.247142645,444505.6105829293,3075283.3642252334,TRUE,92.5469181907575,TalChhapar_TC,2012-10-01,2014-02-01,Oct12→Feb14
4.059662186886678,444501.6353302547,3075284.187768338,444505.6105829293,3075283.3642252334,TRUE,92.09819509775085,TalChhapar_TC,2012-10-01,2014-02-01,Oct12→Feb14
0.383583672755636,444515.12844172213,3075295.936389775,444514.932966424,3075295.606350623,TRUE,106.73448123623648,TalChhapar_TC,2012-10-01,2014-02-01,Oct12→Feb14
12.886027747258693,444500.8379241887,3075297.0967734205,444493.03497367894,3075307.3517075717,TRUE,104.67999451943405,TalChhapar_TC,2012-10-01,2014-02-01,Oct12→Feb14
2.4009636712155604,444494.7619902351,3075250.0294080824,444497.1199172574,3075250.481963834,TRUE,57.25840247361178,TalChhapar_TC,2012-10-01,2014-02-01,Oct12→Feb14
1.8438340251314305,444507.8890001626,3075224.200126662,444508.5153596889,3075222.46594165,TRUE,38.465888546248124,TalChhapar_TC,2012-10-01,2014-02-01,Oct12→Feb14
12.255532380776367,444495.48606990185,3075232.5194565407,444483.8786724167,3075228.5867224336,TRUE,40.351906364307226,TalChhapar_TC,2012-10-01,2014-02-01,Oct12→Feb14
9.56745704653385,444504.7603635774,3075244.7235079324,444497.1199172574,3075250.481963834,TRUE,54.91293133412297,TalChhapar_TC,2012-10-01,2014-02-01,Oct12→Feb14
2.4508939513557637,444515.6343591608,3075208.812875903,444517.98772785626,3075208.128378318,TRUE,34.659993372383525,TalChhapar_TC,2012-10-01,2014-02-01,Oct12→Feb14
6.683427004997467,444491.70987700816,3075212.646372613,444490.48249306023,3075206.0766142327,TRUE,20.285127623190377,TalChhapar_TC,2012-10-01,2014-02-01,Oct12→Feb14
10.412957538459157,444514.9796286411,3075198.159375168,444517.98772785626,3075208.128378318,TRUE,30.863907770650847,TalChhapar_TC,2012-10-01,2014-02-01,Oct12→Feb14
1.4552366934970853,444503.0776650305,3075190.428873753,444502.347755387,3075189.169927469,TRUE,18.925940210934154,TalChhapar_TC,2012-10-01,2014-02-01,Oct12→Feb14
10.27834107501748,444485.2100128322,3075191.4086953904,444477.16954842495,3075185.0059438436,TRUE,2.426704011488673,TalChhapar_TC,2012-10-01,2014-02-01,Oct12→Feb14
0.6298153876655591,444493.69250478956,3075178.336399483,444493.8909060626,3075178.934148893,TRUE,17.943549008511855,TalChhapar_TC,2012-10-01,2014-02-01,Oct12→Feb14
1.845838100347678,444489.53836494556,3075166.9721396635,444490.5108548634,3075168.5410187705,TRUE,27.219337028972564,TalChhapar_TC,2012-10-01,2014-02-01,Oct12→Feb14
5.841180521810543,444490.45531249896,3075152.092982243,444484.65936282225,3075152.8184870556,TRUE,42.04915186215339,TalChhapar_TC,2012-10-01,2014-02-01,Oct12→Feb14
0.8932642647928778,444481.0779960429,3075134.1723789666,444480.1851190286,3075134.1986788544,TRUE,59.63176171588935,TalChhapar_TC,2012-10-01,2014-02-01,Oct12→Feb14
0.7637025369724296,444467.52006412385,3075099.155614295,444467.9844084178,3075099.7619359437,TRUE,96.05540346219303,TalChhapar_TC,2012-10-01,2014-02-01,Oct12→Feb14
2.893883061752475,444465.814262721,3075119.637550103,444467.35680363595,3075117.1890553203,TRUE,76.37728153799272,TalChhapar_TC,2012-10-01,2014-02-01,Oct12→Feb14
2.0175667602495184,444481.923166643,3075109.425228747,444482.215232265,3075111.4215436783,TRUE,84.32167988907084,TalChhapar_TC,2012-10-01,2014-02-01,Oct12→Feb14
2.018717447989423,444448.08199340856,3075092.0304166996,444448.1759340316,3075094.0469472087,TRUE,107.98327822749087,TalChhapar_TC,2012-10-01,2014-02-01,Oct12→Feb14
10.606569919662482,444443.70590601594,3075061.466561916,444448.33903874585,3075071.0077047492,TRUE,138.3737206856221,TalChhapar_TC,2012-10-01,2014-02-01,Oct12→Feb14
0.5242973003419397,444441.39137352264,3075115.042210802,444440.8741844505,3075114.9561694004,TRUE,89.67471957267624,TalChhapar_TC,2012-10-01,2014-02-01,Oct12→Feb14
12.428269969721585,444430.506636444,3075085.298211252,444428.58015404537,3075073.020159289,TRUE,121.08508785525994,TalChhapar_TC,2012-10-01,2014-02-01,Oct12→Feb14
1.1043024178775078,444427.8818381413,3075072.1646835566,444428.58015404537,3075073.020159289,TRUE,134.05871515681432,TalChhapar_TC,2012-10-01,2014-02-01,Oct12→Feb14
42.88682564131256,444414.198838089,3075032.616476722,444428.58015404537,3075073.020159289,FALSE,175.73985442770842,TalChhapar_TC,2012-10-01,2014-02-01,Oct12→Feb14
1.2121620233547734,444403.75697706745,3075079.5605160384,444404.49790605076,3075080.5198705154,TRUE,139.7834998173738,TalChhapar_TC,2012-10-01,2014-02-01,Oct12→Feb14
20.629112792921248,444443.52032315906,3075050.9492832082,444448.33903874585,3075071.0077047492,FALSE,148.5083230549432,TalChhapar_TC,2012-10-01,2014-02-01,Oct12→Feb14
0.3021080682176081,444477.5466288522,3075269.2941216305,444477.2464039962,3075269.2604419524,TRUE,75.8982549861343,TalChhapar_TC,2012-10-01,2014-02-01,Oct12→Feb14
2.4492930576558574,444476.4860512973,3075251.157858961,444476.5759576919,3075248.71021656,TRUE,57.99623318822968,TalChhapar_TC,2012-10-01,2014-02-01,Oct12→Feb14
0.9193641347960166,444459.56962020916,3075268.902046277,444460.3508948524,3075269.3866495625,TRUE,79.19836968646005,TalChhapar_TC,2012-10-01,2014-02-01,Oct12→Feb14
4.348114800344873,444439.9027300832,3075260.1701983623,444444.13130858965,3075259.1576638534,TRUE,80.00279605918819,TalChhapar_TC,2012-10-01,2014-02-01,Oct12→Feb14
10.095296516615988,444433.2638383331,3075282.611848365,444443.3503528027,3075283.0328443414,TRUE,102.57905544558147,TalChhapar_TC,2012-10-01,2014-02-01,Oct12→Feb14
2.1253881853252232,444485.0461244817,3075226.8106789053,444483.8786724167,3075228.5867224336,TRUE,33.10686817641015,TalChhapar_TC,2012-10-01,2014-02-01,Oct12→Feb14
1.166713516006587,444460.9467138775,3075236.9619915993,444460.7172731493,3075235.818060928,TRUE,49.22029615999515,TalChhapar_TC,2012-10-01,2014-02-01,Oct12→Feb14
12.574616445814499,444472.70594927436,3075216.3442463544,444460.1314341638,3075216.293763752,TRUE,25.49475373980034,TalChhapar_TC,2012-10-01,2014-02-01,Oct12→Feb14
4.01458664336518,444467.9285300485,3075201.235538646,444464.6419339337,3075198.9300686517,TRUE,18.144208325360815,TalChhapar_TC,2012-10-01,2014-02-01,Oct12→Feb14
3.656210952112995,444460.9778691107,3075219.85064812,444460.1314341638,3075216.293763752,TRUE,35.124815702919165,TalChhapar_TC,2012-10-01,2014-02-01,Oct12→Feb14
1.533398707968118,444459.4577487696,3075249.7582398346,444459.69770062383,3075251.2727479083,TRUE,61.36364195438656,TalChhapar_TC,2012-10-01,2014-02-01,Oct12→Feb14
2.0183563416104926,444478.78586464905,3075186.214779724,444477.16954842495,3075185.0059438436,TRUE,9.387129052892245,TalChhapar_TC,2012-10-01,2014-02-01,Oct12→Feb14
13.688669978376243,444462.301587581,3075178.0331031485,444467.325938315,3075165.2998559005,TRUE,27.1251903906088,TalChhapar_TC,2012-10-01,2014-02-01,Oct12→Feb14
10.717001596005485,444475.7748543357,3075174.38008145,444477.16954842495,3075185.0059438436,TRUE,21.181972097303827,TalChhapar_TC,2012-10-01,2014-02-01,Oct12→Feb14
12.358808514847913,444472.6125498657,3075150.059058583,444484.65936282225,3075152.8184870556,TRUE,45.22386334960071,TalChhapar_TC,2012-10-01,2014-02-01,Oct12→Feb14
4.047136697809978,444464.691532711,3075162.227524121,444467.325938315,3075165.2998559005,TRUE,37.162335408080416,TalChhapar_TC,2012-10-01,2014-02-01,Oct12→Feb14
12.798584539516915,444503.12379848486,3075154.650243011,444514.71535369876,3075149.2244146005,TRUE,43.29859706399863,TalChhapar_TC,2012-10-01,2014-02-01,Oct12→Feb14
6.966279877954977,444495.804006489,3075164.0120452438,444490.5108548634,3075168.5410187705,TRUE,31.798016369836745,TalChhapar_TC,2012-10-01,2014-02-01,Oct12→Feb14
0.6222697298101276,444416.64703401655,3075252.1936191907,444416.02476863854,3075252.195946413,TRUE,89.53238435247279,TalChhapar_TC,2012-10-01,2014-02-01,Oct12→Feb14
0.958883287499844,444442.9830024884,3075235.481796448,444442.0243342465,3075235.461489772,TRUE,58.85123342903323,TalChhapar_TC,2012-10-01,2014-02-01,Oct12→Feb14
2.2755738814563498,444449.6710393651,3075205.2535117315,444447.39711929706,3075205.1667706566,TRUE,36.633626728589626,TalChhapar_TC,2012-10-01,2014-02-01,Oct12→Feb14
1.530101092140742,444452.0066789493,3075223.8371375,444450.7835224172,3075222.91784568,TRUE,44.26607055373435,TalChhapar_TC,2012-10-01,2014-02-01,Oct12→Feb14
3.2882414138794944,444442.5898075528,3075189.6251530703,444444.6131676509,3075192.2171687935,TRUE,42.04722961789374,TalChhapar_TC,2012-10-01,2014-02-01,Oct12→Feb14
11.859853739995225,444458.4896272338,3075188.790776122,444464.6419339337,3075198.9300686517,TRUE,26.410633484790267,TalChhapar_TC,2012-10-01,2014-02-01,Oct12→Feb14
1.1274343748192872,444441.6514793892,3075173.6691390565,444442.70419174846,3075174.07275392,TRUE,47.24738924160276,TalChhapar_TC,2012-10-01,2014-02-01,Oct12→Feb14
11.228160376796183,444456.1162079218,3075161.6315360772,444447.77927444025,3075154.110424087,TRUE,42.79164041314466,TalChhapar_TC,2012-10-01,2014-02-01,Oct12→Feb14
0.0848536679988707,444460.8523504734,3075142.45228275,444460.8412002125,3075142.3681648765,TRUE,56.42325690085982,TalChhapar_TC,2012-10-01,2014-02-01,Oct12→Feb14
0.8745974733189482,444448.37851507054,3075153.4733751034,444447.77927444025,3075154.110424087,TRUE,54.0299774061955,TalChhapar_TC,2012-10-01,2014-02-01,Oct12→Feb14
2.991523316358765,444443.2598752046,3075128.3528400795,444445.0622473472,3075130.7404469172,TRUE,77.24722606442919,TalChhapar_TC,2012-10-01,2014-02-01,Oct12→Feb14
0.4482449236179093,444430.88632261235,3075148.0228797994,444431.2039720841,3075147.706616737,TRUE,70.3921993762723,TalChhapar_TC,2012-10-01,2014-02-01,Oct12→Feb14
3.426814254987693,444426.17757515353,3075124.491495912,444429.30327847594,3075125.89614344,TRUE,90.47330214181079,TalChhapar_TC,2012-10-01,2014-02-01,Oct12→Feb14
0.9296204737089504,444418.5026108786,3075136.9470001515,444417.7635040715,3075137.5108399806,TRUE,87.00271250193349,TalChhapar_TC,2012-10-01,2014-02-01,Oct12→Feb14
12.539318556753848,444418.56697042193,3075111.1687119612,444421.02220462903,3075098.8721134537,TRUE,105.60295316900826,TalChhapar_TC,2012-10-01,2014-02-01,Oct12→Feb14
4.568438460459767,444438.8797512056,3075110.846076214,444440.8741844505,3075114.9561694004,TRUE,94.56163101815646,TalChhapar_TC,2012-10-01,2014-02-01,Oct12→Feb14
4.640062594206118,444427.7300004676,3075144.6306287516,444431.2039720841,3075147.706616737,TRUE,74.99697131405382,TalChhapar_TC,2012-10-01,2014-02-01,Oct12→Feb14
0.5990476768761877,444431.1043680805,3075163.2744497224,444430.8299635507,3075162.7419459447,TRUE,61.40671040106076,TalChhapar_TC,2012-10-01,2014-02-01,Oct12→Feb14
0.8100091487796316,444433.0811117061,3075185.1782467067,444433.47065326024,3075185.88843837,TRUE,52.06084565173827,TalChhapar_TC,2012-10-01,2014-02-01,Oct12→Feb14
0.12134022931049815,444432.39709635655,3075217.6909420555,444432.5068004968,3075217.6390917627,TRUE,57.30088895254097,TalChhapar_TC,2012-10-01,2014-02-01,Oct12→Feb14
7.388072663695907,444429.39928756724,3075238.407997716,444427.70519031177,3075245.599218209,TRUE,70.90308818213035,TalChhapar_TC,2012-10-01,2014-02-01,Oct12→Feb14
3.0339850436482516,444408.17180207267,3075231.1916619656,444406.59179311903,3075228.601558309,TRUE,84.97932091910336,TalChhapar_TC,2012-10-01,2014-02-01,Oct12→Feb14
20.036798813227314,444393.056201,3075258.1675231205,444409.7448381166,3075269.2563777897,TRUE,111.82808925974437,TalChhapar_TC,2012-10-01,2014-02-01,Oct12→Feb14
1.2462897188763116,444417.91046464647,3075217.8342896006,444418.2891375669,3075219.0216584913,TRUE,70.76687862964026,TalChhapar_TC,2012-10-01,2014-02-01,Oct12→Feb14
1.4558679445709046,444418.7174793879,3075198.7253067195,444417.2660289564,3075198.838634196,TRUE,65.9118607323286,TalChhapar_TC,2012-10-01,2014-02-01,Oct12→Feb14
0.19917796202365182,444413.94592394907,3075183.1173200933,444414.1231247004,3075183.2082692785,TRUE,71.28361605977476,TalChhapar_TC,2012-10-01,2014-02-01,Oct12→Feb14
0.5170293799197004,444380.9583906745,3075218.132362631,444380.5480221761,3075218.446873482,TRUE,106.32287514144923,TalChhapar_TC,2012-10-01,2014-02-01,Oct12→Feb14
3.5482477165091324,444413.0666741105,3075164.3088392005,444413.2462282175,3075167.852540963,TRUE,77.18994879304421,TalChhapar_TC,2012-10-01,2014-02-01,Oct12→Feb14
1.3877240770391228,444399.6046119611,3075137.8619425762,444399.7816873868,3075139.238322759,TRUE,101.56611865253501,TalChhapar_TC,2012-10-01,2014-02-01,Oct12→Feb14
2.5449344688912996,444403.9907020226,3075114.9053909467,444403.68548027263,3075117.4319560328,TRUE,112.6138165266498,TalChhapar_TC,2012-10-01,2014-02-01,Oct12→Feb14
1.9887500081542269,444392.3793275879,3075166.5520478236,444394.1873902494,3075167.3803207297,TRUE,95.98103243135343,TalChhapar_TC,2012-10-01,2014-02-01,Oct12→Feb14
0.7671518980431368,444391.2789538399,3075185.991753202,444390.9082204938,3075186.6633772193,TRUE,93.47838434554924,TalChhapar_TC,2012-10-01,2014-02-01,Oct12→Feb14
3.4835191333186373,444393.1961311021,3075203.921220412,444395.31697730016,3075201.157723179,TRUE,91.81175184105408,TalChhapar_TC,2012-10-01,2014-02-01,Oct12→Feb14
1.0465291818430114,444375.98647060886,3075195.8196986523,444375.44478385604,3075194.9242664715,TRUE,108.47226576359421,TalChhapar_TC,2012-10-01,2014-02-01,Oct12→Feb14
0.7011599571591484,444356.3587906481,3075176.852203792,444357.0596898031,3075176.8713260316,TRUE,129.183983584208,TalChhapar_TC,2012-10-01,2014-02-01,Oct12→Feb14
2.916165524271338,444364.2469716908,3075148.976894791,444361.7146445618,3075147.530747953,TRUE,128.24558205701135,TalChhapar_TC,2012-10-01,2014-02-01,Oct12→Feb14
9.281300512705787,444370.6703242965,3075130.4413527027,444361.4239231484,3075129.637235164,TRUE,130.176710370662,TalChhapar_TC,2012-10-01,2014-02-01,Oct12→Feb14
2.5501243317547613,444384.0340860566,3075098.7066036826,444386.51861072006,3075099.2812960385,TRUE,138.2263264669375,TalChhapar_TC,2012-10-01,2014-02-01,Oct12→Feb14
2.804060708622115,444359.26932973,3075112.6637148373,444359.70960048155,3075115.4329959936,TRUE,149.11622858627968,TalChhapar_TC,2012-10-01,2014-02-01,Oct12→Feb14
24.85020690442436,444364.34584744397,3075088.0607188744,444386.51861072006,3075099.2812960385,FALSE,159.94942010884512,TalChhapar_TC,2012-10-01,2014-02-01,Oct12→Feb14
43.95279378950143,444362.7848519483,3075062.2872860306,444386.51861072006,3075099.2812960385,FALSE,179.0846414347183,TalChhapar_TC,2012-10-01,2014-02-01,Oct12→Feb14
43.118249449995794,444390.8035166683,3075039.6340889395,444404.49790605076,3075080.5198705154,FALSE,180.2960186976021,TalChhapar_TC,2012-10-01,2014-02-01,Oct12→Feb14
11.516534867835304,444397.20515958243,3075071.606598147,444404.49790605076,3075080.5198705154,FALSE,150.06231008289464,TalChhapar_TC,2012-10-01,2014-02-01,Oct12→Feb14
36.33540403754461,444338.2842708,3075086.086499872,444359.70960048155,3075115.4329959936,FALSE,181.5038842462418,TalChhapar_TC,2012-10-01,2014-02-01,Oct12→Feb14
0.6359571480121101,444331.3141287116,3075155.5796596375,444330.74024699803,3075155.853705752,TRUE,157.80006266078036,TalChhapar_TC,2012-10-01,2014-02-01,Oct12→Feb14
0.3582018871017685,444321.79078863974,3075132.2181501966,444321.61161658587,3075131.907979329,TRUE,173.88316615501108,TalChhapar_TC,2012-10-01,2014-02-01,Oct12→Feb14
17.68576876286607,444342.1017916592,3075117.0917561357,444359.70960048155,3075115.4329959936,TRUE,161.6475092415799,TalChhapar_TC,2012-10-01,2014-02-01,Oct12→Feb14
3.518977564355084,444596.7268826429,3075148.355219975,444593.3588166861,3075149.374697689,TRUE,106.17460135118114,TalChhapar_TC,2014-02-01,2015-11-01,Feb14→Nov15
2.0336972518974434,444598.48506103776,3075189.431642246,444597.41452060716,3075187.7025188557,TRUE,102.73230365293635,TalChhapar_TC,2014-02-01,2015-11-01,Feb14→Nov15
1.3795932142209058,444607.0448128394,3075167.74555294,444606.2422025568,3075166.6234592847,TRUE,111.93322542319808,TalChhapar_TC,2014-02-01,2015-11-01,Feb14→Nov15
9.931030840548173,444583.06866150507,3075163.4291096204,444586.8310155124,3075172.61986943,TRUE,89.00427827110504,TalChhapar_TC,2014-02-01,2015-11-01,Feb14→Nov15
2.2433639832089107,444586.96190200583,3075174.8594119474,444586.8310155124,3075172.61986943,TRUE,91.21913237042475,TalChhapar_TC,2014-02-01,2015-11-01,Feb14→Nov15
0.7326190842134632,444580.4946871311,3075197.6724613477,444580.4288356592,3075196.9428077955,TRUE,85.91491630188735,TalChhapar_TC,2014-02-01,2015-11-01,Feb14→Nov15
0.7421428146518095,444571.3823454073,3075155.7723843637,444570.64371583966,3075155.8445114675,TRUE,79.79198265859601,TalChhapar_TC,2014-02-01,2015-11-01,Feb14→Nov15
1.5983469702810802,444568.72672950436,3075178.253607869,444570.1014152716,3075177.4381619305,TRUE,72.80064723173504,TalChhapar_TC,2014-02-01,2015-11-01,Feb14→Nov15
1.7662588907558578,444556.10156904306,3075175.544598572,444554.7313408691,3075176.6591142607,TRUE,60.42456009484581,TalChhapar_TC,2014-02-01,2015-11-01,Feb14→Nov15
3.450020012898131,444586.92512892315,3075130.692648392,444583.6708395777,3075129.5471184077,TRUE,104.38031641454388,TalChhapar_TC,2014-02-01,2015-11-01,Feb14→Nov15
11.111961656115577,444577.6416782068,3075145.7897766256,444587.09327845194,3075139.946580184,TRUE,89.28907069044152,TalChhapar_TC,2014-02-01,2015-11-01,Feb14→Nov15
2.4757767745466293,444570.9234391951,3075209.2429061406,444569.0934114466,3075207.5754322796,TRUE,79.70342827290285,TalChhapar_TC,2014-02-01,2015-11-01,Feb14→Nov15
1.0145818160846698,444560.71408680984,3075238.6728577586,444561.6668099259,3075238.3240097607,TRUE,86.00824858858054,TalChhapar_TC,2014-02-01,2015-11-01,Feb14→Nov15
12.085614670143821,444545.3778353272,3075228.7535302965,444534.77459651034,3075234.55296204,TRUE,67.98778387679695,TalChhapar_TC,2014-02-01,2015-11-01,Feb14→Nov15
2.389280887739413,444546.6120343728,3075214.0143235666,444544.51961581246,3075212.8608732084,TRUE,59.87124195405509,TalChhapar_TC,2014-02-01,2015-11-01,Feb14→Nov15
2.4160333213008,444530.9585630298,3075219.330245639,444528.97874684935,3075220.7150000944,TRUE,51.13189457006432,TalChhapar_TC,2014-02-01,2015-11-01,Feb14→Nov15
1.492769832840285,444544.43870730937,3075189.1806801525,444543.3216019343,3075190.170850519,TRUE,48.94676244038575,TalChhapar_TC,2014-02-01,2015-11-01,Feb14→Nov15
8.498772190913858,444560.8707100978,3075153.187924807,444560.60141517536,3075161.682429442,TRUE,70.9588720294842,TalChhapar_TC,2014-02-01,2015-11-01,Feb14→Nov15
1.6368007989138393,444531.43058728875,3075199.8599851965,444530.01349537406,3075199.040859223,TRUE,39.659914985667946,TalChhapar_TC,2014-02-01,2015-11-01,Feb14→Nov15
2.8943163387233715,444606.5129952121,3075105.6070559095,444604.05750488414,3075104.0748567325,TRUE,134.32536297631052,TalChhapar_TC,2014-02-01,2015-11-01,Feb14→Nov15
0.5039555758349199,444584.5221929045,3075117.0750400173,444584.15682888054,3075117.4221428153,TRUE,109.75802813205921,TalChhapar_TC,2014-02-01,2015-11-01,Feb14→Nov15
2.5857677931724625,444569.81862658425,3075132.6359481905,444572.32532009867,3075132.001375338,TRUE,88.78180192359285,TalChhapar_TC,2014-02-01,2015-11-01,Feb14→Nov15
3.1008381519639436,444569.6466036998,3075108.0203118287,444569.5335878057,3075104.9215339,TRUE,104.36849614810598,TalChhapar_TC,2014-02-01,2015-11-01,Feb14→Nov15
1.9051685416088944,444553.9154115375,3075110.9975904664,444552.1712222364,3075110.2311239936,TRUE,91.60914160077942,TalChhapar_TC,2014-02-01,2015-11-01,Feb14→Nov15
9.314866619928228,444551.63482256705,3075137.7992551792,444552.70581425907,3075147.05234747,TRUE,71.03528163831746,TalChhapar_TC,2014-02-01,2015-11-01,Feb14→Nov15
0.8199841066167171,444583.4131323187,3075086.644311948,444582.8684476712,3075087.257249604,TRUE,129.3402436515543,TalChhapar_TC,2014-02-01,2015-11-01,Feb14→Nov15
1.2561745870913046,444564.97260379576,3075081.012716979,444565.64439589594,3075079.9512698688,TRUE,122.27653728344312,TalChhapar_TC,2014-02-01,2015-11-01,Feb14→Nov15
13.095912380898456,444584.6899489742,3075065.6352514983,444578.3691320775,3075054.1657181666,TRUE,146.29260716821534,TalChhapar_TC,2014-02-01,2015-11-01,Feb14→Nov15
9.228130314505972,444573.8913017446,3075037.917267643,444574.541000017,3075028.712036453,TRUE,163.77409195579565,TalChhapar_TC,2014-02-01,2015-11-01,Feb14→Nov15
7.835479291955269,444527.6920573069,3075049.107018782,444520.03063917026,3075047.4646400586,TRUE,136.60954576078424,TalChhapar_TC,2014-02-01,2015-11-01,Feb14→Nov15
2.8328658203851083,444544.3224935915,3075077.438698861,444541.70655063086,3075076.35151388,TRUE,115.17340453313183,TalChhapar_TC,2014-02-01,2015-11-01,Feb14→Nov15
2.763827513744941,444547.61090242944,3075097.6231673253,444544.9449238471,3075096.8942635427,TRUE,98.89377060794779,TalChhapar_TC,2014-02-01,2015-11-01,Feb14→Nov15
1.3348481868474265,444529.1892058741,3075087.9129122575,444527.8591378089,3075087.800046745,TRUE,99.75704667296365,TalChhapar_TC,2014-02-01,2015-11-01,Feb14→Nov15
7.164873605502881,444538.83833281806,3075139.3432157524,444533.06638326985,3075135.0982172606,TRUE,60.43493895394605,TalChhapar_TC,2014-02-01,2015-11-01,Feb14→Nov15
1.3300048753204803,444543.902313088,3075158.414777445,444542.74342727376,3075157.762169877,TRUE,53.371531957288255,TalChhapar_TC,2014-02-01,2015-11-01,Feb14→Nov15
5.080550751486066,444530.8195345075,3075182.5864744172,444526.41935627064,3075185.1262435843,TRUE,34.80228155457993,TalChhapar_TC,2014-02-01,2015-11-01,Feb14→Nov15
0.5323922371589634,444530.0742063108,3075163.220781208,444530.4815463523,3075162.877975746,TRUE,38.884466907302055,TalChhapar_TC,2014-02-01,2015-11-01,Feb14→Nov15
8.387942476022229,444519.4779378954,3075151.194416482,444511.4745594668,3075148.6837367513,TRUE,38.71483724491846,TalChhapar_TC,2014-02-01,2015-11-01,Feb14→Nov15
4.659455680208796,444541.405351891,3075122.7062348966,444540.12222234276,3075118.2269374295,TRUE,74.6643881213757,TalChhapar_TC,2014-02-01,2015-11-01,Feb14→Nov15
3.6640181828828178,444560.3771765734,3075125.7404718557,444558.33767384087,3075122.6965503967,TRUE,85.4758158622403,TalChhapar_TC,2014-02-01,2015-11-01,Feb14→Nov15
7.311775116169389,444520.57419866323,3075203.422139308,444515.6343591608,3075208.812875903,TRUE,32.58715331687931,TalChhapar_TC,2014-02-01,2015-11-01,Feb14→Nov15
4.354036726333129,444509.19297947397,3075220.045939164,444507.8890001626,3075224.200126662,TRUE,40.265961526238044,TalChhapar_TC,2014-02-01,2015-11-01,Feb14→Nov15
9.70994259281411,444509.3016732002,3075236.140997107,444504.7603635774,3075244.7235079324,TRUE,55.75069819091415,TalChhapar_TC,2014-02-01,2015-11-01,Feb14→Nov15
0.5611053228575309,444517.48358887655,3075257.1649878058,444517.0254038027,3075257.4888791787,TRUE,78.17370031611436,TalChhapar_TC,2014-02-01,2015-11-01,Feb14→Nov15
5.103305710484394,444496.1849434516,3075254.9303195607,444494.7619902351,3075250.0294080824,TRUE,72.93558484678714,TalChhapar_TC,2014-02-01,2015-11-01,Feb14→Nov15
11.743869770442583,444489.27976942604,3075269.7960075336,444477.5466288522,3075269.2941216305,TRUE,88.05959980280151,TalChhapar_TC,2014-02-01,2015-11-01,Feb14→Nov15
0.3756106198240907,444477.4177014652,3075268.94133123,444477.5466288522,3075269.2941216305,TRUE,88.9146190394434,TalChhapar_TC,2014-02-01,2015-11-01,Feb14→Nov15
4.176978080326124,444486.92798660387,3075230.5397191085,444485.0461244817,3075226.8106789053,TRUE,49.38931146898677,TalChhapar_TC,2014-02-01,2015-11-01,Feb14→Nov15
8.417014558210647,444487.0268959906,3075246.7106054216,444494.7619902351,3075250.0294080824,TRUE,65.33787105124676,TalChhapar_TC,2014-02-01,2015-11-01,Feb14→Nov15
3.501630968643081,444462.86021236377,3075250.585682238,444459.4577487696,3075249.7582398346,TRUE,76.18671791984514,TalChhapar_TC,2014-02-01,2015-11-01,Feb14→Nov15
12.103855296925548,444501.2701617356,3075205.2231476414,444491.70987700816,3075212.646372613,TRUE,23.81367241715265,TalChhapar_TC,2014-02-01,2015-11-01,Feb14→Nov15
9.281272839690441,444495.0953261515,3075195.1643031472,444503.0776650305,3075190.428873753,TRUE,13.201969559072161,TalChhapar_TC,2014-02-01,2015-11-01,Feb14→Nov15
7.500474972803754,444518.27351395856,3075170.167669255,444511.0574463921,3075168.1218213392,TRUE,25.199228987587507,TalChhapar_TC,2014-02-01,2015-11-01,Feb14→Nov15
6.404324695931738,444499.50691782695,3075175.651632111,444493.69250478956,3075178.336399483,TRUE,7.237399149103908,TalChhapar_TC,2014-02-01,2015-11-01,Feb14→Nov15
6.8808737064400605,444506.172836157,3075160.8186943755,444503.12379848486,3075154.650243011,TRUE,23.48331618496486,TalChhapar_TC,2014-02-01,2015-11-01,Feb14→Nov15
5.94147741447124,444495.1172043238,3075155.776447796,444490.45531249896,3075152.092982243,TRUE,26.234085534643594,TalChhapar_TC,2014-02-01,2015-11-01,Feb14→Nov15
8.9534084539655,444502.94185988395,3075145.698683298,444503.12379848486,3075154.650243011,TRUE,36.94992678335516,TalChhapar_TC,2014-02-01,2015-11-01,Feb14→Nov15
10.13717549038204,444514.72188301693,3075128.615341662,444504.63062822557,3075127.65154518,TRUE,56.56018111223079,TalChhapar_TC,2014-02-01,2015-11-01,Feb14→Nov15
2.0814125488234887,444521.2969575194,3075112.0133889364,444521.7780967021,3075109.988349854,TRUE,74.40580235180892,TalChhapar_TC,2014-02-01,2015-11-01,Feb14→Nov15
5.016128888456243,444506.96637834026,3075087.4649838475,444503.1137037041,3075084.2527498626,TRUE,95.16134383835661,TalChhapar_TC,2014-02-01,2015-11-01,Feb14→Nov15
2.8500528858281347,444462.47166155366,3075222.2778657842,444460.9778691107,3075219.85064812,TRUE,52.42480416964187,TalChhapar_TC,2014-02-01,2015-11-01,Feb14→Nov15
8.126302278934235,444483.7545649028,3075214.3046241123,444491.70987700816,3075212.646372613,TRUE,34.560296396645725,TalChhapar_TC,2014-02-01,2015-11-01,Feb14→Nov15
6.602815847469543,444474.5255879371,3075201.511227475,444467.9285300485,3075201.235538646,TRUE,29.03436269388615,TalChhapar_TC,2014-02-01,2015-11-01,Feb14→Nov15
2.7419859802284168,444477.6061710342,3075176.420857348,444475.7748543357,3075174.38008145,TRUE,19.24118584591246,TalChhapar_TC,2014-02-01,2015-11-01,Feb14→Nov15
2.7162786205022638,444464.02756266034,3075180.1305252733,444462.301587581,3075178.0331031485,TRUE,32.04899291679758,TalChhapar_TC,2014-02-01,2015-11-01,Feb14→Nov15
3.1484075621399046,444467.12601960957,3075164.223956869,444464.691532711,3075162.227524121,TRUE,33.92345659443395,TalChhapar_TC,2014-02-01,2015-11-01,Feb14→Nov15
7.302064942276453,444484.1060033491,3075162.092631501,444489.53836494556,3075166.9721396635,TRUE,23.196952438551193,TalChhapar_TC,2014-02-01,2015-11-01,Feb14→Nov15
2.475291797743337,444473.4201546169,3075152.3988970495,444472.6125498657,3075150.059058583,TRUE,37.23950127508639,TalChhapar_TC,2014-02-01,2015-11-01,Feb14→Nov15
3.4410978298105688,444483.0374072588,3075137.0011352235,444481.0779960429,3075134.1723789666,TRUE,46.829982495740104,TalChhapar_TC,2014-02-01,2015-11-01,Feb14→Nov15
12.124549409118803,444493.16625399934,3075123.70530368,444504.63062822557,3075127.65154518,TRUE,58.35953911488926,TalChhapar_TC,2014-02-01,2015-11-01,Feb14→Nov15
3.2252085135908093,444468.8818820636,3075118.6417180263,444465.814262721,3075119.637550103,TRUE,68.92190474804278,TalChhapar_TC,2014-02-01,2015-11-01,Feb14→Nov15
1.1124632108477583,444461.89631960716,3075142.836604026,444460.8523504734,3075142.45228275,TRUE,51.94183898558411,TalChhapar_TC,2014-02-01,2015-11-01,Feb14→Nov15
4.0526244935052205,444468.55281094793,3075103.0744405584,444467.52006412385,3075099.155614295,TRUE,83.56442567322509,TalChhapar_TC,2014-02-01,2015-11-01,Feb14→Nov15
7.576887472981692,444488.2632269737,3075082.7695206855,444480.70096428675,3075083.2400595592,TRUE,99.52829754818325,TalChhapar_TC,2014-02-01,2015-11-01,Feb14→Nov15
0.9233232694953774,444478.50804140535,3075065.1824100227,444478.201944184,3075066.0535187135,TRUE,118.11820418796577,TalChhapar_TC,2014-02-01,2015-11-01,Feb14→Nov15
10.672967667596797,444507.85564936674,3075044.1361758406,444497.194243755,3075043.6395177934,TRUE,138.36567809961147,TalChhapar_TC,2014-02-01,2015-11-01,Feb14→Nov15
4.384340526357882,444500.7130122835,3075023.5688051786,444496.496456077,3075022.3675160343,TRUE,158.4955380542392,TalChhapar_TC,2014-02-01,2015-11-01,Feb14→Nov15
1.6534278030061058,444480.55145009496,3075007.769147093,444479.2759117672,3075006.7170893596,FALSE,174.91130664299334,TalChhapar_TC,2014-02-01,2015-11-01,Feb14→Nov15
14.457909000545417,444490.03121548565,3075056.198266086,444497.194243755,3075043.6395177934,TRUE,125.9392314550355,TalChhapar_TC,2014-02-01,2015-11-01,Feb14→Nov15
4.612219880523212,444539.6659561528,3074994.4982882575,444539.16683759657,3074989.913154356,FALSE,192.509105873387,TalChhapar_TC,2014-02-01,2015-11-01,Feb14→Nov15
2.7524858003445076,444462.2588139245,3074983.392900631,444463.95179164695,3074985.563155112,FALSE,201.45156303568845,TalChhapar_TC,2014-02-01,2015-11-01,Feb14→Nov15
4.032525257043599,444499.3562263413,3074994.62483047,444496.34896454774,3074991.938264548,FALSE,187.39974434809858,TalChhapar_TC,2014-02-01,2015-11-01,Feb14→Nov15
5.559314395205218,444473.2447391837,3075038.6240044874,444468.8401615334,3075035.232003269,TRUE,145.16898671045146,TalChhapar_TC,2014-02-01,2015-11-01,Feb14→Nov15
0.4066522577098294,444459.51612280216,3075015.064338199,444459.35243707127,3075015.4365921984,FALSE,170.875736768534,TalChhapar_TC,2014-02-01,2015-11-01,Feb14→Nov15
6.929406340178053,444445.63883033395,3075044.351662457,444443.52032315906,3075050.9492832082,TRUE,146.57475008480392,TalChhapar_TC,2014-02-01,2015-11-01,Feb14→Nov15
14.055385423199015,444430.4194090718,3075022.8900313973,444444.19754122064,3075025.6679683807,FALSE,172.0991026291857,TalChhapar_TC,2014-02-01,2015-11-01,Feb14→Nov15
24.220384009228074,444440.837837055,3074992.8000124875,444463.95179164695,3074985.563155112,FALSE,197.07875175518586,TalChhapar_TC,2014-02-01,2015-11-01,Feb14→Nov15
37.9420573833061,444426.0432070919,3074987.1565588624,444463.95179164695,3074985.563155112,FALSE,207.0242889599413,TalChhapar_TC,2014-02-01,2015-11-01,Feb14→Nov15
35.438279110601954,444402.85658399307,3074999.0423066155,444414.198838089,3075032.616476722,FALSE,205.30831545163366,TalChhapar_TC,2014-02-01,2015-11-01,Feb14→Nov15
5.31771587832661,444395.85387800646,3075037.9691707683,444390.8035166683,3075039.6340889395,FALSE,175.43410230756749,TalChhapar_TC,2014-02-01,2015-11-01,Feb14→Nov15
17.14530402410527,444426.4020991545,3075051.912536554,444443.52032315906,3075050.9492832082,TRUE,147.54116432982673,TalChhapar_TC,2014-02-01,2015-11-01,Feb14→Nov15
10.626071259900092,444449.30760959705,3075070.49619687,444443.70590601594,3075061.466561916,TRUE,120.88930847258605,TalChhapar_TC,2014-02-01,2015-11-01,Feb14→Nov15
57.139759199317545,444397.9968664754,3074977.821876649,444414.198838089,3075032.616476722,FALSE,226.4853459010713,TalChhapar_TC,2014-02-01,2015-11-01,Feb14→Nov15
31.434245562591734,444382.91695413075,3075009.205255156,444390.8035166683,3075039.6340889395,FALSE,206.51654139099023,TalChhapar_TC,2014-02-01,2015-11-01,Feb14→Nov15
9.212781405359744,444365.6111390543,3075053.518737552,444362.7848519483,3075062.2872860306,FALSE,183.06609289061808,TalChhapar_TC,2014-02-01,2015-11-01,Feb14→Nov15
1.1959699559170835,444397.4923369243,3075072.7675776086,444397.20515958243,3075071.606598147,TRUE,147.1011941815475,TalChhapar_TC,2014-02-01,2015-11-01,Feb14→Nov15
17.047186269544653,444410.25177594373,3075060.634252854,444397.20515958243,3075071.606598147,TRUE,148.61019514278303,TalChhapar_TC,2014-02-01,2015-11-01,Feb14→Nov15
4.858523204327233,444406.8527247255,3075083.305057955,444403.75697706745,3075079.5605160384,TRUE,133.00713456540734,TalChhapar_TC,2014-02-01,2015-11-01,Feb14→Nov15
3.2968179572970717,444430.33999942616,3075074.361602249,444427.8818381413,3075072.1646835566,TRUE,126.09160300134907,TalChhapar_TC,2014-02-01,2015-11-01,Feb14→Nov15
12.890556571264243,444422.8531716352,3075099.0116182347,444418.56697042193,3075111.1687119612,TRUE,110.634290670402,TalChhapar_TC,2014-02-01,2015-11-01,Feb14→Nov15
2.935071823783667,444444.11592283647,3075113.950662522,444441.39137352264,3075115.042210802,TRUE,85.58206850873383,TalChhapar_TC,2014-02-01,2015-11-01,Feb14→Nov15
3.668278680247402,444431.1194465461,3075143.2278016927,444427.7300004676,3075144.6306287516,TRUE,75.59938534045656,TalChhapar_TC,2014-02-01,2015-11-01,Feb14→Nov15
2.782572728925026,444400.9753940108,3075140.2834436735,444399.6046119611,3075137.8619425762,TRUE,103.79671302697244,TalChhapar_TC,2014-02-01,2015-11-01,Feb14→Nov15
1.451046025067671,444425.309999356,3075125.6546153394,444426.17757515353,3075124.491495912,TRUE,90.4126995944043,TalChhapar_TC,2014-02-01,2015-11-01,Feb14→Nov15
1.4280794188924446,444404.1877982729,3075116.319803862,444403.9907020226,3075114.9053909467,TRUE,112.90169424305721,TalChhapar_TC,2014-02-01,2015-11-01,Feb14→Nov15
7.584561438862424,444373.84929606266,3075123.555155586,444370.6703242965,3075130.4413527027,TRUE,135.43058675100167,TalChhapar_TC,2014-02-01,2015-11-01,Feb14→Nov15
1.704551103222031,444385.2563450085,3075097.5185054047,444384.0340860566,3075098.7066036826,TRUE,139.30311020632647,TalChhapar_TC,2014-02-01,2015-11-01,Feb14→Nov15
3.740051034303848,444367.87589238735,3075148.0719548385,444364.2469716908,3075148.976894791,TRUE,132.56041710855476,TalChhapar_TC,2014-02-01,2015-11-01,Feb14→Nov15
2.0096794190398657,444394.1899695553,3075167.424049563,444392.3793275879,3075166.5520478236,TRUE,102.86947934631385,TalChhapar_TC,2014-02-01,2015-11-01,Feb14→Nov15
0.6417200015561152,444413.1218547012,3075164.94818235,444413.0666741105,3075164.3088392005,TRUE,84.63493245616112,TalChhapar_TC,2014-02-01,2015-11-01,Feb14→Nov15
4.291774057787476,444450.047978566,3075157.4271348584,444448.37851507054,3075153.4733751034,TRUE,52.126886999386194,TalChhapar_TC,2014-02-01,2015-11-01,Feb14→Nov15
2.255610386024003,444432.435483055,3075165.0954140653,444431.1043680805,3075163.2744497224,TRUE,65.79417927465741,TalChhapar_TC,2014-02-01,2015-11-01,Feb14→Nov15
1.6428329272547662,444443.95062151185,3075188.704780648,444442.5898075528,3075189.6251530703,TRUE,52.50219034836466,TalChhapar_TC,2014-02-01,2015-11-01,Feb14→Nov15
0.9347729456373964,444442.52830011677,3075173.99315429,444441.6514793892,3075173.6691390565,TRUE,54.089131715642445,TalChhapar_TC,2014-02-01,2015-11-01,Feb14→Nov15
2.5686788293551652,444388.76969773736,3075186.541066173,444391.2789538399,3075185.991753202,TRUE,107.34888947167167,TalChhapar_TC,2014-02-01,2015-11-01,Feb14→Nov15
1.905594470377051,444395.0547895536,3075203.5008883453,444393.1961311021,3075203.921220412,TRUE,103.23246168965417,TalChhapar_TC,2014-02-01,2015-11-01,Feb14→Nov15
0.528340884827354,444413.72661991976,3075183.5979965264,444413.94592394907,3075183.1173200933,TRUE,82.31127310029113,TalChhapar_TC,2014-02-01,2015-11-01,Feb14→Nov15
2.882539366071654,444448.2464667687,3075207.7594299493,444449.6710393651,3075205.2535117315,TRUE,54.280185958076,TalChhapar_TC,2014-02-01,2015-11-01,Feb14→Nov15
7.0215408409463445,444424.6565606091,3075194.9797293236,444418.7174793879,3075198.7253067195,TRUE,72.53737935652674,TalChhapar_TC,2014-02-01,2015-11-01,Feb14→Nov15
1.4605486849823828,444416.87996543804,3075216.7992660054,444417.91046464647,3075217.8342896006,TRUE,86.45720829089008,TalChhapar_TC,2014-02-01,2015-11-01,Feb14→Nov15
3.2024083965106165,444434.2668548724,3075220.2908310206,444432.39709635655,3075217.6909420555,TRUE,72.66573979979067,TalChhapar_TC,2014-02-01,2015-11-01,Feb14→Nov15
10.110634093107073,444427.9888750687,3075208.591903269,444432.39709635655,3075217.6909420555,TRUE,73.04754638182688,TalChhapar_TC,2014-02-01,2015-11-01,Feb14→Nov15
3.9371043006480755,444442.52816546697,3075239.392539799,444442.9830024884,3075235.481796448,TRUE,78.46086661389754,TalChhapar_TC,2014-02-01,2015-11-01,Feb14→Nov15
4.69913286626101,444425.9598587877,3075241.6099001765,444429.39928756724,3075238.407997716,TRUE,91.99287643874115,TalChhapar_TC,2014-02-01,2015-11-01,Feb14→Nov15
12.121309157109179,444398.0701161441,3075224.492253254,444408.17180207267,3075231.1916619656,TRUE,106.77382751010018,TalChhapar_TC,2014-02-01,2015-11-01,Feb14→Nov15
3.847365461381626,444442.19283930055,3075263.2617385555,444439.9027300832,3075260.1701983623,TRUE,97.47771649144217,TalChhapar_TC,2014-02-01,2015-11-01,Feb14→Nov15
12.801233449074575,444421.60463696986,3075263.995896546,444416.64703401655,3075252.1936191907,TRUE,110.73457688905728,TalChhapar_TC,2014-02-01,2015-11-01,Feb14→Nov15
1.7268002641721691,444571.5821111275,3075154.0571780177,444571.3823454073,3075155.7723843637,TRUE,60.607192840207745,TalChhapar_TC,2015-11-01,2015-12-01,Nov15→Dec15
1.5827176763416715,444580.3976222435,3075196.0927228723,444580.4946871311,3075197.6724613477,TRUE,74.35435489933127,TalChhapar_TC,2015-11-01,2015-12-01,Nov15→Dec15
20.116786400038947,444620.08825074456,3075152.4304028368,444607.0448128394,3075167.74555294,TRUE,108.74611433443359,TalChhapar_TC,2015-11-01,2015-12-01,Nov15→Dec15
1.9183565741246298,444607.03555476206,3075165.827218706,444607.0448128394,3075167.74555294,TRUE,94.79715618037413,TalChhapar_TC,2015-11-01,2015-12-01,Nov15→Dec15
1.6325648326070927,444597.97700774856,3075187.8801430394,444598.48506103776,3075189.431642246,TRUE,88.39277043907235,TalChhapar_TC,2015-11-01,2015-12-01,Nov15→Dec15
2.361287857245108,444597.29602358356,3075146.063548329,444596.7268826429,3075148.355219975,TRUE,87.44775439492055,TalChhapar_TC,2015-11-01,2015-12-01,Nov15→Dec15
1.1906113855676597,444587.58922897547,3075129.7044547917,444586.92512892315,3075130.692648392,TRUE,83.7990603958633,TalChhapar_TC,2015-11-01,2015-12-01,Nov15→Dec15
1.130152819203035,444587.032011484,3075173.731435859,444586.96190200583,3075174.8594119474,TRUE,75.15287996609919,TalChhapar_TC,2015-11-01,2015-12-01,Nov15→Dec15
0.9934822481184914,444607.48922770045,3075105.791384708,444606.5129952121,3075105.6070559095,TRUE,112.88430858814507,TalChhapar_TC,2015-11-01,2015-12-01,Nov15→Dec15
1.282337514751404,444569.2377231844,3075106.804908099,444569.6466036998,3075108.0203118287,TRUE,82.44641409104358,TalChhapar_TC,2015-11-01,2015-12-01,Nov15→Dec15
0.3701803185216121,444553.7023347582,3075110.6948830923,444553.9154115375,3075110.9975904664,TRUE,69.42240468192612,TalChhapar_TC,2015-11-01,2015-12-01,Nov15→Dec15
0.5297046952453821,444570.83695720794,3075208.720308848,444570.9234391951,3075209.2429061406,TRUE,72.29576989719585,TalChhapar_TC,2015-11-01,2015-12-01,Nov15→Dec15
1.030470674509066,444584.9538641505,3075116.139342552,444584.5221929045,3075117.0750400173,TRUE,88.37981234683295,TalChhapar_TC,2015-11-01,2015-12-01,Nov15→Dec15
2.02720443125838,444570.0174194035,3075130.6185143697,444569.81862658425,3075132.6359481905,TRUE,67.94705388181819,TalChhapar_TC,2015-11-01,2015-12-01,Nov15→Dec15
1.8512106827739316,444539.3190529306,3075137.555510753,444538.83833281806,3075139.3432157524,TRUE,39.54585046227242,TalChhapar_TC,2015-11-01,2015-12-01,Nov15→Dec15
1.602887877917142,444545.5013871245,3075158.3042705446,444543.902313088,3075158.414777445,TRUE,34.2267069859559,TalChhapar_TC,2015-11-01,2015-12-01,Nov15→Dec15
0.7339436172144761,444520.6828453471,3075111.6114692017,444521.2969575194,3075112.0133889364,TRUE,55.411131224189674,TalChhapar_TC,2015-11-01,2015-12-01,Nov15→Dec15
1.0205766787488986,444519.19045485154,3075150.215166638,444519.4779378954,3075151.194416482,TRUE,17.591733765027,TalChhapar_TC,2015-11-01,2015-12-01,Nov15→Dec15
0.4629900574415428,444544.0674488474,3075189.4573151967,444544.43870730937,3075189.1806801525,TRUE,39.31605767638215,TalChhapar_TC,2015-11-01,2015-12-01,Nov15→Dec15
0.518988654340033,444556.6042590356,3075175.67364118,444556.10156904306,3075175.544598572,TRUE,45.32816050247438,TalChhapar_TC,2015-11-01,2015-12-01,Nov15→Dec15
1.4822071117879396,444531.9316660316,3075183.566322056,444530.8195345075,3075182.5864744172,TRUE,26.13967766367622,TalChhapar_TC,2015-11-01,2015-12-01,Nov15→Dec15
0.5286994516110173,444518.7987979232,3075170.1076703663,444518.27351395856,3075170.167669255,TRUE,7.546275452572699,TalChhapar_TC,2015-11-01,2015-12-01,Nov15→Dec15
0.9074040653619513,444520.300016985,3075204.2871286403,444520.57419866323,3075203.422139308,TRUE,38.7588319129888,TalChhapar_TC,2015-11-01,2015-12-01,Nov15→Dec15
0.8201629136486474,444495.09982688463,3075194.344152583,444495.0953261515,3075195.1643031472,TRUE,32.802807151744695,TalChhapar_TC,2015-11-01,2015-12-01,Nov15→Dec15
0.22638338100905184,444546.5390838504,3075213.8000161787,444546.6120343728,3075214.0143235666,TRUE,58.52778916701647,TalChhapar_TC,2015-11-01,2015-12-01,Nov15→Dec15
1.0794604449412828,444559.8466412821,3075238.03038355,444560.71408680984,3075238.6728577586,TRUE,86.0279008303678,TalChhapar_TC,2015-11-01,2015-12-01,Nov15→Dec15
0.19680636274059662,444509.10670385836,3075236.167824335,444509.3016732002,3075236.140997107,TRUE,69.86250822212152,TalChhapar_TC,2015-11-01,2015-12-01,Nov15→Dec15
0.912560267577278,444486.70947136957,3075231.425731148,444486.92798660387,3075230.5397191085,TRUE,69.8807902137792,TalChhapar_TC,2015-11-01,2015-12-01,Nov15→Dec15
25.835251573573167,444533.99076099717,3075277.038927839,444517.48358887655,3075257.1649878058,FALSE,112.78060678243466,TalChhapar_TC,2015-11-01,2015-12-01,Nov15→Dec15
19.458871703026965,444502.2114794507,3075284.336247002,444489.27976942604,3075269.7960075336,FALSE,118.38615555767144,TalChhapar_TC,2015-11-01,2015-12-01,Nov15→Dec15
28.297840696148317,444563.45330434287,3075266.8378089457,444560.71408680984,3075238.6728577586,FALSE,112.76283379307472,TalChhapar_TC,2015-11-01,2015-12-01,Nov15→Dec15
0.7408881863636758,444477.7041480145,3075268.258056996,444477.4177014652,3075268.94133123,TRUE,107.57674557243136,TalChhapar_TC,2015-11-01,2015-12-01,Nov15→Dec15
0.9926931175466974,444441.7040963127,3075264.1257813307,444442.19283930055,3075263.2617385555,TRUE,120.5421368418303,TalChhapar_TC,2015-11-01,2015-12-01,Nov15→Dec15
0.34585345755554453,444421.8216350215,3075264.2652039165,444421.60463696986,3075263.995896546,TRUE,133.2585823412457,TalChhapar_TC,2015-11-01,2015-12-01,Nov15→Dec15
0.7291755820145289,444443.1823680583,3075239.714589483,444442.52816546697,3075239.392539799,TRUE,100.73509685152841,TalChhapar_TC,2015-11-01,2015-12-01,Nov15→Dec15
0.5491379581721552,444426.4169333808,3075241.3055396774,444425.9598587877,3075241.6099001765,TRUE,113.9301974878059,TalChhapar_TC,2015-11-01,2015-12-01,Nov15→Dec15
0.7274434091902102,444483.0297868702,3075214.242409026,444483.7545649028,3075214.3046241123,TRUE,56.07553582018735,TalChhapar_TC,2015-11-01,2015-12-01,Nov15→Dec15
0.08118475774431513,444501.25953482604,3075205.3036338743,444501.2701617356,3075205.2231476414,TRUE,40.44701476293622,TalChhapar_TC,2015-11-01,2015-12-01,Nov15→Dec15
0.9818390989524295,444474.18123739684,3075202.4307005424,444474.5255879371,3075201.511227475,TRUE,52.42554254443986,TalChhapar_TC,2015-11-01,2015-12-01,Nov15→Dec15
0.8402210299482682,444449.07671504805,3075207.6303595277,444448.2464667687,3075207.7594299493,TRUE,75.44237976846941,TalChhapar_TC,2015-11-01,2015-12-01,Nov15→Dec15
0.6288812312307984,444462.06761074305,3075222.75977298,444462.47166155366,3075222.2778657842,TRUE,75.47476723426402,TalChhapar_TC,2015-11-01,2015-12-01,Nov15→Dec15
0.46972411902626043,444434.04753428086,3075220.7062094337,444434.2668548724,3075220.2908310206,TRUE,95.21487754638704,TalChhapar_TC,2015-11-01,2015-12-01,Nov15→Dec15
1.0193261528626285,444395.1600246491,3075204.514767717,444395.0547895536,3075203.5008883453,TRUE,123.135340613467,TalChhapar_TC,2015-11-01,2015-12-01,Nov15→Dec15
21.451380685853245,444376.92643521994,3075228.112541959,444398.0701161441,3075224.492253254,FALSE,148.73199037513928,TalChhapar_TC,2015-11-01,2015-12-01,Nov15→Dec15
23.598024391649776,444583.686017932,3075244.0725925397,444560.71408680984,3075238.6728577586,FALSE,105.55262243558668,TalChhapar_TC,2015-11-01,2015-12-01,Nov15→Dec15
1.6185888494386103,444394.1149451531,3075165.807200404,444394.1899695553,3075167.424049563,TRUE,118.12640724382906,TalChhapar_TC,2015-11-01,2015-12-01,Nov15→Dec15
1.0223577329094073,444464.82077532395,3075179.485522169,444464.02756266034,3075180.1305252733,TRUE,49.19808042211715,TalChhapar_TC,2015-11-01,2015-12-01,Nov15→Dec15
0.8392484967125223,444499.17596634,3075174.880393398,444499.50691782695,3075175.651632111,TRUE,15.588452426089553,TalChhapar_TC,2015-11-01,2015-12-01,Nov15→Dec15
0.1527683393150711,444484.19930421846,3075162.213598907,444484.1060033491,3075162.092631501,TRUE,28.347877147906985,TalChhapar_TC,2015-11-01,2015-12-01,Nov15→Dec15
0.19228116883414367,444502.97843437124,3075145.5099126576,444502.94185988395,3075145.698683298,TRUE,22.828793538098925,TalChhapar_TC,2015-11-01,2015-12-01,Nov15→Dec15
0.6659037567889755,444495.76222344284,3075155.6109843575,444495.1172043238,3075155.776447796,TRUE,19.682323892326156,TalChhapar_TC,2015-11-01,2015-12-01,Nov15→Dec15
1.1004677214969871,444483.2847330065,3075135.9288203535,444483.0374072588,3075137.0011352235,TRUE,42.01682827410034,TalChhapar_TC,2015-11-01,2015-12-01,Nov15→Dec15
1.6895823692434817,444474.2488342317,3075150.9264913043,444473.4201546169,3075152.3988970495,TRUE,41.0122288880163,TalChhapar_TC,2015-11-01,2015-12-01,Nov15→Dec15
0.724524763995871,444443.2022832375,3075174.2590168235,444442.52830011677,3075173.99315429,TRUE,69.4863459725119,TalChhapar_TC,2015-11-01,2015-12-01,Nov15→Dec15
1.5027854342899025,444413.9207344355,3075163.6753291646,444413.1218547012,3075164.94818235,TRUE,98.3563243176759,TalChhapar_TC,2015-11-01,2015-12-01,Nov15→Dec15
1.5058802440158996,444450.5306401278,3075156.0007011495,444450.047978566,3075157.4271348584,TRUE,62.57541083001921,TalChhapar_TC,2015-11-01,2015-12-01,Nov15→Dec15
1.56290083257444,444462.3369058608,3075141.3370898496,444461.89631960716,3075142.836604026,TRUE,55.832293404000445,TalChhapar_TC,2015-11-01,2015-12-01,Nov15→Dec15
1.0443102102360797,444431.9604022915,3075142.608627041,444431.1194465461,3075143.2278016927,TRUE,83.72383797167474,TalChhapar_TC,2015-11-01,2015-12-01,Nov15→Dec15
1.2250199334377265,444400.2198335861,3075139.319181115,444400.9753940108,3075140.2834436735,TRUE,115.24133307043118,TalChhapar_TC,2015-11-01,2015-12-01,Nov15→Dec15
1.2878271722220198,444431.94927267387,3075163.9028964383,444432.435483055,3075165.0954140653,TRUE,80.3287793275867,TalChhapar_TC,2015-11-01,2015-12-01,Nov15→Dec15
1.1178048312789435,444514.65246390074,3075127.4996944834,444514.72188301693,3075128.615341662,TRUE,38.95070196519265,TalChhapar_TC,2015-11-01,2015-12-01,Nov15→Dec15
1.7368931112000228,444493.9188875743,3075122.1399473688,444493.16625399934,3075123.70530368,TRUE,47.87960753387449,TalChhapar_TC,2015-11-01,2015-12-01,Nov15→Dec15
0.9374344049544889,444469.25406976277,3075117.781334635,444468.8818820636,3075118.6417180263,TRUE,64.87829291833096,TalChhapar_TC,2015-11-01,2015-12-01,Nov15→Dec15
1.5615999987674776,444444.0888759975,3075112.389296766,444444.11592283647,3075113.950662522,TRUE,86.94306237322633,TalChhapar_TC,2015-11-01,2015-12-01,Nov15→Dec15
2.012104591967114,444425.5799082258,3075123.6606960604,444425.309999356,3075125.6546153394,TRUE,96.61538748708539,TalChhapar_TC,2015-11-01,2015-12-01,Nov15→Dec15
1.9138550073897627,444421.92484358384,3075097.3379850555,444422.8531716352,3075099.0116182347,TRUE,113.67945708368103,TalChhapar_TC,2015-11-01,2015-12-01,Nov15→Dec15
2.235412158579097,444404.5677249788,3075114.1169141196,444404.1877982729,3075116.319803862,TRUE,119.68411450127142,TalChhapar_TC,2015-11-01,2015-12-01,Nov15→Dec15
1.0668049735769753,444468.5393603454,3075102.007720383,444468.55281094793,3075103.0744405584,TRUE,77.80083755252926,TalChhapar_TC,2015-11-01,2015-12-01,Nov15→Dec15
12.639307696644776,444385.65427227435,3075119.0391135477,444373.84929606266,3075123.555155586,TRUE,135.14690860545284,TalChhapar_TC,2015-11-01,2015-12-01,Nov15→Dec15
0.4783991885836454,444368.35420560685,3075148.0628857873,444367.87589238735,3075148.0719548385,TRUE,145.0464528227548,TalChhapar_TC,2015-11-01,2015-12-01,Nov15→Dec15
1.3710891003946908,444407.1471273015,3075081.9659491302,444406.8527247255,3075083.305057955,TRUE,134.79428861995078,TalChhapar_TC,2015-11-01,2015-12-01,Nov15→Dec15
0.8590033136024062,444397.00684385025,3075072.058928776,444397.4923369243,3075072.7675776086,TRUE,148.91042244070204,TalChhapar_TC,2015-11-01,2015-12-01,Nov15→Dec15
0.48565301926795923,444365.1285694331,3075053.464098593,444365.6111390543,3075053.518737552,FALSE,185.4475097564266,TalChhapar_TC,2015-11-01,2015-12-01,Nov15→Dec15
5.56766599518265,444384.2234530733,3075092.04748732,444385.2563450085,3075097.5185054047,TRUE,148.03007408279856,TalChhapar_TC,2015-11-01,2015-12-01,Nov15→Dec15
1.9581947243414566,444448.3100855695,3075068.8111234615,444449.30760959705,3075070.49619687,TRUE,116.64416768986754,TalChhapar_TC,2015-11-01,2015-12-01,Nov15→Dec15
0.2743910698283744,444445.40133736015,3075044.214230486,444445.63883033395,3075044.351662457,TRUE,139.25088310799953,TalChhapar_TC,2015-11-01,2015-12-01,Nov15→Dec15
0.13735208102589502,444426.51650096354,3075051.9885485284,444426.4020991545,3075051.912536554,TRUE,142.94375278216435,TalChhapar_TC,2015-11-01,2015-12-01,Nov15→Dec15
0.49491905132387687,444396.335957922,3075037.857171561,444395.85387800646,3075037.9691707683,TRUE,173.0628022682181,TalChhapar_TC,2015-11-01,2015-12-01,Nov15→Dec15
0.9226224679402297,444410.09966602124,3075059.724255717,444410.25177594373,3075060.634252854,TRUE,147.67246518367108,TalChhapar_TC,2015-11-01,2015-12-01,Nov15→Dec15
0.4738371556544009,444430.86344546505,3075022.724642971,444430.4194090718,3075022.8900313973,TRUE,165.09919039860486,TalChhapar_TC,2015-11-01,2015-12-01,Nov15→Dec15
0.6323153005023464,444459.0088927262,3075014.6867931164,444459.51612280216,3075015.064338199,TRUE,160.7577294703261,TalChhapar_TC,2015-11-01,2015-12-01,Nov15→Dec15
2.1341704367332794,444471.5618265551,3075037.3115683794,444473.2447391837,3075038.6240044874,TRUE,135.32272707903041,TalChhapar_TC,2015-11-01,2015-12-01,Nov15→Dec15
0.23745558493628444,444440.8887370303,3074992.568076403,444440.837837055,3074992.8000124875,FALSE,187.8831038969526,TalChhapar_TC,2015-11-01,2015-12-01,Nov15→Dec15
1.149035281538837,444426.82205427374,3074986.311763535,444426.0432070919,3074987.1565588624,FALSE,199.29679663192954,TalChhapar_TC,2015-11-01,2015-12-01,Nov15→Dec15
0.5669324497236926,444398.51185341994,3074977.5848094653,444397.9968664754,3074977.821876649,FALSE,220.39976359993082,TalChhapar_TC,2015-11-01,2015-12-01,Nov15→Dec15
0.5350891596607973,444402.63996687654,3074998.553024045,444402.85658399307,3074999.0423066155,FALSE,200.44097802934567,TalChhapar_TC,2015-11-01,2015-12-01,Nov15→Dec15
1.48652866700061,444480.218968949,3075006.3202772695,444480.55145009496,3075007.769147093,TRUE,163.2270085303234,TalChhapar_TC,2015-11-01,2015-12-01,Nov15→Dec15
0.6661790118179943,444461.8179298068,3074982.893485302,444462.2588139245,3074983.392900631,FALSE,190.28419595266666,TalChhapar_TC,2015-11-01,2015-12-01,Nov15→Dec15
0.2040728474276828,444499.15734537883,3074994.5790911014,444499.3562263413,3074994.62483047,FALSE,172.29393714974552,TalChhapar_TC,2015-11-01,2015-12-01,Nov15→Dec15
0.7889536066742331,444539.8248745923,3074995.2710707127,444539.6659561528,3074994.4982882575,FALSE,173.3138509226175,TalChhapar_TC,2015-11-01,2015-12-01,Nov15→Dec15
1.2482851744965082,444500.00946239004,3075022.5376730706,444500.7130122835,3075023.5688051786,TRUE,144.35698447374997,TalChhapar_TC,2015-11-01,2015-12-01,Nov15→Dec15
40.41808525399563,444478.4956092701,3074946.379550438,444462.2588139245,3074983.392900631,FALSE,222.56898013831932,TalChhapar_TC,2015-11-01,2015-12-01,Nov15→Dec15
46.581952574855585,444517.95883391,3074951.918609643,444499.3562263413,3074994.62483047,FALSE,214.53324219751212,TalChhapar_TC,2015-11-01,2015-12-01,Nov15→Dec15
1.2386910935389166,444478.9421749128,3075064.022287735,444478.50804140535,3075065.1824100227,TRUE,107.63339429651546,TalChhapar_TC,2015-11-01,2015-12-01,Nov15→Dec15
1.2970422015535277,444487.9165739558,3075081.5196606303,444488.2632269737,3075082.7695206855,TRUE,88.27321881325989,TalChhapar_TC,2015-11-01,2015-12-01,Nov15→Dec15
1.3249663719002545,444490.5401051152,3075054.9749234393,444490.03121548565,3075056.198266086,TRUE,113.49448737600494,TalChhapar_TC,2015-11-01,2015-12-01,Nov15→Dec15
14.724828978086682,444466.6504451294,3075051.7897127615,444473.2447391837,3075038.6240044874,TRUE,123.32207799240953,TalChhapar_TC,2015-11-01,2015-12-01,Nov15→Dec15
0.5997928346582483,444508.2406365132,3075043.67624504,444507.85564936674,3075044.1361758406,TRUE,122.76453055125123,TalChhapar_TC,2015-11-01,2015-12-01,Nov15→Dec15
0.10572567907221599,444527.79580895766,3075049.12735383,444527.6920573069,3075049.107018782,TRUE,118.27568730662585,TalChhapar_TC,2015-11-01,2015-12-01,Nov15→Dec15
1.3254134726863493,444529.2291442702,3075086.588100649,444529.1892058741,3075087.9129122575,TRUE,81.57621495455216,TalChhapar_TC,2015-11-01,2015-12-01,Nov15→Dec15
2.4071989155356666,444508.11910257384,3075085.351731979,444506.96637834026,3075087.4649838475,TRUE,81.12860869599915,TalChhapar_TC,2015-11-01,2015-12-01,Nov15→Dec15
21.166705732521876,444519.6730445986,3075069.005979504,444529.1892058741,3075087.9129122575,TRUE,97.65293710195249,TalChhapar_TC,2015-11-01,2015-12-01,Nov15→Dec15
14.968613255057676,444502.8190125244,3075063.978473646,444490.03121548565,3075056.198266086,TRUE,102.82961196907401,TalChhapar_TC,2015-11-01,2015-12-01,Nov15→Dec15
1.0605336322347187,444565.78327618574,3075081.6964873066,444564.97260379576,3075081.012716979,TRUE,100.18701797381735,TalChhapar_TC,2015-11-01,2015-12-01,Nov15→Dec15
0.8490002727001138,444547.8214788226,3075096.8006960214,444547.61090242944,3075097.6231673253,TRUE,78.14545377466509,TalChhapar_TC,2015-11-01,2015-12-01,Nov15→Dec15
15.5383804433252,444528.6568420468,3075267.963120996,444517.48358887655,3075257.1649878058,TRUE,102.90546512769137,TalChhapar_TC,2015-11-01,2015-12-01,Nov15→Dec15
2.4396219279645637,444462.9251371645,3075225.043717723,444462.06761074305,3075222.75977298,TRUE,82.29682306713488,TalChhapar_TC,2015-12-01,2018-01-01,Dec15→Jan18
16.014544381088474,444511.2238848469,3075220.293846371,444509.10670385836,3075236.167824335,TRUE,70.72118816548328,TalChhapar_TC,2015-12-01,2018-01-01,Dec15→Jan18
7.923395248841809,444483.90248588246,3075263.3223908865,444477.7041480145,3075268.258056996,TRUE,113.48805128605883,TalChhapar_TC,2015-12-01,2018-01-01,Dec15→Jan18
12.79016121823723,444535.17387075844,3075219.666885477,444546.5390838504,3075213.8000161787,TRUE,78.13749271172499,TalChhapar_TC,2015-12-01,2018-01-01,Dec15→Jan18
11.187460841043182,444552.6120807484,3075223.1956528653,444546.5390838504,3075213.8000161787,TRUE,90.51527487569757,TalChhapar_TC,2015-12-01,2018-01-01,Dec15→Jan18
30.060154770415195,444616.96026757377,3075211.187840292,444597.97700774856,3075187.8801430394,FALSE,133.12757792297162,TalChhapar_TC,2015-12-01,2018-01-01,Dec15→Jan18
1.4022364845071962,444570.481199501,3075210.0766655905,444570.83695720794,3075208.720308848,TRUE,93.3990763811567,TalChhapar_TC,2015-12-01,2018-01-01,Dec15→Jan18
15.00095385443675,444518.691115695,3075256.7509439182,444528.6568420468,3075267.963120996,TRUE,107.93084211396614,TalChhapar_TC,2015-12-01,2018-01-01,Dec15→Jan18
1.380070361963199,444434.2285015315,3075219.338055547,444434.04753428086,3075220.7062094337,TRUE,93.88090228874573,TalChhapar_TC,2015-12-01,2018-01-01,Dec15→Jan18
20.438358145218853,444413.9731864784,3075212.5017211824,444395.1600246491,3075204.514767717,TRUE,104.54712898508126,TalChhapar_TC,2015-12-01,2018-01-01,Dec15→Jan18
12.172249004847073,444388.39647221676,3075224.0379993925,444376.92643521994,3075228.112541959,FALSE,132.12715901106156,TalChhapar_TC,2015-12-01,2018-01-01,Dec15→Jan18
18.278058890357322,444410.8309605169,3075231.757509164,444426.4169333808,3075241.3055396774,TRUE,119.2428934761441,TalChhapar_TC,2015-12-01,2018-01-01,Dec15→Jan18
8.223982456152461,444400.03425551637,3075197.8908896316,444395.1600246491,3075204.514767717,TRUE,109.02068612160073,TalChhapar_TC,2015-12-01,2018-01-01,Dec15→Jan18
1.0942672758784904,444483.12358345144,3075215.332648941,444483.0297868702,3075214.242409026,TRUE,66.34466886209096,TalChhapar_TC,2015-12-01,2018-01-01,Dec15→Jan18
6.598803347571035,444477.4963432265,3075208.1363362614,444474.18123739684,3075202.4307005424,TRUE,61.04823910782936,TalChhapar_TC,2015-12-01,2018-01-01,Dec15→Jan18
10.828797904151951,444454.1995240122,3075198.089935409,444449.07671504805,3075207.6303595277,TRUE,64.72073610025726,TalChhapar_TC,2015-12-01,2018-01-01,Dec15→Jan18
14.274739220815421,444534.2537776476,3075201.2770217997,444520.300016985,3075204.2871286403,TRUE,61.985534445987845,TalChhapar_TC,2015-12-01,2018-01-01,Dec15→Jan18
0.45364039584088006,444495.33818089415,3075194.730127938,444495.09982688463,3075194.344152583,TRUE,44.076092888728724,TalChhapar_TC,2015-12-01,2018-01-01,Dec15→Jan18
25.090060851101853,444426.0741874622,3075196.916781235,444434.04753428086,3075220.7062094337,TRUE,85.74966980678904,TalChhapar_TC,2015-12-01,2018-01-01,Dec15→Jan18
3.9833336913154587,444546.0778766208,3075192.896083503,444544.0674488474,3075189.4573151967,TRUE,63.67693091395377,TalChhapar_TC,2015-12-01,2018-01-01,Dec15→Jan18
16.427498297947967,444480.9675064277,3075185.9691768317,444495.09982688463,3075194.344152583,TRUE,39.2647163934174,TalChhapar_TC,2015-12-01,2018-01-01,Dec15→Jan18
11.801677351426623,444520.46251396654,3075186.348073162,444531.9316660316,3075183.566322056,TRUE,41.90726770198158,TalChhapar_TC,2015-12-01,2018-01-01,Dec15→Jan18
3.283358357984148,444466.89122515835,3075182.03379209,444464.82077532395,3075179.485522169,TRUE,44.35368433727663,TalChhapar_TC,2015-12-01,2018-01-01,Dec15→Jan18
15.400747483068029,444444.6119585965,3075189.595112755,444443.2022832375,3075174.2590168235,TRUE,66.29523132253914,TalChhapar_TC,2015-12-01,2018-01-01,Dec15→Jan18
2.8193416801138924,444582.97687639797,3075194.954243397,444580.3976222435,3075196.0927228723,TRUE,95.48304060516126,TalChhapar_TC,2015-12-01,2018-01-01,Dec15→Jan18
0.5134948553129881,444598.49049634964,3075187.8826774023,444597.97700774856,3075187.8801430394,TRUE,106.8113760020112,TalChhapar_TC,2015-12-01,2018-01-01,Dec15→Jan18
17.09212683852026,444561.31170322106,3075192.1047327174,444556.6042590356,3075175.67364118,TRUE,75.33419660273526,TalChhapar_TC,2015-12-01,2018-01-01,Dec15→Jan18
1.7267716636030936,444585.7178366997,3075172.6113086278,444587.032011484,3075173.731435859,TRUE,90.07044601338299,TalChhapar_TC,2015-12-01,2018-01-01,Dec15→Jan18
13.188945359077447,444569.7652324559,3075176.5321621844,444556.6042590356,3075175.67364118,TRUE,75.93475787121038,TalChhapar_TC,2015-12-01,2018-01-01,Dec15→Jan18
0.392577989994482,444607.1328884753,3075166.207539132,444607.03555476206,3075165.827218706,TRUE,109.88553023931237,TalChhapar_TC,2015-12-01,2018-01-01,Dec15→Jan18
11.5275872992642,444545.1157119891,3075176.621562961,444556.6042590356,3075175.67364118,TRUE,53.45150164703571,TalChhapar_TC,2015-12-01,2018-01-01,Dec15→Jan18
2.9146860260075056,444598.81172584527,3075148.5531348977,444597.29602358356,3075146.063548329,TRUE,100.49678299931315,TalChhapar_TC,2015-12-01,2018-01-01,Dec15→Jan18
0.4271134618533736,444619.7362928696,3075152.1884285333,444620.08825074456,3075152.4304028368,TRUE,121.40564415118996,TalChhapar_TC,2015-12-01,2018-01-01,Dec15→Jan18
10.072029346262367,444563.3467655133,3075159.855872506,444571.5821111275,3075154.0571780177,TRUE,65.64144369081266,TalChhapar_TC,2015-12-01,2018-01-01,Dec15→Jan18
12.706494650859312,444531.1979584934,3075167.3299332536,444518.7987979232,3075170.1076703663,TRUE,36.802034980576494,TalChhapar_TC,2015-12-01,2018-01-01,Dec15→Jan18
2.4939724861482824,444547.9945544468,3075158.3676382387,444545.5013871245,3075158.3042705446,TRUE,50.23541445604028,TalChhapar_TC,2015-12-01,2018-01-01,Dec15→Jan18
3.5011370311331578,444522.21489994705,3075170.874617218,444518.7987979232,3075170.1076703663,TRUE,31.22179088118787,TalChhapar_TC,2015-12-01,2018-01-01,Dec15→Jan18
10.139726100663761,444585.2584723101,3075163.7480194,444587.032011484,3075173.731435859,TRUE,87.88493888596469,TalChhapar_TC,2015-12-01,2018-01-01,Dec15→Jan18
1.6840168174288335,444571.632550698,3075155.740439284,444571.5821111275,3075154.0571780177,TRUE,73.46272568482618,TalChhapar_TC,2015-12-01,2018-01-01,Dec15→Jan18
22.46714919281079,444638.5025867102,3075139.558533361,444620.08825074456,3075152.4304028368,FALSE,140.61007949268267,TalChhapar_TC,2015-12-01,2018-01-01,Dec15→Jan18
12.177610122126943,444580.0757829471,3075145.3306823117,444571.5821111275,3075154.0571780177,TRUE,81.91656424169625,TalChhapar_TC,2015-12-01,2018-01-01,Dec15→Jan18
8.09187826666466,444504.70247418963,3075180.7910790495,444499.17596634,3075174.880393398,TRUE,30.701462634093478,TalChhapar_TC,2015-12-01,2018-01-01,Dec15→Jan18
4.368287174660513,444495.0591977239,3075173.419520713,444499.17596634,3075174.880393398,TRUE,22.899317741653853,TalChhapar_TC,2015-12-01,2018-01-01,Dec15→Jan18
13.074034240701568,444465.958751307,3075166.4611073267,444464.82077532395,3075179.485522169,TRUE,35.987877070491606,TalChhapar_TC,2015-12-01,2018-01-01,Dec15→Jan18
12.441955372122218,444454.1042702808,3075167.9183947607,444450.5306401278,3075156.0007011495,TRUE,47.44741153616278,TalChhapar_TC,2015-12-01,2018-01-01,Dec15→Jan18
4.552469125090837,444497.5079485071,3075159.8154366566,444495.76222344284,3075155.6109843575,TRUE,9.097172221682008,TalChhapar_TC,2015-12-01,2018-01-01,Dec15→Jan18
10.504548739527946,444434.7850264132,3075180.5435479735,444443.2022832375,3075174.2590168235,TRUE,70.18831201737606,TalChhapar_TC,2015-12-01,2018-01-01,Dec15→Jan18
6.279939168324795,444524.65265857097,3075153.313870639,444519.19045485154,3075150.215166638,TRUE,26.437562198899833,TalChhapar_TC,2015-12-01,2018-01-01,Dec15→Jan18
9.637097106631897,444423.4811520212,3075168.5033935043,444431.94927267387,3075163.9028964383,TRUE,76.93289694303806,TalChhapar_TC,2015-12-01,2018-01-01,Dec15→Jan18
1.7387687026481942,444433.4552463283,3075163.033781973,444431.94927267387,3075163.9028964383,TRUE,66.03521922223685,TalChhapar_TC,2015-12-01,2018-01-01,Dec15→Jan18
2.8773875413719927,444448.7624305293,3075158.2706777747,444450.5306401278,3075156.0007011495,TRUE,50.14290999375367,TalChhapar_TC,2015-12-01,2018-01-01,Dec15→Jan18
7.284646440932616,444478.2927979189,3075157.9498849036,444484.19930421846,3075162.213598907,TRUE,21.297923481842552,TalChhapar_TC,2015-12-01,2018-01-01,Dec15→Jan18
6.956936931053317,444428.6084104322,3075148.704783374,444431.9604022915,3075142.608627041,TRUE,69.76085751921919,TalChhapar_TC,2015-12-01,2018-01-01,Dec15→Jan18
6.653851905936343,444461.3970731684,3075147.9242333653,444462.3369058608,3075141.3370898496,TRUE,37.05042106210863,TalChhapar_TC,2015-12-01,2018-01-01,Dec15→Jan18
12.127143692343296,444443.9060909229,3075144.698635954,444431.9604022915,3075142.608627041,TRUE,54.76903735506527,TalChhapar_TC,2015-12-01,2018-01-01,Dec15→Jan18
6.304931449098932,444506.7577390829,3075150.556596368,444502.97843437124,3075145.5099126576,TRUE,8.421011956696113,TalChhapar_TC,2015-12-01,2018-01-01,Dec15→Jan18
11.222928027045404,444512.66645488195,3075160.7082830286,444518.7987979232,3075170.1076703663,TRUE,17.444625093791277,TalChhapar_TC,2015-12-01,2018-01-01,Dec15→Jan18
5.138062168041901,444544.4179356175,3075138.1888180934,444539.3190529306,3075137.555510753,TRUE,47.76192409006483,TalChhapar_TC,2015-12-01,2018-01-01,Dec15→Jan18
11.749648573802943,444563.7114071715,3075140.532567594,444570.0174194035,3075130.6185143697,TRUE,66.16694081367808,TalChhapar_TC,2015-12-01,2018-01-01,Dec15→Jan18
19.963258718611986,444608.9800883953,3075129.876691681,444597.29602358356,3075146.063548329,TRUE,112.59390662957112,TalChhapar_TC,2015-12-01,2018-01-01,Dec15→Jan18
1.7034715211862632,444586.7034395485,3075131.159512287,444587.58922897547,3075129.7044547917,TRUE,90.51128009447558,TalChhapar_TC,2015-12-01,2018-01-01,Dec15→Jan18
111.0643620683713,444719.8859253852,3075103.6890789117,444620.08825074456,3075152.4304028368,FALSE,226.49132914412476,TalChhapar_TC,2015-12-01,2018-01-01,Dec15→Jan18
146.84272543107093,444723.33733551146,3075015.5583423753,444607.48922770045,3075105.791384708,FALSE,262.4932359878418,TalChhapar_TC,2015-12-01,2018-01-01,Dec15→Jan18
108.15461206168412,444710.9267016411,3075074.1985200867,444607.48922770045,3075105.791384708,FALSE,225.95261829713323,TalChhapar_TC,2015-12-01,2018-01-01,Dec15→Jan18
38.75589355125676,444636.77111755236,3075080.4026034917,444607.48922770045,3075105.791384708,FALSE,155.2838336394939,TalChhapar_TC,2015-12-01,2018-01-01,Dec15→Jan18
76.96168320812838,444676.97352402547,3075072.7000981444,444607.48922770045,3075105.791384708,FALSE,194.9436624252144,TalChhapar_TC,2015-12-01,2018-01-01,Dec15→Jan18
81.80518044422206,444663.88732588827,3075046.534806438,444607.48922770045,3075105.791384708,FALSE,195.62295050433121,TalChhapar_TC,2015-12-01,2018-01-01,Dec15→Jan18
114.88920307871821,444686.163413635,3075022.0662304736,444607.48922770045,3075105.791384708,FALSE,227.68204040147336,TalChhapar_TC,2015-12-01,2018-01-01,Dec15→Jan18
49.88682937251434,444656.6415900027,3075118.481188797,444620.08825074456,3075152.4304028368,FALSE,161.55916341132954,TalChhapar_TC,2015-12-01,2018-01-01,Dec15→Jan18
2.258456685570071,444609.74124054256,3075105.9618686065,444607.48922770045,3075105.791384708,TRUE,120.07072933347887,TalChhapar_TC,2015-12-01,2018-01-01,Dec15→Jan18
59.23305162648695,444664.5791177529,3075090.002184007,444607.48922770045,3075105.791384708,FALSE,176.9938106565649,TalChhapar_TC,2015-12-01,2018-01-01,Dec15→Jan18
83.23461873412,444700.8477236099,3075172.5775936665,444620.08825074456,3075152.4304028368,FALSE,203.68090900821238,TalChhapar_TC,2015-12-01,2018-01-01,Dec15→Jan18
49.57450058181921,444665.21813965496,3075172.946840999,444620.08825074456,3075152.4304028368,FALSE,168.34795773393165,TalChhapar_TC,2015-12-01,2018-01-01,Dec15→Jan18
0.32899416910570445,444563.1752606004,3075266.6619429723,444563.45330434287,3075266.8378089457,FALSE,132.8075431999678,TalChhapar_TC,2015-12-01,2018-01-01,Dec15→Jan18
1.8948021956572967,444585.5706983277,3075243.8770032586,444583.686017932,3075244.0725925397,TRUE,127.59629933551088,TalChhapar_TC,2015-12-01,2018-01-01,Dec15→Jan18
0.9657980391770926,444533.18667719304,3075277.573918576,444533.99076099717,3075277.038927839,TRUE,131.51828478358993,TalChhapar_TC,2015-12-01,2018-01-01,Dec15→Jan18
0.07464820940985716,444502.2315025171,3075284.2643343327,444502.2114794507,3075284.336247002,FALSE,133.564751399383,TalChhapar_TC,2015-12-01,2018-01-01,Dec15→Jan18
10.994269546132063,444405.31796528946,3075156.8294306938,444413.9207344355,3075163.6753291646,TRUE,93.21916903932875,TalChhapar_TC,2015-12-01,2018-01-01,Dec15→Jan18
20.174585049265186,444385.85172424396,3075186.6159011195,444395.1600246491,3075204.514767717,TRUE,118.06489259522378,TalChhapar_TC,2015-12-01,2018-01-01,Dec15→Jan18
3.6253038117574756,444392.71488754853,3075169.15124981,444394.1149451531,3075165.807200404,TRUE,107.2140246625531,TalChhapar_TC,2015-12-01,2018-01-01,Dec15→Jan18
30.14253460543691,444357.43599319074,3075176.158526554,444368.35420560685,3075148.0628857873,FALSE,143.1745675749548,TalChhapar_TC,2015-12-01,2018-01-01,Dec15→Jan18
26.052862007060092,444370.00590858015,3075197.7308113826,444395.1600246491,3075204.514767717,FALSE,136.66020086534817,TalChhapar_TC,2015-12-01,2018-01-01,Dec15→Jan18
12.090347347959762,444378.7662659777,3075154.208249717,444368.35420560685,3075148.0628857873,TRUE,119.6226462122812,TalChhapar_TC,2015-12-01,2018-01-01,Dec15→Jan18
13.096287778943584,444394.7389302774,3075152.7257862543,444394.1149451531,3075165.807200404,TRUE,103.61888394061856,TalChhapar_TC,2015-12-01,2018-01-01,Dec15→Jan18
8.213898388649797,444366.0862623176,3075155.957476339,444368.35420560685,3075148.0628857873,TRUE,132.35506810576706,TalChhapar_TC,2015-12-01,2018-01-01,Dec15→Jan18
0.2951554383434304,444368.12097233225,3075147.882001923,444368.35420560685,3075148.0628857873,TRUE,130.24984191687423,TalChhapar_TC,2015-12-01,2018-01-01,Dec15→Jan18
53.00672758276936,444621.14530838415,3075054.573959652,444607.48922770045,3075105.791384708,FALSE,155.9884957316678,TalChhapar_TC,2015-12-01,2018-01-01,Dec15→Jan18
129.07772044236822,444670.7666392834,3074993.2879309924,444607.48922770045,3075105.791384708,FALSE,233.51134628411427,TalChhapar_TC,2015-12-01,2018-01-01,Dec15→Jan18
152.22444273038067,444685.0929554042,3074949.7796906303,444539.8248745923,3074995.2710707127,FALSE,274.3512465881094,TalChhapar_TC,2015-12-01,2018-01-01,Dec15→Jan18
100.35198415473886,444636.32460524683,3074967.7334109102,444539.8248745923,3074995.2710707127,FALSE,229.2103471005854,TalChhapar_TC,2015-12-01,2018-01-01,Dec15→Jan18
90.29264125186633,444634.8563185291,3075019.746028042,444607.48922770045,3075105.791384708,FALSE,189.21058814305357,TalChhapar_TC,2015-12-01,2018-01-01,Dec15→Jan18
145.19238832298956,444647.1349461116,3074885.628628021,444517.95883391,3074951.918609643,FALSE,304.02778489211767,TalChhapar_TC,2015-12-01,2018-01-01,Dec15→Jan18
82.82832540018205,444610.5725650814,3074952.19792619,444539.8248745923,3074995.2710707127,FALSE,228.082845213465,TalChhapar_TC,2015-12-01,2018-01-01,Dec15→Jan18
94.49837495558386,444609.4744088211,3074928.3635163945,444517.95883391,3074951.918609643,FALSE,248.61539257071666,TalChhapar_TC,2015-12-01,2018-01-01,Dec15→Jan18
152.335226333671,444628.7936949486,3074847.411888516,444517.95883391,3074951.918609643,FALSE,330.20636246355235,TalChhapar_TC,2015-12-01,2018-01-01,Dec15→Jan18
189.47686712415464,444690.09576776566,3074872.733010081,444517.95883391,3074951.918609643,FALSE,337.73891953412215,TalChhapar_TC,2015-12-01,2018-01-01,Dec15→Jan18
191.2380756989331,444672.1218368595,3074838.7560269637,444517.95883391,3074951.918609643,FALSE,357.1338951648233,TalChhapar_TC,2015-12-01,2018-01-01,Dec15→Jan18
198.68360644667007,444641.19203370676,3074796.070112895,444517.95883391,3074951.918609643,FALSE,382.3731970671333,TalChhapar_TC,2015-12-01,2018-01-01,Dec15→Jan18
110.72051814832326,444586.6146391028,3074865.0542697078,444517.95883391,3074951.918609643,FALSE,299.0288090087138,TalChhapar_TC,2015-12-01,2018-01-01,Dec15→Jan18
154.02991102477253,444592.5060619337,3074817.1301669474,444517.95883391,3074951.918609643,FALSE,346.66096159080934,TalChhapar_TC,2015-12-01,2018-01-01,Dec15→Jan18
212.95472546760024,444608.1731778221,3074759.016854204,444517.95883391,3074951.918609643,FALSE,406.8455831222086,TalChhapar_TC,2015-12-01,2018-01-01,Dec15→Jan18
90.28862142966999,444595.34056715376,3074905.398694339,444517.95883391,3074951.918609643,FALSE,263.8364002171957,TalChhapar_TC,2015-12-01,2018-01-01,Dec15→Jan18
1.4155542968156571,444584.59221718734,3075117.507920442,444584.9538641505,3075116.139342552,TRUE,92.43947486551572,TalChhapar_TC,2015-12-01,2018-01-01,Dec15→Jan18
20.312766333507565,444589.8061749612,3075095.7954794494,444607.48922770045,3075105.791384708,TRUE,106.70951089578327,TalChhapar_TC,2015-12-01,2018-01-01,Dec15→Jan18
18.36017847538687,444583.343692816,3075087.0563307204,444565.78327618574,3075081.6964873066,TRUE,106.22367514495004,TalChhapar_TC,2015-12-01,2018-01-01,Dec15→Jan18
0.44183957828587206,444568.89938060235,3075107.089067403,444569.2377231844,3075106.804908099,TRUE,82.9794074823832,TalChhapar_TC,2015-12-01,2018-01-01,Dec15→Jan18
10.558662064759414,444560.5624278373,3075125.9186761724,444570.0174194035,3075130.6185143697,TRUE,66.99739711590504,TalChhapar_TC,2015-12-01,2018-01-01,Dec15→Jan18
17.087999238619208,444614.30444517627,3075090.1212689225,444607.48922770045,3075105.791384708,FALSE,130.86088315868037,TalChhapar_TC,2015-12-01,2018-01-01,Dec15→Jan18
24.910513379740117,444578.0721165485,3075060.028121439,444565.78327618574,3075081.6964873066,FALSE,120.78476394074606,TalChhapar_TC,2015-12-01,2018-01-01,Dec15→Jan18
50.681994465346385,444576.0560501271,3075030.7106881253,444539.8248745923,3074995.2710707127,FALSE,143.0065622625985,TalChhapar_TC,2015-12-01,2018-01-01,Dec15→Jan18
62.20111718574284,444616.73537653463,3075044.281322841,444607.48922770045,3075105.791384708,FALSE,159.23128668346513,TalChhapar_TC,2015-12-01,2018-01-01,Dec15→Jan18
47.342006863883576,444597.0865799163,3075046.1807332044,444565.78327618574,3075081.6964873066,FALSE,143.8301684171615,TalChhapar_TC,2015-12-01,2018-01-01,Dec15→Jan18
70.54607078312556,444606.6197787116,3075017.968843437,444539.8248745923,3074995.2710707127,FALSE,171.339482188322,TalChhapar_TC,2015-12-01,2018-01-01,Dec15→Jan18
64.34525273670094,444603.6757346984,3075003.232177009,444539.8248745923,3074995.2710707127,FALSE,181.27100695029011,TalChhapar_TC,2015-12-01,2018-01-01,Dec15→Jan18
92.89257829190834,444632.3863357245,3075003.1073335204,444539.8248745923,3074995.2710707127,FALSE,199.4213715809555,TalChhapar_TC,2015-12-01,2018-01-01,Dec15→Jan18
63.17231081851767,444600.95938292687,3074979.3552689785,444539.8248745923,3074995.2710707127,FALSE,199.7729735157769,TalChhapar_TC,2015-12-01,2018-01-01,Dec15→Jan18
64.28605167671088,444593.6689224189,3074960.149639167,444539.8248745923,3074995.2710707127,FALSE,213.1165869777671,TalChhapar_TC,2015-12-01,2018-01-01,Dec15→Jan18
37.34048717340584,444574.9684977237,3075007.890014232,444539.8248745923,3074995.2710707127,FALSE,162.11984558600858,TalChhapar_TC,2015-12-01,2018-01-01,Dec15→Jan18
44.94906374558659,444572.4754298941,3074964.3783600824,444539.8248745923,3074995.2710707127,FALSE,200.5814973091962,TalChhapar_TC,2015-12-01,2018-01-01,Dec15→Jan18
64.19466725105303,444568.6468028958,3074912.5271752495,444517.95883391,3074951.918609643,FALSE,248.3873896926928,TalChhapar_TC,2015-12-01,2018-01-01,Dec15→Jan18
82.10515969464608,444568.1826108385,3074886.9660925283,444517.95883391,3074951.918609643,FALSE,272.8798207528797,TalChhapar_TC,2015-12-01,2018-01-01,Dec15→Jan18
43.64410605408219,444538.07756523846,3074913.1881998465,444517.95883391,3074951.918609643,FALSE,240.86874837785797,TalChhapar_TC,2015-12-01,2018-01-01,Dec15→Jan18
74.8634264878336,444554.05848270893,3074886.333946938,444517.95883391,3074951.918609643,FALSE,270.2292310479454,TalChhapar_TC,2015-12-01,2018-01-01,Dec15→Jan18
111.35565875018358,444559.1383805691,3074848.4568888345,444517.95883391,3074951.918609643,FALSE,308.35287314619444,TalChhapar_TC,2015-12-01,2018-01-01,Dec15→Jan18
142.2417627888167,444548.9721927652,3074813.0989761115,444517.95883391,3074951.918609643,FALSE,341.4325513186076,TalChhapar_TC,2015-12-01,2018-01-01,Dec15→Jan18
175.8913028668783,444568.09983244835,3074783.3255175846,444517.95883391,3074951.918609643,FALSE,373.99458443524736,TalChhapar_TC,2015-12-01,2018-01-01,Dec15→Jan18
137.52344102580895,444509.3013584498,3074812.3508122917,444478.4956092701,3074946.379550438,FALSE,338.58300834782005,TalChhapar_TC,2015-12-01,2018-01-01,Dec15→Jan18
69.38678028281518,444517.08763911424,3074882.5372987757,444517.95883391,3074951.918609643,FALSE,268.87347771289996,TalChhapar_TC,2015-12-01,2018-01-01,Dec15→Jan18
90.45502982084666,444551.27884766716,3074867.8240848323,444517.95883391,3074951.918609643,FALSE,287.84242667387,TalChhapar_TC,2015-12-01,2018-01-01,Dec15→Jan18
85.43307940166457,444578.43832040887,3074891.5775558827,444517.95883391,3074951.918609643,FALSE,271.27387175655986,TalChhapar_TC,2015-12-01,2018-01-01,Dec15→Jan18
134.02996714124262,444463.41479327145,3074813.2007192345,444478.4956092701,3074946.379550438,FALSE,339.35745934618956,TalChhapar_TC,2015-12-01,2018-01-01,Dec15→Jan18
118.22303192853516,444523.8460312479,3074833.8422522047,444517.95883391,3074951.918609643,FALSE,317.9388701528238,TalChhapar_TC,2015-12-01,2018-01-01,Dec15→Jan18
94.45572951802485,444487.92805172154,3074852.3959674663,444478.4956092701,3074946.379550438,FALSE,298.5419319293624,TalChhapar_TC,2015-12-01,2018-01-01,Dec15→Jan18
87.45880798965158,444451.7552431133,3074863.1089318935,444478.4956092701,3074946.379550438,FALSE,291.39504233188666,TalChhapar_TC,2015-12-01,2018-01-01,Dec15→Jan18
114.83170349421358,444447.14267694287,3074835.9109405894,444478.4956092701,3074946.379550438,FALSE,318.98069109675316,TalChhapar_TC,2015-12-01,2018-01-01,Dec15→Jan18
6.010583687806797,444483.78201166465,3075141.918797833,444483.2847330065,3075135.9288203535,TRUE,17.029690418525668,TalChhapar_TC,2015-12-01,2018-01-01,Dec15→Jan18
9.82779433463051,444505.2647962281,3075135.951770006,444502.97843437124,3075145.5099126576,TRUE,16.344411757282895,TalChhapar_TC,2015-12-01,2018-01-01,Dec15→Jan18
8.403925605142094,444531.37549195724,3075134.8121907497,444539.3190529306,3075137.555510753,TRUE,36.68267279483546,TalChhapar_TC,2015-12-01,2018-01-01,Dec15→Jan18
14.177333032719925,444543.2455838898,3075123.9327677637,444539.3190529306,3075137.555510753,TRUE,52.30769745426357,TalChhapar_TC,2015-12-01,2018-01-01,Dec15→Jan18
3.949585452436585,444518.23775502475,3075129.1564723207,444514.65246390074,3075127.4996944834,TRUE,29.368515842365838,TalChhapar_TC,2015-12-01,2018-01-01,Dec15→Jan18
3.6265708880137058,444550.6675282601,3075099.0483657047,444547.8214788226,3075096.8006960214,TRUE,73.5661374386989,TalChhapar_TC,2015-12-01,2018-01-01,Dec15→Jan18
2.972233298475517,444568.5680829498,3075082.7352471766,444565.78327618574,3075081.6964873066,TRUE,97.77001548207855,TalChhapar_TC,2015-12-01,2018-01-01,Dec15→Jan18
3.13531775583801,444523.50551724434,3075112.976291824,444520.6828453471,3075111.6114692017,TRUE,45.394699120899034,TalChhapar_TC,2015-12-01,2018-01-01,Dec15→Jan18
13.82953629874499,444539.96684178174,3075109.084818829,444553.7023347582,3075110.6948830923,TRUE,58.90146515807515,TalChhapar_TC,2015-12-01,2018-01-01,Dec15→Jan18
3.687540372043847,444491.8272698526,3075125.17690132,444493.9188875743,3075122.1399473688,TRUE,26.39526728171235,TalChhapar_TC,2015-12-01,2018-01-01,Dec15→Jan18
11.987139236860468,444458.37099471485,3075130.025014184,444462.3369058608,3075141.3370898496,TRUE,45.02483552406889,TalChhapar_TC,2015-12-01,2018-01-01,Dec15→Jan18
1.3141319604954222,444425.00139336323,3075124.840638162,444425.5799082258,3075123.6606960604,TRUE,77.78200785716588,TalChhapar_TC,2015-12-01,2018-01-01,Dec15→Jan18
3.8422670198905733,444471.02718560584,3075121.1900112196,444469.25406976277,3075117.781334635,TRUE,40.250547640967106,TalChhapar_TC,2015-12-01,2018-01-01,Dec15→Jan18
6.389451610283032,444448.07633898966,3075117.3818142437,444444.0888759975,3075112.389296766,TRUE,60.33408510557197,TalChhapar_TC,2015-12-01,2018-01-01,Dec15→Jan18
19.553785312597498,444410.5659950555,3074962.188440105,444398.51185341994,3074977.5848094653,FALSE,207.99509506422714,TalChhapar_TC,2015-12-01,2018-01-01,Dec15→Jan18
50.10774727642686,444430.14649275964,3074933.220930838,444478.4956092701,3074946.379550438,FALSE,227.9734046419734,TalChhapar_TC,2015-12-01,2018-01-01,Dec15→Jan18
45.81815925781612,444385.3873526808,3074933.68661818,444398.51185341994,3074977.5848094653,FALSE,244.69848446466733,TalChhapar_TC,2015-12-01,2018-01-01,Dec15→Jan18
46.703922253500146,444451.1864795056,3074908.491982749,444478.4956092701,3074946.379550438,FALSE,246.81040196657602,TalChhapar_TC,2015-12-01,2018-01-01,Dec15→Jan18
68.058276305982,444391.9393118901,3074909.8446391704,444398.51185341994,3074977.5848094653,FALSE,263.36163004605237,TalChhapar_TC,2015-12-01,2018-01-01,Dec15→Jan18
63.54176942631876,444366.1288914377,3074922.913974141,444398.51185341994,3074977.5848094653,FALSE,263.4229851582475,TalChhapar_TC,2015-12-01,2018-01-01,Dec15→Jan18
89.38876907928248,444396.82944459136,3074888.2118743113,444398.51185341994,3074977.5848094653,FALSE,281.4849749384735,TalChhapar_TC,2015-12-01,2018-01-01,Dec15→Jan18
38.05274003826725,444492.8017165151,3074911.1184341777,444478.4956092701,3074946.379550438,FALSE,239.70184632175153,TalChhapar_TC,2015-12-01,2018-01-01,Dec15→Jan18
1.018106036143382,444478.4225479334,3074947.395031576,444478.4956092701,3074946.379550438,FALSE,204.3342343190053,TalChhapar_TC,2015-12-01,2018-01-01,Dec15→Jan18
0.649154628740557,444518.4792674173,3074951.5306010135,444517.95883391,3074951.918609643,FALSE,200.24113087898658,TalChhapar_TC,2015-12-01,2018-01-01,Dec15→Jan18
38.04213877603964,444555.6149574471,3074960.660702236,444539.8248745923,3074995.2710707127,FALSE,198.5368108097151,TalChhapar_TC,2015-12-01,2018-01-01,Dec15→Jan18
28.05668661563618,444545.6227904091,3074947.2406640826,444517.95883391,3074951.918609643,FALSE,208.93627447940656,TalChhapar_TC,2015-12-01,2018-01-01,Dec15→Jan18
31.510746531766994,444447.2503339429,3074942.297894314,444478.4956092701,3074946.379550438,FALSE,214.62752281418105,TalChhapar_TC,2015-12-01,2018-01-01,Dec15→Jan18
94.09067174794527,444420.55202286184,3074872.2472679685,444478.4956092701,3074946.379550438,FALSE,289.1679726361023,TalChhapar_TC,2015-12-01,2018-01-01,Dec15→Jan18
56.96468479676288,444470.955186796,3074889.9161344687,444478.4956092701,3074946.379550438,FALSE,262.2736676903359,TalChhapar_TC,2015-12-01,2018-01-01,Dec15→Jan18
25.329825730511722,444529.4284179308,3074929.334351543,444517.95883391,3074951.918609643,FALSE,223.59389659956267,TalChhapar_TC,2015-12-01,2018-01-01,Dec15→Jan18
18.848011769739966,444500.21161382535,3074945.571663374,444517.95883391,3074951.918609643,FALSE,205.19319291694558,TalChhapar_TC,2015-12-01,2018-01-01,Dec15→Jan18
11.15773688014966,444529.09129075153,3074951.1679452984,444517.95883391,3074951.918609643,FALSE,201.94359035008463,TalChhapar_TC,2015-12-01,2018-01-01,Dec15→Jan18
23.624276117820823,444548.66238016234,3074973.362056189,444539.8248745923,3074995.2710707127,FALSE,184.39402106961774,TalChhapar_TC,2015-12-01,2018-01-01,Dec15→Jan18
23.48052036295401,444531.23824338196,3074973.4169040397,444539.8248745923,3074995.2710707127,FALSE,180.36523940956963,TalChhapar_TC,2015-12-01,2018-01-01,Dec15→Jan18
19.375954110599604,444516.3194656211,3074971.2250870354,444517.95883391,3074951.918609643,FALSE,180.4293615090641,TalChhapar_TC,2015-12-01,2018-01-01,Dec15→Jan18
16.479726912345907,444504.6378170637,3074961.620769675,444517.95883391,3074951.918609643,FALSE,189.24039558139907,TalChhapar_TC,2015-12-01,2018-01-01,Dec15→Jan18
21.032078809875163,444481.66017757426,3074925.586911199,444478.4956092701,3074946.379550438,FALSE,225.78628266036665,TalChhapar_TC,2015-12-01,2018-01-01,Dec15→Jan18
15.72230091022756,444554.224775856,3074988.9596850085,444539.8248745923,3074995.2710707127,FALSE,171.17639381551422,TalChhapar_TC,2015-12-01,2018-01-01,Dec15→Jan18
23.725864504278334,444560.29241921386,3075007.27091503,444539.8248745923,3074995.2710707127,FALSE,156.28907024935822,TalChhapar_TC,2015-12-01,2018-01-01,Dec15→Jan18
0.49648023476865083,444539.3618503433,3074995.450238702,444539.8248745923,3074995.2710707127,FALSE,160.63263319732502,TalChhapar_TC,2015-12-01,2018-01-01,Dec15→Jan18
33.92450463085721,444570.58703467133,3074980.968570172,444539.8248745923,3074995.2710707127,FALSE,184.52003145921964,TalChhapar_TC,2015-12-01,2018-01-01,Dec15→Jan18
75.00947365818136,444592.04486225336,3074940.1848317864,444517.95883391,3074951.918609643,FALSE,230.48019226226629,TalChhapar_TC,2015-12-01,2018-01-01,Dec15→Jan18
17.500179778224197,444548.45955815725,3075079.2175589213,444565.78327618574,3075081.6964873066,TRUE,87.34903530449462,TalChhapar_TC,2015-12-01,2018-01-01,Dec15→Jan18
16.12532635391472,444543.8003396875,3075051.0974163003,444527.79580895766,3075049.12735383,TRUE,109.53821354019608,TalChhapar_TC,2015-12-01,2018-01-01,Dec15→Jan18
4.75175741577677,444528.09265406424,3075053.8698301367,444527.79580895766,3075049.12735383,TRUE,101.35218118886232,TalChhapar_TC,2015-12-01,2018-01-01,Dec15→Jan18
14.00860446675917,444526.668615601,3075035.16417245,444527.79580895766,3075049.12735383,TRUE,119.01304322626713,TalChhapar_TC,2015-12-01,2018-01-01,Dec15→Jan18
32.830457314348,444559.87974058074,3075042.166013508,444527.79580895766,3075049.12735383,FALSE,124.81628070671105,TalChhapar_TC,2015-12-01,2018-01-01,Dec15→Jan18
27.979009074672906,444546.42369260313,3075022.4607847543,444539.8248745923,3074995.2710707127,FALSE,137.0104770007122,TalChhapar_TC,2015-12-01,2018-01-01,Dec15→Jan18
3.49555629603248,444531.9203046586,3075088.8189232736,444529.2291442702,3075086.588100649,TRUE,70.455217939306,TalChhapar_TC,2015-12-01,2018-01-01,Dec15→Jan18
14.147522880066445,444499.4438441051,3075109.115844368,444493.9188875743,3075122.1399473688,TRUE,41.6551200516322,TalChhapar_TC,2015-12-01,2018-01-01,Dec15→Jan18
13.627009640528009,444509.78669300384,3075103.427994643,444520.6828453471,3075111.6114692017,TRUE,48.6930911114855,TalChhapar_TC,2015-12-01,2018-01-01,Dec15→Jan18
11.888113119576731,444520.6501288048,3075099.723401101,444520.6828453471,3075111.6114692017,TRUE,55.69685994509472,TalChhapar_TC,2015-12-01,2018-01-01,Dec15→Jan18
0.8897032560066663,444508.99741832266,3075085.209840016,444508.11910257384,3075085.351731979,TRUE,66.40737798226006,TalChhapar_TC,2015-12-01,2018-01-01,Dec15→Jan18
1.6062097577056627,444518.64036853355,3075067.775739718,444519.6730445986,3075069.005979504,TRUE,85.42784721382424,TalChhapar_TC,2015-12-01,2018-01-01,Dec15→Jan18
1.6936611278153402,444503.38505323685,3075065.5747461566,444502.8190125244,3075063.978473646,TRUE,85.33089049797911,TalChhapar_TC,2015-12-01,2018-01-01,Dec15→Jan18
0.4681235610000221,444508.0839553155,3075044.1173693654,444508.2406365132,3075043.67624504,TRUE,107.08326857051583,TalChhapar_TC,2015-12-01,2018-01-01,Dec15→Jan18
1.5835799429075799,444499.8747775127,3075024.115515084,444500.00946239004,3075022.5376730706,TRUE,126.65010778270155,TalChhapar_TC,2015-12-01,2018-01-01,Dec15→Jan18
21.835093645250932,444519.96483196487,3075004.3457619655,444539.8248745923,3074995.2710707127,TRUE,147.99905970896089,TalChhapar_TC,2015-12-01,2018-01-01,Dec15→Jan18
21.52751939383138,444521.5280096781,3075021.916212,444500.00946239004,3075022.5376730706,TRUE,130.9102636858812,TalChhapar_TC,2015-12-01,2018-01-01,Dec15→Jan18
5.60206306622783,444503.4347629213,3074998.196660695,444499.15734537883,3074994.5790911014,TRUE,152.64472829998763,TalChhapar_TC,2015-12-01,2018-01-01,Dec15→Jan18
14.510309774044167,444485.7110018062,3074989.125199439,444499.15734537883,3074994.5790911014,TRUE,162.12367302124372,TalChhapar_TC,2015-12-01,2018-01-01,Dec15→Jan18
18.93635351001297,444504.06544123444,3074976.289857128,444499.15734537883,3074994.5790911014,FALSE,174.5604049106623,TalChhapar_TC,2015-12-01,2018-01-01,Dec15→Jan18
18.059963954443322,444485.0141419512,3074963.222086759,444478.4956092701,3074946.379550438,FALSE,188.00702137977282,TalChhapar_TC,2015-12-01,2018-01-01,Dec15→Jan18
21.05543776038103,444457.7213539239,3074962.2404098576,444461.8179298068,3074982.893485302,FALSE,192.84202438298817,TalChhapar_TC,2015-12-01,2018-01-01,Dec15→Jan18
0.3571379310946398,444461.8654536688,3074983.2474471424,444461.8179298068,3074982.893485302,TRUE,171.43379603436378,TalChhapar_TC,2015-12-01,2018-01-01,Dec15→Jan18
15.618509064932782,444477.07654668274,3074979.5599531746,444461.8179298068,3074982.893485302,TRUE,172.51170777664333,TalChhapar_TC,2015-12-01,2018-01-01,Dec15→Jan18
4.086627406644372,444480.9964652835,3075010.332262191,444480.218968949,3075006.3202772695,TRUE,141.49092069454056,TalChhapar_TC,2015-12-01,2018-01-01,Dec15→Jan18
7.9631739303553335,444478.667321246,3075040.906576619,444471.5618265551,3075037.3115683794,TRUE,111.59723611511988,TalChhapar_TC,2015-12-01,2018-01-01,Dec15→Jan18
0.8000340096316065,444490.33334294416,3075054.2020691056,444490.5401051152,3075054.9749234393,TRUE,96.88557131211161,TalChhapar_TC,2015-12-01,2018-01-01,Dec15→Jan18
3.0036682148558347,444466.2338088983,3075054.764345007,444466.6504451294,3075051.7897127615,TRUE,101.21861093310588,TalChhapar_TC,2015-12-01,2018-01-01,Dec15→Jan18
1.6311959541330503,444478.38397139916,3075065.5550007145,444478.9421749128,3075064.022287735,TRUE,87.50697376832458,TalChhapar_TC,2015-12-01,2018-01-01,Dec15→Jan18
2.389724816662501,444486.69599886425,3075083.574163282,444487.9165739558,3075081.5196606303,TRUE,68.18359650062636,TalChhapar_TC,2015-12-01,2018-01-01,Dec15→Jan18
14.632165212853522,444496.08173952514,3075093.6705149217,444508.11910257384,3075085.351731979,TRUE,57.13041136558021,TalChhapar_TC,2015-12-01,2018-01-01,Dec15→Jan18
2.81618687288163,444471.1590625419,3075103.0411945744,444468.5393603454,3075102.007720383,TRUE,54.913446892393615,TalChhapar_TC,2015-12-01,2018-01-01,Dec15→Jan18
19.768376555397655,444555.9706145319,3075064.5354738487,444565.78327618574,3075081.6964873066,TRUE,103.70836474557834,TalChhapar_TC,2015-12-01,2018-01-01,Dec15→Jan18
59.864737483144175,444652.8726197557,3075066.7512192437,444607.48922770045,3075105.791384708,FALSE,175.8904934447643,TalChhapar_TC,2015-12-01,2018-01-01,Dec15→Jan18
2.9396405707149156,444422.17418927734,3075100.2670315574,444421.92484358384,3075097.3379850555,TRUE,91.37975940840337,TalChhapar_TC,2015-12-01,2018-01-01,Dec15→Jan18
17.67023183962738,444448.9672591272,3075095.405820346,444444.0888759975,3075112.389296766,TRUE,74.17044689504695,TalChhapar_TC,2015-12-01,2018-01-01,Dec15→Jan18
18.610210758813118,444466.5296671632,3075083.5063399533,444468.5393603454,3075102.007720383,TRUE,74.3935380702774,TalChhapar_TC,2015-12-01,2018-01-01,Dec15→Jan18
3.4645993525566467,444448.011848026,3075072.2628625943,444448.3100855695,3075068.8111234615,TRUE,93.24190841550121,TalChhapar_TC,2015-12-01,2018-01-01,Dec15→Jan18
1.7531994694817465,444445.7099154438,3075045.940060126,444445.40133736015,3075044.214230486,TRUE,117.28715746636284,TalChhapar_TC,2015-12-01,2018-01-01,Dec15→Jan18
1.3382707847514235,444459.6806978226,3075015.8442241536,444459.0088927262,3075014.6867931164,TRUE,140.34152349669898,TalChhapar_TC,2015-12-01,2018-01-01,Dec15→Jan18
15.357774581649918,444443.1949615703,3075007.751704707,444440.8887370303,3074992.568076403,TRUE,153.26837013285817,TalChhapar_TC,2015-12-01,2018-01-01,Dec15→Jan18
12.344014709928334,444459.2247068186,3075037.7240920337,444471.5618265551,3075037.3115683794,TRUE,119.60860422708306,TalChhapar_TC,2015-12-01,2018-01-01,Dec15→Jan18
2.843974126377779,444431.6727141447,3075019.998240023,444430.86344546505,3075022.724642971,TRUE,146.77220397888667,TalChhapar_TC,2015-12-01,2018-01-01,Dec15→Jan18
3.08673570182451,444412.81380547845,3075061.1944204355,444410.09966602124,3075059.724255717,TRUE,123.83823206204825,TalChhapar_TC,2015-12-01,2018-01-01,Dec15→Jan18
20.657059141413324,444426.278790832,3075074.175343061,444407.1471273015,3075081.9659491302,TRUE,105.15385094598506,TalChhapar_TC,2015-12-01,2018-01-01,Dec15→Jan18
1.631407072121205,444405.9088948163,3075080.9037488913,444407.1471273015,3075081.9659491302,TRUE,115.85647428886382,TalChhapar_TC,2015-12-01,2018-01-01,Dec15→Jan18
9.963042391631902,444387.89600643207,3075068.027197729,444397.00684385025,3075072.058928776,TRUE,137.9919647893924,TalChhapar_TC,2015-12-01,2018-01-01,Dec15→Jan18
11.377615837303667,444357.7569330799,3075062.1306503653,444365.1285694331,3075053.464098593,FALSE,166.18619792813428,TalChhapar_TC,2015-12-01,2018-01-01,Dec15→Jan18
16.922393818092893,444415.9675053308,3075030.754486061,444430.86344546505,3075022.724642971,TRUE,145.5524550464421,TalChhapar_TC,2015-12-01,2018-01-01,Dec15→Jan18
4.208504151886138,444429.3566252243,3075055.0942209805,444426.51650096354,3075051.9885485284,TRUE,117.9398869100435,TalChhapar_TC,2015-12-01,2018-01-01,Dec15→Jan18
6.932713030821624,444389.49794792774,3075038.9991563624,444396.335957922,3075037.857171561,TRUE,156.00018373331545,TalChhapar_TC,2015-12-01,2018-01-01,Dec15→Jan18
19.404473712612596,444370.36503881495,3075034.7795330784,444365.1285694331,3075053.464098593,FALSE,172.70776626185204,TalChhapar_TC,2015-12-01,2018-01-01,Dec15→Jan18
12.63363888402243,444384.3390894569,3075033.896871259,444396.335957922,3075037.857171561,TRUE,163.25480193799999,TalChhapar_TC,2015-12-01,2018-01-01,Dec15→Jan18
22.04185664164277,444384.2376072681,3075010.6854848447,444402.63996687654,3074998.553024045,FALSE,180.6626312540241,TalChhapar_TC,2015-12-01,2018-01-01,Dec15→Jan18
28.051291131683485,444347.0834164298,3075031.987427826,444365.1285694331,3075053.464098593,FALSE,192.31309992817847,TalChhapar_TC,2015-12-01,2018-01-01,Dec15→Jan18
19.859741114882908,444411.1513994399,3075016.4964025696,444402.63996687654,3074998.553024045,TRUE,160.08565740102986,TalChhapar_TC,2015-12-01,2018-01-01,Dec15→Jan18
13.009360738880273,444405.07444978354,3075011.3325686306,444402.63996687654,3074998.553024045,TRUE,167.74168963346582,TalChhapar_TC,2015-12-01,2018-01-01,Dec15→Jan18
5.692212133105341,444441.34145520104,3074986.8938958254,444440.8887370303,3074992.568076403,TRUE,173.49242781976102,TalChhapar_TC,2015-12-01,2018-01-01,Dec15→Jan18
1.0729463660397474,444427.7157948326,3074985.718095515,444426.82205427374,3074986.311763535,TRUE,179.5139648628985,TalChhapar_TC,2015-12-01,2018-01-01,Dec15→Jan18
0.5426007984866866,444398.4115702464,3074978.1180626056,444398.51185341994,3074977.5848094653,FALSE,199.47299455292512,TalChhapar_TC,2015-12-01,2018-01-01,Dec15→Jan18
37.801139197294624,444361.44982265064,3074985.023357702,444398.51185341994,3074977.5848094653,FALSE,214.95600776613483,TalChhapar_TC,2015-12-01,2018-01-01,Dec15→Jan18
0.6650928403808583,444385.6796743736,3075118.3745059795,444385.65427227435,3075119.0391135477,TRUE,117.22084537550398,TalChhapar_TC,2015-12-01,2018-01-01,Dec15→Jan18
18.287640832146522,444549.27145579905,3075252.950278295,444559.8466412821,3075238.03038355,TRUE,114.18280088565615,TalChhapar_TC,2015-12-01,2018-01-01,Dec15→Jan18
5.497990815683845,444401.12349080027,3075109.831455692,444404.5677249788,3075114.1169141196,TRUE,105.4785178009979,TalChhapar_TC,2015-12-01,2018-01-01,Dec15→Jan18
3.265533935574937,444532.9740823984,3075217.2534557483,444535.17387075844,3075219.666885477,TRUE,83.26523718611342,TalChhapar_TC,2018-01-01,2018-11-01,Jan18→Nov18
11.154713145493053,444492.35214240145,3075209.0667631244,444483.12358345144,3075215.332648941,TRUE,78.650505507749,TalChhapar_TC,2018-01-01,2018-11-01,Jan18→Nov18
9.338296832647043,444507.0979993154,3075189.816889102,444504.70247418963,3075180.7910790495,TRUE,56.001035909358144,TalChhapar_TC,2018-01-01,2018-11-01,Jan18→Nov18
6.657368565810831,444472.2390464598,3075185.9988095616,444466.89122515835,3075182.03379209,TRUE,69.21961421273079,TalChhapar_TC,2018-01-01,2018-11-01,Jan18→Nov18
4.995681779855024,444540.3537690009,3075175.111352571,444545.1157119891,3075176.621562961,TRUE,45.230907512672935,TalChhapar_TC,2018-01-01,2018-11-01,Jan18→Nov18
1.7585088564471747,444512.5638054706,3075162.4637933522,444512.66645488195,3075160.7082830286,TRUE,28.118769932350162,TalChhapar_TC,2018-01-01,2018-11-01,Jan18→Nov18
0.7386754313967722,444532.5927038856,3075088.5131117753,444531.9203046586,3075088.8189232736,TRUE,48.511945593750156,TalChhapar_TC,2018-01-01,2018-11-01,Jan18→Nov18
3.134856708389086,444541.0343611918,3075112.032314188,444539.96684178174,3075109.084818829,TRUE,31.79597985814501,TalChhapar_TC,2018-01-01,2018-11-01,Jan18→Nov18
4.257492307718501,444522.01699581946,3075103.7555116294,444520.6501288048,3075099.723401101,TRUE,31.50853740509435,TalChhapar_TC,2018-01-01,2018-11-01,Jan18→Nov18
2.0382382984843423,444499.6616253202,3075111.1424145503,444499.4438441051,3075109.115844368,TRUE,30.937272124754497,TalChhapar_TC,2018-01-01,2018-11-01,Jan18→Nov18
6.789759659539444,444498.48242523044,3075136.2684399993,444505.2647962281,3075135.951770006,TRUE,20.73889023553291,TalChhapar_TC,2018-01-01,2018-11-01,Jan18→Nov18
3.3265551934982844,444520.6981159778,3075131.395354505,444518.23775502475,3075129.1564723207,TRUE,4.03399382279042,TalChhapar_TC,2018-01-01,2018-11-01,Jan18→Nov18
4.110513955698144,444547.1645722544,3075141.2469731197,444544.4179356175,3075138.1888180934,TRUE,28.633622162130838,TalChhapar_TC,2018-01-01,2018-11-01,Jan18→Nov18
3.0569500622096086,444479.96648424375,3075160.507954052,444478.2927979189,3075157.9498849036,TRUE,46.714052091876184,TalChhapar_TC,2018-01-01,2018-11-01,Jan18→Nov18
4.021380809339184,444474.29801249015,3075105.5548566114,444471.1590625419,3075103.0411945744,TRUE,53.76274641182893,TalChhapar_TC,2018-01-01,2018-11-01,Jan18→Nov18
1.3101399060443504,444495.8374502945,3075094.9576782156,444496.08173952514,3075093.6705149217,TRUE,46.47300666223843,TalChhapar_TC,2018-01-01,2018-11-01,Jan18→Nov18
4.980073723636994,444513.27593351615,3075087.758455725,444508.99741832266,3075085.209840016,TRUE,47.74629497122533,TalChhapar_TC,2018-01-01,2018-11-01,Jan18→Nov18
10.721364875424724,444563.2271020236,3075097.9911049656,444568.89938060235,3075107.089067403,TRUE,57.61116917925405,TalChhapar_TC,2018-01-01,2018-11-01,Jan18→Nov18
1.5538038937403595,444550.0133469904,3075079.2244001343,444548.45955815725,3075079.2175589213,TRUE,63.845690645585115,TalChhapar_TC,2018-01-01,2018-11-01,Jan18→Nov18
5.981065277511702,444481.8767764309,3075070.4102509515,444478.38397139916,3075065.5550007145,TRUE,74.71186020277752,TalChhapar_TC,2018-01-01,2018-11-01,Jan18→Nov18
2.208858757947787,444464.7304563015,3075084.787705353,444466.5296671632,3075083.5063399533,TRUE,74.16832991002646,TalChhapar_TC,2018-01-01,2018-11-01,Jan18→Nov18
1.6674559649530902,444502.0039294976,3075066.5090408702,444503.38505323685,3075065.5747461566,TRUE,70.74725400462874,TalChhapar_TC,2018-01-01,2018-11-01,Jan18→Nov18
2.5467367349297247,444520.39232831995,3075069.624118712,444518.64036853355,3075067.775739718,TRUE,65.52391555718081,TalChhapar_TC,2018-01-01,2018-11-01,Jan18→Nov18
2.3113835295825993,444488.72519282834,3075084.6808997802,444486.69599886425,3075083.574163282,TRUE,58.94022152527474,TalChhapar_TC,2018-01-01,2018-11-01,Jan18→Nov18
8.85628705705749,444534.5144948475,3075125.4166493537,444543.2455838898,3075123.9327677637,TRUE,18.146966630673987,TalChhapar_TC,2018-01-01,2018-11-01,Jan18→Nov18
12.833834488165836,444553.8049197208,3075111.492805527,444550.6675282601,3075099.0483657047,TRUE,41.91910491826409,TalChhapar_TC,2018-01-01,2018-11-01,Jan18→Nov18
6.029989129979847,444525.82923121867,3075118.5405637687,444523.50551724434,3075112.976291824,TRUE,17.875002762504238,TalChhapar_TC,2018-01-01,2018-11-01,Jan18→Nov18
7.454483410532287,444521.51680397824,3075146.5510503035,444524.65265857097,3075153.313870639,TRUE,11.648705111858979,TalChhapar_TC,2018-01-01,2018-11-01,Jan18→Nov18
8.250933031652531,444501.18797827244,3075167.200237048,444497.5079485071,3075159.8154366566,TRUE,36.771439487319874,TalChhapar_TC,2018-01-01,2018-11-01,Jan18→Nov18
14.755743946009591,444506.0793595631,3075204.847393389,444495.33818089415,3075194.730127938,TRUE,70.93262773834147,TalChhapar_TC,2018-01-01,2018-11-01,Jan18→Nov18
2.4806826175508134,444473.50679964974,3075121.2628153563,444471.02718560584,3075121.1900112196,TRUE,47.74397663582174,TalChhapar_TC,2018-01-01,2018-11-01,Jan18→Nov18
7.407126386029592,444462.2021895831,3075136.364372762,444458.37099471485,3075130.025014184,TRUE,57.00145516614271,TalChhapar_TC,2018-01-01,2018-11-01,Jan18→Nov18
2.336142895678469,444450.27747978753,3075116.5991630973,444448.07633898966,3075117.3818142437,TRUE,71.36278016205948,TalChhapar_TC,2018-01-01,2018-11-01,Jan18→Nov18
4.929144706560237,444528.19818532444,3075156.738152692,444524.65265857097,3075153.313870639,TRUE,23.404038654858155,TalChhapar_TC,2018-01-01,2018-11-01,Jan18→Nov18
2.3567701868813984,444560.8832593036,3075128.2535065482,444560.5624278373,3075125.9186761724,TRUE,42.25724424883571,TalChhapar_TC,2018-01-01,2018-11-01,Jan18→Nov18
7.84751674364286,444462.6399957435,3075159.349892202,444465.958751307,3075166.4611073267,TRUE,61.5159751381509,TalChhapar_TC,2018-01-01,2018-11-01,Jan18→Nov18
6.822729088394391,444491.4975043713,3075179.238796671,444495.0591977239,3075173.419520713,TRUE,52.07557647857753,TalChhapar_TC,2018-01-01,2018-11-01,Jan18→Nov18
11.489694088139219,444494.47358611925,3075146.1263275025,444483.78201166465,3075141.918797833,TRUE,27.049721526189412,TalChhapar_TC,2018-01-01,2018-11-01,Jan18→Nov18
3.726504781032045,444532.08877960045,3075138.4697936014,444531.37549195724,3075134.8121907497,TRUE,13.321969989685536,TalChhapar_TC,2018-01-01,2018-11-01,Jan18→Nov18
2.7553972466281773,444523.50144905393,3075173.3112143087,444522.21489994705,3075170.874617218,TRUE,38.4168550449483,TalChhapar_TC,2018-01-01,2018-11-01,Jan18→Nov18
9.143612426251554,444474.63871097896,3075141.8432943714,444483.78201166465,3075141.918797833,TRUE,45.05363312509245,TalChhapar_TC,2018-01-01,2018-11-01,Jan18→Nov18
2.642108934367152,444570.4603057926,3075109.2207925664,444568.89938060235,3075107.089067403,TRUE,57.44780731733938,TalChhapar_TC,2018-01-01,2018-11-01,Jan18→Nov18
2.1488907157593387,444584.8910060723,3075119.6359374793,444584.59221718734,3075117.507920442,TRUE,67.50443715853969,TalChhapar_TC,2018-01-01,2018-11-01,Jan18→Nov18
6.752635213042005,444602.754077652,3075143.070804686,444598.81172584527,3075148.5531348977,TRUE,83.9394329986876,TalChhapar_TC,2018-01-01,2018-11-01,Jan18→Nov18
11.583695978183579,444595.51652754814,3075113.655459455,444584.59221718734,3075117.507920442,TRUE,79.29142631596548,TalChhapar_TC,2018-01-01,2018-11-01,Jan18→Nov18
1.051166514508869,444609.3083610365,3075106.919765456,444609.74124054256,3075105.9618686065,TRUE,94.43227473019529,TalChhapar_TC,2018-01-01,2018-11-01,Jan18→Nov18
10.421904586228074,444624.7258426879,3075090.0184627487,444614.30444517627,3075090.1212689225,TRUE,114.77546249142284,TalChhapar_TC,2018-01-01,2018-11-01,Jan18→Nov18
8.765586520554914,444645.0065667572,3075083.4047499644,444636.77111755236,3075080.4026034917,TRUE,136.0364920834976,TalChhapar_TC,2018-01-01,2018-11-01,Jan18→Nov18
0.9174518626208266,444636.57130221464,3075081.2980317418,444636.77111755236,3075080.4026034917,TRUE,129.1390913438046,TalChhapar_TC,2018-01-01,2018-11-01,Jan18→Nov18
10.477370752661423,444657.51987160265,3075076.1415519407,444652.8726197557,3075066.7512192437,TRUE,150.38450281204493,TalChhapar_TC,2018-01-01,2018-11-01,Jan18→Nov18
14.867494406810756,444667.0744799712,3075061.0566671584,444663.88732588827,3075046.534806438,TRUE,165.40129881461735,TalChhapar_TC,2018-01-01,2018-11-01,Jan18→Nov18
5.112185002975829,444622.8198520512,3075059.4041086156,444621.14530838415,3075054.573959652,TRUE,128.35314420892428,TalChhapar_TC,2018-01-01,2018-11-01,Jan18→Nov18
3.8022347296180947,444593.50986052694,3075094.9354200508,444589.8061749612,3075095.7954794494,TRUE,84.49583243575084,TalChhapar_TC,2018-01-01,2018-11-01,Jan18→Nov18
20.004342999851065,444646.38679351733,3075036.844341764,444663.88732588827,3075046.534806438,TRUE,160.74938171319462,TalChhapar_TC,2018-01-01,2018-11-01,Jan18→Nov18
0.5910312498035146,444583.7948627412,3075087.4381207633,444583.343692816,3075087.0563307204,TRUE,80.30514843469206,TalChhapar_TC,2018-01-01,2018-11-01,Jan18→Nov18
4.781842849588436,444581.48459075403,3075063.377903646,444578.0721165485,3075060.028121439,TRUE,95.02595390453834,TalChhapar_TC,2018-01-01,2018-11-01,Jan18→Nov18
0.36039591083915484,444576.3634008679,3075030.8988920962,444576.0560501271,3075030.7106881253,TRUE,118.88790490993233,TalChhapar_TC,2018-01-01,2018-11-01,Jan18→Nov18
5.784088085764845,444635.75903289334,3075025.459239202,444634.8563185291,3075019.746028042,TRUE,160.0545306398797,TalChhapar_TC,2018-01-01,2018-11-01,Jan18→Nov18
16.699146419945816,444620.05514905695,3075027.8861169955,444606.6197787116,3075017.968843437,TRUE,147.2292286543981,TalChhapar_TC,2018-01-01,2018-11-01,Jan18→Nov18
1.6051274488455969,444616.26976432855,3075045.817434621,444616.73537653463,3075044.281322841,TRUE,131.91809526212356,TalChhapar_TC,2018-01-01,2018-11-01,Jan18→Nov18
11.722352003865312,444665.5543553166,3075003.787723007,444670.7666392834,3074993.2879309924,FALSE,196.65969100117434,TalChhapar_TC,2018-01-01,2018-11-01,Jan18→Nov18
6.229612612430704,444692.16502222704,3075020.396270112,444686.163413635,3075022.0662304736,FALSE,207.57082456723913,TalChhapar_TC,2018-01-01,2018-11-01,Jan18→Nov18
4.311966872352132,444680.72454058897,3075074.82681699,444676.97352402547,3075072.7000981444,FALSE,172.42560278403738,TalChhapar_TC,2018-01-01,2018-11-01,Jan18→Nov18
29.86414520000592,444708.3601071852,3075042.0455689,444686.163413635,3075022.0662304736,FALSE,210.83449302909074,TalChhapar_TC,2018-01-01,2018-11-01,Jan18→Nov18
2.4422417996431114,444712.3696436364,3075072.228123323,444710.9267016411,3075074.1985200867,FALSE,203.1643100466433,TalChhapar_TC,2018-01-01,2018-11-01,Jan18→Nov18
1.4133308086384886,444597.2540101491,3075047.5841116607,444597.0865799163,3075046.1807332044,TRUE,117.30060820863989,TalChhapar_TC,2018-01-01,2018-11-01,Jan18→Nov18
0.455366148344574,444568.2138351366,3075083.021370954,444568.5680829498,3075082.7352471766,TRUE,71.5495224773357,TalChhapar_TC,2018-01-01,2018-11-01,Jan18→Nov18
12.180093910684793,444568.170662069,3075067.121490657,444578.0721165485,3075060.028121439,TRUE,83.81631161742624,TalChhapar_TC,2018-01-01,2018-11-01,Jan18→Nov18
1.2141934094033742,444542.61307327886,3075051.351707689,444543.8003396875,3075051.0974163003,TRUE,86.99768481016821,TalChhapar_TC,2018-01-01,2018-11-01,Jan18→Nov18
12.664452163969472,444543.164317737,3075067.713265049,444548.45955815725,3075079.2175589213,TRUE,71.55912752425499,TalChhapar_TC,2018-01-01,2018-11-01,Jan18→Nov18
7.656409231195542,444562.0129244142,3075049.5192528656,444559.87974058074,3075042.166013508,TRUE,95.72965293544044,TalChhapar_TC,2018-01-01,2018-11-01,Jan18→Nov18
1.6494884295839538,444529.13248879724,3075055.1502815443,444528.09265406424,3075053.8698301367,TRUE,80.60224130989448,TalChhapar_TC,2018-01-01,2018-11-01,Jan18→Nov18
1.5132701801656172,444449.002795439,3075071.119180006,444448.011848026,3075072.2628625943,TRUE,94.99782384365855,TalChhapar_TC,2018-01-01,2018-11-01,Jan18→Nov18
3.877139620016718,444468.5545557935,3075057.870201649,444466.2338088983,3075054.764345007,TRUE,92.38047083717412,TalChhapar_TC,2018-01-01,2018-11-01,Jan18→Nov18
3.700896219735599,444448.74292236223,3075048.060791571,444445.7099154438,3075045.940060126,TRUE,112.00499582128256,TalChhapar_TC,2018-01-01,2018-11-01,Jan18→Nov18
2.455405156156512,444430.17999790574,3075057.4074593834,444429.3566252243,3075055.0942209805,TRUE,118.17250092113562,TalChhapar_TC,2018-01-01,2018-11-01,Jan18→Nov18
3.0122702441202,444414.3416661699,3075063.790458519,444412.81380547845,3075061.1944204355,TRUE,126.82110855619405,TalChhapar_TC,2018-01-01,2018-11-01,Jan18→Nov18
5.140557821514443,444422.4607288683,3075077.617397325,444426.278790832,3075074.175343061,TRUE,112.53950781496339,TalChhapar_TC,2018-01-01,2018-11-01,Jan18→Nov18
7.5064167789556855,444404.18848783534,3075088.21035499,444405.9088948163,3075080.9037488913,TRUE,124.20771924701609,TalChhapar_TC,2018-01-01,2018-11-01,Jan18→Nov18
4.3696366791271615,444385.87468442693,3075041.44163181,444389.49794792774,3075038.9991563624,TRUE,162.9475736970157,TalChhapar_TC,2018-01-01,2018-11-01,Jan18→Nov18
7.253696109087854,444420.47924476047,3075036.434302481,444415.9675053308,3075030.754486061,TRUE,139.59270207065495,TalChhapar_TC,2018-01-01,2018-11-01,Jan18→Nov18
1.6665944426584987,444477.3871138587,3075041.9736314826,444478.667321246,3075040.906576619,TRUE,102.11235144250196,TalChhapar_TC,2018-01-01,2018-11-01,Jan18→Nov18
4.906782336097899,444434.4205035702,3075024.063478782,444431.6727141447,3075019.998240023,TRUE,139.72569446994763,TalChhapar_TC,2018-01-01,2018-11-01,Jan18→Nov18
3.361959376386222,444401.729743801,3075011.6727343826,444405.07444978354,3075011.3325686306,TRUE,170.41255836722115,TalChhapar_TC,2018-01-01,2018-11-01,Jan18→Nov18
2.192891402353288,444559.37320911355,3075040.0324253156,444559.87974058074,3075042.166013508,TRUE,103.24503790442795,TalChhapar_TC,2018-01-01,2018-11-01,Jan18→Nov18
10.74876247919141,444555.2256775199,3075032.4770717775,444559.87974058074,3075042.166013508,TRUE,108.80074477537453,TalChhapar_TC,2018-01-01,2018-11-01,Jan18→Nov18
9.117943066984456,444535.76907968754,3075035.728476608,444526.668615601,3075035.16417245,TRUE,100.78148735873994,TalChhapar_TC,2018-01-01,2018-11-01,Jan18→Nov18
3.878604277829107,444493.81170951924,3075052.4861037466,444490.33334294416,3075054.2020691056,TRUE,86.45953825389788,TalChhapar_TC,2018-01-01,2018-11-01,Jan18→Nov18
4.534813109642464,444511.99022029346,3075046.420763353,444508.0839553155,3075044.1173693654,TRUE,89.00795167849367,TalChhapar_TC,2018-01-01,2018-11-01,Jan18→Nov18
8.559276790602656,444598.06939752575,3075018.3589725886,444606.6197787116,3075017.968843437,TRUE,140.92197019668822,TalChhapar_TC,2018-01-01,2018-11-01,Jan18→Nov18
4.637695832658708,444579.5968148948,3075007.595221424,444574.9684977237,3075007.890014232,TRUE,141.1234895181878,TalChhapar_TC,2018-01-01,2018-11-01,Jan18→Nov18
0.5240054322432288,444545.9163581504,3075022.591908536,444546.42369260313,3075022.4607847543,TRUE,115.67486837956324,TalChhapar_TC,2018-01-01,2018-11-01,Jan18→Nov18
8.463901624405787,444566.0153429672,3075001.0350691034,444560.29241921386,3075007.27091503,TRUE,142.0419062672535,TalChhapar_TC,2018-01-01,2018-11-01,Jan18→Nov18
10.759300463673037,444546.09729208803,3075003.8404932255,444539.3618503433,3074995.450238702,TRUE,134.02520146293102,TalChhapar_TC,2018-01-01,2018-11-01,Jan18→Nov18
11.016423767060916,444557.3666782462,3075021.1908801,444546.42369260313,3075022.4607847543,TRUE,120.17132162155211,TalChhapar_TC,2018-01-01,2018-11-01,Jan18→Nov18
3.7739704389651143,444538.2966809472,3074999.070772783,444539.3618503433,3074995.450238702,TRUE,137.4011273970108,TalChhapar_TC,2018-01-01,2018-11-01,Jan18→Nov18
2.7777665060976773,444519.0872902642,3075023.2424380383,444521.5280096781,3075021.916212,TRUE,111.89461967824974,TalChhapar_TC,2018-01-01,2018-11-01,Jan18→Nov18
2.929240709676715,444521.4963141761,3075006.842762841,444519.96483196487,3075004.3457619655,TRUE,128.3149679721568,TalChhapar_TC,2018-01-01,2018-11-01,Jan18→Nov18
3.932610409189817,444507.0428599433,3074999.760969012,444503.4347629213,3074998.196660695,TRUE,135.91996161528252,TalChhapar_TC,2018-01-01,2018-11-01,Jan18→Nov18
1.6392829938082811,444501.10350997734,3075025.200625799,444499.8747775127,3075024.115515084,TRUE,111.41429559873374,TalChhapar_TC,2018-01-01,2018-11-01,Jan18→Nov18
0.5570134317849449,444481.4712925456,3075010.6234717965,444480.9964652835,3075010.332262191,TRUE,130.10132406277657,TalChhapar_TC,2018-01-01,2018-11-01,Jan18→Nov18
12.480190775497116,444472.0198670916,3075030.3440714683,444478.667321246,3075040.906576619,TRUE,114.92006764888063,TalChhapar_TC,2018-01-01,2018-11-01,Jan18→Nov18
5.94872408467575,444462.85578527825,3075020.874744791,444459.6806978226,3075015.8442241536,TRUE,127.39488771311156,TalChhapar_TC,2018-01-01,2018-11-01,Jan18→Nov18
0.4749247000180575,444443.6697422928,3075007.763398135,444443.1949615703,3075007.751704707,TRUE,148.079070837517,TalChhapar_TC,2018-01-01,2018-11-01,Jan18→Nov18
14.565591284795648,444461.651780306,3075001.4126170594,444459.6806978226,3075015.8442241536,TRUE,145.57784670170906,TalChhapar_TC,2018-01-01,2018-11-01,Jan18→Nov18
8.556260147513823,444490.5269753329,3074996.197397591,444485.7110018062,3074989.125199439,TRUE,141.8654628279604,TalChhapar_TC,2018-01-01,2018-11-01,Jan18→Nov18
4.566982199072388,444465.4152087089,3074986.120871156,444461.8654536688,3074983.2474471424,TRUE,158.42217030989062,TalChhapar_TC,2018-01-01,2018-11-01,Jan18→Nov18
7.775915484648929,444434.3390250146,3074990.2748473347,444441.34145520104,3074986.8938958254,TRUE,167.88331377236267,TalChhapar_TC,2018-01-01,2018-11-01,Jan18→Nov18
5.504301905810768,444403.6730258463,3074979.734980798,444398.4115702464,3074978.1180626056,TRUE,193.6338329163743,TalChhapar_TC,2018-01-01,2018-11-01,Jan18→Nov18
19.17638628825068,444437.1535016146,3074968.1804024093,444441.34145520104,3074986.8938958254,TRUE,186.02302650999096,TalChhapar_TC,2018-01-01,2018-11-01,Jan18→Nov18
1.2781543202720396,444427.230099217,3074986.900372232,444427.7157948326,3074985.718095515,TRUE,174.44426946650526,TalChhapar_TC,2018-01-01,2018-11-01,Jan18→Nov18
5.768728487246869,444461.82820381725,3074966.291584047,444457.7213539239,3074962.2404098576,TRUE,178.3233098764343,TalChhapar_TC,2018-01-01,2018-11-01,Jan18→Nov18
5.6162893650649215,444482.68660838204,3074951.050232627,444478.4225479334,3074947.395031576,TRUE,187.6711768392396,TalChhapar_TC,2018-01-01,2018-11-01,Jan18→Nov18
0.8672114320596874,444505.4095652505,3074961.2252189144,444504.6378170637,3074961.620769675,TRUE,174.4569384043187,TalChhapar_TC,2018-01-01,2018-11-01,Jan18→Nov18
2.1407858990959294,444478.37512374984,3074981.261911419,444477.07654668274,3074979.5599531746,TRUE,159.196216006767,TalChhapar_TC,2018-01-01,2018-11-01,Jan18→Nov18
5.966504241268811,444485.7864822057,3074969.1383916354,444485.0141419512,3074963.222086759,TRUE,169.3262089711485,TalChhapar_TC,2018-01-01,2018-11-01,Jan18→Nov18
5.700423072627779,444499.77060776146,3074980.0380871966,444504.06544123444,3074976.289857128,TRUE,156.30996571546842,TalChhapar_TC,2018-01-01,2018-11-01,Jan18→Nov18
13.70096947928026,444458.52920318674,3074934.519483599,444447.2503339429,3074942.297894314,TRUE,209.58811114305558,TalChhapar_TC,2018-01-01,2018-11-01,Jan18→Nov18
1.3355482517794677,444447.0258275744,3074943.6144375238,444447.2503339429,3074942.297894314,TRUE,204.66710919855475,TalChhapar_TC,2018-01-01,2018-11-01,Jan18→Nov18
4.2981253849361165,444472.45491812367,3074893.9441225235,444470.955186796,3074889.9161344687,TRUE,245.6790936711702,TalChhapar_TC,2018-01-01,2018-11-01,Jan18→Nov18
0.9295072531186117,444431.045143396,3074932.983421328,444430.14649275964,3074933.220930838,TRUE,220.53495170430287,TalChhapar_TC,2018-01-01,2018-11-01,Jan18→Nov18
21.01470092042654,444430.1876314422,3074907.675873207,444451.1864795056,3074908.491982749,TRUE,244.2541030774872,TalChhapar_TC,2018-01-01,2018-11-01,Jan18→Nov18
4.383419438378975,444454.34545582987,3074866.645196032,444451.7552431133,3074863.1089318935,FALSE,276.21137713194287,TalChhapar_TC,2018-01-01,2018-11-01,Jan18→Nov18
5.757790002858401,444495.0006482399,3074916.439791616,444492.8017165151,3074911.1184341777,TRUE,220.03094991143274,TalChhapar_TC,2018-01-01,2018-11-01,Jan18→Nov18
1.7765283040777458,444527.7030571822,3074929.757651794,444529.4284179308,3074929.334351543,TRUE,205.55569971326753,TalChhapar_TC,2018-01-01,2018-11-01,Jan18→Nov18
0.9619582982938191,444537.2093668425,3074912.7739592004,444538.07756523846,3074913.1881998465,TRUE,223.09192847389065,TalChhapar_TC,2018-01-01,2018-11-01,Jan18→Nov18
10.462442435324132,444509.4831133506,3074822.811675873,444509.3013584498,3074812.3508122917,FALSE,312.47615338661905,TalChhapar_TC,2018-01-01,2018-11-01,Jan18→Nov18
4.521533982843387,444500.52083040454,3074941.060715063,444500.21161382535,3074945.571663374,TRUE,194.97220892254387,TalChhapar_TC,2018-01-01,2018-11-01,Jan18→Nov18
23.154005381900028,444510.09533143387,3074859.083244594,444487.92805172154,3074852.3959674663,FALSE,276.2035522974485,TalChhapar_TC,2018-01-01,2018-11-01,Jan18→Nov18
3.875631723516681,444532.0758437862,3074977.200942467,444531.23824338196,3074973.4169040397,TRUE,158.46083235444524,TalChhapar_TC,2018-01-01,2018-11-01,Jan18→Nov18
1.3909910450623297,444555.20718281245,3074961.9905804014,444555.6149574471,3074960.660702236,TRUE,176.8527429121963,TalChhapar_TC,2018-01-01,2018-11-01,Jan18→Nov18
7.2141559045692265,444551.50723849994,3074982.2769433456,444554.224775856,3074988.9596850085,TRUE,156.23884339917592,TalChhapar_TC,2018-01-01,2018-11-01,Jan18→Nov18
4.658731272356346,444591.475705082,3074964.2598185767,444593.6689224189,3074960.149639167,TRUE,185.53753177753143,TalChhapar_TC,2018-01-01,2018-11-01,Jan18→Nov18
4.847086774357002,444575.4701632556,3074968.18963576,444572.4754298941,3074964.3783600824,TRUE,176.17841602902502,TalChhapar_TC,2018-01-01,2018-11-01,Jan18→Nov18
13.306909434221962,444583.8407980524,3074979.7804645663,444570.58703467133,3074980.968570172,TRUE,168.27158535708907,TalChhapar_TC,2018-01-01,2018-11-01,Jan18→Nov18
13.050463704442418,444591.6598083708,3075008.3245357345,444603.6757346984,3075003.232177009,TRUE,146.05894211134694,TalChhapar_TC,2018-01-01,2018-11-01,Jan18→Nov18
9.163686596080833,444609.13090086804,3074983.5024905265,444600.95938292687,3074979.3552689785,TRUE,176.30177528158075,TalChhapar_TC,2018-01-01,2018-11-01,Jan18→Nov18
0.28849773922609023,444603.9015791995,3075003.052663202,444603.6757346984,3075003.232177009,TRUE,156.91479734367059,TalChhapar_TC,2018-01-01,2018-11-01,Jan18→Nov18
18.450331968154586,444588.3868045962,3074992.90438121,444603.6757346984,3075003.232177009,TRUE,158.17161278514897,TalChhapar_TC,2018-01-01,2018-11-01,Jan18→Nov18
8.351000370578058,444658.5598143953,3075052.9657339356,444663.88732588827,3075046.534806438,TRUE,161.7898146573996,TalChhapar_TC,2018-01-01,2018-11-01,Jan18→Nov18
7.951142166754308,444633.85528651485,3074975.2913952153,444636.32460524683,3074967.7334109102,TRUE,196.7197247149786,TalChhapar_TC,2018-01-01,2018-11-01,Jan18→Nov18
1.4922071832405104,444631.85770190647,3075001.711902202,444632.3863357245,3075003.1073335204,TRUE,174.63153708304054,TalChhapar_TC,2018-01-01,2018-11-01,Jan18→Nov18
4.7244672491045785,444607.8105667487,3074956.03093493,444610.5725650814,3074952.19792619,TRUE,199.83121614058996,TalChhapar_TC,2018-01-01,2018-11-01,Jan18→Nov18
6.131041405654154,444615.6004419559,3074928.1157529005,444609.4744088211,3074928.3635163945,TRUE,228.36963786036486,TalChhapar_TC,2018-01-01,2018-11-01,Jan18→Nov18
5.294977184439696,444594.81624226324,3074910.6676474414,444595.34056715376,3074905.398694339,TRUE,236.86654130019375,TalChhapar_TC,2018-01-01,2018-11-01,Jan18→Nov18
18.568026859423806,444570.7584873731,3074945.8898844873,444572.4754298941,3074964.3783600824,TRUE,196.14723855233785,TalChhapar_TC,2018-01-01,2018-11-01,Jan18→Nov18
13.379760049980037,444555.72096109344,3074938.463140068,444545.6227904091,3074947.2406640826,TRUE,200.03772377944208,TalChhapar_TC,2018-01-01,2018-11-01,Jan18→Nov18
13.76828774657957,444591.72174450255,3074926.4203360677,444592.04486225336,3074940.1848317864,TRUE,220.96027183787237,TalChhapar_TC,2018-01-01,2018-11-01,Jan18→Nov18
1.2346556411595586,444567.45022311795,3074912.8314307136,444568.6468028958,3074912.5271752495,TRUE,227.48357821398432,TalChhapar_TC,2018-01-01,2018-11-01,Jan18→Nov18
0.12571014688119894,444570.60271359846,3075210.044457437,444570.481199501,3075210.0766655905,TRUE,90.85344586466539,TalChhapar_TC,2018-01-01,2018-11-01,Jan18→Nov18
7.412899775582999,444661.44526737905,3075124.127051596,444656.6415900027,3075118.481188797,FALSE,142.68026538270064,TalChhapar_TC,2018-01-01,2018-11-01,Jan18→Nov18
1.4301234828430383,444586.95516464213,3075171.894180509,444585.7178366997,3075172.6113086278,TRUE,77.09182135039073,TalChhapar_TC,2018-01-01,2018-11-01,Jan18→Nov18
7.0160182087671785,444585.6825508915,3075201.4275607103,444582.97687639797,3075194.954243397,TRUE,93.89163602742993,TalChhapar_TC,2018-01-01,2018-11-01,Jan18→Nov18
5.792176678007934,444609.43396356114,3075171.523022564,444607.1328884753,3075166.207539132,TRUE,97.30281272037551,TalChhapar_TC,2018-01-01,2018-11-01,Jan18→Nov18
5.027080053317345,444567.7166904234,3075143.5705340086,444563.7114071715,3075140.532567594,TRUE,49.25365303738781,TalChhapar_TC,2018-01-01,2018-11-01,Jan18→Nov18
6.923222564539708,444568.20665692206,3075169.786656052,444569.7652324559,3075176.5321621844,TRUE,60.026565151771926,TalChhapar_TC,2018-01-01,2018-11-01,Jan18→Nov18
1.5473758409500418,444426.2095504438,3075125.807451723,444425.00139336323,3075124.840638162,TRUE,93.44776350403286,TalChhapar_TC,2018-01-01,2018-11-01,Jan18→Nov18
0.18757938849047484,444394.8391103763,3075152.5671988185,444394.7389302774,3075152.7257862543,TRUE,125.56696224454058,TalChhapar_TC,2018-01-01,2018-11-01,Jan18→Nov18
7.731594073127885,444436.96794484684,3075190.755544014,444444.6119585965,3075189.595112755,TRUE,99.26710564965214,TalChhapar_TC,2018-01-01,2018-11-01,Jan18→Nov18
0.9404001460911486,444448.69224337366,3075047.1217579856,444448.74292236223,3075048.060791571,TRUE,89.37360751132975,TalChhapar_TC,2018-11-01,2019-10-01,Nov18→Oct19
1.3265523739281253,444430.9396216273,3075058.494985476,444430.17999790574,3075057.4074593834,TRUE,104.97112626942034,TalChhapar_TC,2018-11-01,2019-10-01,Nov18→Oct19
3.4527591684971615,444417.0536041411,3075036.866196244,444420.47924476047,3075036.434302481,TRUE,122.57523768885828,TalChhapar_TC,2018-11-01,2019-10-01,Nov18→Oct19
16.355908634765104,444449.8702140901,3075031.743777119,444448.74292236223,3075048.060791571,TRUE,93.20174098228566,TalChhapar_TC,2018-11-01,2019-10-01,Nov18→Oct19
2.899600274108476,444433.2869968172,3075026.732344494,444434.4205035702,3075024.063478782,TRUE,110.42929022469286,TalChhapar_TC,2018-11-01,2019-10-01,Nov18→Oct19
1.8888732787772984,444403.57547429454,3075012.0741334464,444401.729743801,3075011.6727343826,TRUE,143.5011079397824,TalChhapar_TC,2018-11-01,2019-10-01,Nov18→Oct19
2.1846925208149957,444441.8985201462,3075006.4844714296,444443.6697422928,3075007.763398135,TRUE,112.34617745372405,TalChhapar_TC,2018-11-01,2019-10-01,Nov18→Oct19
16.412783771485287,444427.00418231275,3075004.9574749493,444434.3390250146,3074990.2748473347,TRUE,125.78369460641875,TalChhapar_TC,2018-11-01,2019-10-01,Nov18→Oct19
0.9572074357539366,444428.0668084367,3074986.4354380895,444427.230099217,3074986.900372232,TRUE,135.272563639666,TalChhapar_TC,2018-11-01,2019-10-01,Nov18→Oct19
14.47153619782314,444404.46508371417,3074994.184825235,444403.6730258463,3074979.734980798,TRUE,150.68772257690077,TalChhapar_TC,2018-11-01,2019-10-01,Nov18→Oct19
0.8874043309659626,444464.7498106615,3074986.7080098833,444465.4152087089,3074986.120871156,TRUE,108.27882219541499,TalChhapar_TC,2018-11-01,2019-10-01,Nov18→Oct19
5.45281655129795,444431.7040797715,3074967.98802279,444437.1535016146,3074968.1804024093,TRUE,144.59775148830286,TalChhapar_TC,2018-11-01,2019-10-01,Nov18→Oct19
5.515161103392189,444398.6963823466,3074977.358003416,444403.6730258463,3074979.734980798,FALSE,164.44910941805355,TalChhapar_TC,2018-11-01,2019-10-01,Nov18→Oct19
1.1268714888209468,444461.5228435407,3074967.376293434,444461.82820381725,3074966.291584047,TRUE,125.44589862324426,TalChhapar_TC,2018-11-01,2019-10-01,Nov18→Oct19
1.0977018004115338,444459.27427090204,3074935.325599808,444458.52920318674,3074934.519483599,TRUE,153.62214568693096,TalChhapar_TC,2018-11-01,2019-10-01,Nov18→Oct19
2.3203209020786106,444484.0612758837,3074949.180960483,444482.68660838204,3074951.050232627,TRUE,130.13241388196792,TalChhapar_TC,2018-11-01,2019-10-01,Nov18→Oct19
1.6977126958069484,444432.3786785517,3074934.0340936775,444431.045143396,3074932.983421328,TRUE,169.60184224119223,TalChhapar_TC,2018-11-01,2019-10-01,Nov18→Oct19
4.599924781517778,444492.56973196025,3074912.534672663,444495.0006482399,3074916.439791616,TRUE,161.9873823852624,TalChhapar_TC,2018-11-01,2019-10-01,Nov18→Oct19
19.064135489129207,444449.21039777057,3074906.420634917,444430.1876314422,3074907.675873207,FALSE,183.80013101700942,TalChhapar_TC,2018-11-01,2019-10-01,Nov18→Oct19
43.12906735210976,444388.30366939586,3074938.7525504613,444431.045143396,3074932.983421328,FALSE,196.31697366734585,TalChhapar_TC,2018-11-01,2019-10-01,Nov18→Oct19
4.7678929506977346,444444.7854376228,3075073.3432969633,444449.002795439,3075071.119180006,TRUE,90.73877699944438,TalChhapar_TC,2018-11-01,2019-10-01,Nov18→Oct19
11.600766932338882,444459.6573154159,3075065.3144549415,444468.5545557935,3075057.870201649,TRUE,75.82891004590621,TalChhapar_TC,2018-11-01,2019-10-01,Nov18→Oct19
1.8617040376147864,444464.8684634101,3075082.931123558,444464.7304563015,3075084.787705353,TRUE,71.95003935571779,TalChhapar_TC,2018-11-01,2019-10-01,Nov18→Oct19
3.9757645065260863,444481.21546226233,3075066.4898725282,444481.8767764309,3075070.4102509515,TRUE,54.23998792511746,TalChhapar_TC,2018-11-01,2019-10-01,Nov18→Oct19
6.389223802511756,444466.2947656147,3075051.8939545704,444468.5545557935,3075057.870201649,TRUE,71.14036590798908,TalChhapar_TC,2018-11-01,2019-10-01,Nov18→Oct19
3.043905038261385,444474.9864137697,3075043.844993811,444477.3871138587,3075041.9736314826,TRUE,65.3551179463335,TalChhapar_TC,2018-11-01,2019-10-01,Nov18→Oct19
2.1015636989764777,444462.4423361998,3075022.935237412,444462.85578527825,3075020.874744791,TRUE,86.15948039477472,TalChhapar_TC,2018-11-01,2019-10-01,Nov18→Oct19
3.966222184520933,444475.72587524,3075028.931123479,444472.0198670916,3075030.3440714683,TRUE,71.74894576721151,TalChhapar_TC,2018-11-01,2019-10-01,Nov18→Oct19
0.9758239979475192,444481.5112070842,3075011.598479132,444481.4712925456,3075010.6234717965,TRUE,78.56044729662774,TalChhapar_TC,2018-11-01,2019-10-01,Nov18→Oct19
2.1412551488082734,444503.17595195235,3075025.739103164,444501.10350997734,3075025.200625799,TRUE,53.752012967104264,TalChhapar_TC,2018-11-01,2019-10-01,Nov18→Oct19
2.3423366269579593,444521.2292462086,3075022.2945110337,444519.0872902642,3075023.2424380383,TRUE,48.575875882536266,TalChhapar_TC,2018-11-01,2019-10-01,Nov18→Oct19
2.718331332580303,444518.78872545896,3075007.084193105,444521.4963141761,3075006.842762841,TRUE,63.870887560735774,TalChhapar_TC,2018-11-01,2019-10-01,Nov18→Oct19
1.541395685618084,444505.63057786296,3075000.378512521,444507.0428599433,3074999.760969012,TRUE,74.57911017158861,TalChhapar_TC,2018-11-01,2019-10-01,Nov18→Oct19
3.9244856146176894,444498.40424400155,3074983.7170323464,444499.77060776146,3074980.0380871966,TRUE,92.74017370418744,TalChhapar_TC,2018-11-01,2019-10-01,Nov18→Oct19
4.199100599988492,444508.4694621264,3074964.100888742,444505.4095652505,3074961.2252189144,TRUE,108.06558263649771,TalChhapar_TC,2018-11-01,2019-10-01,Nov18→Oct19
14.354246249253725,444524.2768304994,3074989.2516593393,444532.0758437862,3074977.200942467,TRUE,80.27878542047391,TalChhapar_TC,2018-11-01,2019-10-01,Nov18→Oct19
2.3736807649819838,444486.5117140435,3075083.8236529995,444488.72519282834,3075084.6808997802,TRUE,51.16566052833238,TalChhapar_TC,2018-11-01,2019-10-01,Nov18→Oct19
1.262701512531144,444473.0497266958,3075105.7451135046,444474.29801249015,3075105.5548566114,TRUE,72.50407634185457,TalChhapar_TC,2018-11-01,2019-10-01,Nov18→Oct19
10.617564932921557,444491.3446649484,3075128.4080924713,444498.48242523044,3075136.2684399993,TRUE,74.16254749949805,TalChhapar_TC,2018-11-01,2019-10-01,Nov18→Oct19
18.37662238086437,444441.20296008536,3075100.619383928,444450.27747978753,3075116.5991630973,TRUE,99.44825337679305,TalChhapar_TC,2018-11-01,2019-10-01,Nov18→Oct19
9.116527008189088,444453.1360218616,3075137.3212779486,444462.2021895831,3075136.364372762,TRUE,107.09826316014811,TalChhapar_TC,2018-11-01,2019-10-01,Nov18→Oct19
10.169110859839636,444459.41713721136,3075112.1407465786,444450.27747978753,3075116.5991630973,TRUE,87.50403707283894,TalChhapar_TC,2018-11-01,2019-10-01,Nov18→Oct19
3.4198340049410536,444476.92191563617,3075121.083239688,444473.50679964974,3075121.2628153563,TRUE,78.47856237365376,TalChhapar_TC,2018-11-01,2019-10-01,Nov18→Oct19
3.282360050817068,444509.99429940886,3075087.6894261003,444513.27593351615,3075087.758455725,TRUE,31.69189680000691,TalChhapar_TC,2018-11-01,2019-10-01,Nov18→Oct19
6.509762062819745,444493.7896750412,3075108.3322184654,444499.6616253202,3075111.1424145503,TRUE,57.43216977259463,TalChhapar_TC,2018-11-01,2019-10-01,Nov18→Oct19
6.280972062980057,444475.3655546622,3075156.232201833,444479.96648424375,3075160.507954052,TRUE,106.1007829744565,TalChhapar_TC,2018-11-01,2019-10-01,Nov18→Oct19
5.299631066841513,444500.4092817346,3075141.205373608,444498.48242523044,3075136.2684399993,TRUE,80.46104403992436,TalChhapar_TC,2018-11-01,2019-10-01,Nov18→Oct19
1.1387499939055417,444500.0515107904,3075167.2723009842,444501.18797827244,3075167.200237048,TRUE,104.66973736133663,TalChhapar_TC,2018-11-01,2019-10-01,Nov18→Oct19
0.6989036495557913,444507.7851844615,3075189.6894415193,444507.0979993154,3075189.816889102,TRUE,124.04907117502923,TalChhapar_TC,2018-11-01,2019-10-01,Nov18→Oct19
5.8617165954393275,444526.17486874724,3075133.4845889458,444520.6981159778,3075131.395354505,TRUE,65.3848289967604,TalChhapar_TC,2018-11-01,2019-10-01,Nov18→Oct19
9.582682485690759,444537.5476709505,3075154.6369810784,444528.19818532444,3075156.738152692,TRUE,85.90865079107495,TalChhapar_TC,2018-11-01,2019-10-01,Nov18→Oct19
5.585687701850489,444524.1253903895,3075152.915555601,444528.19818532444,3075156.738152692,TRUE,84.91350488495526,TalChhapar_TC,2018-11-01,2019-10-01,Nov18→Oct19
10.91061837831545,444506.2798316672,3075119.8165680044,444499.6616253202,3075111.1424145503,TRUE,58.785576903172895,TalChhapar_TC,2018-11-01,2019-10-01,Nov18→Oct19
4.701013301889219,444528.07462728606,3075114.4104641858,444525.82923121867,3075118.5405637687,TRUE,46.240716245889836,TalChhapar_TC,2018-11-01,2019-10-01,Nov18→Oct19
10.9158272405257,444507.39271075133,3075103.4362091026,444499.6616253202,3075111.1424145503,TRUE,44.58308843105925,TalChhapar_TC,2018-11-01,2019-10-01,Nov18→Oct19
1.9691119388272598,444522.8708565299,3075101.981159997,444522.01699581946,3075103.7555116294,TRUE,35.51285061079803,TalChhapar_TC,2018-11-01,2019-10-01,Nov18→Oct19
1.5645238721032826,444496.6289688824,3075093.608147456,444495.8374502945,3075094.9576782156,TRUE,46.059783799804364,TalChhapar_TC,2018-11-01,2019-10-01,Nov18→Oct19
0.7686839947798361,444502.77256582543,3075066.500480532,444502.0039294976,3075066.5090408702,TRUE,32.71334615926136,TalChhapar_TC,2018-11-01,2019-10-01,Nov18→Oct19
2.3653445801967874,444491.77574706555,3075053.690143559,444493.81170951924,3075052.4861037466,TRUE,46.159877901242155,TalChhapar_TC,2018-11-01,2019-10-01,Nov18→Oct19
0.5758389838021741,444512.5643107372,3075046.4656041567,444511.99022029346,3075046.420763353,TRUE,31.916396434949622,TalChhapar_TC,2018-11-01,2019-10-01,Nov18→Oct19
1.9497363646515953,444520.75414222304,3075067.7082474763,444520.39232831995,3075069.624118712,TRUE,14.691327250069346,TalChhapar_TC,2018-11-01,2019-10-01,Nov18→Oct19
11.528977041540694,444546.0154512561,3075124.613335398,444534.5144948475,3075125.4166493537,TRUE,56.85658642637827,TalChhapar_TC,2018-11-01,2019-10-01,Nov18→Oct19
0.05464922626685165,444541.07596305374,3075112.067751781,444541.0343611918,3075112.032314188,TRUE,43.68204174549918,TalChhapar_TC,2018-11-01,2019-10-01,Nov18→Oct19
15.260415229191167,444545.44631012593,3075096.7389904265,444532.5927038856,3075088.5131117753,TRUE,29.729951447147364,TalChhapar_TC,2018-11-01,2019-10-01,Nov18→Oct19
1.1983701869878935,444532.5969746754,3075089.711474352,444532.5927038856,3075088.5131117753,TRUE,21.144204938874328,TalChhapar_TC,2018-11-01,2019-10-01,Nov18→Oct19
1.7003572435948766,444555.4218652801,3075112.0188300647,444553.8049197208,3075111.492805527,TRUE,47.66875777522367,TalChhapar_TC,2018-11-01,2019-10-01,Nov18→Oct19
7.656314290877888,444568.37228486914,3075126.6617639186,444560.8832593036,3075128.2535065482,TRUE,66.63205898246893,TalChhapar_TC,2018-11-01,2019-10-01,Nov18→Oct19
1.8775623051518362,444560.23366735276,3075126.4918963453,444560.8832593036,3075128.2535065482,TRUE,62.84790386751241,TalChhapar_TC,2018-11-01,2019-10-01,Nov18→Oct19
2.541065719615125,444584.3872031068,3075117.1453155563,444584.8910060723,3075119.6359374793,TRUE,68.85182761288024,TalChhapar_TC,2018-11-01,2019-10-01,Nov18→Oct19
1.0944453025855807,444571.5166628322,3075108.934575297,444570.4603057926,3075109.2207925664,TRUE,54.020607563355654,TalChhapar_TC,2018-11-01,2019-10-01,Nov18→Oct19
1.6954524256902943,444564.8318449928,3075097.4439679347,444563.2271020236,3075097.9911049656,TRUE,41.09517031276752,TalChhapar_TC,2018-11-01,2019-10-01,Nov18→Oct19
6.806797817111351,444586.81653772976,3075093.6977098845,444593.50986052694,3075094.9354200508,TRUE,57.13986332871758,TalChhapar_TC,2018-11-01,2019-10-01,Nov18→Oct19
2.2340622857580006,444570.0339356576,3075084.3168509384,444568.2138351366,3075083.021370954,TRUE,37.96206154307258,TalChhapar_TC,2018-11-01,2019-10-01,Nov18→Oct19
0.1277480489977758,444550.1322299389,3075079.2711591823,444550.0133469904,3075079.2244001343,TRUE,18.093897152738275,TalChhapar_TC,2018-11-01,2019-10-01,Nov18→Oct19
3.972160280412622,444539.20113848126,3075067.9802247467,444543.164317737,3075067.713265049,TRUE,3.871321369396272,TalChhapar_TC,2018-11-01,2019-10-01,Nov18→Oct19
12.02432570675409,444554.58313382225,3075063.9456334435,444543.164317737,3075067.713265049,TRUE,19.768925844094902,TalChhapar_TC,2018-11-01,2019-10-01,Nov18→Oct19
2.493094637617449,444566.4371723813,3075065.329694247,444568.170662069,3075067.121490657,TRUE,31.21752436821034,TalChhapar_TC,2018-11-01,2019-10-01,Nov18→Oct19
4.315003516433893,444565.84218391177,3075047.530276484,444562.0129244142,3075049.5192528656,TRUE,37.104168779821805,TalChhapar_TC,2018-11-01,2019-10-01,Nov18→Oct19
1.766942922308495,444543.4682945721,3075049.805524055,444542.61307327886,3075051.351707689,TRUE,20.59242480097299,TalChhapar_TC,2018-11-01,2019-10-01,Nov18→Oct19
1.1886934893999985,444555.89252760174,3075033.461095751,444555.2256775199,3075032.4770717775,TRUE,40.807700863686875,TalChhapar_TC,2018-11-01,2019-10-01,Nov18→Oct19
4.342787002511584,444577.73864437186,3075061.1807043715,444581.48459075403,3075063.377903646,TRUE,43.00281120464519,TalChhapar_TC,2018-11-01,2019-10-01,Nov18→Oct19
14.107176943198494,444581.7755459517,3075043.926598222,444576.3634008679,3075030.8988920962,TRUE,52.59643847179282,TalChhapar_TC,2018-11-01,2019-10-01,Nov18→Oct19
0.5241892686051483,444576.59676137555,3075030.429512439,444576.3634008679,3075030.8988920962,TRUE,56.26139264301383,TalChhapar_TC,2018-11-01,2019-10-01,Nov18→Oct19
5.373942435038829,444530.91519232484,3075033.42217334,444535.76907968754,3075035.728476608,TRUE,35.617320486733945,TalChhapar_TC,2018-11-01,2019-10-01,Nov18→Oct19
0.868463420731571,444545.1264739406,3075022.952895583,444545.9163581504,3075022.591908536,TRUE,46.82175550555029,TalChhapar_TC,2018-11-01,2019-10-01,Nov18→Oct19
0.9949227142160298,444537.3689479816,3074999.4301928044,444538.2966809472,3074999.070772783,TRUE,69.3525087501316,TalChhapar_TC,2018-11-01,2019-10-01,Nov18→Oct19
9.555235937470007,444561.2509035974,3075012.4607410836,444557.3666782462,3075021.1908801,TRUE,61.942632749377395,TalChhapar_TC,2018-11-01,2019-10-01,Nov18→Oct19
11.425167939482344,444583.33572179725,3075018.391287264,444579.5968148948,3075007.595221424,TRUE,69.5237726525726,TalChhapar_TC,2018-11-01,2019-10-01,Nov18→Oct19
1.3915529999450007,444558.51350989525,3075021.979040566,444557.3666782462,3075021.1908801,TRUE,52.17132007673801,TalChhapar_TC,2018-11-01,2019-10-01,Nov18→Oct19
0.37061887093125234,444579.95226348686,3075007.490270741,444579.5968148948,3075007.595221424,TRUE,75.74657578713855,TalChhapar_TC,2018-11-01,2019-10-01,Nov18→Oct19
2.0806247107042815,444567.6021643221,3074999.6893361527,444566.0153429672,3075001.0350691034,TRUE,76.20051411870867,TalChhapar_TC,2018-11-01,2019-10-01,Nov18→Oct19
10.127198622533799,444554.70354813384,3074991.886509239,444551.50723849994,3074982.2769433456,TRUE,79.25322920147335,TalChhapar_TC,2018-11-01,2019-10-01,Nov18→Oct19
0.47677335484474787,444532.3254604228,3074976.794735172,444532.0758437862,3074977.200942467,TRUE,92.01189549083497,TalChhapar_TC,2018-11-01,2019-10-01,Nov18→Oct19
12.775284333284413,444579.60588834673,3075148.245452461,444567.7166904234,3075143.5705340086,TRUE,90.95151056215985,TalChhapar_TC,2018-11-01,2019-10-01,Nov18→Oct19
12.486038449349008,444586.41134062334,3075132.0290702153,444584.8910060723,3075119.6359374793,TRUE,81.27077000048787,TalChhapar_TC,2018-11-01,2019-10-01,Nov18→Oct19
1.0964753260880413,444601.8476984926,3075142.453767442,444602.754077652,3075143.070804686,TRUE,99.22563966653155,TalChhapar_TC,2018-11-01,2019-10-01,Nov18→Oct19
13.39710299844881,444606.5340700826,3075130.2180218752,444602.754077652,3075143.070804686,TRUE,94.00321694134321,TalChhapar_TC,2018-11-01,2019-10-01,Nov18→Oct19
0.9722728996607402,444609.6802030623,3075106.021406898,444609.3083610365,3075106.919765456,TRUE,83.0970947817467,TalChhapar_TC,2018-11-01,2019-10-01,Nov18→Oct19
24.088796967630586,444631.93846073723,3075115.174989674,444609.3083610365,3075106.919765456,TRUE,107.11172537650012,TalChhapar_TC,2018-11-01,2019-10-01,Nov18→Oct19
18.491608837003863,444646.6968313942,3075135.2815678734,444661.44526737905,3075124.127051596,FALSE,129.65709254276285,TalChhapar_TC,2018-11-01,2019-10-01,Nov18→Oct19
12.120953193473532,444587.75739479525,3075073.7494722726,444581.48459075403,3075063.377903646,TRUE,52.5869771476816,TalChhapar_TC,2018-11-01,2019-10-01,Nov18→Oct19
7.9798368362751475,444616.9344990728,3075091.7426322894,444624.7258426879,3075090.0184627487,TRUE,84.70525735330234,TalChhapar_TC,2018-11-01,2019-10-01,Nov18→Oct19
21.087720652160268,444609.21754163154,3075075.7291464373,444624.7258426879,3075090.0184627487,TRUE,74.13816697468083,TalChhapar_TC,2018-11-01,2019-10-01,Nov18→Oct19
16.67912020195706,444603.25509340665,3075063.1462468114,444597.2540101491,3075047.5841116607,TRUE,68.07839488090013,TalChhapar_TC,2018-11-01,2019-10-01,Nov18→Oct19
6.176173091333048,444603.43017769,3075047.5923918136,444597.2540101491,3075047.5841116607,TRUE,71.23800620443686,TalChhapar_TC,2018-11-01,2019-10-01,Nov18→Oct19
6.638345361488444,444613.64758518955,3075026.1509644305,444620.05514905695,3075027.8861169955,TRUE,89.08711300629557,TalChhapar_TC,2018-11-01,2019-10-01,Nov18→Oct19
9.954110341909136,444578.7928399064,3074990.251052314,444588.3868045962,3074992.90438121,TRUE,89.69447545846758,TalChhapar_TC,2018-11-01,2019-10-01,Nov18→Oct19
3.447014197436252,444606.0659696862,3075000.369880934,444603.9015791995,3075003.052663202,TRUE,98.33133366794733,TalChhapar_TC,2018-11-01,2019-10-01,Nov18→Oct19
5.446785065001949,444618.3694030377,3075062.5443269396,444622.8198520512,3075059.4041086156,TRUE,83.19341590737422,TalChhapar_TC,2018-11-01,2019-10-01,Nov18→Oct19
0.7519199992200006,444636.7488223972,3075082.028696008,444636.57130221464,3075081.2980317418,TRUE,102.20629575056881,TalChhapar_TC,2018-11-01,2019-10-01,Nov18→Oct19
14.539911229137576,444639.7387201396,3075049.7753950437,444646.38679351733,3075036.844341764,TRUE,106.04289639855776,TalChhapar_TC,2018-11-01,2019-10-01,Nov18→Oct19
6.978534721790945,444634.1231278095,3075018.67515773,444635.75903289334,3075025.459239202,TRUE,110.69163663726056,TalChhapar_TC,2018-11-01,2019-10-01,Nov18→Oct19
7.257092564308216,444624.7193698438,3075000.40438247,444631.85770190647,3075001.711902202,TRUE,112.4646643183209,TalChhapar_TC,2018-11-01,2019-10-01,Nov18→Oct19
17.08024936722929,444664.3693908951,3075091.788245007,444657.51987160265,3075076.1415519407,TRUE,131.00205116077936,TalChhapar_TC,2018-11-01,2019-10-01,Nov18→Oct19
1.430712238307412,444665.6637958305,3075061.295220641,444667.0744799712,3075061.0566671584,TRUE,130.46909820571082,TalChhapar_TC,2018-11-01,2019-10-01,Nov18→Oct19
4.831518152332238,444676.979402082,3075077.879275871,444680.72454058897,3075074.82681699,TRUE,141.86499561858065,TalChhapar_TC,2018-11-01,2019-10-01,Nov18→Oct19
4.238043584227976,444657.1194961042,3075071.922462835,444657.51987160265,3075076.1415519407,TRUE,121.75257207411664,TalChhapar_TC,2018-11-01,2019-10-01,Nov18→Oct19
12.67002213634386,444642.6330383613,3075070.1721692663,444636.57130221464,3075081.2980317418,TRUE,107.23427018790588,TalChhapar_TC,2018-11-01,2019-10-01,Nov18→Oct19
0.9060163173400503,444634.73515146156,3074975.0752858846,444633.85528651485,3074975.2913952153,TRUE,136.53476124786255,TalChhapar_TC,2018-11-01,2019-10-01,Nov18→Oct19
4.967406286729097,444611.1670718214,3074978.9715818907,444609.13090086804,3074983.5024905265,TRUE,117.47542197777044,TalChhapar_TC,2018-11-01,2019-10-01,Nov18→Oct19
14.947369499942713,444653.2251239031,3074995.337048021,444665.5543553166,3075003.787723007,TRUE,138.82015539418623,TalChhapar_TC,2018-11-01,2019-10-01,Nov18→Oct19
21.82071287996161,444672.24523023906,3075035.970060846,444658.5598143953,3075052.9657339356,TRUE,140.70977868033813,TalChhapar_TC,2018-11-01,2019-10-01,Nov18→Oct19
25.67257123398531,444736.3836198954,3075081.306110875,444712.3696436364,3075072.228123323,FALSE,201.36702109380215,TalChhapar_TC,2018-11-01,2019-10-01,Nov18→Oct19
28.71217421907943,444697.4985017288,3075098.1296746703,444680.72454058897,3075074.82681699,FALSE,164.7305691630704,TalChhapar_TC,2018-11-01,2019-10-01,Nov18→Oct19
12.832958477463166,444700.87548597413,3075077.935063214,444712.3696436364,3075072.228123323,FALSE,165.72181145512576,TalChhapar_TC,2018-11-01,2019-10-01,Nov18→Oct19
12.347527766804674,444718.61709520285,3075061.577734087,444712.3696436364,3075072.228123323,FALSE,183.34949287978625,TalChhapar_TC,2018-11-01,2019-10-01,Nov18→Oct19
1.188065026648872,444692.96312245494,3075019.516193676,444692.16502222704,3075020.396270112,FALSE,165.06978032051427,TalChhapar_TC,2018-11-01,2019-10-01,Nov18→Oct19
47.01059314479567,444726.73182287125,3075116.9910954703,444712.3696436364,3075072.228123323,FALSE,197.31061132344,TalChhapar_TC,2018-11-01,2019-10-01,Nov18→Oct19
59.10687401001594,444766.7649085588,3075095.353384603,444712.3696436364,3075072.228123323,FALSE,232.88072647181758,TalChhapar_TC,2018-11-01,2019-10-01,Nov18→Oct19
107.46697941775713,444789.1811747091,3075147.3888867535,444712.3696436364,3075072.228123323,FALSE,265.67658599829315,TalChhapar_TC,2018-11-01,2019-10-01,Nov18→Oct19
1.05491021314062,444555.23641640466,3074960.9360753256,444555.20718281245,3074961.9905804014,TRUE,109.62698721567611,TalChhapar_TC,2018-11-01,2019-10-01,Nov18→Oct19
7.339561373820043,444582.80885947874,3074968.302325175,444575.4701632556,3074968.18963576,TRUE,111.07458782935707,TalChhapar_TC,2018-11-01,2019-10-01,Nov18→Oct19
6.666734647513677,444550.8353224607,3074933.927075032,444555.72096109344,3074938.463140068,TRUE,135.70763154746803,TalChhapar_TC,2018-11-01,2019-10-01,Nov18→Oct19
1.4322736138343592,444528.5750441914,3074928.6214095834,444527.7030571822,3074929.757651794,TRUE,140.30006331684268,TalChhapar_TC,2018-11-01,2019-10-01,Nov18→Oct19
8.632609413457446,444578.5288651123,3074949.6506257807,444570.7584873731,3074945.8898844873,TRUE,126.66982254772475,TalChhapar_TC,2018-11-01,2019-10-01,Nov18→Oct19
20.86620900960163,444529.10795842035,3074950.5765117756,444527.7030571822,3074929.757651794,TRUE,118.34627919056263,TalChhapar_TC,2018-11-01,2019-10-01,Nov18→Oct19
10.13175508463068,444502.4372586601,3074931.1118576494,444500.52083040454,3074941.060715063,TRUE,141.53694507949194,TalChhapar_TC,2018-11-01,2019-10-01,Nov18→Oct19
0.7458926958660391,444473.1505058381,3074894.2134061013,444472.45491812367,3074893.9441225235,FALSE,185.31263334318498,TalChhapar_TC,2018-11-01,2019-10-01,Nov18→Oct19
5.576992334227024,444564.7544487531,3074917.713606875,444567.45022311795,3074912.8314307136,TRUE,153.8658560548742,TalChhapar_TC,2018-11-01,2019-10-01,Nov18→Oct19
2.8004712666252813,444535.80328336393,3074910.3520656093,444537.2093668425,3074912.7739592004,TRUE,158.40340405572886,TalChhapar_TC,2018-11-01,2019-10-01,Nov18→Oct19
5.182005246323557,444604.86618964624,3074951.766685658,444607.8105667487,3074956.03093493,TRUE,136.05396670774482,TalChhapar_TC,2018-11-01,2019-10-01,Nov18→Oct19
27.74913444370445,444647.3308270316,3074951.0339371837,444633.85528651485,3074975.2913952153,FALSE,162.43439458075812,TalChhapar_TC,2018-11-01,2019-10-01,Nov18→Oct19
8.16647460674527,444612.7196929106,3074920.4742483078,444615.6004419559,3074928.1157529005,FALSE,167.22515269205024,TalChhapar_TC,2018-11-01,2019-10-01,Nov18→Oct19
33.88973002447064,444663.33913239354,3074958.581618636,444633.85528651485,3074975.2913952153,FALSE,168.83278526702284,TalChhapar_TC,2018-11-01,2019-10-01,Nov18→Oct19
67.63899992427847,444689.8428779895,3074937.3384781783,444633.85528651485,3074975.2913952153,FALSE,202.7816226404739,TalChhapar_TC,2018-11-01,2019-10-01,Nov18→Oct19
52.31824417319678,444664.94827430643,3074910.7378900954,444615.6004419559,3074928.1157529005,FALSE,204.32828444723353,TalChhapar_TC,2018-11-01,2019-10-01,Nov18→Oct19
39.88018377768608,444705.82172922493,3074982.9273041254,444692.16502222704,3075020.396270112,FALSE,190.80666413113767,TalChhapar_TC,2018-11-01,2019-10-01,Nov18→Oct19
64.71938224727396,444717.8899392777,3074961.009174871,444692.16502222704,3075020.396270112,FALSE,211.91688783697793,TalChhapar_TC,2018-11-01,2019-10-01,Nov18→Oct19
35.426897158620584,444742.0376729679,3075031.0507244156,444708.3601071852,3075042.0455689,FALSE,210.04137048801593,TalChhapar_TC,2018-11-01,2019-10-01,Nov18→Oct19
22.511605352849443,444711.62490243063,3075009.07878638,444692.16502222704,3075020.396270112,FALSE,186.04729890596192,TalChhapar_TC,2018-11-01,2019-10-01,Nov18→Oct19
106.88595906113136,444720.0256442191,3074905.3125650375,444615.6004419559,3074928.1157529005,FALSE,246.57057266573247,TalChhapar_TC,2018-11-01,2019-10-01,Nov18→Oct19
37.11520970239697,444476.06071435136,3075208.9533141176,444507.7851844615,3075189.6894415193,FALSE,156.0882694795111,TalChhapar_TC,2019-10-01,2021-02-01,Oct19→Feb21
70.90875816069126,444451.667221292,3075233.03487027,444507.7851844615,3075189.6894415193,FALSE,188.78136386794557,TalChhapar_TC,2019-10-01,2021-02-01,Oct19→Feb21
64.77587376224552,444434.2382127401,3075206.2767376793,444475.3655546622,3075156.232201833,FALSE,176.37631765204736,TalChhapar_TC,2019-10-01,2021-02-01,Oct19→Feb21
62.99770732097715,444485.7452606378,3075248.7059890763,444507.7851844615,3075189.6894415193,FALSE,189.35450161635816,TalChhapar_TC,2019-10-01,2021-02-01,Oct19→Feb21
67.11970405675325,444515.29724754824,3075256.3874443443,444507.7851844615,3075189.6894415193,FALSE,189.91845168118263,TalChhapar_TC,2019-10-01,2021-02-01,Oct19→Feb21
21.815115797310405,444504.15858249547,3075211.2009973773,444507.7851844615,3075189.6894415193,FALSE,148.0961872782201,TalChhapar_TC,2019-10-01,2021-02-01,Oct19→Feb21
39.3103462790292,444534.06309279555,3075218.925974456,444507.7851844615,3075189.6894415193,FALSE,150.54550623183445,TalChhapar_TC,2019-10-01,2021-02-01,Oct19→Feb21
53.24678767723202,444435.7593558235,3075191.8210963295,444475.3655546622,3075156.232201833,FALSE,164.34102610300792,TalChhapar_TC,2019-10-01,2021-02-01,Oct19→Feb21
29.081324405591605,444471.871047033,3075185.10280705,444475.3655546622,3075156.232201833,FALSE,137.24900855447814,TalChhapar_TC,2019-10-01,2021-02-01,Oct19→Feb21
19.408271463969715,444475.1290579049,3075175.6390323443,444475.3655546622,3075156.232201833,FALSE,127.51821050508075,TalChhapar_TC,2019-10-01,2021-02-01,Oct19→Feb21
30.320471753681524,444443.27024610166,3075165.9917763053,444453.1360218616,3075137.3212779486,FALSE,140.49198884821416,TalChhapar_TC,2019-10-01,2021-02-01,Oct19→Feb21
38.52620098890527,444416.94146323757,3075150.520599471,444453.1360218616,3075137.3212779486,FALSE,151.66269739545695,TalChhapar_TC,2019-10-01,2021-02-01,Oct19→Feb21
54.937039754966264,444398.4262308951,3075142.3129820107,444453.1360218616,3075137.3212779486,FALSE,163.70582595895402,TalChhapar_TC,2019-10-01,2021-02-01,Oct19→Feb21
46.62805244161677,444398.6529656836,3075119.6896028807,444441.20296008536,3075100.619383928,FALSE,154.6508497206899,TalChhapar_TC,2019-10-01,2021-02-01,Oct19→Feb21
28.719559488594218,444426.5361359544,3075126.492650753,444453.1360218616,3075137.3212779486,FALSE,131.49343319268127,TalChhapar_TC,2019-10-01,2021-02-01,Oct19→Feb21
18.95065009001577,444422.55297908525,3075097.257041362,444441.20296008536,3075100.619383928,TRUE,125.40435234058081,TalChhapar_TC,2019-10-01,2021-02-01,Oct19→Feb21
33.70093278376245,444409.091711693,3075090.390962878,444441.20296008536,3075100.619383928,FALSE,137.2991276115203,TalChhapar_TC,2019-10-01,2021-02-01,Oct19→Feb21
23.917950423438683,444412.22480955283,3075073.3887479785,444430.9396216273,3075058.494985476,TRUE,132.5316143617291,TalChhapar_TC,2019-10-01,2021-02-01,Oct19→Feb21
17.371045213619993,444414.6693011479,3075064.580203904,444430.9396216273,3075058.494985476,TRUE,130.07310468891959,TalChhapar_TC,2019-10-01,2021-02-01,Oct19→Feb21
21.41135708365773,444403.8325517798,3075053.7081078524,444417.0536041411,3075036.866196244,TRUE,141.64432250209646,TalChhapar_TC,2019-10-01,2021-02-01,Oct19→Feb21
31.05771421496957,444386.55336663104,3075042.72427819,444417.0536041411,3075036.866196244,FALSE,160.25034287296305,TalChhapar_TC,2019-10-01,2021-02-01,Oct19→Feb21
2.0853997245608116,444401.7052132092,3075012.9966384512,444403.57547429454,3075012.0741334464,TRUE,153.45834780882646,TalChhapar_TC,2019-10-01,2021-02-01,Oct19→Feb21
0.5804506967275926,444507.2895151176,3075189.3873903435,444507.7851844615,3075189.6894415193,FALSE,126.29284634868216,TalChhapar_TC,2019-10-01,2021-02-01,Oct19→Feb21
2.414843828988364,444499.59668168484,3075169.643925154,444500.0515107904,3075167.2723009842,TRUE,110.50190082190666,TalChhapar_TC,2019-10-01,2021-02-01,Oct19→Feb21
10.715840196497638,444485.0024381572,3075160.918320442,444475.3655546622,3075156.232201833,TRUE,109.79500632044989,TalChhapar_TC,2019-10-01,2021-02-01,Oct19→Feb21
1.8393835727448398,444476.0468256986,3075154.523634684,444475.3655546622,3075156.232201833,TRUE,109.84599619999199,TalChhapar_TC,2019-10-01,2021-02-01,Oct19→Feb21
21.87217471164149,444525.07006565284,3075176.2870197673,444507.7851844615,3075189.6894415193,TRUE,109.30466189975975,TalChhapar_TC,2019-10-01,2021-02-01,Oct19→Feb21
22.35830763459303,444541.02570885577,3075176.7231118535,444537.5476709505,3075154.6369810784,TRUE,108.02980320025178,TalChhapar_TC,2019-10-01,2021-02-01,Oct19→Feb21
38.83581046994799,444546.3895065662,3075193.9234100706,444507.7851844615,3075189.6894415193,FALSE,125.18016965356401,TalChhapar_TC,2019-10-01,2021-02-01,Oct19→Feb21
39.457869745132705,444555.8709325815,3075189.5823894753,444537.5476709505,3075154.6369810784,FALSE,121.34497833941224,TalChhapar_TC,2019-10-01,2021-02-01,Oct19→Feb21
40.66540736336388,444566.785848225,3075186.8371863854,444579.60588834673,3075148.245452461,FALSE,120.13442664667478,TalChhapar_TC,2019-10-01,2021-02-01,Oct19→Feb21
62.20645202864475,444570.72937578394,3075209.815333074,444579.60588834673,3075148.245452461,FALSE,143.44627617545154,TalChhapar_TC,2019-10-01,2021-02-01,Oct19→Feb21
54.24819498319705,444586.24400697206,3075202.0859766044,444579.60588834673,3075148.245452461,FALSE,139.66067880377682,TalChhapar_TC,2019-10-01,2021-02-01,Oct19→Feb21
45.98345090722435,444600.3277475077,3075189.2952065435,444579.60588834673,3075148.245452461,FALSE,132.7672082460186,TalChhapar_TC,2019-10-01,2021-02-01,Oct19→Feb21
25.95192704377133,444587.7155645819,3075172.897747864,444579.60588834673,3075148.245452461,FALSE,112.6861711259638,TalChhapar_TC,2019-10-01,2021-02-01,Oct19→Feb21
23.124834144632775,444569.32560342015,3075168.959546601,444579.60588834673,3075148.245452461,TRUE,103.19199920143839,TalChhapar_TC,2019-10-01,2021-02-01,Oct19→Feb21
26.79396677448358,444608.22232364095,3075168.4783867425,444601.8476984926,3075142.453767442,FALSE,118.24961279432254,TalChhapar_TC,2019-10-01,2021-02-01,Oct19→Feb21
32.43412106113405,444616.6883195542,3075171.2934653517,444601.8476984926,3075142.453767442,FALSE,125.2996539197252,TalChhapar_TC,2019-10-01,2021-02-01,Oct19→Feb21
42.8615847475518,444577.6540890805,3075191.062574348,444579.60588834673,3075148.245452461,FALSE,126.6757389362984,TalChhapar_TC,2019-10-01,2021-02-01,Oct19→Feb21
0.5590888490313632,444453.40639071877,3075137.810645931,444453.1360218616,3075137.3212779486,TRUE,114.44962279518045,TalChhapar_TC,2019-10-01,2021-02-01,Oct19→Feb21
13.444800407323655,444484.2168259397,3075139.8079419904,444491.3446649484,3075128.4080924713,TRUE,93.29395561700967,TalChhapar_TC,2019-10-01,2021-02-01,Oct19→Feb21
12.33881689470823,444468.1635142806,3075129.774431094,444476.92191563617,3075121.083239688,TRUE,97.86440281549902,TalChhapar_TC,2019-10-01,2021-02-01,Oct19→Feb21
10.202826169411146,444450.98358494276,3075117.882946329,444459.41713721136,3075112.1407465786,TRUE,105.79088914860718,TalChhapar_TC,2019-10-01,2021-02-01,Oct19→Feb21
5.6341316724447115,444489.16922871553,3075123.2108896757,444491.3446649484,3075128.4080924713,TRUE,77.75847661276713,TalChhapar_TC,2019-10-01,2021-02-01,Oct19→Feb21
2.421704251213415,444473.6553838066,3075103.4003681145,444473.0497266958,3075105.7451135046,TRUE,79.01990128747447,TalChhapar_TC,2019-10-01,2021-02-01,Oct19→Feb21
1.9014900866599216,444442.0929967198,3075098.9390567755,444441.20296008536,3075100.619383928,TRUE,106.93094334415613,TalChhapar_TC,2019-10-01,2021-02-01,Oct19→Feb21
1.2600635680904686,444464.55922129285,3075081.709596027,444464.8684634101,3075082.931123558,TRUE,81.15678084217633,TalChhapar_TC,2019-10-01,2021-02-01,Oct19→Feb21
2.7474043781380395,444447.2565747508,3075072.1425837954,444444.7854376228,3075073.3432969633,TRUE,97.47769984634009,TalChhapar_TC,2019-10-01,2021-02-01,Oct19→Feb21
0.5991472197435898,444431.42024690664,3075058.1372471196,444430.9396216273,3075058.494985476,TRUE,113.75176581929573,TalChhapar_TC,2019-10-01,2021-02-01,Oct19→Feb21
1.6582536145570261,444416.2144201725,3075038.2964323494,444417.0536041411,3075036.866196244,TRUE,132.02251469627342,TalChhapar_TC,2019-10-01,2021-02-01,Oct19→Feb21
1.4159365177338612,444460.76123334165,3075064.4277523784,444459.6573154159,3075065.3144549415,TRUE,84.02565684452448,TalChhapar_TC,2019-10-01,2021-02-01,Oct19→Feb21
3.835040528915573,444445.14983986504,3075048.5910820616,444448.69224337366,3075047.1217579856,TRUE,101.54761599105287,TalChhapar_TC,2019-10-01,2021-02-01,Oct19→Feb21
0.5952679912096818,444432.85971520585,3075027.1468012542,444433.2869968172,3075026.732344494,TRUE,119.30626974468177,TalChhapar_TC,2019-10-01,2021-02-01,Oct19→Feb21
2.078977470977328,444460.5284337166,3075022.1233725157,444462.4423361998,3075022.935237412,TRUE,96.20403952115977,TalChhapar_TC,2019-10-01,2021-02-01,Oct19→Feb21
1.508040676317093,444443.4058736103,3075006.529993026,444441.8985201462,3075006.4844714296,TRUE,118.85900932353707,TalChhapar_TC,2019-10-01,2021-02-01,Oct19→Feb21
0.8421068933166309,444427.5979908911,3074985.7358995783,444428.0668084367,3074986.4354380895,TRUE,143.52451076829578,TalChhapar_TC,2019-10-01,2021-02-01,Oct19→Feb21
1.5341894738871005,444481.44073838124,3075010.065908904,444481.5112070842,3075011.598479132,TRUE,86.27298646792026,TalChhapar_TC,2019-10-01,2021-02-01,Oct19→Feb21
1.4257868165191219,444465.9477650697,3074985.9348518904,444464.7498106615,3074986.7080098833,TRUE,114.26816021225974,TalChhapar_TC,2019-10-01,2021-02-01,Oct19→Feb21
3.2440237552558777,444501.21349272877,3075023.1559957485,444503.17595195235,3075025.739103164,TRUE,62.99368079276422,TalChhapar_TC,2019-10-01,2021-02-01,Oct19→Feb21
3.222947305852418,444506.6416040567,3074997.3182485825,444505.63057786296,3075000.378512521,TRUE,80.930681542080535,TalChhapar_TC,2019-10-01,2021-02-01,Oct19→Feb21
5.431717456043746,444436.91952745384,3074966.47057098,444431.7040797715,3074967.98802279,TRUE,148.5712831048288,TalChhapar_TC,2019-10-01,2021-02-01,Oct19→Feb21
11.95072064489833,444487.15845136746,3074979.673287552,444498.40424400155,3074983.7170323464,TRUE,106.03653095258349,TalChhapar_TC,2019-10-01,2021-02-01,Oct19→Feb21
2.6276123730717225,444462.1797411936,3074964.832117289,444461.5228435407,3074967.376293434,TRUE,132.68569343424187,TalChhapar_TC,2019-10-01,2021-02-01,Oct19→Feb21
1.0097367066693648,444432.3939972718,3074933.0244731777,444432.3786785517,3074934.0340936775,FALSE,176.15300555771788,TalChhapar_TC,2019-10-01,2021-02-01,Oct19→Feb21
2.085118981003128,444483.91377102013,3074947.101065418,444484.0612758837,3074949.180960483,TRUE,135.98400207465085,TalChhapar_TC,2019-10-01,2021-02-01,Oct19→Feb21
0.24910391297247245,444459.50458504085,3074935.230688497,444459.27427090204,3074935.325599808,TRUE,158.37550959524006,TalChhapar_TC,2019-10-01,2021-02-01,Oct19→Feb21
0.8846800865267882,444448.3330087278,3074906.307288884,444449.21039777057,3074906.420634917,FALSE,188.86795983803543,TalChhapar_TC,2019-10-01,2021-02-01,Oct19→Feb21
2.2849117238268417,444492.1088276191,3074910.296729685,444492.56973196025,3074912.534672663,TRUE,166.94987223711544,TalChhapar_TC,2019-10-01,2021-02-01,Oct19→Feb21
0.8440398413134002,444507.74488683685,3074964.533778917,444508.4694621264,3074964.100888742,TRUE,110.57088382224268,TalChhapar_TC,2019-10-01,2021-02-01,Oct19→Feb21
1.7493235585792508,444530.6774768049,3074977.381491431,444532.3254604228,3074976.794735172,TRUE,92.43946925832606,TalChhapar_TC,2019-10-01,2021-02-01,Oct19→Feb21
11.889978916856158,444517.8298656951,3074954.341644326,444529.10795842035,3074950.5765117756,TRUE,117.52060655944254,TalChhapar_TC,2019-10-01,2021-02-01,Oct19→Feb21
0.3274416456787321,444528.96606012766,3074950.2814136464,444529.10795842035,3074950.5765117756,TRUE,119.51053633398443,TalChhapar_TC,2019-10-01,2021-02-01,Oct19→Feb21
3.4799708400158362,444536.5067460331,3074913.760193735,444535.80328336393,3074910.3520656093,TRUE,155.20988874611993,TalChhapar_TC,2019-10-01,2021-02-01,Oct19→Feb21
2.1756213531555955,444555.38700747024,3074963.106478653,444555.23641640466,3074960.9360753256,TRUE,106.19013066974381,TalChhapar_TC,2019-10-01,2021-02-01,Oct19→Feb21
0.527396088640875,444550.91384233773,3074934.448593261,444550.8353224607,3074933.927075032,TRUE,134.45119156310923,TalChhapar_TC,2019-10-01,2021-02-01,Oct19→Feb21
0.7441247509418597,444388.05481213494,3074938.051271837,444388.30366939586,3074938.7525504613,FALSE,203.99378603205238,TalChhapar_TC,2019-10-01,2021-02-01,Oct19→Feb21
0.7298041057335588,444474.4596884077,3075043.3398458865,444474.9864137697,3075043.844993811,TRUE,74.67378392226941,TalChhapar_TC,2019-10-01,2021-02-01,Oct19→Feb21
2.494749247835654,444480.1639349792,3075068.7521864283,444481.21546226233,3075066.4898725282,TRUE,64.51145775830113,TalChhapar_TC,2019-10-01,2021-02-01,Oct19→Feb21
1.7714630221746805,444493.2798553074,3075052.754333944,444491.77574706555,3075053.690143559,TRUE,53.828633952951634,TalChhapar_TC,2019-10-01,2021-02-01,Oct19→Feb21
1.6198667093754116,444487.6837318524,3075084.941840109,444486.5117140435,3075083.8236529995,TRUE,59.245792655934636,TalChhapar_TC,2019-10-01,2021-02-01,Oct19→Feb21
2.7681985270205507,444512.57459337846,3075086.6869261675,444509.99429940886,3075087.6894261003,TRUE,36.76977187615481,TalChhapar_TC,2019-10-01,2021-02-01,Oct19→Feb21
1.627584232309972,444503.8409413771,3075067.7283258457,444502.77256582543,3075066.500480532,TRUE,40.84735517939296,TalChhapar_TC,2019-10-01,2021-02-01,Oct19→Feb21
3.466966616310351,444496.78958596225,3075106.5942909685,444493.7896750412,3075108.3322184654,TRUE,61.03166540145648,TalChhapar_TC,2019-10-01,2021-02-01,Oct19→Feb21
5.627361767674472,444511.65573046106,3075121.479971931,444506.2798316672,3075119.8165680044,TRUE,62.21111801509175,TalChhapar_TC,2019-10-01,2021-02-01,Oct19→Feb21
1.3885642729307532,444501.79779951525,3075141.2167363944,444500.4092817346,3075141.205373608,TRUE,84.19735506094537,TalChhapar_TC,2019-10-01,2021-02-01,Oct19→Feb21
0.7486834081994018,444508.13927772455,3075103.492463882,444507.39271075133,3075103.4362091026,TRUE,50.414092323358105,TalChhapar_TC,2019-10-01,2021-02-01,Oct19→Feb21
0.35858373812957955,444520.659199242,3075067.3624612307,444520.75414222304,3075067.7082474763,TRUE,24.05653023019953,TalChhapar_TC,2019-10-01,2021-02-01,Oct19→Feb21
1.472219092754444,444513.73291827133,3075045.5701794038,444512.5643107372,3075046.4656041567,TRUE,38.66486198782154,TalChhapar_TC,2019-10-01,2021-02-01,Oct19→Feb21
0.514736968303081,444520.99927541456,3075022.755018993,444521.2292462086,3075022.2945110337,TRUE,51.735429317374184,TalChhapar_TC,2019-10-01,2021-02-01,Oct19→Feb21
4.3168298689766464,444528.7598594773,3075037.162435421,444530.91519232484,3075033.42217334,TRUE,35.37503169846355,TalChhapar_TC,2019-10-01,2021-02-01,Oct19→Feb21
13.12148573600077,444535.77106870594,3075013.7523640324,444545.1264739406,3075022.952895583,TRUE,55.7187077771428,TalChhapar_TC,2019-10-01,2021-02-01,Oct19→Feb21
1.4397102520366147,444538.79909892683,3074999.264561033,444537.3689479816,3074999.4301928044,TRUE,69.73843066318531,TalChhapar_TC,2019-10-01,2021-02-01,Oct19→Feb21
1.6941298374464187,444545.1601523592,3075049.717813541,444543.4682945721,3075049.805524055,TRUE,19.043334182665188,TalChhapar_TC,2019-10-01,2021-02-01,Oct19→Feb21
3.298533810720612,444531.20575884986,3075086.720681175,444532.5969746754,3075089.711474352,TRUE,22.454344105969632,TalChhapar_TC,2019-10-01,2021-02-01,Oct19→Feb21
3.66219736193067,444528.99752926006,3075110.866463415,444528.07462728606,3075114.4104641858,TRUE,44.93520564611178,TalChhapar_TC,2019-10-01,2021-02-01,Oct19→Feb21
13.725824242043165,444515.29911018914,3075141.8581262454,444526.17486874724,3075133.4845889458,TRUE,78.78474745811725,TalChhapar_TC,2019-10-01,2021-02-01,Oct19→Feb21
4.273218319438678,444520.40730636084,3075155.021795369,444524.1253903895,3075152.915555601,TRUE,89.61531119156625,TalChhapar_TC,2019-10-01,2021-02-01,Oct19→Feb21
3.2735289618451433,444529.44838172256,3075133.4948195126,444526.17486874724,3075133.4845889458,TRUE,66.50645906527176,TalChhapar_TC,2019-10-01,2021-02-01,Oct19→Feb21
2.6364623975163375,444552.54796168185,3074990.3684904575,444554.70354813384,3074991.886509239,TRUE,78.7808262424382,TalChhapar_TC,2019-10-01,2021-02-01,Oct19→Feb21
2.2377900807163784,444559.122495597,3075013.1518154857,444561.2509035974,3075012.4607410836,TRUE,57.44937189067368,TalChhapar_TC,2019-10-01,2021-02-01,Oct19→Feb21
2.488512115725776,444554.13662468776,3075031.6977190166,444555.89252760174,3075033.461095751,TRUE,38.245983650468624,TalChhapar_TC,2019-10-01,2021-02-01,Oct19→Feb21
0.9873539379402149,444579.56395833974,3075006.5824784124,444579.95226348686,3075007.490270741,TRUE,71.2925772392996,TalChhapar_TC,2019-10-01,2021-02-01,Oct19→Feb21
2.728826363431492,444547.66981821216,3075078.0951397056,444550.1322299389,3075079.2711591823,TRUE,9.80842634862511,TalChhapar_TC,2019-10-01,2021-02-01,Oct19→Feb21
0.3763853445161991,444554.32026719686,3075064.2150161914,444554.58313382225,3075063.9456334435,TRUE,10.659964671870197,TalChhapar_TC,2019-10-01,2021-02-01,Oct19→Feb21
1.0118743473554228,444569.94954205514,3075083.3085020827,444570.0339356576,3075084.3168509384,TRUE,29.164837133308975,TalChhapar_TC,2019-10-01,2021-02-01,Oct19→Feb21
1.9474059204557757,444546.79862939904,3075095.3376973085,444545.44631012593,3075096.7389904265,TRUE,26.667380147850178,TalChhapar_TC,2019-10-01,2021-02-01,Oct19→Feb21
3.615580414401211,444539.9068294404,3075151.897128354,444537.5476709505,3075154.6369810784,TRUE,83.2787881802893,TalChhapar_TC,2019-10-01,2021-02-01,Oct19→Feb21
8.027944075957118,444533.1322766383,3075147.9323424487,444537.5476709505,3075154.6369810784,TRUE,80.01436595621041,TalChhapar_TC,2019-10-01,2021-02-01,Oct19→Feb21
13.267167405000833,444550.38186557015,3075157.9987037643,444537.5476709505,3075154.6369810784,TRUE,89.42598411995112,TalChhapar_TC,2019-10-01,2021-02-01,Oct19→Feb21
17.413817025594547,444549.75481806375,3075142.2181815086,444537.5476709505,3075154.6369810784,TRUE,73.6385972754735,TalChhapar_TC,2019-10-01,2021-02-01,Oct19→Feb21
2.129199106958374,444547.6872192588,3075123.294745021,444546.0154512561,3075124.613335398,TRUE,54.62286533355426,TalChhapar_TC,2019-10-01,2021-02-01,Oct19→Feb21
2.1404609912335055,444561.6397840243,3075128.1057145386,444560.23366735276,3075126.4918963453,TRUE,61.72763274422201,TalChhapar_TC,2019-10-01,2021-02-01,Oct19→Feb21
2.624993142795999,444580.94815246866,3075145.9895898704,444579.60588834673,3075148.245452461,TRUE,85.3281815078611,TalChhapar_TC,2019-10-01,2021-02-01,Oct19→Feb21
12.874376339898554,444568.2969091595,3075142.0926843127,444579.60588834673,3075148.245452461,TRUE,77.04800701207645,TalChhapar_TC,2019-10-01,2021-02-01,Oct19→Feb21
17.38203245406246,444562.42250654945,3075150.865842173,444579.60588834673,3075148.245452461,TRUE,84.00687033516581,TalChhapar_TC,2019-10-01,2021-02-01,Oct19→Feb21
1.0701948385899824,444541.2233168201,3075111.0077499603,444541.07596305374,3075112.067751781,TRUE,42.3935569123294,TalChhapar_TC,2019-10-01,2021-02-01,Oct19→Feb21
3.831647639377036,444575.2747413676,3075109.6818164587,444571.5166628322,3075108.934575297,TRUE,51.10113839186665,TalChhapar_TC,2019-10-01,2021-02-01,Oct19→Feb21
3.2470646898748434,444571.5633829599,3075127.2620322546,444568.37228486914,3075126.6617639186,TRUE,64.38974731835143,TalChhapar_TC,2019-10-01,2021-02-01,Oct19→Feb21
4.464414066013914,444610.0313617365,3075132.992899177,444606.5340700826,3075130.2180218752,TRUE,91.64012965590848,TalChhapar_TC,2019-10-01,2021-02-01,Oct19→Feb21
0.8758163310717679,444586.6270301974,3075131.1802285025,444586.41134062334,3075132.0290702153,TRUE,75.21204651569364,TalChhapar_TC,2019-10-01,2021-02-01,Oct19→Feb21
13.83197943626855,444594.11969857843,3075153.9255446563,444601.8476984926,3075142.453767442,TRUE,98.48230813440391,TalChhapar_TC,2019-10-01,2021-02-01,Oct19→Feb21
19.92133348281844,444619.034897163,3075152.526489497,444601.8476984926,3075142.453767442,TRUE,112.0134020882801,TalChhapar_TC,2019-10-01,2021-02-01,Oct19→Feb21
16.319192471856557,444629.406877202,3075131.2966250665,444631.93846073723,3075115.174989674,TRUE,105.31325765547496,TalChhapar_TC,2019-10-01,2021-02-01,Oct19→Feb21
6.008235928830589,444630.4021880128,3075109.366481682,444631.93846073723,3075115.174989674,TRUE,94.85977950374419,TalChhapar_TC,2019-10-01,2021-02-01,Oct19→Feb21
0.7443084696904746,444610.17166885,3075105.4624288324,444609.6802030623,3075106.021406898,TRUE,75.08128413537919,TalChhapar_TC,2019-10-01,2021-02-01,Oct19→Feb21
1.2546909049019097,444587.87990614475,3075094.3636654993,444586.81653772976,3075093.6977098845,TRUE,50.2238481301755,TalChhapar_TC,2019-10-01,2021-02-01,Oct19→Feb21
4.1749380724881044,444582.8942138887,3074991.0313339084,444578.7928399064,3074990.251052314,TRUE,86.61202548565706,TalChhapar_TC,2019-10-01,2021-02-01,Oct19→Feb21
1.7875288971913224,444582.93922333565,3074966.519556311,444582.80885947874,3074968.302325175,TRUE,109.16135735093893,TalChhapar_TC,2019-10-01,2021-02-01,Oct19→Feb21
1.2114521018803817,444606.5547557279,3074999.2614115383,444606.0659696862,3075000.369880934,TRUE,93.05058400664367,TalChhapar_TC,2019-10-01,2021-02-01,Oct19→Feb21
12.314844459171404,444571.8168404929,3074939.3256986835,444578.5288651123,3074949.6506257807,TRUE,132.24445630201348,TalChhapar_TC,2019-10-01,2021-02-01,Oct19→Feb21
1.2859199849346559,444563.99258389225,3074918.749537443,444564.7544487531,3074917.713606875,TRUE,151.244126207928,TalChhapar_TC,2019-10-01,2021-02-01,Oct19→Feb21
12.030706776977556,444587.13076649216,3074941.239609302,444578.5288651123,3074949.6506257807,TRUE,134.39727569132833,TalChhapar_TC,2019-10-01,2021-02-01,Oct19→Feb21
1.6551726270793599,444604.02248981997,3074953.190682508,444604.86618964624,3074951.766685658,TRUE,129.9122167229552,TalChhapar_TC,2019-10-01,2021-02-01,Oct19→Feb21
1.9801489107076522,444611.87789600174,3074918.68194039,444612.7196929106,3074920.4742483078,FALSE,164.43263882114746,TalChhapar_TC,2019-10-01,2021-02-01,Oct19→Feb21
7.440695252851082,444610.96044414636,3074971.5337562105,444611.1670718214,3074978.9715818907,TRUE,117.6676411792442,TalChhapar_TC,2019-10-01,2021-02-01,Oct19→Feb21
0.9879798693435702,444647.16857160296,3074950.0593719482,444647.3308270316,3074951.0339371837,TRUE,156.82314349873513,TalChhapar_TC,2019-10-01,2021-02-01,Oct19→Feb21
2.066707155544256,444632.8098721487,3074974.3239018056,444634.73515146156,3074975.0752858846,TRUE,129.17009869095307,TalChhapar_TC,2019-10-01,2021-02-01,Oct19→Feb21
2.473319520433719,444563.5661337747,3075048.4982151305,444565.84218391177,3075047.530276484,TRUE,27.69831208653266,TalChhapar_TC,2019-10-01,2021-02-01,Oct19→Feb21
11.497891408767641,444636.2032062907,3074999.8360451516,444624.7193698438,3075000.40438247,TRUE,114.5738181439519,TalChhapar_TC,2019-10-01,2021-02-01,Oct19→Feb21
2.428776099967648,444578.8693475192,3075059.0311779734,444577.73864437186,3075061.1807043715,TRUE,35.5496668241751,TalChhapar_TC,2019-10-01,2021-02-01,Oct19→Feb21
10.28357833207144,444596.7634925258,3075078.713562016,444587.75739479525,3075073.7494722726,TRUE,53.03153368890971,TalChhapar_TC,2019-10-01,2021-02-01,Oct19→Feb21
1.2355579204289677,444602.4034321157,3075064.0413872586,444603.25509340665,3075063.1462468114,TRUE,57.92015593693363,TalChhapar_TC,2019-10-01,2021-02-01,Oct19→Feb21
2.032099550344737,444620.1418379521,3075061.5503938147,444618.3694030377,3075062.5443269396,TRUE,75.80956653609353,TalChhapar_TC,2019-10-01,2021-02-01,Oct19→Feb21
0.7391518314193318,444617.57437724253,3075091.3726304546,444616.9344990728,3075091.7426322894,TRUE,76.32706078203306,TalChhapar_TC,2019-10-01,2021-02-01,Oct19→Feb21
0.8691408938847927,444580.91239448433,3075044.028458115,444581.7755459517,3075043.926598222,TRUE,43.869363183389424,TalChhapar_TC,2019-10-01,2021-02-01,Oct19→Feb21
1.1551657446567873,444637.09753716516,3075080.9274213337,444636.7488223972,3075082.028696008,TRUE,93.22028318856218,TalChhapar_TC,2019-10-01,2021-02-01,Oct19→Feb21
1.46554208514184,444575.8221149668,3075029.1854318366,444576.59676137555,3075030.429512439,TRUE,50.357394668415445,TalChhapar_TC,2019-10-01,2021-02-01,Oct19→Feb21
0.41224902856488516,444603.7796840115,3075047.373772069,444603.43017769,3075047.5923918136,TRUE,62.85278967378285,TalChhapar_TC,2019-10-01,2021-02-01,Oct19→Feb21
15.652187412395977,444592.9248941807,3075030.7621701667,444583.33572179725,3075018.391287264,TRUE,61.41227687535931,TalChhapar_TC,2019-10-01,2021-02-01,Oct19→Feb21
2.1729711292189338,444614.19510190305,3075028.2538265223,444613.64758518955,3075026.1509644305,TRUE,80.45702669415343,TalChhapar_TC,2019-10-01,2021-02-01,Oct19→Feb21
13.640910956122378,444596.310480544,3075014.180576258,444583.33572179725,3075018.391287264,TRUE,75.13020360191508,TalChhapar_TC,2019-10-01,2021-02-01,Oct19→Feb21
12.133253371811296,444615.5349896876,3075046.7621124107,444603.43017769,3075047.5923918136,TRUE,74.19412761409704,TalChhapar_TC,2019-10-01,2021-02-01,Oct19→Feb21
4.394179537087875,444650.69921925256,3075133.467813415,444646.6968313942,3075135.2815678734,TRUE,124.21273294148902,TalChhapar_TC,2019-10-01,2021-02-01,Oct19→Feb21
1.58697478314734,444665.797281174,3075091.095700197,444664.3693908951,3075091.788245007,TRUE,123.16501043339873,TalChhapar_TC,2019-10-01,2021-02-01,Oct19→Feb21
8.743714062150831,444656.9471807244,3075061.983084503,444665.6637958305,3075061.295220641,TRUE,112.47583258895311,TalChhapar_TC,2019-10-01,2021-02-01,Oct19→Feb21
1.623701033478615,444641.252245777,3075050.3633110165,444639.7387201396,3075049.7753950437,TRUE,98.3124708512054,TalChhapar_TC,2019-10-01,2021-02-01,Oct19→Feb21
2.4467855913994603,444636.38659144007,3075019.604400499,444634.1231278095,3075018.67515773,TRUE,104.05154073351183,TalChhapar_TC,2019-10-01,2021-02-01,Oct19→Feb21
5.3694863271515665,444723.4636909752,3075112.7307319497,444726.73182287125,3075116.9910954703,FALSE,184.11714382299644,TalChhapar_TC,2019-10-01,2021-02-01,Oct19→Feb21
4.663839015997501,444696.40454788774,3075093.595950003,444697.4985017288,3075098.1296746703,TRUE,153.7491804554247,TalChhapar_TC,2019-10-01,2021-02-01,Oct19→Feb21
2.1485733362624964,444702.49324412376,3075076.521123346,444700.87548597413,3075077.935063214,TRUE,158.00882022040213,TalChhapar_TC,2019-10-01,2021-02-01,Oct19→Feb21
20.000789691270807,444684.6299342571,3075054.9456394375,444665.6637958305,3075061.295220641,TRUE,140.634176170547,TalChhapar_TC,2019-10-01,2021-02-01,Oct19→Feb21
12.780515449810958,444674.7267969715,3075048.507341321,444672.24523023906,3075035.970060846,TRUE,131.6181389525087,TalChhapar_TC,2019-10-01,2021-02-01,Oct19→Feb21
19.424999013516235,444652.87615430355,3075034.497143985,444672.24523023906,3075035.970060846,TRUE,113.49451055250813,TalChhapar_TC,2019-10-01,2021-02-01,Oct19→Feb21
2.9483891846506753,444454.9260947889,3075135.284087338,444453.40639071877,3075137.810645931,TRUE,85.48676210200642,TalChhapar_TC,2021-02-01,2022-03-01,Feb21→Mar22
2.83437528417233,444424.0095098956,3075125.2081882153,444426.5361359544,3075126.492650753,TRUE,116.05160335794292,TalChhapar_TC,2021-02-01,2022-03-01,Feb21→Mar22
0.6246201087930651,444422.4740801365,3075097.87665837,444422.55297908525,3075097.257041362,TRUE,121.20026331982064,TalChhapar_TC,2021-02-01,2022-03-01,Feb21→Mar22
2.5307054473229615,444449.2135745973,3075119.691684408,444450.98358494276,3075117.882946329,TRUE,91.14857834711857,TalChhapar_TC,2021-02-01,2022-03-01,Feb21→Mar22
6.640717966942846,444448.153673464,3075096.2247737176,444442.0929967198,3075098.9390567755,TRUE,97.00923573911977,TalChhapar_TC,2021-02-01,2022-03-01,Feb21→Mar22
11.977876326121065,444461.94803134655,3075113.0610757023,444450.98358494276,3075117.882946329,TRUE,79.38613081302263,TalChhapar_TC,2021-02-01,2022-03-01,Feb21→Mar22
1.5662796083573405,444469.3851450578,3075130.7546606874,444468.1635142806,3075129.774431094,TRUE,70.73969219607639,TalChhapar_TC,2021-02-01,2022-03-01,Feb21→Mar22
2.2380329491683137,444475.89290958975,3075103.352725157,444473.6553838066,3075103.4003681145,TRUE,68.48254134324326,TalChhapar_TC,2021-02-01,2022-03-01,Feb21→Mar22
1.9651970408884873,444447.6618080125,3075070.21962113,444447.2565747508,3075072.1425837954,TRUE,108.60639864746815,TalChhapar_TC,2021-02-01,2022-03-01,Feb21→Mar22
1.8493361126132857,444466.18587986456,3075082.589383472,444464.55922129285,3075081.709596027,TRUE,86.34916295423288,TalChhapar_TC,2021-02-01,2022-03-01,Feb21→Mar22
1.1583872649234,444479.03879644204,3075068.4766427334,444480.1639349792,3075068.7521864283,TRUE,84.76301525314737,TalChhapar_TC,2021-02-01,2022-03-01,Feb21→Mar22
3.404732677890239,444485.5985574402,3075082.250325242,444487.6837318524,3075084.941840109,TRUE,70.6823996460836,TalChhapar_TC,2021-02-01,2022-03-01,Feb21→Mar22
1.5359663157387446,444446.10705317336,3075047.389859682,444445.14983986504,3075048.5910820616,TRUE,123.34396432479109,TalChhapar_TC,2021-02-01,2022-03-01,Feb21→Mar22
2.484706048167193,444430.3804774599,3075026.9820458447,444432.85971520585,3075027.1468012542,TRUE,148.64312783941614,TalChhapar_TC,2021-02-01,2022-03-01,Feb21→Mar22
2.372520109164946,444488.3571885521,3075125.4401143035,444489.16922871553,3075123.2108896757,TRUE,51.71901900926818,TalChhapar_TC,2021-02-01,2022-03-01,Feb21→Mar22
3.8636641670628147,444480.35317441175,3075139.8178246166,444484.2168259397,3075139.8079419904,TRUE,60.98146711856362,TalChhapar_TC,2021-02-01,2022-03-01,Feb21→Mar22
1.9466126234376158,444483.8148574745,3075162.4607058764,444485.0024381572,3075160.918320442,TRUE,66.30095739820628,TalChhapar_TC,2021-02-01,2022-03-01,Feb21→Mar22
3.128815500201265,444502.01475751406,3075144.338020691,444501.79779951525,3075141.2167363944,TRUE,41.65832149003639,TalChhapar_TC,2021-02-01,2022-03-01,Feb21→Mar22
6.365771047765843,444505.9468269926,3075170.0896780035,444499.59668168484,3075169.643925154,TRUE,54.69077225570846,TalChhapar_TC,2021-02-01,2022-03-01,Feb21→Mar22
1.7751464562142703,444518.6459980162,3075154.8005763465,444520.40730636084,3075155.021795369,TRUE,34.82178081429859,TalChhapar_TC,2021-02-01,2022-03-01,Feb21→Mar22
2.901320268024113,444510.52026420354,3075124.149873741,444511.65573046106,3075121.479971931,TRUE,29.69200740839757,TalChhapar_TC,2021-02-01,2022-03-01,Feb21→Mar22
3.7395631224867487,444494.729678774,3075109.7153668604,444496.78958596225,3075106.5942909685,TRUE,48.61447571753836,TalChhapar_TC,2021-02-01,2022-03-01,Feb21→Mar22
1.4307834529874945,444508.86716983246,3075104.724257034,444508.13927772455,3075103.492463882,TRUE,38.50656418565455,TalChhapar_TC,2021-02-01,2022-03-01,Feb21→Mar22
2.5341207531043874,444510.8725657918,3075084.80946243,444512.57459337846,3075086.6869261675,TRUE,51.561745607654494,TalChhapar_TC,2021-02-01,2022-03-01,Feb21→Mar22
2.625380175154724,444475.22783347365,3075045.850338711,444474.4596884077,3075043.3398458865,TRUE,104.11220065583294,TalChhapar_TC,2021-02-01,2022-03-01,Feb21→Mar22
14.456511866703694,444487.2634264836,3075026.9489348605,444501.21349272877,3075023.1559957485,TRUE,113.40802826769422,TalChhapar_TC,2021-02-01,2022-03-01,Feb21→Mar22
0.5321620063004738,444460.0082520049,3075022.011089891,444460.5284337166,3075022.1233725157,TRUE,132.27577049313987,TalChhapar_TC,2021-02-01,2022-03-01,Feb21→Mar22
1.5064395142519091,444442.00474435184,3075007.083343558,444443.4058736103,3075006.529993026,TRUE,155.14470767185176,TalChhapar_TC,2021-02-01,2022-03-01,Feb21→Mar22
2.000415008198615,444479.75533451914,3075008.9883774538,444481.44073838124,3075010.065908904,TRUE,132.81027090005756,TalChhapar_TC,2021-02-01,2022-03-01,Feb21→Mar22
0.7052407691952847,444465.3075831638,3074986.2307094065,444465.9477650697,3074985.9348518904,TRUE,159.666722315102,TalChhapar_TC,2021-02-01,2022-03-01,Feb21→Mar22
1.0277186075024127,444426.6251883891,3074986.0673521818,444427.5979908911,3074985.7358995783,TRUE,181.1565868909714,TalChhapar_TC,2021-02-01,2022-03-01,Feb21→Mar22
3.4793861479976433,444433.8653864094,3074968.137409439,444436.91952745384,3074966.47057098,TRUE,191.35010594641236,TalChhapar_TC,2021-02-01,2022-03-01,Feb21→Mar22
0.5669479370176503,444431.8460313183,3074933.169949214,444432.3939972718,3074933.0244731777,FALSE,222.26879268373898,TalChhapar_TC,2021-02-01,2022-03-01,Feb21→Mar22
0.47693376108771757,444461.9937519933,3074965.27129132,444462.1797411936,3074964.832117289,TRUE,179.87123492817452,TalChhapar_TC,2021-02-01,2022-03-01,Feb21→Mar22
1.101035530335069,444459.6637224944,3074936.320162916,444459.50458504085,3074935.230688497,FALSE,207.2302546040495,TalChhapar_TC,2021-02-01,2022-03-01,Feb21→Mar22
1.638795223249311,444449.8171139099,3074905.6122481716,444448.3330087278,3074906.307288884,FALSE,239.37016889464724,TalChhapar_TC,2021-02-01,2022-03-01,Feb21→Mar22
3.8825477842115963,444483.93246064824,3074950.9835682185,444483.91377102013,3074947.101065418,TRUE,185.0550902423661,TalChhapar_TC,2021-02-01,2022-03-01,Feb21→Mar22
1.0246932929831567,444492.03434443707,3074911.318712366,444492.1088276191,3074910.296729685,FALSE,221.27911727198048,TalChhapar_TC,2021-02-01,2022-03-01,Feb21→Mar22
0.6590770913293098,444486.84786777996,3074980.2545968047,444487.15845136746,3074979.673287552,TRUE,156.3968923096021,TalChhapar_TC,2021-02-01,2022-03-01,Feb21→Mar22
2.220526064401469,444509.84889361914,3074963.8239257894,444507.74488683685,3074964.533778917,TRUE,166.26780234316732,TalChhapar_TC,2021-02-01,2022-03-01,Feb21→Mar22
2.030293961205588,444508.489191864,3074996.476516521,444506.6416040567,3074997.3182485825,TRUE,134.60129186914455,TalChhapar_TC,2021-02-01,2022-03-01,Feb21→Mar22
4.550300608789366,444505.06064652087,3075025.585942935,444501.21349272877,3075023.1559957485,TRUE,107.58714742745936,TalChhapar_TC,2021-02-01,2022-03-01,Feb21→Mar22
2.600657343986643,444523.2573692973,3075024.0451471405,444520.99927541456,3075022.755018993,TRUE,104.63714062604524,TalChhapar_TC,2021-02-01,2022-03-01,Feb21→Mar22
2.0581919104666158,444536.703707335,3075015.5871226345,444535.77106870594,3075013.7523640324,TRUE,111.79008490144858,TalChhapar_TC,2021-02-01,2022-03-01,Feb21→Mar22
1.9414416716971747,444536.94924106373,3074999.853816199,444538.79909892683,3074999.264561033,TRUE,127.51104993663013,TalChhapar_TC,2021-02-01,2022-03-01,Feb21→Mar22
1.0689476707866972,444531.01090042555,3074976.3658744697,444530.6774768049,3074977.381491431,TRUE,151.2313669488153,TalChhapar_TC,2021-02-01,2022-03-01,Feb21→Mar22
2.361428986618736,444494.2271476293,3075050.591237988,444493.2798553074,3075052.754333944,TRUE,89.37231829796167,TalChhapar_TC,2021-02-01,2022-03-01,Feb21→Mar22
1.46645639813641,444505.17852827144,3075067.127197184,444503.8409413771,3075067.7283258457,TRUE,69.56654828803975,TalChhapar_TC,2021-02-01,2022-03-01,Feb21→Mar22
1.206494585174172,444512.87568575004,3075046.4191679717,444513.73291827133,3075045.5701794038,TRUE,85.34712156438452,TalChhapar_TC,2021-02-01,2022-03-01,Feb21→Mar22
1.4985365302469893,444519.3347979783,3075066.6613385417,444520.659199242,3075067.3624612307,TRUE,64.10260885231325,TalChhapar_TC,2021-02-01,2022-03-01,Feb21→Mar22
14.744736159864436,444527.84229831805,3075051.878594089,444528.7598594773,3075037.162435421,TRUE,76.42867978875616,TalChhapar_TC,2021-02-01,2022-03-01,Feb21→Mar22
0.7050930230365173,444528.1283334089,3075036.8488576855,444528.7598594773,3075037.162435421,TRUE,91.25946000141045,TalChhapar_TC,2021-02-01,2022-03-01,Feb21→Mar22
3.6859039134953004,444555.07498600124,3074959.433805204,444555.38700747024,3074963.106478653,TRUE,168.56524928449912,TalChhapar_TC,2021-02-01,2022-03-01,Feb21→Mar22
1.031725293646893,444583.75306708826,3074967.1536820303,444582.93922333565,3074966.519556311,TRUE,166.03097591533475,TalChhapar_TC,2021-02-01,2022-03-01,Feb21→Mar22
1.6546171407691994,444554.1994535408,3074990.266841442,444552.54796168185,3074990.3684904575,TRUE,137.78978818815744,TalChhapar_TC,2021-02-01,2022-03-01,Feb21→Mar22
8.105129217620897,444577.4617302964,3074985.016249399,444582.8942138887,3074991.0313339084,TRUE,147.14858451701144,TalChhapar_TC,2021-02-01,2022-03-01,Feb21→Mar22
1.7148899899934604,444560.8239252124,3075013.366256484,444559.122495597,3075013.1518154857,TRUE,115.8405421184594,TalChhapar_TC,2021-02-01,2022-03-01,Feb21→Mar22
8.947163280803963,444556.17678668175,3075021.60016028,444559.122495597,3075013.1518154857,TRUE,106.95129536579051,TalChhapar_TC,2021-02-01,2022-03-01,Feb21→Mar22
2.185459846238672,444543.4117661604,3075051.0290650195,444545.1601523592,3075049.717813541,TRUE,76.37268239130444,TalChhapar_TC,2021-02-01,2022-03-01,Feb21→Mar22
7.810210702404807,444560.18312088714,3075041.4587112404,444563.5661337747,3075048.4982151305,TRUE,88.19920067634115,TalChhapar_TC,2021-02-01,2022-03-01,Feb21→Mar22
0.8974757976298838,444576.64073334076,3075029.5532997004,444575.8221149668,3075029.1854318366,TRUE,104.3994796037684,TalChhapar_TC,2021-02-01,2022-03-01,Feb21→Mar22
1.005739490538676,444579.64574132493,3075007.5848872443,444579.56395833974,3075006.5824784124,TRUE,126.12190408351537,TalChhapar_TC,2021-02-01,2022-03-01,Feb21→Mar22
15.065174571176545,444602.6515585896,3074984.1004544906,444610.96044414636,3074971.5337562105,TRUE,156.31357182743824,TalChhapar_TC,2021-02-01,2022-03-01,Feb21→Mar22
0.3188215445335228,444593.2392527129,3075030.815329272,444592.9248941807,3075030.7621701667,TRUE,110.20229051031245,TalChhapar_TC,2021-02-01,2022-03-01,Feb21→Mar22
9.851028423035421,444606.9076555284,3075021.625411453,444614.19510190305,3075028.2538265223,TRUE,125.07577440340359,TalChhapar_TC,2021-02-01,2022-03-01,Feb21→Mar22
3.13813950880845,444603.7919302398,3075000.7496033604,444606.5547557279,3074999.2614115383,TRUE,141.72512867421665,TalChhapar_TC,2021-02-01,2022-03-01,Feb21→Mar22
0.5276847741607559,444632.80868022965,3074974.8515852336,444632.8098721487,3074974.3239018056,TRUE,178.47846531448334,TalChhapar_TC,2021-02-01,2022-03-01,Feb21→Mar22
1.1683659662122738,444635.28789316886,3075020.001818591,444636.38659144007,3075019.604400499,TRUE,143.49424023888105,TalChhapar_TC,2021-02-01,2022-03-01,Feb21→Mar22
10.520823777527154,444625.68273225054,3074999.921829344,444636.2032062907,3074999.8360451516,TRUE,153.5139884640337,TalChhapar_TC,2021-02-01,2022-03-01,Feb21→Mar22
13.069751794424052,444521.20231151674,3075100.3758489285,444528.99752926006,3075110.866463415,TRUE,32.88326074465454,TalChhapar_TC,2021-02-01,2022-03-01,Feb21→Mar22
6.85057006433632,444532.67074893514,3075116.6490032915,444528.99752926006,3075110.866463415,TRUE,12.975327853176141,TalChhapar_TC,2021-02-01,2022-03-01,Feb21→Mar22
3.250835083097326,444534.2636551631,3075087.8239485384,444531.20575884986,3075086.720681175,TRUE,39.9237521224356,TalChhapar_TC,2021-02-01,2022-03-01,Feb21→Mar22
12.264543628505665,444540.6833836136,3075068.015022543,444547.66981821216,3075078.0951397056,TRUE,59.3158069680786,TalChhapar_TC,2021-02-01,2022-03-01,Feb21→Mar22
4.530804402223606,444552.13140103687,3075077.3061737814,444547.66981821216,3075078.0951397056,TRUE,51.46142573384591,TalChhapar_TC,2021-02-01,2022-03-01,Feb21→Mar22
3.7568305317783537,444546.33103732276,3075099.065314952,444546.79862939904,3075095.3376973085,TRUE,28.953378327621284,TalChhapar_TC,2021-02-01,2022-03-01,Feb21→Mar22
1.9280290241680564,444553.4020880424,3075062.5196569497,444554.32026719686,3075064.2150161914,TRUE,66.1705112277555,TalChhapar_TC,2021-02-01,2022-03-01,Feb21→Mar22
2.579330401032129,444568.24031869596,3075085.2402113844,444569.94954205514,3075083.3085020827,TRUE,50.66050291159462,TalChhapar_TC,2021-02-01,2022-03-01,Feb21→Mar22
2.562381060485574,444576.3101905816,3075058.9026771253,444578.8693475192,3075059.0311779734,TRUE,77.44246869127227,TalChhapar_TC,2021-02-01,2022-03-01,Feb21→Mar22
1.0005805037131046,444461.50189221895,3075065.1004973315,444460.76123334165,3075064.4277523784,TRUE,100.20326160836557,TalChhapar_TC,2021-02-01,2022-03-01,Feb21→Mar22
0.8701614940535478,444581.5928182902,3075044.5708643007,444580.91239448433,3075044.028458115,TRUE,92.60198510048677,TalChhapar_TC,2021-02-01,2022-03-01,Feb21→Mar22
12.72773503303428,444566.37058350194,3075068.3119804356,444554.32026719686,3075064.2150161914,TRUE,64.62214574106369,TalChhapar_TC,2021-02-01,2022-03-01,Feb21→Mar22
12.503890365445704,444579.2761283772,3075074.980113172,444569.94954205514,3075083.3085020827,TRUE,65.41841938050793,TalChhapar_TC,2021-02-01,2022-03-01,Feb21→Mar22
6.200612062484696,444598.02176253416,3075049.674626304,444603.7796840115,3075047.373772069,TRUE,96.9104084898125,TalChhapar_TC,2021-02-01,2022-03-01,Feb21→Mar22
3.1331493555217698,444595.15171328926,3075076.026780935,444596.7634925258,3075078.713562016,TRUE,75.29180534934703,TalChhapar_TC,2021-02-01,2022-03-01,Feb21→Mar22
5.966496330244577,444522.52709853894,3075181.6844633026,444525.07006565284,3075176.2870197673,TRUE,57.109178224084864,TalChhapar_TC,2021-02-01,2022-03-01,Feb21→Mar22
4.56649144033473,444544.59332674963,3075179.573541056,444541.02570885577,3075176.7231118535,TRUE,52.44406784079349,TalChhapar_TC,2021-02-01,2022-03-01,Feb21→Mar22
6.24354155069533,444547.8915071094,3075163.7240793705,444550.38186557015,3075157.9987037643,TRUE,37.23358325949073,TalChhapar_TC,2021-02-01,2022-03-01,Feb21→Mar22
5.772409988022908,444543.99395009136,3075141.8533291076,444549.75481806375,3075142.2181815086,TRUE,15.054022214248336,TalChhapar_TC,2021-02-01,2022-03-01,Feb21→Mar22
2.690597528952562,444559.9745145478,3075130.2190513867,444561.6397840243,3075128.1057145386,TRUE,20.141411785465497,TalChhapar_TC,2021-02-01,2022-03-01,Feb21→Mar22
4.776251611380154,444532.05358415825,3075137.498005709,444529.44838172256,3075133.4948195126,TRUE,12.932635130523966,TalChhapar_TC,2021-02-01,2022-03-01,Feb21→Mar22
2.8254311326168926,444546.7329949633,3075120.6353245806,444547.6872192588,3075123.294745021,TRUE,9.463398581853255,TalChhapar_TC,2021-02-01,2022-03-01,Feb21→Mar22
11.89607177441739,444531.763469671,3075166.452648089,444525.07006565284,3075176.2870197673,TRUE,39.99147873113919,TalChhapar_TC,2021-02-01,2022-03-01,Feb21→Mar22
0.5946654606888292,444615.82135048107,3075047.2832884905,444615.5349896876,3075046.7621124107,TRUE,110.22522005697957,TalChhapar_TC,2021-02-01,2022-03-01,Feb21→Mar22
11.061702395182499,444602.7307981493,3075036.3619103585,444603.7796840115,3075047.373772069,TRUE,110.47455821308314,TalChhapar_TC,2021-02-01,2022-03-01,Feb21→Mar22
1.2902520857489572,444619.1721396871,3075062.4015317117,444620.1418379521,3075061.5503938147,TRUE,102.35711793517129,TalChhapar_TC,2021-02-01,2022-03-01,Feb21→Mar22
0.7024454621689795,444641.76954136405,3075049.8880901174,444641.252245777,3075050.3633110165,TRUE,127.84905666431065,TalChhapar_TC,2021-02-01,2022-03-01,Feb21→Mar22
12.806713211834149,444638.7341702899,3075037.8065917343,444641.252245777,3075050.3633110165,TRUE,133.24473373131332,TalChhapar_TC,2021-02-01,2022-03-01,Feb21→Mar22
2.5426577304136035,444637.42503263254,3075083.448900077,444637.09753716516,3075080.9274213337,TRUE,106.81207975914295,TalChhapar_TC,2021-02-01,2022-03-01,Feb21→Mar22
0.18243817924474792,444656.91881783004,3075061.802864539,444656.9471807244,3075061.983084503,TRUE,133.99143759953793,TalChhapar_TC,2021-02-01,2022-03-01,Feb21→Mar22
12.460777006154759,444688.0151116345,3075084.3824640745,444696.40454788774,3075093.595950003,FALSE,154.07912229897312,TalChhapar_TC,2021-02-01,2022-03-01,Feb21→Mar22
12.68233703375588,444643.00249643857,3075110.8065859186,444630.4021880128,3075109.366481682,TRUE,104.27774730782758,TalChhapar_TC,2021-02-01,2022-03-01,Feb21→Mar22
1.0871737887509514,444610.93638419884,3075106.2351883566,444610.17166885,3075105.4624288324,TRUE,73.96571495086701,TalChhapar_TC,2021-02-01,2022-03-01,Feb21→Mar22
0.8504587993756155,444587.3609677828,3075093.689882785,444587.87990614475,3075094.3636654993,TRUE,58.056756387723865,TalChhapar_TC,2021-02-01,2022-03-01,Feb21→Mar22
16.219201168282623,444562.7456550976,3075098.2965582223,444546.79862939904,3075095.3376973085,TRUE,36.85449935031638,TalChhapar_TC,2021-02-01,2022-03-01,Feb21→Mar22
15.916978481997266,444557.09138432844,3075109.7608989077,444541.2233168201,3075111.0077499603,TRUE,24.479994181213957,TalChhapar_TC,2021-02-01,2022-03-01,Feb21→Mar22
1.2379064226648138,444575.97860254714,3075110.700144378,444575.2747413676,3075109.6818164587,TRUE,39.59697855303902,TalChhapar_TC,2021-02-01,2022-03-01,Feb21→Mar22
1.998480942702268,444584.64035966195,3075130.963280901,444586.6270301974,3075131.1802285025,TRUE,44.74656134798063,TalChhapar_TC,2021-02-01,2022-03-01,Feb21→Mar22
2.733691433832565,444567.33229063515,3075170.830314624,444569.32560342015,3075168.959546601,TRUE,51.35445482709253,TalChhapar_TC,2021-02-01,2022-03-01,Feb21→Mar22
0.9389495840605936,444580.8023560886,3075145.0620286935,444580.94815246866,3075145.9895898704,TRUE,44.45159673843276,TalChhapar_TC,2021-02-01,2022-03-01,Feb21→Mar22
2.894138243747419,444584.8596037706,3075172.429213961,444587.7155645819,3075172.897747864,TRUE,63.583143648510934,TalChhapar_TC,2021-02-01,2022-03-01,Feb21→Mar22
1.312201660212713,444567.1160271675,3075185.5672040773,444566.785848225,3075186.8371863854,TRUE,64.22534790099141,TalChhapar_TC,2021-02-01,2022-03-01,Feb21→Mar22
2.71906557260941,444599.60420181113,3075191.916236725,444600.3277475077,3075189.2952065435,TRUE,87.86015718049782,TalChhapar_TC,2021-02-01,2022-03-01,Feb21→Mar22
1.9540261526587615,444568.787676104,3075209.5961971385,444570.72937578394,3075209.815333074,TRUE,87.14636663492094,TalChhapar_TC,2021-02-01,2022-03-01,Feb21→Mar22
1.2913247364865073,444607.2969795512,3075169.3790852996,444608.22232364095,3075168.4783867425,TRUE,79.31968118997966,TalChhapar_TC,2021-02-01,2022-03-01,Feb21→Mar22
7.075962884150245,444578.56174733443,3075198.080081543,444577.6540890805,3075191.062574348,TRUE,80.5589033816092,TalChhapar_TC,2021-02-01,2022-03-01,Feb21→Mar22
22.19974391904105,444590.657670327,3075223.842543564,444586.24400697206,3075202.0859766044,FALSE,108.98234210160172,TalChhapar_TC,2021-02-01,2022-03-01,Feb21→Mar22
5.393566814454733,444605.1742655938,3075130.647866119,444610.0313617365,3075132.992899177,TRUE,65.21708873224756,TalChhapar_TC,2021-02-01,2022-03-01,Feb21→Mar22
4.266354996479744,444595.9738012406,3075150.083138083,444594.11969857843,3075153.9255446563,TRUE,60.383924818900304,TalChhapar_TC,2021-02-01,2022-03-01,Feb21→Mar22
0.8020571148358752,444618.23648896674,3075152.4500698163,444619.034897163,3075152.526489497,TRUE,82.13139327172598,TalChhapar_TC,2021-02-01,2022-03-01,Feb21→Mar22
2.620402658836236,444630.98531998217,3075133.388281942,444629.406877202,3075131.2966250665,TRUE,91.14529798284552,TalChhapar_TC,2021-02-01,2022-03-01,Feb21→Mar22
15.450324543854325,444627.03450009937,3075182.7681800164,444616.6883195542,3075171.2934653517,TRUE,103.15726307169012,TalChhapar_TC,2021-02-01,2022-03-01,Feb21→Mar22
20.053413912577067,444636.6451083967,3075169.327253602,444616.6883195542,3075171.2934653517,TRUE,105.33848999985672,TalChhapar_TC,2021-02-01,2022-03-01,Feb21→Mar22
1.999684721887089,444399.63003416115,3075143.9097276647,444398.4262308951,3075142.3129820107,FALSE,141.3875119467388,TalChhapar_TC,2021-02-01,2022-03-01,Feb21→Mar22
1.1095741522194942,444417.07811317366,3075151.6217268906,444416.94146323757,3075150.520599471,TRUE,125.34063776712505,TalChhapar_TC,2021-02-01,2022-03-01,Feb21→Mar22
12.448192319513813,444430.8532910769,3075166.8730934653,444443.27024610166,3075165.9917763053,TRUE,116.12918451398069,TalChhapar_TC,2021-02-01,2022-03-01,Feb21→Mar22
7.750259262177354,444441.7751922226,3075186.9347652877,444435.7593558235,3075191.8210963295,TRUE,114.93198767012252,TalChhapar_TC,2021-02-01,2022-03-01,Feb21→Mar22
2.2284805534467202,444444.8584153921,3075164.4284964576,444443.27024610166,3075165.9917763053,TRUE,102.1585240914035,TalChhapar_TC,2021-02-01,2022-03-01,Feb21→Mar22
15.520373893474787,444464.13756732654,3075164.4761002488,444476.0468256986,3075154.523634684,TRUE,84.50725341600449,TalChhapar_TC,2021-02-01,2022-03-01,Feb21→Mar22
9.556974127750008,444481.27472320816,3075186.8076908793,444471.871047033,3075185.10280705,TRUE,83.61503944243289,TalChhapar_TC,2021-02-01,2022-03-01,Feb21→Mar22
8.397013178969939,444484.10779231694,3075206.5544880414,444476.06071435136,3075208.9533141176,TRUE,96.9821994980553,TalChhapar_TC,2021-02-01,2022-03-01,Feb21→Mar22
13.883816285486605,444462.7354643017,3075224.6530833887,444451.667221292,3075233.03487027,FALSE,124.29223791255892,TalChhapar_TC,2021-02-01,2022-03-01,Feb21→Mar22
0.9661773074183977,444503.1937839754,3075211.2525958754,444504.15858249547,3075211.2009973773,TRUE,91.6581633494763,TalChhapar_TC,2021-02-01,2022-03-01,Feb21→Mar22
2.840646374203003,444509.8659619988,3075190.583715254,444507.2895151176,3075189.3873903435,TRUE,70.08527339415691,TalChhapar_TC,2021-02-01,2022-03-01,Feb21→Mar22
0.2792052539881708,444534.2324260764,3075219.1479695323,444534.06309279555,3075218.925974456,TRUE,92.00420032720413,TalChhapar_TC,2021-02-01,2022-03-01,Feb21→Mar22
20.83341822604725,444503.1267026056,3075232.008845389,444504.15858249547,3075211.2009973773,TRUE,110.99970826172216,TalChhapar_TC,2021-02-01,2022-03-01,Feb21→Mar22
15.902936585710487,444560.7397119592,3075154.3524720278,444547.8915071094,3075163.7240793705,TRUE,79.93006195424503,TalChhapar_TC,2022-03-01,2023-12-01,Mar22→Dec23
6.890075936902349,444547.32882675785,3075147.882569859,444543.99395009136,3075141.8533291076,TRUE,71.49092415277175,TalChhapar_TC,2022-03-01,2023-12-01,Mar22→Dec23
2.213575097957987,444533.63494331605,3075135.949064804,444532.05358415825,3075137.498005709,TRUE,60.02177237719663,TalChhapar_TC,2022-03-01,2023-12-01,Mar22→Dec23
8.306949923276814,444518.3329367649,3075126.9725611974,444510.52026420354,3075124.149873741,TRUE,55.84076628761234,TalChhapar_TC,2022-03-01,2023-12-01,Mar22→Dec23
3.513395960026912,444496.61615745706,3075106.751391599,444494.729678774,3075109.7153668604,TRUE,54.8051980305121,TalChhapar_TC,2022-03-01,2023-12-01,Mar22→Dec23
14.225555897748128,444515.8870765696,3075140.8451188817,444518.6459980162,3075154.8005763465,TRUE,69.51778128460133,TalChhapar_TC,2022-03-01,2023-12-01,Mar22→Dec23
9.122570780858995,444527.7632936773,3075154.4903869214,444518.6459980162,3075154.8005763465,TRUE,79.28080635726087,TalChhapar_TC,2022-03-01,2023-12-01,Mar22→Dec23
5.017189836861137,444513.7861802153,3075156.0473180204,444518.6459980162,3075154.8005763465,TRUE,84.46229900176178,TalChhapar_TC,2022-03-01,2023-12-01,Mar22→Dec23
2.1994653001289066,444503.6147147196,3075145.84725379,444502.01475751406,3075144.338020691,TRUE,79.37990422651488,TalChhapar_TC,2022-03-01,2023-12-01,Mar22→Dec23
2.2044697275652285,444490.50856001413,3075125.9210380106,444488.3571885521,3075125.4401143035,TRUE,71.58547043872879,TalChhapar_TC,2022-03-01,2023-12-01,Mar22→Dec23
0.5850123455755778,444462.4967114736,3075112.8581235833,444461.94803134655,3075113.0610757023,TRUE,87.72192163418937,TalChhapar_TC,2022-03-01,2023-12-01,Mar22→Dec23
11.277302255897427,444477.70997812646,3075121.723333933,444488.3571885521,3075125.4401143035,TRUE,78.8590526485761,TalChhapar_TC,2022-03-01,2023-12-01,Mar22→Dec23
8.94368849148312,444506.0783348484,3075131.9125296935,444510.52026420354,3075124.149873741,TRUE,66.17889600596091,TalChhapar_TC,2022-03-01,2023-12-01,Mar22→Dec23
2.82358288795334,444478.38329462585,3075141.8407418057,444480.35317441175,3075139.8178246166,TRUE,91.39916806401183,TalChhapar_TC,2022-03-01,2023-12-01,Mar22→Dec23
2.628207184094586,444455.7689581405,3075137.773475691,444454.9260947889,3075135.284087338,TRUE,106.03907440203436,TalChhapar_TC,2022-03-01,2023-12-01,Mar22→Dec23
1.514713079112775,444449.90643729107,3075121.0386428335,444449.2135745973,3075119.691684408,TRUE,102.593061679548,TalChhapar_TC,2022-03-01,2023-12-01,Mar22→Dec23
10.80586476629173,444488.78100543167,3075152.863618411,444483.8148574745,3075162.4607058764,TRUE,93.23139082301324,TalChhapar_TC,2022-03-01,2023-12-01,Mar22→Dec23
13.37599731484241,444473.8106595024,3075151.484563785,444480.35317441175,3075139.8178246166,TRUE,101.54710196467947,TalChhapar_TC,2022-03-01,2023-12-01,Mar22→Dec23
11.642710281191208,444501.0717788869,3075155.942480782,444502.01475751406,3075144.338020691,TRUE,89.47314297339034,TalChhapar_TC,2022-03-01,2023-12-01,Mar22→Dec23
1.9528958311116422,444485.6994522379,3075162.972667501,444483.8148574745,3075162.4607058764,TRUE,103.32766251369084,TalChhapar_TC,2022-03-01,2023-12-01,Mar22→Dec23
1.5092054488862505,444507.45213144843,3075170.198119611,444505.9468269926,3075170.0896780035,TRUE,99.92842834102743,TalChhapar_TC,2022-03-01,2023-12-01,Mar22→Dec23
9.572481881975051,444522.3374996491,3075168.1210300974,444531.763469671,3075166.452648089,TRUE,93.71989317164159,TalChhapar_TC,2022-03-01,2023-12-01,Mar22→Dec23
2.2500994307158226,444532.9077227578,3075168.3900773963,444531.763469671,3075166.452648089,TRUE,92.31051867537951,TalChhapar_TC,2022-03-01,2023-12-01,Mar22→Dec23
9.453998171352668,444539.8716607334,3075158.7180684307,444547.8915071094,3075163.7240793705,TRUE,82.19107352234059,TalChhapar_TC,2022-03-01,2023-12-01,Mar22→Dec23
4.581409076839917,444525.50000426115,3075178.198614669,444522.52709853894,3075181.6844633026,TRUE,103.0227100834616,TalChhapar_TC,2022-03-01,2023-12-01,Mar22→Dec23
11.574426853044484,444536.3816983057,3075187.730532859,444544.59332674963,3075179.573541056,TRUE,111.32646379014825,TalChhapar_TC,2022-03-01,2023-12-01,Mar22→Dec23
3.8399966265380066,444551.7285794277,3075163.574245743,444547.8915071094,3075163.7240793705,TRUE,87.5126879220741,TalChhapar_TC,2022-03-01,2023-12-01,Mar22→Dec23
1.4636030418407178,444543.18063030374,3075179.956193138,444544.59332674963,3075179.573541056,TRUE,103.39483331693293,TalChhapar_TC,2022-03-01,2023-12-01,Mar22→Dec23
12.310333335831938,444547.88657303294,3075191.435195062,444544.59332674963,3075179.573541056,TRUE,115.00350411069832,TalChhapar_TC,2022-03-01,2023-12-01,Mar22→Dec23
11.129216877302811,444559.9545886412,3075202.825965667,444568.787676104,3075209.5961971385,TRUE,127.48154784346224,TalChhapar_TC,2022-03-01,2023-12-01,Mar22→Dec23
10.939068863044186,444555.4061998698,3075177.9167361557,444544.59332674963,3075179.573541056,TRUE,102.18850381690152,TalChhapar_TC,2022-03-01,2023-12-01,Mar22→Dec23
2.6611439531492107,444568.4166502324,3075187.888855813,444567.1160271675,3075185.5672040773,TRUE,114.3333148459198,TalChhapar_TC,2022-03-01,2023-12-01,Mar22→Dec23
1.760112496001762,444570.2130303971,3075210.6288447734,444568.787676104,3075209.5961971385,TRUE,136.9272975153596,TalChhapar_TC,2022-03-01,2023-12-01,Mar22→Dec23
3.6526795660615248,444581.9585159111,3075196.736939239,444578.56174733443,3075198.080081543,TRUE,126.52880911673995,TalChhapar_TC,2022-03-01,2023-12-01,Mar22→Dec23
0.07824842240867415,444590.645331812,3075223.765274057,444590.657670327,3075223.842543564,FALSE,154.9181747679846,TalChhapar_TC,2022-03-01,2023-12-01,Mar22→Dec23
35.943660241922935,444623.234516734,3075239.031216638,444590.657670327,3075223.842543564,FALSE,181.48363559186217,TalChhapar_TC,2022-03-01,2023-12-01,Mar22→Dec23
12.239726973270326,444595.7429255296,3075203.5309455832,444599.60420181113,3075191.916236725,TRUE,137.73283717000788,TalChhapar_TC,2022-03-01,2023-12-01,Mar22→Dec23
22.204985627066748,444612.28569534014,3075228.8714520666,444590.657670327,3075223.842543564,FALSE,167.59227454281165,TalChhapar_TC,2022-03-01,2023-12-01,Mar22→Dec23
25.012636261718583,444616.2286510685,3075210.6047267565,444599.60420181113,3075191.916236725,FALSE,153.04749541537797,TalChhapar_TC,2022-03-01,2023-12-01,Mar22→Dec23
0.15467507416324194,444469.25290962576,3075130.8348988895,444469.3851450578,3075130.7546606874,TRUE,91.04779541212265,TalChhapar_TC,2022-03-01,2023-12-01,Mar22→Dec23
10.596251690024532,444441.0467800796,3075112.940090731,444449.2135745973,3075119.691684408,TRUE,107.64411116234581,TalChhapar_TC,2022-03-01,2023-12-01,Mar22→Dec23
3.203995830442161,444425.69831083587,3075127.9309700034,444424.0095098956,3075125.2081882153,TRUE,127.46810976887845,TalChhapar_TC,2022-03-01,2023-12-01,Mar22→Dec23
19.063701127865087,444407.42125196237,3075115.813806946,444424.0095098956,3075125.2081882153,TRUE,140.5296409199285,TalChhapar_TC,2022-03-01,2023-12-01,Mar22→Dec23
16.30206078997136,444406.94984740356,3075102.8521366436,444422.4740801365,3075097.87665837,FALSE,137.93678768780353,TalChhapar_TC,2022-03-01,2023-12-01,Mar22→Dec23
13.68866249863756,444427.9658778497,3075112.103737307,444424.0095098956,3075125.2081882153,TRUE,119.78613490032383,TalChhapar_TC,2022-03-01,2023-12-01,Mar22→Dec23
0.8969399751682181,444422.7058554965,3075098.743134856,444422.4740801365,3075097.87665837,TRUE,121.69083834728887,TalChhapar_TC,2022-03-01,2023-12-01,Mar22→Dec23
15.557039926074541,444408.4785866506,3075091.0834519584,444422.4740801365,3075097.87665837,FALSE,134.6649482734093,TalChhapar_TC,2022-03-01,2023-12-01,Mar22→Dec23
3.9773438355887984,444570.9390293452,3075172.5068288245,444567.33229063515,3075170.830314624,TRUE,100.10868168829283,TalChhapar_TC,2022-03-01,2023-12-01,Mar22→Dec23
1.2302905825596713,444600.2627230609,3075190.8770232336,444599.60420181113,3075191.916236725,TRUE,128.14138202949383,TalChhapar_TC,2022-03-01,2023-12-01,Mar22→Dec23
1.442097472616153,444586.2892885067,3075172.2404106883,444584.8596037706,3075172.429213961,TRUE,105.27945086762914,TalChhapar_TC,2022-03-01,2023-12-01,Mar22→Dec23
12.315381400461488,444578.41892148356,3075161.932251033,444584.8596037706,3075172.429213961,TRUE,92.67135201150548,TalChhapar_TC,2022-03-01,2023-12-01,Mar22→Dec23
11.792560371204177,444591.92638633575,3075162.988606762,444584.8596037706,3075172.429213961,TRUE,99.62967320306186,TalChhapar_TC,2022-03-01,2023-12-01,Mar22→Dec23
11.664947095411351,444616.01609190577,3075186.5977585334,444627.03450009937,3075182.7681800164,TRUE,132.41117491528064,TalChhapar_TC,2022-03-01,2023-12-01,Mar22→Dec23
2.1952881798194284,444608.90777936485,3075170.8705993467,444607.2969795512,3075169.3790852996,TRUE,115.42275554413249,TalChhapar_TC,2022-03-01,2023-12-01,Mar22→Dec23
1.8858016067103185,444626.77245934814,3075184.635687003,444627.03450009937,3075182.7681800164,TRUE,137.131532601975,TalChhapar_TC,2022-03-01,2023-12-01,Mar22→Dec23
14.024179260938281,444622.86192875716,3075166.738515885,444636.6451083967,3075169.327253602,TRUE,120.88060061841796,TalChhapar_TC,2022-03-01,2023-12-01,Mar22→Dec23
0.23841174236101292,444636.8674393413,3075169.413329789,444636.6451083967,3075169.327253602,TRUE,132.48700452604766,TalChhapar_TC,2022-03-01,2023-12-01,Mar22→Dec23
17.84129605700531,444642.5742047699,3075152.4999644207,444636.6451083967,3075169.327253602,TRUE,125.73522669960552,TalChhapar_TC,2022-03-01,2023-12-01,Mar22→Dec23
1.984512561770304,444618.009544674,3075150.4785763733,444618.23648896674,3075152.4500698163,TRUE,105.76549806335206,TalChhapar_TC,2022-03-01,2023-12-01,Mar22→Dec23
9.280028799648436,444440.2331099921,3075101.060433839,444448.153673464,3075096.2247737176,TRUE,105.02216763763245,TalChhapar_TC,2022-03-01,2023-12-01,Mar22→Dec23
18.297904839720793,444434.8928482885,3075083.32561171,444447.6618080125,3075070.21962113,TRUE,107.67819616540987,TalChhapar_TC,2022-03-01,2023-12-01,Mar22→Dec23
17.944527037881834,444412.21924543375,3075083.151020325,444422.4740801365,3075097.87665837,TRUE,130.30589550411355,TalChhapar_TC,2022-03-01,2023-12-01,Mar22→Dec23
27.022584023909182,444415.1436407018,3075071.8673387896,444422.4740801365,3075097.87665837,TRUE,127.30162902461025,TalChhapar_TC,2022-03-01,2023-12-01,Mar22→Dec23
1.6248569914416884,444448.3881062357,3075094.6169175305,444448.153673464,3075096.2247737176,TRUE,95.68873860945189,TalChhapar_TC,2022-03-01,2023-12-01,Mar22→Dec23
14.133961208454192,444462.65500984504,3075098.4002641737,444475.89290958975,3075103.352725157,TRUE,82.64050923133452,TalChhapar_TC,2022-03-01,2023-12-01,Mar22→Dec23
1.7596352704347407,444474.7779516123,3075101.991407783,444475.89290958975,3075103.352725157,TRUE,72.20569354994468,TalChhapar_TC,2022-03-01,2023-12-01,Mar22→Dec23
46.17773969162491,444386.9474729678,3075042.665086488,444430.3804774599,3075026.9820458447,FALSE,159.0653652258643,TalChhapar_TC,2022-03-01,2023-12-01,Mar22→Dec23
45.211838489924325,444387.55203133664,3075069.1614908227,444422.4740801365,3075097.87665837,FALSE,154.98346129160714,TalChhapar_TC,2022-03-01,2023-12-01,Mar22→Dec23
32.060002079061626,444400.52414597024,3075074.509071344,444422.4740801365,3075097.87665837,FALSE,141.8493263048223,TalChhapar_TC,2022-03-01,2023-12-01,Mar22→Dec23
60.819174914553116,444369.5816869932,3075025.407525261,444430.3804774599,3075026.9820458447,FALSE,180.1912959763049,TalChhapar_TC,2022-03-01,2023-12-01,Mar22→Dec23
31.755272317761854,444401.38373490877,3075014.036535372,444430.3804774599,3075026.9820458447,FALSE,154.21954700101924,TalChhapar_TC,2022-03-01,2023-12-01,Mar22→Dec23
27.858711217975703,444416.31154013204,3075051.027269761,444430.3804774599,3075026.9820458447,FALSE,128.60797940680456,TalChhapar_TC,2022-03-01,2023-12-01,Mar22→Dec23
16.837635335044123,444419.9216659234,3075040.177470238,444430.3804774599,3075026.9820458447,TRUE,127.72949006157371,TalChhapar_TC,2022-03-01,2023-12-01,Mar22→Dec23
0.49496931269454664,444429.88998333196,3075026.915637028,444430.3804774599,3075026.9820458447,TRUE,122.93985127428638,TalChhapar_TC,2022-03-01,2023-12-01,Mar22→Dec23
1.0393471677769208,444442.25445337006,3075006.074439231,444442.00474435184,3075007.083343558,TRUE,122.43244021107937,TalChhapar_TC,2022-03-01,2023-12-01,Mar22→Dec23
17.56722250693471,444432.21264986857,3075058.139411459,444446.10705317336,3075047.389859682,TRUE,111.67638086451264,TalChhapar_TC,2022-03-01,2023-12-01,Mar22→Dec23
2.4295272032916633,444448.5067630639,3075047.0103931185,444446.10705317336,3075047.389859682,TRUE,98.39520273601799,TalChhapar_TC,2022-03-01,2023-12-01,Mar22→Dec23
1.9247814969375623,444459.839688255,3075020.0937036304,444460.0082520049,3075022.011089891,TRUE,99.99166170919054,TalChhapar_TC,2022-03-01,2023-12-01,Mar22→Dec23
2.093683604944378,444467.3218576455,3074986.801856804,444465.3075831638,3074986.2307094065,TRUE,116.99514703578019,TalChhapar_TC,2022-03-01,2023-12-01,Mar22→Dec23
29.13461510791225,444398.5557158226,3074978.261552586,444426.6251883891,3074986.0673521818,FALSE,174.19172688361266,TalChhapar_TC,2022-03-01,2023-12-01,Mar22→Dec23
1.309930693605095,444434.83326922066,3074969.0200879113,444433.8653864094,3074968.137409439,FALSE,152.07734889797868,TalChhapar_TC,2022-03-01,2023-12-01,Mar22→Dec23
0.3264056035650439,444431.72437059693,3074933.472834154,444431.8460313183,3074933.169949214,FALSE,180.8734065975039,TalChhapar_TC,2022-03-01,2023-12-01,Mar22→Dec23
0.36416181885458554,444462.3482746513,3074965.188059624,444461.9937519933,3074965.27129132,TRUE,137.1363866732077,TalChhapar_TC,2022-03-01,2023-12-01,Mar22→Dec23
5.209643719939377,444487.67874374415,3074954.603754768,444483.93246064824,3074950.9835682185,TRUE,133.65754300583376,TalChhapar_TC,2022-03-01,2023-12-01,Mar22→Dec23
0.8058409921212906,444491.9173940872,3074910.52140294,444492.03434443707,3074911.318712366,FALSE,173.53577594784824,TalChhapar_TC,2022-03-01,2023-12-01,Mar22→Dec23
28.77249427834534,444508.89187134965,3074934.6356635685,444492.03434443707,3074911.318712366,FALSE,145.82129928734142,TalChhapar_TC,2022-03-01,2023-12-01,Mar22→Dec23
44.344565293423095,444536.3734273719,3074912.0159896137,444492.03434443707,3074911.318712366,FALSE,164.6574515460554,TalChhapar_TC,2022-03-01,2023-12-01,Mar22→Dec23
35.560610310161245,444532.44762216846,3074932.0009888774,444555.07498600124,3074959.433805204,FALSE,144.90297697422776,TalChhapar_TC,2022-03-01,2023-12-01,Mar22→Dec23
10.332186969645301,444492.44578221557,3074988.9389183987,444486.84786777996,3074980.2545968047,TRUE,100.84419721160687,TalChhapar_TC,2022-03-01,2023-12-01,Mar22→Dec23
2.175308565323384,444508.44859273336,3074962.1592562175,444509.84889361914,3074963.8239257894,TRUE,119.3250859310311,TalChhapar_TC,2022-03-01,2023-12-01,Mar22→Dec23
26.27622875724515,444662.7046059541,3075172.6951587014,444636.6451083967,3075169.327253602,FALSE,154.0267686470398,TalChhapar_TC,2022-03-01,2023-12-01,Mar22→Dec23
1.7176634244430695,444632.31790790346,3075134.4720610115,444630.98531998217,3075133.388281942,TRUE,106.98575554885458,TalChhapar_TC,2022-03-01,2023-12-01,Mar22→Dec23
13.837348135958802,444653.59339042014,3075119.7119308366,444643.00249643857,3075110.8065859186,TRUE,119.30998823562541,TalChhapar_TC,2022-03-01,2023-12-01,Mar22→Dec23
27.154895350741068,444668.4711924033,3075120.226451489,444643.00249643857,3075110.8065859186,FALSE,133.456908415776,TalChhapar_TC,2022-03-01,2023-12-01,Mar22→Dec23
19.72757428624326,444650.7030433053,3075134.0116391196,444630.98531998217,3075133.388281942,FALSE,122.6323053303605,TalChhapar_TC,2022-03-01,2023-12-01,Mar22→Dec23
10.830299544465975,444640.8048920426,3075128.8197599957,444630.98531998217,3075133.388281942,TRUE,111.45526288430443,TalChhapar_TC,2022-03-01,2023-12-01,Mar22→Dec23
1.1377256154266366,444643.86643844796,3075110.066299636,444643.00249643857,3075110.8065859186,TRUE,106.8934412590923,TalChhapar_TC,2022-03-01,2023-12-01,Mar22→Dec23
13.073217532947764,444629.95843281626,3075109.9339915793,444643.00249643857,3075110.8065859186,TRUE,93.74032768135908,TalChhapar_TC,2022-03-01,2023-12-01,Mar22→Dec23
8.92897875299753,444647.0640964857,3075102.8548523574,444643.00249643857,3075110.8065859186,TRUE,107.9556461940548,TalChhapar_TC,2022-03-01,2023-12-01,Mar22→Dec23
15.51243652151348,444674.7639327225,3075092.447322677,444688.0151116345,3075084.3824640745,FALSE,133.35455748265287,TalChhapar_TC,2022-03-01,2023-12-01,Mar22→Dec23
1.4246261384931278,444688.4834975851,3075083.037036917,444688.0151116345,3075084.3824640745,FALSE,146.26819289769668,TalChhapar_TC,2022-03-01,2023-12-01,Mar22→Dec23
44.1122883362665,444721.82485868875,3075112.7161010876,444688.0151116345,3075084.3824640745,FALSE,183.07122927283453,TalChhapar_TC,2022-03-01,2023-12-01,Mar22→Dec23
47.004970970675345,444735.0182748063,3075084.7947113276,444688.0151116345,3075084.3824640745,FALSE,192.83540420347902,TalChhapar_TC,2022-03-01,2023-12-01,Mar22→Dec23
23.035962760919887,444709.2313298163,3075075.408743197,444688.0151116345,3075084.3824640745,FALSE,166.87675519616468,TalChhapar_TC,2022-03-01,2023-12-01,Mar22→Dec23
23.63818108167968,444697.3735885042,3075062.6757251318,444688.0151116345,3075084.3824640745,FALSE,155.63596997912606,TalChhapar_TC,2022-03-01,2023-12-01,Mar22→Dec23
44.81669667757863,444705.9489408497,3075043.3104045843,444688.0151116345,3075084.3824640745,FALSE,166.9360663058345,TalChhapar_TC,2022-03-01,2023-12-01,Mar22→Dec23
28.710118858024597,444684.5364116139,3075053.958156869,444656.91881783004,3075061.802864539,FALSE,143.9638459713,TalChhapar_TC,2022-03-01,2023-12-01,Mar22→Dec23
0.695720077017361,444596.0352350956,3075150.776140469,444595.9738012406,3075150.083138083,TRUE,91.5889302825114,TalChhapar_TC,2022-03-01,2023-12-01,Mar22→Dec23
1.6254123333457753,444606.6256183306,3075129.9160598014,444605.1742655938,3075130.647866119,TRUE,83.52621021622046,TalChhapar_TC,2022-03-01,2023-12-01,Mar22→Dec23
0.9821447880593349,444530.1573270602,3074975.8800546527,444531.01090042555,3074976.3658744697,TRUE,101.42117030945047,TalChhapar_TC,2022-03-01,2023-12-01,Mar22→Dec23
0.11624032657949525,444555.1374819437,3074959.531815768,444555.07498600124,3074959.433805204,TRUE,117.72841406662165,TalChhapar_TC,2022-03-01,2023-12-01,Mar22→Dec23
0.7703014033641322,444553.59817534895,3074989.7853554212,444554.1994535408,3074990.266841442,TRUE,87.50411798411842,TalChhapar_TC,2022-03-01,2023-12-01,Mar22→Dec23
2.1049581220268054,444581.71221093857,3074967.669196212,444583.75306708826,3074967.1536820303,TRUE,115.7882699415302,TalChhapar_TC,2022-03-01,2023-12-01,Mar22→Dec23
13.68477454787644,444568.9007723856,3074999.1102959905,444579.64574132493,3075007.5848872443,TRUE,81.87589147854165,TalChhapar_TC,2022-03-01,2023-12-01,Mar22→Dec23
3.715946836811476,444574.5299954184,3074982.7330079535,444577.4617302964,3074985.016249399,TRUE,99.19361365360122,TalChhapar_TC,2022-03-01,2023-12-01,Mar22→Dec23
10.39534764962728,444587.3393051779,3074988.2561208806,444577.4617302964,3074985.016249399,TRUE,99.10427954567281,TalChhapar_TC,2022-03-01,2023-12-01,Mar22→Dec23
23.331149428856556,444557.4155900787,3074936.2203585356,444555.07498600124,3074959.433805204,FALSE,141.14966357975976,TalChhapar_TC,2022-03-01,2023-12-01,Mar22→Dec23
15.506812314941511,444599.25966705004,3074967.072529112,444583.75306708826,3074967.1536820303,TRUE,123.39470663704904,TalChhapar_TC,2022-03-01,2023-12-01,Mar22→Dec23
4.662050531269713,444584.139077402,3075006.3420493407,444579.64574132493,3075007.5848872443,TRUE,81.71181473767723,TalChhapar_TC,2022-03-01,2023-12-01,Mar22→Dec23
19.31318689863844,444617.9356562854,3074962.5311815497,444632.80868022965,3074974.8515852336,FALSE,136.80468430562945,TalChhapar_TC,2022-03-01,2023-12-01,Mar22→Dec23
5.795003817052462,444607.70553731656,3074996.4757586173,444603.7919302398,3075000.7496033604,TRUE,103.36562329215417,TalChhapar_TC,2022-03-01,2023-12-01,Mar22→Dec23
10.726593828863825,444598.1063725404,3075015.4937532,444606.9076555284,3075021.625411453,TRUE,82.68898558796775,TalChhapar_TC,2022-03-01,2023-12-01,Mar22→Dec23
9.579044048320762,444613.73390110035,3075028.345564448,444606.9076555284,3075021.625411453,TRUE,86.1366056970832,TalChhapar_TC,2022-03-01,2023-12-01,Mar22→Dec23
11.770206141769199,444630.21874511125,3075047.626042694,444641.76954136405,3075049.8880901174,TRUE,92.50324697965475,TalChhapar_TC,2022-03-01,2023-12-01,Mar22→Dec23
0.47886057620164935,444657.3524403516,3075061.5996922962,444656.91881783004,3075061.802864539,TRUE,115.96351888370863,TalChhapar_TC,2022-03-01,2023-12-01,Mar22→Dec23
1.1518467023009764,444639.2982102361,3075036.8022960783,444638.7341702899,3075037.8065917343,TRUE,104.77755176459911,TalChhapar_TC,2022-03-01,2023-12-01,Mar22→Dec23
0.7153321656904824,444635.9333399157,3075020.3101992067,444635.28789316886,3075020.001818591,TRUE,109.18240166812944,TalChhapar_TC,2022-03-01,2023-12-01,Mar22→Dec23
24.21179287824907,444662.9207235638,3075036.701351893,444638.7341702899,3075037.8065917343,FALSE,126.98154097658575,TalChhapar_TC,2022-03-01,2023-12-01,Mar22→Dec23
13.168326620780146,444623.0260083098,3075012.819373447,444625.68273225054,3074999.921829344,TRUE,102.81386964196726,TalChhapar_TC,2022-03-01,2023-12-01,Mar22→Dec23
15.294353876709678,444653.66853878135,3075034.507819498,444638.7341702899,3075037.8065917343,TRUE,118.99026233388025,TalChhapar_TC,2022-03-01,2023-12-01,Mar22→Dec23
16.69924059024825,444651.8568150419,3075017.9196408233,444635.28789316886,3075020.001818591,TRUE,124.213922119143,TalChhapar_TC,2022-03-01,2023-12-01,Mar22→Dec23
41.953725800225925,444678.9722636057,3075025.9317883747,444638.7341702899,3075037.8065917343,FALSE,145.6948302719556,TalChhapar_TC,2022-03-01,2023-12-01,Mar22→Dec23
8.992198111036139,444627.7708314041,3074982.300055283,444632.80868022965,3074974.8515852336,TRUE,127.20480607831651,TalChhapar_TC,2022-03-01,2023-12-01,Mar22→Dec23
17.224853659410183,444644.5545197378,3074987.4504279518,444632.80868022965,3074974.8515852336,FALSE,135.59259254923137,TalChhapar_TC,2022-03-01,2023-12-01,Mar22→Dec23
1.141819221207409,444633.7660974769,3074974.2294089333,444632.80868022965,3074974.8515852336,FALSE,137.21454611396376,TalChhapar_TC,2022-03-01,2023-12-01,Mar22→Dec23
29.48196554475152,444650.27806877746,3074951.1027588174,444632.80868022965,3074974.8515852336,FALSE,165.49107858435943,TalChhapar_TC,2022-03-01,2023-12-01,Mar22→Dec23
20.314806659034087,444597.65677266626,3074952.3422560086,444583.75306708826,3074967.1536820303,FALSE,135.97458586681716,TalChhapar_TC,2022-03-01,2023-12-01,Mar22→Dec23
55.31285312555241,444612.08807461493,3074919.64958674,444583.75306708826,3074967.1536820303,FALSE,171.71060779039775,TalChhapar_TC,2022-03-01,2023-12-01,Mar22→Dec23
46.50406408487215,444568.9700240048,3074915.054126349,444555.07498600124,3074959.433805204,FALSE,163.68815211044563,TalChhapar_TC,2022-03-01,2023-12-01,Mar22→Dec23
63.98027712356251,444699.15869258373,3075013.748012114,444656.91881783004,3075061.802864539,FALSE,168.91478085459246,TalChhapar_TC,2022-03-01,2023-12-01,Mar22→Dec23
17.6846921145879,444659.73604250496,3075116.52819157,444643.00249643857,3075110.8065859186,FALSE,123.99417584762357,TalChhapar_TC,2022-03-01,2023-12-01,Mar22→Dec23
1.7972496973518837,444639.21361504676,3075083.272606509,444637.42503263254,3075083.448900077,TRUE,97.0870496663711,TalChhapar_TC,2022-03-01,2023-12-01,Mar22→Dec23
14.61982083395694,444631.7544094158,3075069.846372186,444619.1721396871,3075062.4015317117,TRUE,89.64792057418691,TalChhapar_TC,2022-03-01,2023-12-01,Mar22→Dec23
1.1098275374877384,444620.2512215681,3075062.1421103226,444619.1721396871,3075062.4015317117,TRUE,79.21662046880364,TalChhapar_TC,2022-03-01,2023-12-01,Mar22→Dec23
14.103809110038398,444603.0271889064,3075064.3265965255,444595.15171328926,3075076.026780935,TRUE,61.89062755435919,TalChhapar_TC,2022-03-01,2023-12-01,Mar22→Dec23
1.0276776377989292,444598.4608528224,3075050.603777016,444598.02176253416,3075049.674626304,TRUE,61.81772425414226,TalChhapar_TC,2022-03-01,2023-12-01,Mar22→Dec23
5.257799068733206,444605.1701570072,3075041.019589975,444602.7307981493,3075036.3619103585,TRUE,72.17163010226153,TalChhapar_TC,2022-03-01,2023-12-01,Mar22→Dec23
17.81364591628491,444619.8465581951,3075086.3338987394,444637.42503263254,3075083.448900077,TRUE,78.10138126903327,TalChhapar_TC,2022-03-01,2023-12-01,Mar22→Dec23
5.85752480510462,444599.9048536638,3075079.449974389,444595.15171328926,3075076.026780935,TRUE,57.618565475233815,TalChhapar_TC,2022-03-01,2023-12-01,Mar22→Dec23
0.9734855144359211,444611.90757976635,3075106.1684559323,444610.93638419884,3075106.2351883566,TRUE,75.58736872949157,TalChhapar_TC,2022-03-01,2023-12-01,Mar22→Dec23
1.3319673424798824,444587.96177014906,3075092.5011130353,444587.3609677828,3075093.689882785,TRUE,48.30758441382484,TalChhapar_TC,2022-03-01,2023-12-01,Mar22→Dec23
16.44585626187807,444593.6828596382,3075108.8721050057,444587.3609677828,3075093.689882785,TRUE,60.646145694596896,TalChhapar_TC,2022-03-01,2023-12-01,Mar22→Dec23
12.5536277882699,444613.1823129137,3075120.980149286,444605.1742655938,3075130.647866119,TRUE,83.59868420954564,TalChhapar_TC,2022-03-01,2023-12-01,Mar22→Dec23
12.10097871830861,444603.4676993657,3075096.714031242,444610.93638419884,3075106.2351883566,TRUE,64.34534322413325,TalChhapar_TC,2022-03-01,2023-12-01,Mar22→Dec23
2.886392829917398,444587.526323917,3075130.913542713,444584.64035966195,3075130.963280901,TRUE,70.66774257466444,TalChhapar_TC,2022-03-01,2023-12-01,Mar22→Dec23
3.870073915730729,444584.4221578173,3075146.431155261,444580.8023560886,3075145.0620286935,TRUE,81.55167946227697,TalChhapar_TC,2022-03-01,2023-12-01,Mar22→Dec23
12.802237721394537,444568.2209987641,3075142.69417343,444580.8023560886,3075145.0620286935,TRUE,71.0069125083995,TalChhapar_TC,2022-03-01,2023-12-01,Mar22→Dec23
5.189924690451705,444565.16219680285,3075130.3716001105,444559.9745145478,3075130.2190513867,TRUE,58.439672391678194,TalChhapar_TC,2022-03-01,2023-12-01,Mar22→Dec23
1.489127334793833,444577.4675832577,3075110.721040856,444575.97860254714,3075110.700144378,TRUE,48.98267873561527,TalChhapar_TC,2022-03-01,2023-12-01,Mar22→Dec23
12.261127634362554,444585.4279705434,3075118.5132548558,444575.97860254714,3075110.700144378,TRUE,60.12204173144478,TalChhapar_TC,2022-03-01,2023-12-01,Mar22→Dec23
7.713077074469764,444593.86893989966,3075142.6628202535,444595.9738012406,3075150.083138083,TRUE,83.79909574901887,TalChhapar_TC,2022-03-01,2023-12-01,Mar22→Dec23
5.773374895187811,444577.30857899744,3075140.4657933516,444580.8023560886,3075145.0620286935,TRUE,72.8344804509474,TalChhapar_TC,2022-03-01,2023-12-01,Mar22→Dec23
13.350487672606869,444584.6304204563,3075157.8519248734,444580.8023560886,3075145.0620286935,TRUE,91.62168600931798,TalChhapar_TC,2022-03-01,2023-12-01,Mar22→Dec23
2.1025527637589345,444447.24404942035,3075072.2802535286,444447.6618080125,3075070.21962113,TRUE,95.21097298769895,TalChhapar_TC,2022-03-01,2023-12-01,Mar22→Dec23
2.7529043904977177,444464.22800914163,3075064.7173927673,444461.50189221895,3075065.1004973315,TRUE,79.0236846839897,TalChhapar_TC,2022-03-01,2023-12-01,Mar22→Dec23
3.2443271680115,444475.7116128632,3075042.6422838056,444475.22783347365,3075045.850338711,TRUE,74.78330936916606,TalChhapar_TC,2022-03-01,2023-12-01,Mar22→Dec23
1.3464547931521667,444486.76509362407,3075028.1997765256,444487.2634264836,3075026.9489348605,TRUE,73.68713811335161,TalChhapar_TC,2022-03-01,2023-12-01,Mar22→Dec23
3.300205362111599,444481.9995248242,3075011.4080810114,444479.75533451914,3075008.9883774538,TRUE,88.8177395963997,TalChhapar_TC,2022-03-01,2023-12-01,Mar22→Dec23
3.8179066823686387,444501.7776357481,3075023.637032547,444505.06064652087,3075025.585942935,TRUE,66.69440154743107,TalChhapar_TC,2022-03-01,2023-12-01,Mar22→Dec23
2.198223747771207,444508.6991238069,3074994.28834006,444508.489191864,3074996.476516521,TRUE,88.89514253721727,TalChhapar_TC,2022-03-01,2023-12-01,Mar22→Dec23
0.5642614274175342,444537.49694153847,3074999.718113773,444536.94924106373,3074999.853816199,TRUE,77.00014430531382,TalChhapar_TC,2022-03-01,2023-12-01,Mar22→Dec23
1.249687800105714,444559.60842408845,3075013.075952134,444560.8239252124,3075013.366256484,TRUE,65.7903422373983,TalChhapar_TC,2022-03-01,2023-12-01,Mar22→Dec23
1.4768340326873497,444556.2770288965,3075020.126732216,444556.17678668175,3075021.60016028,TRUE,58.12881674526603,TalChhapar_TC,2022-03-01,2023-12-01,Mar22→Dec23
1.5272918363019656,444577.9157489494,3075030.394106189,444576.64073334076,3075029.5532997004,TRUE,58.275462095162496,TalChhapar_TC,2022-03-01,2023-12-01,Mar22→Dec23
0.9622106523634096,444581.67835752486,3075043.612463352,444581.5928182902,3075044.5708643007,TRUE,51.30195138630634,TalChhapar_TC,2022-03-01,2023-12-01,Mar22→Dec23
9.281365570260999,444591.31053615664,3075039.8940846543,444593.2392527129,3075030.815329272,TRUE,61.163902405533506,TalChhapar_TC,2022-03-01,2023-12-01,Mar22→Dec23
0.8223183143234528,444592.98416329094,3075030.0335768834,444593.2392527129,3075030.815329272,TRUE,68.7610980221334,TalChhapar_TC,2022-03-01,2023-12-01,Mar22→Dec23
15.307612919516048,444522.9469681374,3075006.039231803,444536.94924106373,3074999.853816199,TRUE,73.14808315412175,TalChhapar_TC,2022-03-01,2023-12-01,Mar22→Dec23
1.074776073207091,444535.9029976553,3075014.8701793896,444536.703707335,3075015.5871226345,TRUE,62.031278223609036,TalChhapar_TC,2022-03-01,2023-12-01,Mar22→Dec23
10.29569673890064,444546.1981901657,3075024.1357041877,444556.17678668175,3075021.60016028,TRUE,52.56933186130481,TalChhapar_TC,2022-03-01,2023-12-01,Mar22→Dec23
3.072211204162481,444468.82350139006,3075084.1646403945,444466.18587986456,3075082.589383472,TRUE,73.9267722726007,TalChhapar_TC,2022-03-01,2023-12-01,Mar22→Dec23
1.3622955790362645,444480.3937821604,3075068.6175787034,444479.03879644204,3075068.4766427334,TRUE,62.47232580434025,TalChhapar_TC,2022-03-01,2023-12-01,Mar22→Dec23
0.22077351928531716,444494.0064760135,3075050.5979450587,444494.2271476293,3075050.591237988,TRUE,54.883461641697416,TalChhapar_TC,2022-03-01,2023-12-01,Mar22→Dec23
0.28324162201577796,444523.05615370476,3075024.2444913196,444523.2573692973,3075024.0451471405,TRUE,55.767196959556166,TalChhapar_TC,2022-03-01,2023-12-01,Mar22→Dec23
2.0161318720913894,444560.8265973208,3075043.3693985003,444560.18312088714,3075041.4587112404,TRUE,37.98672124723417,TalChhapar_TC,2022-03-01,2023-12-01,Mar22→Dec23
1.3270616786456846,444575.14095510246,3075058.274997993,444576.3101905816,3075058.9026771253,TRUE,37.539243699790504,TalChhapar_TC,2022-03-01,2023-12-01,Mar22→Dec23
5.985818838562201,444582.15742693975,3075069.7333860244,444579.2761283772,3075074.980113172,TRUE,40.38086495449124,TalChhapar_TC,2022-03-01,2023-12-01,Mar22→Dec23
3.639843646237501,444543.4292672561,3075047.389263448,444543.4117661604,3075051.0290650195,TRUE,29.195004024428982,TalChhapar_TC,2022-03-01,2023-12-01,Mar22→Dec23
0.6291239353463214,444528.50290529046,3075036.343394698,444528.1283334089,3075036.8488576855,TRUE,42.540889182611096,TalChhapar_TC,2022-03-01,2023-12-01,Mar22→Dec23
12.616984863349325,444599.79543028545,3075091.5515541593,444587.3609677828,3075093.689882785,TRUE,59.35991898766952,TalChhapar_TC,2022-03-01,2023-12-01,Mar22→Dec23
2.378647608672262,444555.6404073186,3075063.3245738796,444553.4020880424,3075062.5196569497,TRUE,18.753826861825864,TalChhapar_TC,2022-03-01,2023-12-01,Mar22→Dec23
2.8343852925836495,444566.5932458285,3075065.48635458,444566.37058350194,3075068.3119804356,TRUE,26.646712183606372,TalChhapar_TC,2022-03-01,2023-12-01,Mar22→Dec23
4.258406444685098,444568.7094271588,3075081.007722436,444568.24031869596,3075085.2402113844,TRUE,26.722805811915595,TalChhapar_TC,2022-03-01,2023-12-01,Mar22→Dec23
2.2815551634768023,444551.5217340025,3075079.504764255,444552.13140103687,3075077.3061737814,TRUE,9.623296395720821,TalChhapar_TC,2022-03-01,2023-12-01,Mar22→Dec23
2.479022952409756,444567.9983703218,3075087.707399213,444568.24031869596,3075085.2402113844,TRUE,27.956400236328935,TalChhapar_TC,2022-03-01,2023-12-01,Mar22→Dec23
0.8749996894900027,444562.1579953721,3075098.944848669,444562.7456550976,3075098.2965582223,TRUE,29.881285479411492,TalChhapar_TC,2022-03-01,2023-12-01,Mar22→Dec23
2.5525737499202803,444559.25969915825,3075111.1077632466,444557.09138432844,3075109.7608989077,TRUE,38.45615828145667,TalChhapar_TC,2022-03-01,2023-12-01,Mar22→Dec23
3.031141613470597,444547.3791589195,3075123.596792396,444546.7329949633,3075120.6353245806,TRUE,47.299373596286266,TalChhapar_TC,2022-03-01,2023-12-01,Mar22→Dec23
2.5350752985444744,444548.8530138669,3075098.807941526,444546.33103732276,3075099.065314952,TRUE,23.172024203397065,TalChhapar_TC,2022-03-01,2023-12-01,Mar22→Dec23
5.3976721806141805,444536.79440747586,3075113.166144522,444532.67074893514,3075116.6490032915,TRUE,37.022034239788226,TalChhapar_TC,2022-03-01,2023-12-01,Mar22→Dec23
11.95038538553611,444519.43082763866,3075112.1942056557,444521.20231151674,3075100.3758489285,TRUE,42.36919338557514,TalChhapar_TC,2022-03-01,2023-12-01,Mar22→Dec23
3.257184271538321,444488.61190827173,3075083.486838948,444485.5985574402,3075082.250325242,TRUE,54.19060339171671,TalChhapar_TC,2022-03-01,2023-12-01,Mar22→Dec23
5.057508752431426,444500.1452671,3075066.6325490656,444505.17852827144,3075067.127197184,TRUE,43.36599809082194,TalChhapar_TC,2022-03-01,2023-12-01,Mar22→Dec23
0.5445182481565909,444512.70573615434,3075045.9018506054,444512.87568575004,3075046.4191679717,TRUE,42.65556146284749,TalChhapar_TC,2022-03-01,2023-12-01,Mar22→Dec23
1.2441610582683893,444528.8745835193,3075051.184098587,444527.84229831805,3075051.878594089,TRUE,28.740030704148225,TalChhapar_TC,2022-03-01,2023-12-01,Mar22→Dec23
2.826831910906169,444539.9453439029,3075065.2862359923,444540.6833836136,3075068.015022543,TRUE,11.53368195275966,TalChhapar_TC,2022-03-01,2023-12-01,Mar22→Dec23
0.05070097156061646,444519.28668501775,3075066.6773301503,444519.3347979783,3075066.6613385417,TRUE,25.10121296698623,TalChhapar_TC,2022-03-01,2023-12-01,Mar22→Dec23
1.2022582804974835,444534.22359064786,3075089.025539071,444534.2636551631,3075087.8239485384,TRUE,14.881274359027918,TalChhapar_TC,2022-03-01,2023-12-01,Mar22→Dec23
6.39679112076603,444512.45101505425,3075078.610475854,444510.8725657918,3075084.80946243,TRUE,29.977454953431817,TalChhapar_TC,2022-03-01,2023-12-01,Mar22→Dec23
3.2641340546585944,444511.2896834712,3075088.046835434,444510.8725657918,3075084.80946243,TRUE,33.12276089300927,TalChhapar_TC,2022-03-01,2023-12-01,Mar22→Dec23
5.120835987236591,444516.81634973385,3075103.0190099995,444521.20231151674,3075100.3758489285,TRUE,36.7728127086191,TalChhapar_TC,2022-03-01,2023-12-01,Mar22→Dec23
10.176890738009838,444395.24134700035,3075134.7277600053,444399.63003416115,3075143.9097276647,FALSE,158.19743852749576,TalChhapar_TC,2022-03-01,2023-12-01,Mar22→Dec23
26.191515577076434,444387.7869967498,3075120.5486927326,444399.63003416115,3075143.9097276647,FALSE,160.70772118011746,TalChhapar_TC,2022-03-01,2023-12-01,Mar22→Dec23
34.114006787929824,444365.57494760567,3075145.913858106,444399.63003416115,3075143.9097276647,FALSE,189.8993619299374,TalChhapar_TC,2022-03-01,2023-12-01,Mar22→Dec23
2.698443780020829,444416.1442820405,3075154.1534374286,444417.07811317366,3075151.6217268906,TRUE,148.15556636059878,TalChhapar_TC,2022-03-01,2023-12-01,Mar22→Dec23
16.715150887169358,444402.382598479,3075160.3966818666,444399.63003416115,3075143.9097276647,FALSE,163.1597011730727,TalChhapar_TC,2022-03-01,2023-12-01,Mar22→Dec23
25.487538188925093,444393.8475776323,3075168.7326565697,444399.63003416115,3075143.9097276647,FALSE,174.78690657443593,TalChhapar_TC,2022-03-01,2023-12-01,Mar22→Dec23
44.50765596536059,444358.4083814887,3075127.1256044977,444399.63003416115,3075143.9097276647,FALSE,190.77234364577617,TalChhapar_TC,2022-03-01,2023-12-01,Mar22→Dec23
46.1216896058532,444388.7153351298,3075188.7213288094,444399.63003416115,3075143.9097276647,FALSE,190.22452947037294,TalChhapar_TC,2022-03-01,2023-12-01,Mar22→Dec23
49.16068290794348,444358.81728228525,3075171.3157859053,444399.63003416115,3075143.9097276647,FALSE,206.55553523313762,TalChhapar_TC,2022-03-01,2023-12-01,Mar22→Dec23
12.582753332542435,444421.33009733976,3075137.5023506423,444424.0095098956,3075125.2081882153,TRUE,135.5038713721836,TalChhapar_TC,2022-03-01,2023-12-01,Mar22→Dec23
14.695948559980934,444431.3592523737,3075148.1547444523,444417.07811317366,3075151.6217268906,TRUE,132.08328833075512,TalChhapar_TC,2022-03-01,2023-12-01,Mar22→Dec23
13.611325142424866,444445.2735933926,3075150.82350475,444444.8584153921,3075164.4284964576,TRUE,122.2287814363977,TalChhapar_TC,2022-03-01,2023-12-01,Mar22→Dec23
9.909781762226336,444421.42340670567,3075169.9195759157,444430.8532910769,3075166.8730934653,TRUE,152.77585527648222,TalChhapar_TC,2022-03-01,2023-12-01,Mar22→Dec23
26.515758379281028,444408.4933072628,3075181.124990401,444430.8532910769,3075166.8730934653,FALSE,169.86106114857262,TalChhapar_TC,2022-03-01,2023-12-01,Mar22→Dec23
27.840913300188213,444421.33591274207,3075205.838529667,444441.7751922226,3075186.9347652877,FALSE,177.08254338851341,TalChhapar_TC,2022-03-01,2023-12-01,Mar22→Dec23
47.61523843011361,444400.92425025534,3075211.3972155154,444441.7751922226,3075186.9347652877,FALSE,195.4059767017185,TalChhapar_TC,2022-03-01,2023-12-01,Mar22→Dec23
53.89271075003447,444409.4556671156,3075232.7578649274,444462.7354643017,3075224.6530833887,FALSE,205.08415591077508,TalChhapar_TC,2022-03-01,2023-12-01,Mar22→Dec23
37.28156689012883,444446.8623511443,3075258.386738816,444462.7354643017,3075224.6530833887,FALSE,205.3748021818672,TalChhapar_TC,2022-03-01,2023-12-01,Mar22→Dec23
30.982393526868503,444446.50320573093,3075251.042901318,444462.7354643017,3075224.6530833887,FALSE,199.0751624277783,TalChhapar_TC,2022-03-01,2023-12-01,Mar22→Dec23
24.193485995099724,444439.31126672716,3075218.600667955,444462.7354643017,3075224.6530833887,FALSE,175.4793008673804,TalChhapar_TC,2022-03-01,2023-12-01,Mar22→Dec23
53.73789095525346,444415.7054488932,3075250.6519021117,444462.7354643017,3075224.6530833887,FALSE,215.28444939725557,TalChhapar_TC,2022-03-01,2023-12-01,Mar22→Dec23
16.281252911523627,444425.54289027146,3075188.196339596,444441.7751922226,3075186.9347652877,FALSE,161.57829044087808,TalChhapar_TC,2022-03-01,2023-12-01,Mar22→Dec23
10.553734743838236,444437.814447725,3075174.8055341467,444430.8532910769,3075166.8730934653,TRUE,143.4599275836835,TalChhapar_TC,2022-03-01,2023-12-01,Mar22→Dec23
0.7975770863034691,444445.12158567307,3075165.181404561,444444.8584153921,3075164.4284964576,TRUE,131.5597422085433,TalChhapar_TC,2022-03-01,2023-12-01,Mar22→Dec23
20.778612025961042,444452.4302406109,3075206.609993786,444462.7354643017,3075224.6530833887,TRUE,158.11041412117376,TalChhapar_TC,2022-03-01,2023-12-01,Mar22→Dec23
13.313584424008429,444454.7431069461,3075183.920678703,444441.7751922226,3075186.9347652877,TRUE,138.57053224660874,TalChhapar_TC,2022-03-01,2023-12-01,Mar22→Dec23
19.232348680580635,444434.2523341496,3075204.6347608296,444441.7751922226,3075186.9347652877,FALSE,167.59749073584237,TalChhapar_TC,2022-03-01,2023-12-01,Mar22→Dec23
0.35725732960527157,444442.1220702784,3075187.02025455,444441.7751922226,3075186.9347652877,TRUE,149.15697412581068,TalChhapar_TC,2022-03-01,2023-12-01,Mar22→Dec23
9.94002614162422,444452.40147153905,3075170.902013559,444444.8584153921,3075164.4284964576,TRUE,130.3526882232671,TalChhapar_TC,2022-03-01,2023-12-01,Mar22→Dec23
1.3839097417528863,444465.43037660717,3075164.969912295,444464.13756732654,3075164.4761002488,TRUE,117.18977119549184,TalChhapar_TC,2022-03-01,2023-12-01,Mar22→Dec23
13.823815576269986,444451.2467619234,3075232.341229768,444462.7354643017,3075224.6530833887,FALSE,180.46526736035838,TalChhapar_TC,2022-03-01,2023-12-01,Mar22→Dec23
0.9517690117147873,444462.720022494,3075223.7014396517,444462.7354643017,3075224.6530833887,FALSE,167.30672700930162,TalChhapar_TC,2022-03-01,2023-12-01,Mar22→Dec23
13.635590768454593,444472.94537757145,3075198.72315146,444484.10779231694,3075206.5544880414,TRUE,140.5023034571598,TalChhapar_TC,2022-03-01,2023-12-01,Mar22→Dec23
13.482312897954102,444472.95068632107,3075174.679124049,444464.13756732654,3075164.4761002488,TRUE,120.18281816051007,TalChhapar_TC,2022-03-01,2023-12-01,Mar22→Dec23
2.6356394964271552,444483.2121982137,3075185.020853965,444481.27472320816,3075186.8076908793,TRUE,123.53561113760549,TalChhapar_TC,2022-03-01,2023-12-01,Mar22→Dec23
14.498328056325205,444496.78646222217,3075184.3284613006,444509.8659619988,3075190.583715254,TRUE,117.00368171624848,TalChhapar_TC,2022-03-01,2023-12-01,Mar22→Dec23
11.811295240198776,444490.36749312497,3075172.287692255,444483.8148574745,3075162.4607058764,TRUE,108.93106976655136,TalChhapar_TC,2022-03-01,2023-12-01,Mar22→Dec23
7.405130265168378,444488.02465885435,3075189.8530681985,444481.27472320816,3075186.8076908793,TRUE,125.64412235675681,TalChhapar_TC,2022-03-01,2023-12-01,Mar22→Dec23
8.698201092204961,444488.3602865507,3075198.9666691828,444484.10779231694,3075206.5544880414,TRUE,133.7836880925975,TalChhapar_TC,2022-03-01,2023-12-01,Mar22→Dec23
7.331998829890237,444477.0474270974,3075208.531720908,444484.10779231694,3075206.5544880414,TRUE,147.24421916520748,TalChhapar_TC,2022-03-01,2023-12-01,Mar22→Dec23
8.588699199819269,444470.28476533166,3075228.7486673403,444462.7354643017,3075224.6530833887,FALSE,168.3882903995771,TalChhapar_TC,2022-03-01,2023-12-01,Mar22→Dec23
31.64163091924767,444472.28383290983,3075254.8196454095,444462.7354643017,3075224.6530833887,FALSE,191.53412537790524,TalChhapar_TC,2022-03-01,2023-12-01,Mar22→Dec23
20.564142842147174,444465.3659192339,3075245.048295515,444462.7354643017,3075224.6530833887,FALSE,185.24204644144814,TalChhapar_TC,2022-03-01,2023-12-01,Mar22→Dec23
51.52806989864305,444502.90974103403,3075283.5364585216,444503.1267026056,3075232.008845389,FALSE,210.69776800779502,TalChhapar_TC,2022-03-01,2023-12-01,Mar22→Dec23
45.40657505919801,444477.4466262296,3075269.4560179915,444503.1267026056,3075232.008845389,FALSE,203.52063747140525,TalChhapar_TC,2022-03-01,2023-12-01,Mar22→Dec23
24.163240119879042,444488.54804353474,3075251.278637105,444503.1267026056,3075232.008845389,FALSE,182.81290614782782,TalChhapar_TC,2022-03-01,2023-12-01,Mar22→Dec23
37.25174308936001,444507.63859437045,3075268.9863411924,444503.1267026056,3075232.008845389,FALSE,195.52900818671839,TalChhapar_TC,2022-03-01,2023-12-01,Mar22→Dec23
18.133915228275377,444485.0510058624,3075230.556926398,444503.1267026056,3075232.008845389,FALSE,164.3100296307666,TalChhapar_TC,2022-03-01,2023-12-01,Mar22→Dec23
3.97782708434517,444506.54730020545,3075229.978421696,444503.1267026056,3075232.008845389,FALSE,157.5380581560929,TalChhapar_TC,2022-03-01,2023-12-01,Mar22→Dec23
12.92696435299301,444489.4195068308,3075218.3397371396,444484.10779231694,3075206.5544880414,TRUE,151.3364690716044,TalChhapar_TC,2022-03-01,2023-12-01,Mar22→Dec23
10.727119227396475,444500.2801926718,3075200.928736489,444503.1937839754,3075211.2525958754,TRUE,131.2898397876354,TalChhapar_TC,2022-03-01,2023-12-01,Mar22→Dec23
1.2080953213917813,444502.6703926785,3075212.3414282114,444503.1937839754,3075211.2525958754,TRUE,141.45844469290125,TalChhapar_TC,2022-03-01,2023-12-01,Mar22→Dec23
14.344685612951897,444508.46651607356,3075245.322612604,444503.1267026056,3075232.008845389,FALSE,172.12765405557718,TalChhapar_TC,2022-03-01,2023-12-01,Mar22→Dec23
30.350519225190094,444518.7735754865,3075258.015178969,444503.1267026056,3075232.008845389,FALSE,182.97692439476586,TalChhapar_TC,2022-03-01,2023-12-01,Mar22→Dec23
62.52078941352879,444530.56599326385,3075288.186549481,444503.1267026056,3075232.008845389,FALSE,211.95023659703847,TalChhapar_TC,2022-03-01,2023-12-01,Mar22→Dec23
27.056613706741736,444524.88054724573,3075248.0970581127,444503.1267026056,3075232.008845389,FALSE,172.42057942028268,TalChhapar_TC,2022-03-01,2023-12-01,Mar22→Dec23
14.66921963853194,444535.8000540489,3075233.733186272,444534.2324260764,3075219.1479695323,FALSE,157.30534006008713,TalChhapar_TC,2022-03-01,2023-12-01,Mar22→Dec23
18.27581361669615,444519.69400947716,3075239.724395037,444503.1267026056,3075232.008845389,FALSE,164.7264165480432,TalChhapar_TC,2022-03-01,2023-12-01,Mar22→Dec23
14.45826215715066,444519.78856973647,3075218.502710952,444534.2324260764,3075219.1479695323,TRUE,143.72134399163468,TalChhapar_TC,2022-03-01,2023-12-01,Mar22→Dec23
1.0635301028002804,444534.34463317436,3075220.2055639,444534.2324260764,3075219.1479695323,TRUE,143.8643174566964,TalChhapar_TC,2022-03-01,2023-12-01,Mar22→Dec23
15.72942559352804,444518.51803305274,3075207.7054534033,444503.1937839754,3075211.2525958754,TRUE,133.29023865012698,TalChhapar_TC,2022-03-01,2023-12-01,Mar22→Dec23
4.020037113244725,444512.7289767441,3075193.4057437726,444509.8659619988,3075190.583715254,TRUE,120.5394526534302,TalChhapar_TC,2022-03-01,2023-12-01,Mar22→Dec23
18.951690696762153,444530.8489354356,3075200.5007560314,444534.2324260764,3075219.1479695323,TRUE,124.46941693855989,TalChhapar_TC,2022-03-01,2023-12-01,Mar22→Dec23
12.255569557193555,444545.1377054043,3075213.5556651815,444534.2324260764,3075219.1479695323,TRUE,137.01922448094598,TalChhapar_TC,2022-03-01,2023-12-01,Mar22→Dec23
37.06242769607397,444548.5237480008,3075253.344192487,444534.2324260764,3075219.1479695323,FALSE,176.88703689062663,TalChhapar_TC,2022-03-01,2023-12-01,Mar22→Dec23
35.12726107536441,444555.7172163971,3075246.938763971,444534.2324260764,3075219.1479695323,FALSE,170.89704358440932,TalChhapar_TC,2022-03-01,2023-12-01,Mar22→Dec23
29.663847970047495,444562.32463145163,3075238.5474135242,444568.787676104,3075209.5961971385,FALSE,163.20865838999006,TalChhapar_TC,2022-03-01,2023-12-01,Mar22→Dec23
17.049505833671216,444556.15202449536,3075221.0428541875,444568.787676104,3075209.5961971385,TRUE,145.13516829384548,TalChhapar_TC,2022-03-01,2023-12-01,Mar22→Dec23
49.33589847373774,444564.21801703784,3075265.4955820143,444590.657670327,3075223.842543564,FALSE,190.19132616642108,TalChhapar_TC,2022-03-01,2023-12-01,Mar22→Dec23
12.154846633989974,444578.5857604406,3075225.2600372643,444590.657670327,3075223.842543564,FALSE,153.04487433594065,TalChhapar_TC,2022-03-01,2023-12-01,Mar22→Dec23
10.20153280427512,444565.8590913769,3075219.3683342156,444568.787676104,3075209.5961971385,TRUE,144.7244716958299,TalChhapar_TC,2022-03-01,2023-12-01,Mar22→Dec23
19.279984340511625,444584.60904025665,3075242.149150853,444590.657670327,3075223.842543564,FALSE,170.88983543604925,TalChhapar_TC,2022-03-01,2023-12-01,Mar22→Dec23
27.594050405440875,444597.4048392927,3075250.5989881842,444590.657670327,3075223.842543564,FALSE,182.53232453745014,TalChhapar_TC,2022-03-01,2023-12-01,Mar22→Dec23
3.951880915459911,192641.72776722023,2441142.856511641,192642.01834739716,2441146.797694957,TRUE,29.560683414672454,Velavadar_LEK1,2013-12-01,2014-02-01,Dec13→Feb14
4.904696621377254,192633.04247144668,2441157.393237133,192633.4906199501,2441162.2774168868,TRUE,44.2008968055691,Velavadar_LEK1,2013-12-01,2014-02-01,Dec13→Feb14
17.094948026778148,192657.00427965884,2441159.650138147,192666.3859692461,2441145.35954164,TRUE,49.81314431030533,Velavadar_LEK1,2013-12-01,2014-02-01,Dec13→Feb14
5.941480617636896,192676.32961564616,2441173.2683456144,192677.72707440326,2441179.0431443946,TRUE,70.86559091313009,Velavadar_LEK1,2013-12-01,2014-02-01,Dec13→Feb14
9.218325158237276,192670.3548844469,2441173.5088572707,192677.72707440326,2441179.0431443946,TRUE,68.05478302464915,Velavadar_LEK1,2013-12-01,2014-02-01,Dec13→Feb14
18.120057671580582,192659.64942756738,2441180.2821661453,192677.72707440326,2441179.0431443946,TRUE,70.12514930196501,Velavadar_LEK1,2013-12-01,2014-02-01,Dec13→Feb14
27.562065162723272,192640.6286680338,2441195.0206696466,192615.00977057067,2441205.186274833,TRUE,81.55460292186675,Velavadar_LEK1,2013-12-01,2014-02-01,Dec13→Feb14
16.103084401414513,192625.76923495764,2441193.2053210586,192615.00977057067,2441205.186274833,TRUE,80.67653868134686,Velavadar_LEK1,2013-12-01,2014-02-01,Dec13→Feb14
14.23439263243369,192635.03360208927,2441176.4279341823,192633.4906199501,2441162.2774168868,TRUE,63.00963660292102,Velavadar_LEK1,2013-12-01,2014-02-01,Dec13→Feb14
3.584284352782988,192598.59583853948,2441163.6393852537,192601.52200149372,2441165.709328414,TRUE,63.92699838415553,Velavadar_LEK1,2013-12-01,2014-02-01,Dec13→Feb14
4.292530424045421,192615.38969677367,2441136.930392206,192615.91387446364,2441141.1907977257,TRUE,32.73726208659044,Velavadar_LEK1,2013-12-01,2014-02-01,Dec13→Feb14
3.8204638261291786,192600.69946982054,2441118.2674995167,192601.23637254536,2441122.0500488305,TRUE,37.85583155122493,Velavadar_LEK1,2013-12-01,2014-02-01,Dec13→Feb14
4.574113737883467,192640.2964316195,2441114.2120986097,192639.553125031,2441118.7254135557,TRUE,2.162817498343529,Velavadar_LEK1,2013-12-01,2014-02-01,Dec13→Feb14
3.7197842519307733,192674.74007174582,2441123.757581245,192675.1148096944,2441127.458441463,TRUE,37.900392147394534,Velavadar_LEK1,2013-12-01,2014-02-01,Dec13→Feb14
4.82072129478836,192665.66362184915,2441140.593246639,192666.3859692461,2441145.35954164,TRUE,38.539557928584486,Velavadar_LEK1,2013-12-01,2014-02-01,Dec13→Feb14
16.38946323389046,192658.91578543046,2441129.9496496017,192675.1148096944,2441127.458441463,TRUE,26.40984603997859,Velavadar_LEK1,2013-12-01,2014-02-01,Dec13→Feb14
7.497045317325158,192671.65342709195,2441150.6942933993,192666.3859692461,2441145.35954164,TRUE,49.988904026416975,Velavadar_LEK1,2013-12-01,2014-02-01,Dec13→Feb14
10.699870803383531,192680.90516215545,2441136.4561663745,192675.1148096944,2441127.458441463,TRUE,48.43634345613616,Velavadar_LEK1,2013-12-01,2014-02-01,Dec13→Feb14
22.85761809203608,192689.22399682458,2441154.190725405,192701.00329143292,2441134.601980591,TRUE,65.21982280853712,Velavadar_LEK1,2013-12-01,2014-02-01,Dec13→Feb14
3.8444121737057175,192565.8877106288,2441163.225438314,192566.11369513202,2441167.063202763,TRUE,87.80336872787868,Velavadar_LEK1,2013-12-01,2014-02-01,Dec13→Feb14
4.06315643693826,192575.77766720875,2441130.644284782,192576.67271121428,2441134.607633929,TRUE,64.78575269947312,Velavadar_LEK1,2013-12-01,2014-02-01,Dec13→Feb14
4.813188327589965,192553.91696778603,2441121.1628738805,192550.79390472872,2441124.82528552,TRUE,84.68436128112197,Velavadar_LEK1,2013-12-01,2014-02-01,Dec13→Feb14
31.873239113365024,192645.49350498896,2441214.494620953,192615.00977057067,2441205.186274833,TRUE,101.25311619893031,Velavadar_LEK1,2013-12-01,2014-02-01,Dec13→Feb14
27.14744857013091,192694.79284279677,2441200.1557830977,192677.72707440326,2441179.0431443946,TRUE,103.46862247947458,Velavadar_LEK1,2013-12-01,2014-02-01,Dec13→Feb14
23.89682405967866,192701.36309048976,2441182.5640737745,192677.72707440326,2441179.0431443946,TRUE,93.55488755194132,Velavadar_LEK1,2013-12-01,2014-02-01,Dec13→Feb14
4.865896988992559,192727.59899756062,2441173.691721889,192730.0734960041,2441177.8814487252,TRUE,107.7288169109545,Velavadar_LEK1,2013-12-01,2014-02-01,Dec13→Feb14
4.993083699719975,192615.50447643758,2441200.2177588637,192615.00977057067,2441205.186274833,TRUE,89.65153280521804,Velavadar_LEK1,2013-12-01,2014-02-01,Dec13→Feb14
4.105768382093404,192657.42098448757,2441107.6230538804,192657.26424605818,2441111.725829413,TRUE,20.047948283719112,Velavadar_LEK1,2013-12-01,2014-02-01,Dec13→Feb14
3.991379905634133,192680.90113327454,2441101.1576490207,192680.194674465,2441105.0860112114,TRUE,44.3974034604949,Velavadar_LEK1,2013-12-01,2014-02-01,Dec13→Feb14
4.256159502721347,192674.3945057934,2441086.91751481,192670.18404574064,2441086.295485987,TRUE,44.864246881037445,Velavadar_LEK1,2013-12-01,2014-02-01,Dec13→Feb14
4.891591141788136,192669.18142689345,2441081.507749638,192670.18404574064,2441086.295485987,TRUE,44.497781514445855,Velavadar_LEK1,2013-12-01,2014-02-01,Dec13→Feb14
14.085963313611863,192656.30397386424,2441088.695062445,192670.18404574064,2441086.295485987,TRUE,30.677668830802332,Velavadar_LEK1,2013-12-01,2014-02-01,Dec13→Feb14
5.396633006981497,192636.962153084,2441090.1874272036,192637.65538495057,2441095.539349979,TRUE,23.348983393035248,Velavadar_LEK1,2013-12-01,2014-02-01,Dec13→Feb14
4.270964024328923,192621.98594762146,2441091.966130244,192622.90521270764,2441096.1369917137,TRUE,26.9885943842493,Velavadar_LEK1,2013-12-01,2014-02-01,Dec13→Feb14
4.149636263394899,192638.81437370804,2441070.2105926136,192640.05720388546,2441074.169740788,TRUE,43.29368134851364,Velavadar_LEK1,2013-12-01,2014-02-01,Dec13→Feb14
4.653029282443678,192653.9448100609,2441053.999764188,192656.0773840082,2441058.135318548,TRUE,61.535008331292424,Velavadar_LEK1,2013-12-01,2014-02-01,Dec13→Feb14
3.61886968407126,192690.10178502876,2441049.2066073413,192691.47966038575,2441052.5529004084,TRUE,82.59490661726255,Velavadar_LEK1,2013-12-01,2014-02-01,Dec13→Feb14
4.863909345288407,192718.09876420838,2441044.387042667,192718.609500247,2441049.2240627017,TRUE,105.60246278873545,Velavadar_LEK1,2013-12-01,2014-02-01,Dec13→Feb14
4.485705092810817,192701.61105707794,2441077.2208857266,192700.62411718967,2441081.5966713517,TRUE,73.00918104916629,Velavadar_LEK1,2013-12-01,2014-02-01,Dec13→Feb14
5.363171244255354,192723.88284369418,2441075.85718853,192724.4227605873,2441081.193113524,TRUE,93.53786702290927,Velavadar_LEK1,2013-12-01,2014-02-01,Dec13→Feb14
17.006095857189695,192698.82840695465,2441103.780162957,192715.78508179187,2441102.4846033216,TRUE,61.349402839895454,Velavadar_LEK1,2013-12-01,2014-02-01,Dec13→Feb14
3.753431375018162,192742.6470816253,2441105.4018520424,192743.22730537725,2441109.110165336,TRUE,104.70678356094739,Velavadar_LEK1,2013-12-01,2014-02-01,Dec13→Feb14
37.09337902608571,192761.33391268377,2441076.7362632016,192743.22730537725,2441109.110165336,TRUE,128.4534553269244,Velavadar_LEK1,2013-12-01,2014-02-01,Dec13→Feb14
4.836873264519963,192598.44054159202,2441063.1961208335,192600.671307437,2441067.487860192,TRUE,64.15337152509836,Velavadar_LEK1,2013-12-01,2014-02-01,Dec13→Feb14
31.596097210433925,192612.84134805878,2441038.3296114416,192600.671307437,2441067.487860192,TRUE,79.35040229567059,Velavadar_LEK1,2013-12-01,2014-02-01,Dec13→Feb14
5.5097911334673615,192660.24550090055,2441035.3603718146,192662.79974760354,2441040.2423408963,TRUE,81.17591800681015,Velavadar_LEK1,2013-12-01,2014-02-01,Dec13→Feb14
4.438512183404539,192587.83536917513,2441087.86462841,192590.0226829421,2441091.726758507,TRUE,56.56183854572979,Velavadar_LEK1,2013-12-01,2014-02-01,Dec13→Feb14
4.006039898971801,192700.5358964922,2441130.6233002017,192701.00329143292,2441134.601980591,TRUE,64.5927441990622,Velavadar_LEK1,2013-12-01,2014-02-01,Dec13→Feb14
25.734540386994542,192667.6330944898,2441014.965764253,192662.79974760354,2441040.2423408963,TRUE,102.82147429516843,Velavadar_LEK1,2013-12-01,2014-02-01,Dec13→Feb14
35.15910508961918,192642.07511901192,2441227.6279678275,192615.00977057067,2441205.186274833,FALSE,114.19127153803657,Velavadar_LEK1,2013-12-01,2014-02-01,Dec13→Feb14
15.040459509023533,192610.15057272412,2441178.028548388,192601.52200149372,2441165.709328414,TRUE,70.38218145906501,Velavadar_LEK1,2013-12-01,2014-02-01,Dec13→Feb14
6.608525629255434,192641.8625758352,2441140.191005452,192642.01834739716,2441146.797694957,TRUE,26.933199136504683,Velavadar_LEK1,2013-12-01,2014-02-01,Dec13→Feb14
11.859348129051861,192631.26124591712,2441082.1243156646,192640.05720388546,2441074.169740788,TRUE,32.14611123372103,Velavadar_LEK1,2013-12-01,2014-02-01,Dec13→Feb14
3.9690457170403595,192564.62359557464,2441082.558703249,192566.26884311356,2441086.170695004,TRUE,79.86762248707605,Velavadar_LEK1,2013-12-01,2014-02-01,Dec13→Feb14
18.274752724382118,192597.6480085752,2441140.6209464446,192615.91387446364,2441141.1907977257,TRUE,48.82986191543935,Velavadar_LEK1,2013-12-01,2014-02-01,Dec13→Feb14
1.0343255661385748,192670.06456453842,2441085.2680845954,192670.18404574064,2441086.295485987,TRUE,42.53223458952145,Velavadar_LEK1,2013-12-01,2014-02-01,Dec13→Feb14
3.804752573428214,192619.64956457505,2441109.475300902,192620.46532004222,2441113.1915739225,TRUE,19.034905211753195,Velavadar_LEK1,2013-12-01,2014-02-01,Dec13→Feb14
3.5631688913715873,192616.64344279183,2441111.825319645,192617.4058105948,2441115.305975888,TRUE,21.675376849731688,Velavadar_LEK1,2013-12-01,2014-02-01,Dec13→Feb14
7.866657109524305,192678.76667669887,2441120.490790391,192675.1148096944,2441127.458441463,TRUE,41.111322606061975,Velavadar_LEK1,2013-12-01,2014-02-01,Dec13→Feb14
24.299160734293746,192758.4507704042,2441166.362536349,192741.1935638066,2441149.2558700214,FALSE,131.30745680803668,Velavadar_LEK1,2013-12-01,2014-02-01,Dec13→Feb14
3.0106770238084026,192616.4659408927,2441273.1546827145,192616.75723012327,2441276.151235188,FALSE,161.13388754607408,Velavadar_LEK1,2013-12-01,2014-02-01,Dec13→Feb14
154.47418504747634,192854.19794280385,2440975.210225542,192718.609500247,2441049.2240627017,FALSE,256.42939866162436,Velavadar_LEK1,2013-12-01,2014-02-01,Dec13→Feb14
36.13314164585223,192519.94750117196,2441073.3938130303,192543.26022325997,2441101.000350554,FALSE,124.91989684730686,Velavadar_LEK1,2013-12-01,2014-02-01,Dec13→Feb14
4.745921413601456,192562.98841941223,2440993.8976714616,192564.1778600691,2440998.4921247466,FALSE,141.31445812637332,Velavadar_LEK1,2013-12-01,2014-02-01,Dec13→Feb14
20.41223937778154,192576.35478722246,2441041.597299635,192556.9550488849,2441047.946289228,TRUE,94.87676845524939,Velavadar_LEK1,2013-12-01,2014-02-01,Dec13→Feb14
4.827385914439735,192504.65891364054,2441124.850296199,192505.41119888937,2441129.6187049136,FALSE,134.07630592419255,Velavadar_LEK1,2013-12-01,2014-02-01,Dec13→Feb14
15.070426393699771,192648.16263386817,2441271.4699155265,192658.34295805008,2441282.582014844,FALSE,158.27972479914476,Velavadar_LEK1,2013-12-01,2014-02-01,Dec13→Feb14
46.45907268565195,192684.23827624862,2441225.0436844495,192677.72707440326,2441179.0431443946,FALSE,120.64992702101074,Velavadar_LEK1,2013-12-01,2014-02-01,Dec13→Feb14
34.137531032025336,192649.5577671937,2441249.594267928,192658.34295805008,2441282.582014844,FALSE,136.56225439654932,Velavadar_LEK1,2013-12-01,2014-02-01,Dec13→Feb14
57.83431469223789,192697.39212073386,2441239.9208984775,192658.34295805008,2441282.582014844,FALSE,139.5686207873464,Velavadar_LEK1,2013-12-01,2014-02-01,Dec13→Feb14
24.53579064864775,192614.33120406925,2441229.7126804045,192615.00977057067,2441205.186274833,FALSE,118.64879202470107,Velavadar_LEK1,2013-12-01,2014-02-01,Dec13→Feb14
2.2833078247523426,192682.3080789749,2441104.221710338,192680.194674465,2441105.0860112114,TRUE,45.02068924587772,Velavadar_LEK1,2013-12-01,2014-02-01,Dec13→Feb14
16.39992383253277,192694.50593793782,2441119.5440292275,192701.00329143292,2441134.601980591,TRUE,56.575661246210856,Velavadar_LEK1,2013-12-01,2014-02-01,Dec13→Feb14
5.477153495665659,192660.80611161393,2441111.9288783954,192657.42098448757,2441107.6230538804,TRUE,13.100346971622123,Velavadar_LEK1,2014-02-01,2014-10-01,Feb14→Oct14
5.913782977712013,192667.44980682008,2441146.230832324,192665.66362184915,2441140.593246639,TRUE,24.28745897964196,Velavadar_LEK1,2014-02-01,2014-10-01,Feb14→Oct14
5.295568663765507,192644.1273665325,2441117.8681873893,192640.2964316195,2441114.2120986097,TRUE,14.259181166899001,Velavadar_LEK1,2014-02-01,2014-10-01,Feb14→Oct14
4.84876021302852,192643.89145935304,2441147.1957410607,192641.72776722023,2441142.856511641,TRUE,26.19574049752705,Velavadar_LEK1,2014-02-01,2014-10-01,Feb14→Oct14
5.4376322573813685,192675.45765591867,2441129.1476570815,192674.74007174582,2441123.757581245,TRUE,19.25031743439209,Velavadar_LEK1,2014-02-01,2014-10-01,Feb14→Oct14
4.240815997857627,192645.0174861339,2441145.5327533707,192641.72776722023,2441142.856511641,TRUE,24.194323540891357,Velavadar_LEK1,2014-02-01,2014-10-01,Feb14→Oct14
5.4795610859357335,192635.81211829698,2441162.121307143,192633.04247144668,2441157.393237133,TRUE,43.16582913696664,Velavadar_LEK1,2014-02-01,2014-10-01,Feb14→Oct14
6.698119645263669,192683.02214637003,2441156.7209146707,192689.22399682458,2441154.190725405,TRUE,41.61766957259301,Velavadar_LEK1,2014-02-01,2014-10-01,Feb14→Oct14
2.861167299759047,192658.82507229358,2441161.857170657,192657.00427965884,2441159.650138147,TRUE,37.50968162754021,Velavadar_LEK1,2014-02-01,2014-10-01,Feb14→Oct14
4.701561404252122,192621.99506335618,2441113.5500174696,192619.64956457505,2441109.475300902,TRUE,36.45890266094599,Velavadar_LEK1,2014-02-01,2014-10-01,Feb14→Oct14
1.5580036738719814,192682.44374286826,2441105.773796275,192682.3080789749,2441104.221710338,TRUE,31.694514203684445,Velavadar_LEK1,2014-02-01,2014-10-01,Feb14→Oct14
17.044715639192656,192682.1906540756,2441070.494923509,192669.18142689345,2441081.507749638,TRUE,59.58689317985998,Velavadar_LEK1,2014-02-01,2014-10-01,Feb14→Oct14
4.703494867332555,192639.7955788104,2441074.810603539,192638.81437370804,2441070.2105926136,TRUE,52.42630332940859,Velavadar_LEK1,2014-02-01,2014-10-01,Feb14→Oct14
4.061181589930641,192598.1737669148,2441067.248530879,192598.44054159202,2441063.1961208335,TRUE,81.87634471613323,Velavadar_LEK1,2014-02-01,2014-10-01,Feb14→Oct14
4.6528124140869105,192654.3708345284,2441058.6330315573,192653.9448100609,2441053.999764188,TRUE,65.81398260378533,Velavadar_LEK1,2014-02-01,2014-10-01,Feb14→Oct14
6.637711662578452,192746.29736253992,2441110.9457374453,192742.6470816253,2441105.4018520424,TRUE,90.50190657652881,Velavadar_LEK1,2014-02-01,2014-10-01,Feb14→Oct14
19.168862606099786,192717.61853158503,2441099.988526109,192698.82840695465,2441103.780162957,TRUE,65.53428538285526,Velavadar_LEK1,2014-02-01,2014-10-01,Feb14→Oct14
5.016990199366314,192702.9815938956,2441106.5946307387,192698.82840695465,2441103.780162957,TRUE,49.494581223665314,Velavadar_LEK1,2014-02-01,2014-10-01,Feb14→Oct14
22.003825292441423,192728.04620428797,2441121.8634044747,192742.6470816253,2441105.4018520424,TRUE,71.2899862845965,Velavadar_LEK1,2014-02-01,2014-10-01,Feb14→Oct14
4.491290804943474,192703.11939085438,2441134.297160566,192700.5358964922,2441130.6233002017,TRUE,47.36311748384495,Velavadar_LEK1,2014-02-01,2014-10-01,Feb14→Oct14
24.119387875275887,192740.19380457437,2441150.6009352193,192758.4507704042,2441166.362536349,TRUE,87.41089949702352,Velavadar_LEK1,2014-02-01,2014-10-01,Feb14→Oct14
6.856428700109333,192726.92314427643,2441082.0026898836,192723.88284369418,2441075.85718853,TRUE,81.94367208919917,Velavadar_LEK1,2014-02-01,2014-10-01,Feb14→Oct14
6.369080858239036,192719.19575395505,2441050.660941333,192718.09876420838,2441044.387042667,TRUE,96.59612747244515,Velavadar_LEK1,2014-02-01,2014-10-01,Feb14→Oct14
6.780269725538663,192703.40141592704,2441083.760509014,192701.61105707794,2441077.2208857266,TRUE,61.8328263129983,Velavadar_LEK1,2014-02-01,2014-10-01,Feb14→Oct14
3.766695122066242,192676.16364292672,2441090.242893878,192674.3945057934,2441086.91751481,TRUE,39.265093191975375,Velavadar_LEK1,2014-02-01,2014-10-01,Feb14→Oct14
3.8832818702315897,192659.31258115714,2441039.1299260105,192660.24550090055,2441035.3603718146,TRUE,85.30915695485035,Velavadar_LEK1,2014-02-01,2014-10-01,Feb14→Oct14
30.172802600746333,192759.15533242607,2441046.6422138754,192761.33391268377,2441076.7362632016,FALSE,128.54152101872572,Velavadar_LEK1,2014-02-01,2014-10-01,Feb14→Oct14
3.202869402920458,192761.10365021444,2441079.930844803,192761.33391268377,2441076.7362632016,FALSE,113.3871508562799,Velavadar_LEK1,2014-02-01,2014-10-01,Feb14→Oct14
45.41241029579048,192782.92201252974,2441126.3831996997,192742.6470816253,2441105.4018520424,FALSE,126.13613541128916,Velavadar_LEK1,2014-02-01,2014-10-01,Feb14→Oct14
18.20258024704748,192676.82190573495,2441208.420466468,192684.23827624862,2441225.0436844495,TRUE,86.37072666379004,Velavadar_LEK1,2014-02-01,2014-10-01,Feb14→Oct14
8.417929613227543,192688.56836624932,2441232.2625388987,192684.23827624862,2441225.0436844495,TRUE,112.4411343455049,Velavadar_LEK1,2014-02-01,2014-10-01,Feb14→Oct14
4.565641582556659,192757.70282450807,2441170.866496828,192758.4507704042,2441166.362536349,FALSE,111.08568309540003,Velavadar_LEK1,2014-02-01,2014-10-01,Feb14→Oct14
7.896429293339457,192639.93516585598,2441182.618916998,192635.03360208927,2441176.4279341823,TRUE,60.61078248378266,Velavadar_LEK1,2014-02-01,2014-10-01,Feb14→Oct14
4.714569555322435,192578.1533948211,2441134.7165181255,192575.77766720875,2441130.644284782,TRUE,79.32150516985135,Velavadar_LEK1,2014-02-01,2014-10-01,Feb14→Oct14
15.639240017375062,192669.12953567173,2441192.7205494265,192659.64942756738,2441180.2821661453,TRUE,69.42182930091003,Velavadar_LEK1,2014-02-01,2014-10-01,Feb14→Oct14
5.829525747102609,192729.31634028791,2441179.262548075,192727.59899756062,2441173.691721889,TRUE,90.92897457811117,Velavadar_LEK1,2014-02-01,2014-10-01,Feb14→Oct14
4.817363014140885,192649.37743176264,2441217.3445506413,192645.49350498896,2441214.494620953,TRUE,93.23846826167345,Velavadar_LEK1,2014-02-01,2014-10-01,Feb14→Oct14
23.798375427090896,192614.9408646935,2441136.2788747703,192621.99506335618,2441113.5500174696,TRUE,65.9669193348079,Velavadar_LEK1,2014-10-01,2015-05-01,Oct14→May15
4.586847764098199,192631.29489325878,2441161.3251599423,192635.81211829698,2441162.121307143,TRUE,62.659480637355294,Velavadar_LEK1,2014-10-01,2015-05-01,Oct14→May15
35.078083098713726,192599.1651951098,2441162.805237614,192578.1533948211,2441134.7165181255,TRUE,90.27749643678592,Velavadar_LEK1,2014-10-01,2015-05-01,Oct14→May15
31.743079953393448,192608.47409965086,2441178.3970171693,192639.93516585598,2441182.618916998,TRUE,91.1219570750322,Velavadar_LEK1,2014-10-01,2015-05-01,Oct14→May15
5.753068015970041,192635.91809827398,2441178.500548433,192639.93516585598,2441182.618916998,TRUE,72.07008794428263,Velavadar_LEK1,2014-10-01,2015-05-01,Oct14→May15
16.59139287715842,192658.24780599884,2441180.196082295,192669.12953567173,2441192.7205494265,TRUE,62.96619963631093,Velavadar_LEK1,2014-10-01,2015-05-01,Oct14→May15
18.126294969314554,192675.09498110856,2441175.604006842,192669.12953567173,2441192.7205494265,TRUE,54.97876017022474,Velavadar_LEK1,2014-10-01,2015-05-01,Oct14→May15
5.918647807204507,192685.7626340891,2441161.9668768253,192683.02214637003,2441156.7209146707,TRUE,41.740511157065626,Velavadar_LEK1,2014-10-01,2015-05-01,Oct14→May15
4.191184984594711,192727.61723436858,2441175.431220544,192729.31634028791,2441179.262548075,TRUE,73.11632906352479,Velavadar_LEK1,2014-10-01,2015-05-01,Oct14→May15
25.78438208150662,192708.31913804513,2441164.297526949,192729.31634028791,2441179.262548075,TRUE,52.44984195928763,Velavadar_LEK1,2014-10-01,2015-05-01,Oct14→May15
3.95811589860912,192738.00208823662,2441147.305019419,192740.19380457437,2441150.6009352193,TRUE,64.6417674357518,Velavadar_LEK1,2014-10-01,2015-05-01,Oct14→May15
1.7846351985117996,192757.50813574914,2441169.092512871,192757.70282450807,2441170.866496828,TRUE,92.13899145447056,Velavadar_LEK1,2014-10-01,2015-05-01,Oct14→May15
6.434652002104497,192672.84981423215,2441203.358131485,192676.82190573495,2441208.420466468,TRUE,82.82286973927015,Velavadar_LEK1,2014-10-01,2015-05-01,Oct14→May15
18.39266469278932,192693.37348798552,2441200.3995413654,192676.82190573495,2441208.420466468,TRUE,80.90771227003201,Velavadar_LEK1,2014-10-01,2015-05-01,Oct14→May15
4.668666058966997,192574.96696673904,2441131.304316659,192578.1533948211,2441134.7165181255,FALSE,104.62328121548705,Velavadar_LEK1,2014-10-01,2015-05-01,Oct14→May15
37.992841321646125,192563.96220553643,2441083.772000846,192598.1737669148,2441067.248530879,FALSE,120.89605439912192,Velavadar_LEK1,2014-10-01,2015-05-01,Oct14→May15
24.591705696366578,192585.05614411517,2441088.0494914614,192598.1737669148,2441067.248530879,FALSE,99.53361798812965,Velavadar_LEK1,2014-10-01,2015-05-01,Oct14→May15
3.501857491522282,192597.02007091156,2441063.9421746638,192598.1737669148,2441067.248530879,FALSE,99.79725733228048,Velavadar_LEK1,2014-10-01,2015-05-01,Oct14→May15
17.66708119799155,192609.5686399592,2441080.7497392087,192598.1737669148,2441067.248530879,TRUE,80.18920875109676,Velavadar_LEK1,2014-10-01,2015-05-01,Oct14→May15
5.43929385935607,192618.06816129858,2441109.786328067,192621.99506335618,2441113.5500174696,TRUE,61.971048391448,Velavadar_LEK1,2014-10-01,2015-05-01,Oct14→May15
23.57227975680052,192598.9425788726,2441118.4729568423,192621.99506335618,2441113.5500174696,TRUE,80.14867948918221,Velavadar_LEK1,2014-10-01,2015-05-01,Oct14→May15
6.940076918626365,192656.80411893158,2441106.258894074,192660.80611161393,2441111.9288783954,TRUE,26.56642579217761,Velavadar_LEK1,2014-10-01,2015-05-01,Oct14→May15
17.94448207892121,192635.3045346167,2441092.1840015696,192639.7955788104,2441074.810603539,TRUE,52.263381722043185,Velavadar_LEK1,2014-10-01,2015-05-01,Oct14→May15
11.866722314114204,192668.11271955573,2441081.5249966914,192676.16364292672,2441090.242893878,TRUE,40.74118166140966,Velavadar_LEK1,2014-10-01,2015-05-01,Oct14→May15
4.9098210104956035,192637.24171719135,2441070.6172596244,192639.7955788104,2441074.810603539,TRUE,65.29747154470742,Velavadar_LEK1,2014-10-01,2015-05-01,Oct14→May15
19.944681904480486,192656.31522125885,2441092.200058553,192676.16364292672,2441090.242893878,TRUE,36.51568815058454,Velavadar_LEK1,2014-10-01,2015-05-01,Oct14→May15
5.8368876622618435,192673.01249086036,2441123.8476169477,192675.45765591867,2441129.1476570815,TRUE,6.784914244687954,Velavadar_LEK1,2014-10-01,2015-05-01,Oct14→May15
3.5594708771528585,192665.03717870842,2441143.613761725,192667.44980682008,2441146.230832324,TRUE,26.805030137859323,Velavadar_LEK1,2014-10-01,2015-05-01,Oct14→May15
5.316757750840736,192655.87385026,2441157.4347051126,192658.82507229358,2441161.857170657,TRUE,43.381429030524835,Velavadar_LEK1,2014-10-01,2015-05-01,Oct14→May15
6.133992648907023,192639.5094269766,2441142.833281175,192645.0174861339,2441145.5327533707,TRUE,45.28778769412287,Velavadar_LEK1,2014-10-01,2015-05-01,Oct14→May15
6.214898801337786,192639.582339085,2441113.6293558744,192644.1273665325,2441117.8681873893,TRUE,40.116362724203675,Velavadar_LEK1,2014-10-01,2015-05-01,Oct14→May15
5.972034911325638,192701.4909928089,2441078.1022862815,192703.40141592704,2441083.760509014,TRUE,48.20383870004158,Velavadar_LEK1,2014-10-01,2015-05-01,Oct14→May15
6.9325607442653805,192713.38818136917,2441094.4963011025,192717.61853158503,2441099.988526109,TRUE,43.2290705232862,Velavadar_LEK1,2014-10-01,2015-05-01,Oct14→May15
6.581912463451333,192697.68317701283,2441102.68971714,192702.9815938956,2441106.5946307387,TRUE,25.95607474836609,Velavadar_LEK1,2014-10-01,2015-05-01,Oct14→May15
5.630928446233614,192699.08119977266,2441130.3728303104,192703.11939085438,2441134.297160566,TRUE,22.207212369467115,Velavadar_LEK1,2014-10-01,2015-05-01,Oct14→May15
14.016572775756542,192710.96172018693,2441145.9144831067,192703.11939085438,2441134.297160566,TRUE,40.622084192473345,Velavadar_LEK1,2014-10-01,2015-05-01,Oct14→May15
10.308737623214352,192696.9609145152,2441142.5641576364,192703.11939085438,2441134.297160566,TRUE,28.205678615009152,Velavadar_LEK1,2014-10-01,2015-05-01,Oct14→May15
22.141119731305174,192707.62614102603,2441183.708269494,192729.31634028791,2441179.262548075,TRUE,69.11987678379161,Velavadar_LEK1,2014-10-01,2015-05-01,Oct14→May15
31.257068181338827,192614.2645771248,2441200.4521776503,192639.93516585598,2441182.618916998,TRUE,102.70228280204918,Velavadar_LEK1,2014-10-01,2015-05-01,Oct14→May15
55.45703531805743,192566.87533186987,2441189.014658631,192578.1533948211,2441134.7165181255,FALSE,131.3110948593479,Velavadar_LEK1,2014-10-01,2015-05-01,Oct14→May15
31.79764731396981,192563.36310833914,2441162.8650136534,192578.1533948211,2441134.7165181255,FALSE,123.11592395067589,Velavadar_LEK1,2014-10-01,2015-05-01,Oct14→May15
6.791398901467231,192721.84627759364,2441077.4917560862,192726.92314427643,2441082.0026898836,TRUE,60.85772323600564,Velavadar_LEK1,2014-10-01,2015-05-01,Oct14→May15
3.1698702949398623,192759.9975993075,2441076.960200247,192761.10365021444,2441079.930844803,TRUE,92.03426289045237,Velavadar_LEK1,2014-10-01,2015-05-01,Oct14→May15
17.84460790315226,192702.75405663333,2441065.927647293,192703.40141592704,2441083.760509014,TRUE,59.74095180254835,Velavadar_LEK1,2014-10-01,2015-05-01,Oct14→May15
8.320930986900233,192679.1092209015,2441062.7655857573,192682.1906540756,2441070.494923509,TRUE,58.00272957875949,Velavadar_LEK1,2014-10-01,2015-05-01,Oct14→May15
3.792120398623449,192652.80527893046,2441055.1791623086,192654.3708345284,2441058.6330315573,TRUE,70.64813943924295,Velavadar_LEK1,2014-10-01,2015-05-01,Oct14→May15
2.6206512423944024,192658.2338713357,2441036.741579709,192659.31258115714,2441039.1299260105,TRUE,86.5687523893373,Velavadar_LEK1,2014-10-01,2015-05-01,Oct14→May15
21.787633319897886,192689.25575062993,2441049.8846014263,192682.1906540756,2441070.494923509,TRUE,71.61343465043967,Velavadar_LEK1,2014-10-01,2015-05-01,Oct14→May15
32.33749186695018,192630.7563831173,2441023.9557066318,192659.31258115714,2441039.1299260105,FALSE,108.19316149587023,Velavadar_LEK1,2014-10-01,2015-05-01,Oct14→May15
34.34605538528955,192608.88209445588,2441034.614449893,192598.1737669148,2441067.248530879,FALSE,111.11793881976965,Velavadar_LEK1,2014-10-01,2015-05-01,Oct14→May15
4.7912231279624375,192756.96435408317,2441042.381294613,192759.15533242607,2441046.6422138754,FALSE,110.51634121804064,Velavadar_LEK1,2014-10-01,2015-05-01,Oct14→May15
3.572393911609293,192781.05557048495,2441123.3371543367,192782.92201252974,2441126.3831996997,TRUE,102.02953037317792,Velavadar_LEK1,2014-10-01,2015-05-01,Oct14→May15
26.932505236777804,192780.35194911045,2441153.192798957,192782.92201252974,2441126.3831996997,FALSE,106.35664006004234,Velavadar_LEK1,2014-10-01,2015-05-01,Oct14→May15
48.8034805697278,192555.04641941813,2441044.4053346575,192598.1737669148,2441067.248530879,FALSE,145.63745676424554,Velavadar_LEK1,2014-10-01,2015-05-01,Oct14→May15
33.74320992504486,192574.53204168275,2441043.172130731,192598.1737669148,2441067.248530879,FALSE,130.18033906020244,Velavadar_LEK1,2014-10-01,2015-05-01,Oct14→May15
41.2643427916263,192578.1565956365,2441031.1644784454,192598.1737669148,2441067.248530879,FALSE,134.94448680362484,Velavadar_LEK1,2014-10-01,2015-05-01,Oct14→May15
80.8524719282688,192561.37581858027,2440995.255244975,192598.1737669148,2441067.248530879,FALSE,172.05438523493396,Velavadar_LEK1,2014-10-01,2015-05-01,Oct14→May15
32.789655196319025,192549.4266555453,2441118.907155758,192578.1533948211,2441134.7165181255,FALSE,129.6450881967,Velavadar_LEK1,2014-10-01,2015-05-01,Oct14→May15
72.52335902676077,192526.1665435048,2441058.611553323,192598.1737669148,2441067.248530879,FALSE,165.04355555695983,Velavadar_LEK1,2014-10-01,2015-05-01,Oct14→May15
75.16840881719652,192503.29394193896,2441127.9082879373,192578.1533948211,2441134.7165181255,FALSE,175.90940473217833,Velavadar_LEK1,2014-10-01,2015-05-01,Oct14→May15
12.177676818141205,192725.62534085504,2441133.7980277585,192728.04620428797,2441121.8634044747,TRUE,48.35551098867229,Velavadar_LEK1,2014-10-01,2015-05-01,Oct14→May15
5.999451788519522,192724.01920056873,2441117.4163084775,192728.04620428797,2441121.8634044747,TRUE,45.08559430144308,Velavadar_LEK1,2014-10-01,2015-05-01,Oct14→May15
5.747635598610773,192743.09492096124,2441106.172930838,192746.29736253992,2441110.9457374453,TRUE,65.67878382623188,Velavadar_LEK1,2014-10-01,2015-05-01,Oct14→May15
49.07570455545072,192596.6819237793,2441205.8047279064,192639.93516585598,2441182.618916998,FALSE,118.3937349490951,Velavadar_LEK1,2014-10-01,2015-05-01,Oct14→May15
12.819131974813688,192640.82939339138,2441226.897622639,192649.37743176264,2441217.3445506413,TRUE,112.80465563009784,Velavadar_LEK1,2014-10-01,2015-05-01,Oct14→May15
36.603691112199556,192614.71710178186,2441229.1128015164,192649.37743176264,2441217.3445506413,FALSE,126.00925811259044,Velavadar_LEK1,2014-10-01,2015-05-01,Oct14→May15
22.292453837975124,192664.54473231616,2441233.681823732,192649.37743176264,2441217.3445506413,TRUE,113.84248547371614,Velavadar_LEK1,2014-10-01,2015-05-01,Oct14→May15
6.609877523995733,192683.7242746282,2441227.7652889336,192688.56836624932,2441232.2625388987,TRUE,107.09868187958523,Velavadar_LEK1,2014-10-01,2015-05-01,Oct14→May15
20.819097873108447,192707.43757565343,2441223.4655068587,192688.56836624932,2441232.2625388987,FALSE,106.5462164166483,Velavadar_LEK1,2014-10-01,2015-05-01,Oct14→May15
33.13582689026878,192647.50617200963,2441250.427498071,192649.37743176264,2441217.3445506413,FALSE,133.4430647716446,Velavadar_LEK1,2014-10-01,2015-05-01,Oct14→May15
65.05737457157794,192615.35584654397,2441272.7971765967,192649.37743176264,2441217.3445506413,FALSE,164.83565975746595,Velavadar_LEK1,2014-10-01,2015-05-01,Oct14→May15
54.005716272593645,192647.4853160939,2441271.317111155,192649.37743176264,2441217.3445506413,FALSE,153.82394240488435,Velavadar_LEK1,2014-10-01,2015-05-01,Oct14→May15
55.60970611729693,192766.86741639616,2441225.715832922,192757.70282450807,2441170.866496828,FALSE,136.8371742884131,Velavadar_LEK1,2014-10-01,2015-05-01,Oct14→May15
90.1057252746966,192613.35263294564,2440961.6268622796,192659.31258115714,2441039.1299260105,FALSE,172.17212530417828,Velavadar_LEK1,2014-10-01,2015-05-01,Oct14→May15
76.59350161914702,192689.81812399032,2440968.8734220644,192659.31258115714,2441039.1299260105,FALSE,152.27548665357148,Velavadar_LEK1,2014-10-01,2015-05-01,Oct14→May15
32.86990323535139,192682.15252554615,2441015.491662982,192659.31258115714,2441039.1299260105,FALSE,105.32208956886411,Velavadar_LEK1,2014-10-01,2015-05-01,Oct14→May15
5.449453126629355,192715.56184843957,2441046.5999968513,192719.19575395505,2441050.660941333,TRUE,82.66461798875761,Velavadar_LEK1,2014-10-01,2015-05-01,Oct14→May15
21.401194429816734,192737.51081895223,2441061.732053164,192719.19575395505,2441050.660941333,TRUE,83.07806422242562,Velavadar_LEK1,2014-10-01,2015-05-01,Oct14→May15
41.90842464589626,192703.30690234847,2441011.881301689,192719.19575395505,2441050.660941333,FALSE,111.55432543898931,Velavadar_LEK1,2014-10-01,2015-05-01,Oct14→May15
5.5854349219581385,192731.95102797094,2441084.435274686,192726.92314427643,2441082.0026898836,TRUE,64.16946309731308,Velavadar_LEK1,2014-10-01,2015-05-01,Oct14→May15
30.721424500677937,192593.17182928912,2441102.918596997,192621.99506335618,2441113.5500174696,TRUE,87.7217872346219,Velavadar_LEK1,2014-10-01,2015-05-01,Oct14→May15
52.42002177912602,192540.5535476125,2441098.1910451893,192578.1533948211,2441134.7165181255,FALSE,140.3328965926153,Velavadar_LEK1,2014-10-01,2015-05-01,Oct14→May15
47.22490364809414,192815.23214759526,2441160.8251319425,192782.92201252974,2441126.3831996997,FALSE,141.9431019521659,Velavadar_LEK1,2014-10-01,2015-05-01,Oct14→May15
17.592958775727165,192680.18808667018,2441104.542825984,192697.68317701283,2441102.68971714,TRUE,19.89139594997019,Velavadar_LEK1,2015-05-01,2015-11-01,May15→Nov15
5.287247355216259,192698.66410674248,2441082.5703619034,192701.4909928089,2441078.1022862815,TRUE,46.19826858090342,Velavadar_LEK1,2015-05-01,2015-11-01,May15→Nov15
5.564743815315584,192672.33321404393,2441085.151813478,192668.11271955573,2441081.5249966914,TRUE,39.82228234461444,Velavadar_LEK1,2015-05-01,2015-11-01,May15→Nov15
7.494523733994829,192675.73760565085,2441130.829137941,192673.01249086036,2441123.8476169477,TRUE,7.2342366028430805,Velavadar_LEK1,2015-05-01,2015-11-01,May15→Nov15
3.4200251218864812,192657.8092130199,2441109.5278935703,192656.80411893158,2441106.258894074,TRUE,25.937805815188362,Velavadar_LEK1,2015-05-01,2015-11-01,May15→Nov15
5.006261511843588,192640.4646348399,2441074.448115424,192637.24171719135,2441070.6172596244,TRUE,63.1259033390254,Velavadar_LEK1,2015-05-01,2015-11-01,May15→Nov15
1.5016788846502953,192697.68824598775,2441104.1913874694,192697.68317701283,2441102.68971714,TRUE,27.487184376911074,Velavadar_LEK1,2015-05-01,2015-11-01,May15→Nov15
4.5877153370284125,192702.12409886596,2441133.806181024,192699.08119977266,2441130.3728303104,TRUE,24.9091074073597,Velavadar_LEK1,2015-05-01,2015-11-01,May15→Nov15
11.992285893032669,192692.06346609694,2441120.648307957,192699.08119977266,2441130.3728303104,TRUE,13.535997642983542,Velavadar_LEK1,2015-05-01,2015-11-01,May15→Nov15
4.656891471264376,192716.11828058143,2441098.268991981,192713.38818136917,2441094.4963011025,TRUE,45.34728328239515,Velavadar_LEK1,2015-05-01,2015-11-01,May15→Nov15
4.375635811311224,192681.05280210357,2441066.685876673,192679.1092209015,2441062.7655857573,TRUE,57.75068830642141,Velavadar_LEK1,2015-05-01,2015-11-01,May15→Nov15
4.791769756172575,192656.25944153807,2441058.500279301,192652.80527893046,2441055.1791623086,TRUE,69.73409411174265,Velavadar_LEK1,2015-05-01,2015-11-01,May15→Nov15
4.618816478398413,192662.17795976833,2441039.1452502557,192658.2338713357,2441036.741579709,TRUE,86.91192038983633,Velavadar_LEK1,2015-05-01,2015-11-01,May15→Nov15
4.189718013580332,192643.03793586878,2441145.0923433765,192639.5094269766,2441142.833281175,TRUE,41.5398386860931,Velavadar_LEK1,2015-05-01,2015-11-01,May15→Nov15
3.403861805839715,192619.8815862335,2441112.6669122437,192618.06816129858,2441109.786328067,TRUE,60.32916725824202,Velavadar_LEK1,2015-05-01,2015-11-01,May15→Nov15
6.146948058258373,192577.4276467528,2441136.937257658,192574.96696673904,2441131.304316659,TRUE,102.40086209309207,Velavadar_LEK1,2015-05-01,2015-11-01,May15→Nov15
3.26445431434493,192724.7573023864,2441120.596224778,192724.01920056873,2441117.4163084775,TRUE,45.85712525656662,Velavadar_LEK1,2015-05-01,2015-11-01,May15→Nov15
2.937217233484419,192744.0818675054,2441108.9393692696,192743.09492096124,2441106.172930838,TRUE,66.83674085318519,Velavadar_LEK1,2015-05-01,2015-11-01,May15→Nov15
3.063670668638786,192637.60366318573,2441094.2088684267,192635.3045346167,2441092.1840015696,TRUE,51.28475501704864,Velavadar_LEK1,2015-05-01,2015-11-01,May15→Nov15
4.004598888888511,192640.99405360897,2441117.3768716333,192639.582339085,2441113.6293558744,TRUE,38.70719984557482,Velavadar_LEK1,2015-05-01,2015-11-01,May15→Nov15
12.982882252055829,192627.89714461286,2441135.44818697,192614.9408646935,2441136.2788747703,TRUE,52.34011952773624,Velavadar_LEK1,2015-05-01,2015-11-01,May15→Nov15
3.6955656032941984,192687.5660687571,2441165.192528469,192685.7626340891,2441161.9668768253,TRUE,41.66819454017335,Velavadar_LEK1,2015-05-01,2015-11-01,May15→Nov15
4.911279443660561,192762.8212573721,2441080.9786104932,192759.9975993075,2441076.960200247,TRUE,94.34945559890998,Velavadar_LEK1,2015-05-01,2015-11-01,May15→Nov15
4.166559655246194,192724.72223422036,2441080.506568326,192721.84627759364,2441077.4917560862,TRUE,63.340400377488876,Velavadar_LEK1,2015-05-01,2015-11-01,May15→Nov15
13.162244004130173,192619.6785335397,2441155.1360684014,192631.29489325878,2441161.3251599423,TRUE,66.86211543917953,Velavadar_LEK1,2015-05-01,2015-11-01,May15→Nov15
6.038054093693141,192600.56446280476,2441068.8304650956,192597.02007091156,2441063.9421746638,TRUE,96.17434214470133,Velavadar_LEK1,2015-05-01,2015-11-01,May15→Nov15
53.18545876324942,192813.18168244255,2441077.3427246804,192759.9975993075,2441076.960200247,FALSE,142.13952816827407,Velavadar_LEK1,2015-05-01,2015-11-01,May15→Nov15
22.382479648208715,192757.24431369384,2441020.0005658977,192756.96435408317,2441042.381294613,FALSE,130.43283048762234,Velavadar_LEK1,2015-05-01,2015-11-01,May15→Nov15
2.8293559001988378,192692.08507132472,2441049.870487035,192689.25575062993,2441049.8846014263,TRUE,75.66147179442106,Velavadar_LEK1,2015-05-01,2015-11-01,May15→Nov15
3.054956361067471,192702.15038938937,2441068.9223666834,192702.75405663333,2441065.927647293,TRUE,60.093621162435134,Velavadar_LEK1,2015-05-01,2015-11-01,May15→Nov15
4.552628577696366,192784.43245310348,2441126.390528003,192781.05557048495,2441123.3371543367,TRUE,105.39282797818215,Velavadar_LEK1,2015-05-01,2015-11-01,May15→Nov15
2.7664223909783763,192782.39079170453,2441155.0626154514,192780.35194911045,2441153.192798957,TRUE,107.78521544897683,Velavadar_LEK1,2015-05-01,2015-11-01,May15→Nov15
4.598510606303621,192730.10136029363,2441179.3010290903,192727.61723436858,2441175.431220544,TRUE,74.96183067262326,Velavadar_LEK1,2015-05-01,2015-11-01,May15→Nov15
6.100547371243204,192681.225071772,2441157.889229655,192685.7626340891,2441161.9668768253,TRUE,33.55713497236177,Velavadar_LEK1,2015-05-01,2015-11-01,May15→Nov15
3.206975949471608,192666.95067263232,2441146.187326518,192665.03717870842,2441143.613761725,TRUE,24.923725041357777,Velavadar_LEK1,2015-05-01,2015-11-01,May15→Nov15
4.693079686494394,192761.5847994117,2441171.417552726,192757.50813574914,2441169.092512871,TRUE,94.97926349519994,Velavadar_LEK1,2015-05-01,2015-11-01,May15→Nov15
4.662879358823172,192569.45480118948,2441192.899086767,192566.87533186987,2441189.014658631,TRUE,129.24697437371793,Velavadar_LEK1,2015-05-01,2015-11-01,May15→Nov15
14.684447529624599,192705.69258852594,2441117.2609068053,192699.08119977266,2441130.3728303104,TRUE,27.574947203035176,Velavadar_LEK1,2015-05-01,2015-11-01,May15→Nov15
4.811886370879637,192696.09358100488,2441204.3688416076,192693.37348798552,2441200.3995413654,TRUE,81.76108558257725,Velavadar_LEK1,2015-05-01,2015-11-01,May15→Nov15
4.950526632917172,192692.80678244482,2440972.820019914,192689.81812399032,2440968.8734220644,FALSE,152.20430463203465,Velavadar_LEK1,2015-05-01,2015-11-01,May15→Nov15
7.789136983674115,192716.9759783707,2441038.9403042016,192715.56184843957,2441046.5999968513,TRUE,93.49580337762866,Velavadar_LEK1,2015-05-01,2015-11-01,May15→Nov15
3.674798181682981,192565.6013399837,2441087.0609794017,192563.96220553643,2441083.772000846,TRUE,119.44396746342854,Velavadar_LEK1,2015-05-01,2015-11-01,May15→Nov15
5.649978261682161,192549.96580099728,2441124.5313513926,192549.4266555453,2441118.907155758,TRUE,129.09264784345046,Velavadar_LEK1,2015-05-01,2015-11-01,May15→Nov15
4.2788629158230505,192504.94745214755,2441131.854751144,192503.29394193896,2441127.9082879373,FALSE,174.27036010757416,Velavadar_LEK1,2015-05-01,2015-11-01,May15→Nov15
4.977562007853714,192636.2709834961,2441161.4461950283,192631.29489325878,2441161.3251599423,TRUE,56.59527750950797,Velavadar_LEK1,2015-05-01,2015-11-01,May15→Nov15
10.348697971410784,192644.20283135812,2441217.114194508,192640.82939339138,2441226.897622639,TRUE,99.04766043670918,Velavadar_LEK1,2015-05-01,2015-11-01,May15→Nov15
5.324240961712454,192581.84849499958,2441035.0008075386,192578.1565956365,2441031.1644784454,TRUE,132.06951399390238,Velavadar_LEK1,2015-05-01,2015-11-01,May15→Nov15
16.50875392552766,192538.72161795181,2441046.862937811,192555.04641941813,2441044.4053346575,TRUE,160.33319095449642,Velavadar_LEK1,2015-05-01,2015-11-01,May15→Nov15
105.37178206332327,192853.4645971433,2440977.048621726,192757.24431369384,2441020.0005658977,FALSE,214.07002250415738,Velavadar_LEK1,2015-11-01,2016-01-01,Nov15→Jan16
73.5052666814668,192687.61852702143,2440899.498084345,192692.80678244482,2440972.820019914,FALSE,206.79181437059262,Velavadar_LEK1,2015-11-01,2016-01-01,Nov15→Jan16
113.12383186368872,192872.37205307925,2441223.6218886166,192782.39079170453,2441155.0626154514,FALSE,223.00200695302348,Velavadar_LEK1,2015-11-01,2016-01-01,Nov15→Jan16
4.565859621433972,192706.61129767564,2441067.949036655,192702.15038938937,2441068.9223666834,TRUE,45.10178139389816,Velavadar_LEK1,2015-11-01,2016-01-01,Nov15→Jan16
8.002203596530904,192709.68443280912,2441071.6193005256,192702.15038938937,2441068.9223666834,TRUE,43.84756888141067,Velavadar_LEK1,2015-11-01,2016-01-01,Nov15→Jan16
1.6485120736411143,192700.51593951078,2441068.707504748,192702.15038938937,2441068.9223666834,TRUE,41.51092175056696,Velavadar_LEK1,2015-11-01,2016-01-01,Nov15→Jan16
6.955618866662714,192684.4494655198,2441151.7261201493,192681.225071772,2441157.889229655,TRUE,45.524187582185824,Velavadar_LEK1,2015-11-01,2016-01-01,Nov15→Jan16
9.324088129820703,192681.08197507972,2441138.4695786913,192675.73760565085,2441130.829137941,TRUE,32.28063221663823,Velavadar_LEK1,2015-11-01,2016-01-01,Nov15→Jan16
16.576073425801823,192659.1652558471,2441130.477808751,192675.73760565085,2441130.829137941,TRUE,33.83628781535712,Velavadar_LEK1,2015-11-01,2016-01-01,Nov15→Jan16
9.73037177409709,192671.96231342596,2441154.527805606,192666.95067263232,2441146.187326518,TRUE,49.488870946742026,Velavadar_LEK1,2015-11-01,2016-01-01,Nov15→Jan16
3.2891800168556755,192642.25453168713,2441148.286867296,192643.03793586878,2441145.0923433765,TRUE,58.39399562083986,Velavadar_LEK1,2015-11-01,2016-01-01,Nov15→Jan16
10.826485215287365,192617.28337558976,2441137.5837639975,192627.89714461286,2441135.44818697,TRUE,72.60227335690107,Velavadar_LEK1,2015-11-01,2016-01-01,Nov15→Jan16
37.96769235094836,192752.47636650183,2441209.975199978,192730.10136029363,2441179.3010290903,FALSE,124.9868697054973,Velavadar_LEK1,2015-11-01,2016-01-01,Nov15→Jan16
21.333130739572542,192774.1425156028,2441188.663022601,192761.5847994117,2441171.417552726,FALSE,123.06109593732177,Velavadar_LEK1,2015-11-01,2016-01-01,Nov15→Jan16
49.35696395618372,192790.87493610085,2441211.1440902506,192761.5847994117,2441171.417552726,FALSE,150.64353031042467,Velavadar_LEK1,2015-11-01,2016-01-01,Nov15→Jan16
56.14711707487953,192768.4619015357,2441227.141912051,192761.5847994117,2441171.417552726,FALSE,148.1972702394783,Velavadar_LEK1,2015-11-01,2016-01-01,Nov15→Jan16
54.508592262641606,192732.78679425502,2441244.6775842304,192696.09358100488,2441204.3688416076,FALSE,147.20324354843703,Velavadar_LEK1,2015-11-01,2016-01-01,Nov15→Jan16
23.70299808263439,192707.11161560292,2441225.3553856704,192696.09358100488,2441204.3688416076,FALSE,121.58437506638856,Velavadar_LEK1,2015-11-01,2016-01-01,Nov15→Jan16
2.1060748765934996,192676.18238501728,2441128.770564964,192675.73760565085,2441130.829137941,TRUE,23.480001827381834,Velavadar_LEK1,2015-11-01,2016-01-01,Nov15→Jan16
2.0739974762635285,192658.73105365376,2441107.6700250665,192657.8092130199,2441109.5278935703,TRUE,24.079739372133385,Velavadar_LEK1,2015-11-01,2016-01-01,Nov15→Jan16
1.5972999195815931,192681.14226039092,2441103.261842165,192680.18808667018,2441104.542825984,TRUE,3.386799123724282,Velavadar_LEK1,2015-11-01,2016-01-01,Nov15→Jan16
1.116371756312857,192702.7535246716,2441132.8841674374,192702.12409886596,2441133.806181024,TRUE,33.31232284226521,Velavadar_LEK1,2015-11-01,2016-01-01,Nov15→Jan16
0.9234760448621134,192705.95892717398,2441116.376671695,192705.69258852594,2441117.2609068053,TRUE,25.312426448298897,Velavadar_LEK1,2015-11-01,2016-01-01,Nov15→Jan16
2.016344272038225,192693.4336180003,2441119.169008128,192692.06346609694,2441120.648307957,TRUE,16.765987806034662,Velavadar_LEK1,2015-11-01,2016-01-01,Nov15→Jan16
2.220035562054952,192698.42511876614,2441102.097210685,192697.68824598775,2441104.1913874694,TRUE,16.194258956335926,Velavadar_LEK1,2015-11-01,2016-01-01,Nov15→Jan16
1.0850587651610808,192725.52845061565,2441119.832888068,192724.7573023864,2441120.596224778,TRUE,44.871190198115436,Velavadar_LEK1,2015-11-01,2016-01-01,Nov15→Jan16
1.5798503659690801,192716.12433742423,2441096.6891532256,192716.11828058143,2441098.268991981,TRUE,34.694935816164765,Velavadar_LEK1,2015-11-01,2016-01-01,Nov15→Jan16
2.149398592188762,192672.02777261875,2441083.024228029,192672.33321404393,2441085.151813478,TRUE,25.573363965345802,Velavadar_LEK1,2015-11-01,2016-01-01,Nov15→Jan16
3.0587037096069203,192678.92100882885,2441064.492448804,192681.05280210357,2441066.685876673,TRUE,41.91744341979526,Velavadar_LEK1,2015-11-01,2016-01-01,Nov15→Jan16
8.798851825322973,192647.59985584096,2441079.5967477383,192640.4646348399,2441074.448115424,TRUE,44.11665886976047,Velavadar_LEK1,2015-11-01,2016-01-01,Nov15→Jan16
3.614339101737562,192638.75108708424,2441071.265789037,192640.4646348399,2441074.448115424,TRUE,56.21551003278173,Velavadar_LEK1,2015-11-01,2016-01-01,Nov15→Jan16
3.6939265456747203,192654.08516282443,2441055.514043309,192656.25944153807,2441058.500279301,TRUE,58.26757811018865,Velavadar_LEK1,2015-11-01,2016-01-01,Nov15→Jan16
24.280022914961915,192623.82472463837,2441056.766687279,192640.4646348399,2441074.448115424,TRUE,76.94940686281522,Velavadar_LEK1,2015-11-01,2016-01-01,Nov15→Jan16
1.6302636774423211,192716.86221228068,2441037.314014887,192716.9759783707,2441038.9403042016,TRUE,76.89115950079051,Velavadar_LEK1,2015-11-01,2016-01-01,Nov15→Jan16
2.750029552239263,192691.16481973935,2441047.27900106,192692.08507132472,2441049.870487035,TRUE,59.54899456139032,Velavadar_LEK1,2015-11-01,2016-01-01,Nov15→Jan16
4.294343156080534,192659.58924354805,2441035.718891916,192662.17795976833,2441039.1452502557,TRUE,74.22592897485823,Velavadar_LEK1,2015-11-01,2016-01-01,Nov15→Jan16
1.840478266655527,192619.58930940926,2441110.8497896534,192619.8815862335,2441112.6669122437,TRUE,63.34702807419947,Velavadar_LEK1,2015-11-01,2016-01-01,Nov15→Jan16
2.232725268171924,192628.01331476402,2441133.218485954,192627.89714461286,2441135.44818697,TRUE,61.04324977425981,Velavadar_LEK1,2015-11-01,2016-01-01,Nov15→Jan16
1.118631790673517,192643.09949832992,2441143.975406876,192643.03793586878,2441145.0923433765,TRUE,54.754628788163124,Velavadar_LEK1,2015-11-01,2016-01-01,Nov15→Jan16
1.7279340893176383,192577.0266244968,2441135.256502659,192577.4276467528,2441136.937257658,TRUE,109.65206722669059,Velavadar_LEK1,2015-11-01,2016-01-01,Nov15→Jan16
20.931529656565814,192600.25655299216,2441119.946129512,192619.8815862335,2441112.6669122437,TRUE,83.64310048491473,Velavadar_LEK1,2015-11-01,2016-01-01,Nov15→Jan16
20.484052974151563,192601.04332016804,2441163.640493652,192619.6785335397,2441155.1360684014,TRUE,99.8725347600543,Velavadar_LEK1,2015-11-01,2016-01-01,Nov15→Jan16
30.94256538292582,192659.4247565415,2441181.972888533,192636.2709834961,2441161.4461950283,TRUE,79.25548438476805,Velavadar_LEK1,2015-11-01,2016-01-01,Nov15→Jan16
15.815190149865549,192676.3881221533,2441176.3806359586,192687.5660687571,2441165.192528469,TRUE,70.43714911811198,Velavadar_LEK1,2015-11-01,2016-01-01,Nov15→Jan16
19.158964443141826,192690.78563860874,2441185.9598311493,192696.09358100488,2441204.3688416076,TRUE,80.12897107226077,Velavadar_LEK1,2015-11-01,2016-01-01,Nov15→Jan16
2.7814252138989337,192694.88999726408,2441201.8613104713,192696.09358100488,2441204.3688416076,TRUE,96.39356539146237,Velavadar_LEK1,2015-11-01,2016-01-01,Nov15→Jan16
31.030152501142375,192739.5953144207,2441147.8488166383,192724.7573023864,2441120.596224778,TRUE,70.4360272341596,Velavadar_LEK1,2015-11-01,2016-01-01,Nov15→Jan16
27.19800394924649,192725.30975864513,2441152.528431673,192730.10136029363,2441179.3010290903,TRUE,62.873513777926135,Velavadar_LEK1,2015-11-01,2016-01-01,Nov15→Jan16
16.78422742165817,192712.8494616187,2441146.7165212194,192702.12409886596,2441133.806181024,TRUE,50.43626914002165,Velavadar_LEK1,2015-11-01,2016-01-01,Nov15→Jan16
22.463332968525528,192709.98900329223,2441163.8459272333,192687.5660687571,2441165.192528469,TRUE,63.720005396520925,Velavadar_LEK1,2015-11-01,2016-01-01,Nov15→Jan16
14.560004029841995,192726.93095546518,2441134.99306296,192724.7573023864,2441120.596224778,TRUE,52.702170731236805,Velavadar_LEK1,2015-11-01,2016-01-01,Nov15→Jan16
2.2219479822958723,192729.2864339922,2441177.2339180727,192730.10136029363,2441179.3010290903,TRUE,84.88289893540119,Velavadar_LEK1,2015-11-01,2016-01-01,Nov15→Jan16
3.7588363650905534,192759.33223746158,2441168.408430681,192761.5847994117,2441171.417552726,TRUE,98.6300440575211,Velavadar_LEK1,2015-11-01,2016-01-01,Nov15→Jan16
3.0854371270085745,192780.88404489588,2441152.3701005825,192782.39079170453,2441155.0626154514,TRUE,108.42239000933759,Velavadar_LEK1,2015-11-01,2016-01-01,Nov15→Jan16
3.4298869738347273,192782.32101427618,2441123.687575778,192784.43245310348,2441126.390528003,TRUE,101.07170528005481,Velavadar_LEK1,2015-11-01,2016-01-01,Nov15→Jan16
17.491276715955323,192657.24632281717,2441160.739658146,192666.95067263232,2441146.187326518,TRUE,60.185757072067005,Velavadar_LEK1,2015-11-01,2016-01-01,Nov15→Jan16
2.445426080852834,192665.57546862029,2441144.1652180534,192666.95067263232,2441146.187326518,TRUE,41.646512044664654,Velavadar_LEK1,2015-11-01,2016-01-01,Nov15→Jan16
2.650350685996304,192681.03400923318,2441155.245774744,192681.225071772,2441157.889229655,TRUE,49.04343283967255,Velavadar_LEK1,2015-11-01,2016-01-01,Nov15→Jan16
1.7093630751735691,192619.4974278169,2441153.436326409,192619.6785335397,2441155.1360684014,TRUE,78.93860597922395,Velavadar_LEK1,2015-11-01,2016-01-01,Nov15→Jan16
19.492980777528164,192607.0600187193,2441140.278431196,192619.6785335397,2441155.1360684014,TRUE,83.01066754615663,Velavadar_LEK1,2015-11-01,2016-01-01,Nov15→Jan16
1.6992987788412024,192641.19100017846,2441115.6890243688,192640.99405360897,2441117.3768716333,TRUE,42.63863215749474,Velavadar_LEK1,2015-11-01,2016-01-01,Nov15→Jan16
10.303987446212103,192681.55244952423,2441089.75375377,192672.33321404393,2441085.151813478,TRUE,16.524008061329628,Velavadar_LEK1,2015-11-01,2016-01-01,Nov15→Jan16
16.263623393801236,192657.39323850564,2441093.2695907345,192657.8092130199,2441109.5278935703,TRUE,28.4942486776909,Velavadar_LEK1,2015-11-01,2016-01-01,Nov15→Jan16
2.250637051309215,192761.64833884576,2441079.0577697223,192762.8212573721,2441080.9786104932,TRUE,83.43033419678746,Velavadar_LEK1,2015-11-01,2016-01-01,Nov15→Jan16
22.216913147067856,192738.84453921532,2441063.3557161195,192724.72223422036,2441080.506568326,TRUE,70.59074827024116,Velavadar_LEK1,2015-11-01,2016-01-01,Nov15→Jan16
24.912265463781857,192756.72192037723,2441044.9073536424,192757.24431369384,2441020.0005658977,TRUE,96.07307497291498,Velavadar_LEK1,2015-11-01,2016-01-01,Nov15→Jan16
4.498674059480538,192598.64636058442,2441064.7611958534,192600.56446280476,2441068.8304650956,TRUE,93.78880472901493,Velavadar_LEK1,2015-11-01,2016-01-01,Nov15→Jan16
2.3962310281447263,192699.58987250342,2441080.360185237,192698.66410674248,2441082.5703619034,TRUE,30.86068961629928,Velavadar_LEK1,2015-11-01,2016-01-01,Nov15→Jan16
1.7212299618328002,192724.98546941736,2441078.805586312,192724.72223422036,2441080.506568326,TRUE,50.34469477139341,Velavadar_LEK1,2015-11-01,2016-01-01,Nov15→Jan16
11.296084495338743,192734.25568138593,2441086.5658512926,192724.72223422036,2441080.506568326,TRUE,55.11615836689225,Velavadar_LEK1,2015-11-01,2016-01-01,Nov15→Jan16
29.596315358113323,192635.7366966122,2441025.8485782854,192662.17795976833,2441039.1452502557,TRUE,93.13209530711674,Velavadar_LEK1,2015-11-01,2016-01-01,Nov15→Jan16
3.0624386051709545,192691.6742895961,2440969.9746745643,192692.80678244482,2440972.820019914,FALSE,136.54909619636567,Velavadar_LEK1,2015-11-01,2016-01-01,Nov15→Jan16
29.970640810837732,192717.98863679223,2440989.071589753,192692.80678244482,2440972.820019914,FALSE,122.34090996674054,Velavadar_LEK1,2015-11-01,2016-01-01,Nov15→Jan16
41.91012016974204,192752.29725649935,2440978.383444448,192757.24431369384,2441020.0005658977,FALSE,145.532964859976,Velavadar_LEK1,2015-11-01,2016-01-01,Nov15→Jan16
83.78932059605235,192775.74092869356,2440938.27831997,192757.24431369384,2441020.0005658977,FALSE,191.97073580493856,Velavadar_LEK1,2015-11-01,2016-01-01,Nov15→Jan16
46.143895492435696,192654.981387245,2440946.3908964097,192692.80678244482,2440972.820019914,FALSE,162.2392901343061,Velavadar_LEK1,2015-11-01,2016-01-01,Nov15→Jan16
4.708904918867246,192810.3263101413,2441073.5983109004,192813.18168244255,2441077.3427246804,FALSE,131.66691765630895,Velavadar_LEK1,2015-11-01,2016-01-01,Nov15→Jan16
42.91857324180829,192798.67710101185,2441036.949395446,192813.18168244255,2441077.3427246804,FALSE,135.0376484626109,Velavadar_LEK1,2015-11-01,2016-01-01,Nov15→Jan16
2.760500106120012,192567.5673529911,2441190.8846637392,192569.45480118948,2441192.899086767,FALSE,142.95826122542982,Velavadar_LEK1,2015-11-01,2016-01-01,Nov15→Jan16
63.21129651108178,192616.4619097917,2441273.913043768,192644.20283135812,2441217.114194508,FALSE,180.31383174962875,Velavadar_LEK1,2015-11-01,2016-01-01,Nov15→Jan16
56.64481736481487,192648.29280024226,2441273.6111633545,192644.20283135812,2441217.114194508,FALSE,170.89172048257709,Velavadar_LEK1,2015-11-01,2016-01-01,Nov15→Jan16
2.2315073531063137,192505.26974881307,2441129.646641109,192504.94745214755,2441131.854751144,FALSE,179.03570472839573,Velavadar_LEK1,2015-11-01,2016-01-01,Nov15→Jan16
25.745095789116142,192542.6115361618,2441098.6488557137,192565.6013399837,2441087.0609794017,TRUE,140.36138622090888,Velavadar_LEK1,2015-11-01,2016-01-01,Nov15→Jan16
3.9747109331361257,192561.86819892912,2441085.696433738,192565.6013399837,2441087.0609794017,TRUE,122.63149026867666,Velavadar_LEK1,2015-11-01,2016-01-01,Nov15→Jan16
18.542267796623413,192557.22821612813,2441045.7133644195,192538.72161795181,2441046.862937811,FALSE,139.36582251645555,Velavadar_LEK1,2015-11-01,2016-01-01,Nov15→Jan16
2.9385651700145554,192538.32726021402,2441043.950954426,192538.72161795181,2441046.862937811,FALSE,157.29635937102532,Velavadar_LEK1,2015-11-01,2016-01-01,Nov15→Jan16
33.51917253402329,192520.4958979906,2441074.9940248723,192538.72161795181,2441046.862937811,FALSE,165.25153050331974,Velavadar_LEK1,2015-11-01,2016-01-01,Nov15→Jan16
29.2548752343785,192565.11210941605,2441163.9683288587,192569.45480118948,2441192.899086767,TRUE,131.05818336113254,Velavadar_LEK1,2015-11-01,2016-01-01,Nov15→Jan16
28.687915008388817,192591.58343486278,2441174.6420322596,192569.45480118948,2441192.899086767,TRUE,113.99297268564779,Velavadar_LEK1,2015-11-01,2016-01-01,Nov15→Jan16
31.273586522660153,192616.2705090706,2441231.179136229,192644.20283135812,2441217.114194508,FALSE,141.5395228217012,Velavadar_LEK1,2015-11-01,2016-01-01,Nov15→Jan16
33.35309312771037,192614.51965290465,2441201.9044036455,192644.20283135812,2441217.114194508,TRUE,117.51951850066771,Velavadar_LEK1,2015-11-01,2016-01-01,Nov15→Jan16
19.689677015561458,192624.85740637616,2441220.7799704485,192644.20283135812,2441217.114194508,FALSE,128.35353796199783,Velavadar_LEK1,2015-11-01,2016-01-01,Nov15→Jan16
12.90238804835902,192642.61582877662,2441229.918609378,192644.20283135812,2441217.114194508,FALSE,130.0396733298616,Velavadar_LEK1,2015-11-01,2016-01-01,Nov15→Jan16
27.797738470584946,192684.95621017308,2441229.8379058824,192696.09358100488,2441204.3688416076,FALSE,123.62427502200315,Velavadar_LEK1,2015-11-01,2016-01-01,Nov15→Jan16
18.82171662047295,192636.82233932812,2441180.259834317,192636.2709834961,2441161.4461950283,TRUE,87.12614066851208,Velavadar_LEK1,2015-11-01,2016-01-01,Nov15→Jan16
2.2890482918480926,192645.54543567664,2441215.2602377324,192644.20283135812,2441217.114194508,FALSE,115.20611282638924,Velavadar_LEK1,2015-11-01,2016-01-01,Nov15→Jan16
52.381780579607,192500.97348056233,2441184.085570461,192504.94745214755,2441131.854751144,FALSE,197.7630518445218,Velavadar_LEK1,2015-11-01,2016-01-01,Nov15→Jan16
1.8176442176717158,192745.16953588318,2441107.483069849,192744.0818675054,2441108.9393692696,TRUE,62.41418010693096,Velavadar_LEK1,2015-11-01,2016-01-01,Nov15→Jan16
1.2429580046242144,192742.8391668112,2441108.9140792335,192744.0818675054,2441108.9393692696,TRUE,60.131091867082304,Velavadar_LEK1,2015-11-01,2016-01-01,Nov15→Jan16
3.171483372199809,192745.04257048847,2441111.9618445067,192744.0818675054,2441108.9393692696,TRUE,62.537646850393685,Velavadar_LEK1,2015-11-01,2016-01-01,Nov15→Jan16
44.114769248329004,192563.3120981878,2440994.969384143,192581.84849499958,2441035.0008075386,FALSE,163.24605705477813,Velavadar_LEK1,2015-11-01,2016-01-01,Nov15→Jan16
53.823826456970785,192507.0897310229,2441003.314941028,192538.72161795181,2441046.862937811,FALSE,203.60485629084408,Velavadar_LEK1,2015-11-01,2016-01-01,Nov15→Jan16
8.616092369434817,192718.94567777525,2441104.8302272544,192716.12433742423,2441096.6891532256,TRUE,36.16922922375239,Velavadar_LEK1,2016-01-01,2016-11-01,Jan16→Nov16
1.465875111865663,192726.69375645963,2441118.943589393,192725.52845061565,2441119.832888068,TRUE,40.257763478316896,Velavadar_LEK1,2016-01-01,2016-11-01,Jan16→Nov16
3.967142949930978,192726.72867739113,2441123.614115233,192725.52845061565,2441119.832888068,TRUE,40.351786672883456,Velavadar_LEK1,2016-01-01,2016-11-01,Jan16→Nov16
20.3767912855215,192761.08895746502,2441147.536040519,192780.88404489588,2441152.3701005825,TRUE,79.2679110849041,Velavadar_LEK1,2016-01-01,2016-11-01,Jan16→Nov16
3.3203904947615093,192730.19153299445,2441134.3656657864,192726.93095546518,2441134.99306296,TRUE,45.78009227784999,Velavadar_LEK1,2016-01-01,2016-11-01,Jan16→Nov16
17.65970678870066,192774.50086320448,2441107.8537360327,192782.32101427618,2441123.687575778,TRUE,88.96584545589307,Velavadar_LEK1,2016-01-01,2016-11-01,Jan16→Nov16
7.134147174471395,192751.3100759366,2441103.8512901533,192745.16953588318,2441107.483069849,TRUE,67.00347101689094,Velavadar_LEK1,2016-01-01,2016-11-01,Jan16→Nov16
1.6917958484215476,192745.74557008757,2441110.423025233,192745.04257048847,2441111.9618445067,TRUE,60.16431215575657,Velavadar_LEK1,2016-01-01,2016-11-01,Jan16→Nov16
10.729169342275148,192736.10725228,2441100.559655165,192742.8391668112,2441108.9140792335,TRUE,53.586514656454526,Velavadar_LEK1,2016-01-01,2016-11-01,Jan16→Nov16
1.9142219627701982,192734.5516466918,2441088.457054682,192734.25568138593,2441086.5658512926,TRUE,57.923678129629586,Velavadar_LEK1,2016-01-01,2016-11-01,Jan16→Nov16
11.145861513950894,192742.5690803887,2441079.141726704,192734.25568138593,2441086.5658512926,TRUE,69.85020637937644,Velavadar_LEK1,2016-01-01,2016-11-01,Jan16→Nov16
15.64813740112661,192770.82500464225,2441066.3828729186,192761.64833884576,2441079.0577697223,TRUE,100.36083843028146,Velavadar_LEK1,2016-01-01,2016-11-01,Jan16→Nov16
6.278338535915709,192731.26150478102,2441078.6355425366,192724.98546941736,2441078.805586312,TRUE,61.48810989481677,Velavadar_LEK1,2016-01-01,2016-11-01,Jan16→Nov16
2.3598159957751834,192725.40688571322,2441081.127469134,192724.98546941736,2441078.805586312,TRUE,55.55989870758603,Velavadar_LEK1,2016-01-01,2016-11-01,Jan16→Nov16
2.2372629312434515,192717.16725367162,2441098.6684639957,192716.12433742423,2441096.6891532256,TRUE,37.81893157106501,Velavadar_LEK1,2016-01-01,2016-11-01,Jan16→Nov16
9.326959789328344,192714.62473282788,2441119.8257282735,192705.95892717398,2441116.376671695,TRUE,28.163143084037564,Velavadar_LEK1,2016-01-01,2016-11-01,Jan16→Nov16
4.365849728553032,192699.98034615198,2441106.1766606024,192698.42511876614,2441102.097210685,TRUE,19.880799335906744,Velavadar_LEK1,2016-01-01,2016-11-01,Jan16→Nov16
2.8614663508158116,192698.59184221458,2441104.9538158323,192698.42511876614,2441102.097210685,TRUE,19.921300116614425,Velavadar_LEK1,2016-01-01,2016-11-01,Jan16→Nov16
5.933310812156665,192711.6034994615,2441100.5318347514,192716.12433742423,2441096.6891532256,TRUE,32.262002023235844,Velavadar_LEK1,2016-01-01,2016-11-01,Jan16→Nov16
5.440960085845568,192716.6151379625,2441091.2703746282,192716.12433742423,2441096.6891532256,TRUE,42.17122747814326,Velavadar_LEK1,2016-01-01,2016-11-01,Jan16→Nov16
2.396851752609107,192739.32348291553,2441065.704228682,192738.84453921532,2441063.3557161195,TRUE,76.32013592258393,Velavadar_LEK1,2016-01-01,2016-11-01,Jan16→Nov16
12.302582101990808,192726.72775580164,2441061.2256724387,192738.84453921532,2441063.3557161195,TRUE,71.87083876326133,Velavadar_LEK1,2016-01-01,2016-11-01,Jan16→Nov16
13.728748078376553,192719.61731649208,2441050.763473039,192716.86221228068,2441037.314014887,TRUE,77.45276673328144,Velavadar_LEK1,2016-01-01,2016-11-01,Jan16→Nov16
2.1013314554397327,192707.9304184569,2441072.7764641,192709.68443280912,2441071.6193005256,TRUE,52.568517776571376,Velavadar_LEK1,2016-01-01,2016-11-01,Jan16→Nov16
2.1167717971147018,192699.28875269735,2441082.455429782,192699.58987250342,2441080.360185237,TRUE,40.398107560799964,Velavadar_LEK1,2016-01-01,2016-11-01,Jan16→Nov16
4.69267884865479,192700.42007149226,2441064.0158052584,192700.51593951078,2441068.707504748,TRUE,58.440087940502515,Velavadar_LEK1,2016-01-01,2016-11-01,Jan16→Nov16
12.888476207282096,192687.2914776607,2441076.505019451,192699.58987250342,2441080.360185237,TRUE,44.27075972341711,Velavadar_LEK1,2016-01-01,2016-11-01,Jan16→Nov16
3.744310795013228,192684.4293457577,2441092.1502786274,192681.55244952423,2441089.75375377,TRUE,28.691203202068863,Velavadar_LEK1,2016-01-01,2016-11-01,Jan16→Nov16
1.9578888399333758,192681.6461254924,2441091.709400344,192681.55244952423,2441089.75375377,TRUE,29.457768767912036,Velavadar_LEK1,2016-01-01,2016-11-01,Jan16→Nov16
2.310847267583829,192681.16138265404,2441063.926109491,192678.92100882885,2441064.492448804,TRUE,57.09022265520082,Velavadar_LEK1,2016-01-01,2016-11-01,Jan16→Nov16
9.63678813505849,192668.17385606456,2441074.1916172737,192672.02777261875,2441083.024228029,TRUE,50.044033027560445,Velavadar_LEK1,2016-01-01,2016-11-01,Jan16→Nov16
6.031207133711602,192658.71947697003,2441059.3739127223,192654.08516282443,2441055.514043309,TRUE,67.37781829896022,Velavadar_LEK1,2016-01-01,2016-11-01,Jan16→Nov16
3.026867603073448,192650.10322478006,2441077.8952567917,192647.59985584096,2441079.5967477383,TRUE,56.224331608916664,Velavadar_LEK1,2016-01-01,2016-11-01,Jan16→Nov16
2.953785686061867,192648.5622190722,2441082.3893642337,192647.59985584096,2441079.5967477383,TRUE,53.9490558230506,Velavadar_LEK1,2016-01-01,2016-11-01,Jan16→Nov16
1.5103995044652516,192658.25002227788,2441092.025714442,192657.39323850564,2441093.2695907345,TRUE,40.28546659294529,Velavadar_LEK1,2016-01-01,2016-11-01,Jan16→Nov16
1.9791871591929804,192656.0115633314,2441094.6866847766,192657.39323850564,2441093.2695907345,TRUE,40.10505562921025,Velavadar_LEK1,2016-01-01,2016-11-01,Jan16→Nov16
11.582942762869386,192713.08561535017,2441127.648475959,192702.7535246716,2441132.8841674374,TRUE,27.483373048651256,Velavadar_LEK1,2016-01-01,2016-11-01,Jan16→Nov16
8.961672153226539,192718.20461404393,2441137.033291668,192726.93095546518,2441134.99306296,TRUE,35.65344837931788,Velavadar_LEK1,2016-01-01,2016-11-01,Jan16→Nov16
12.417791353148157,192741.41199452494,2441160.1330022234,192739.5953144207,2441147.8488166383,TRUE,67.58249494528279,Velavadar_LEK1,2016-01-01,2016-11-01,Jan16→Nov16
2.747414175292816,192726.3295381604,2441155.079575415,192725.30975864513,2441152.528431673,TRUE,52.587637699788715,Velavadar_LEK1,2016-01-01,2016-11-01,Jan16→Nov16
6.658055084853675,192713.97477823694,2441153.2787891217,192712.8494616187,2441146.7165212194,TRUE,42.579807139731585,Velavadar_LEK1,2016-01-01,2016-11-01,Jan16→Nov16
3.9792368818986645,192705.50866596797,2441135.7553209686,192702.7535246716,2441132.8841674374,TRUE,24.223982825646985,Velavadar_LEK1,2016-01-01,2016-11-01,Jan16→Nov16
13.54210264058582,192692.5369550659,2441172.5314494674,192690.78563860874,2441185.9598311493,TRUE,52.1166285204002,Velavadar_LEK1,2016-01-01,2016-11-01,Jan16→Nov16
12.431359601254702,192688.2413851666,2441165.3745670556,192681.03400923318,2441155.245774744,TRUE,44.64114066472393,Velavadar_LEK1,2016-01-01,2016-11-01,Jan16→Nov16
2.1623731458300393,192711.9852775238,2441148.6987027125,192712.8494616187,2441146.7165212194,TRUE,37.82540521918543,Velavadar_LEK1,2016-01-01,2016-11-01,Jan16→Nov16
10.535486471515275,192700.1887088028,2441143.1026895787,192702.7535246716,2441132.8841674374,TRUE,26.207368438824652,Velavadar_LEK1,2016-01-01,2016-11-01,Jan16→Nov16
10.395296500121855,192692.3674915922,2441144.9906133055,192684.4494655198,2441151.7261201493,TRUE,24.92818415454477,Velavadar_LEK1,2016-01-01,2016-11-01,Jan16→Nov16
6.426936433235037,192684.41284771496,2441143.9660138455,192681.08197507972,2441138.4695786913,TRUE,23.289407245274184,Velavadar_LEK1,2016-01-01,2016-11-01,Jan16→Nov16
11.754834545576985,192681.60749413213,2441118.342510194,192676.18238501728,2441128.770564964,TRUE,5.4405959949339815,Velavadar_LEK1,2016-01-01,2016-11-01,Jan16→Nov16
2.31470866951594,192691.6735152722,2441120.6723093656,192693.4336180003,2441119.169008128,TRUE,5.197034651894672,Velavadar_LEK1,2016-01-01,2016-11-01,Jan16→Nov16
2.2633894351432984,192678.41880397423,2441128.4221944944,192676.18238501728,2441128.770564964,TRUE,11.114074235449891,Velavadar_LEK1,2016-01-01,2016-11-01,Jan16→Nov16
10.82022205441674,192672.19052023924,2441118.713616078,192676.18238501728,2441128.770564964,TRUE,14.43383834628497,Velavadar_LEK1,2016-01-01,2016-11-01,Jan16→Nov16
1.6355195424628646,192666.30857625324,2441142.70320664,192665.57546862029,2441144.1652180534,TRUE,29.797995842489485,Velavadar_LEK1,2016-01-01,2016-11-01,Jan16→Nov16
3.8804343704743505,192668.01278198493,2441147.1847005365,192665.57546862029,2441144.1652180534,TRUE,32.22991600749226,Velavadar_LEK1,2016-01-01,2016-11-01,Jan16→Nov16
8.874614803862222,192657.69755918725,2441140.0789812906,192665.57546862029,2441144.1652180534,TRUE,34.65804410049165,Velavadar_LEK1,2016-01-01,2016-11-01,Jan16→Nov16
2.6027424141675497,192679.0509272889,2441140.0971882716,192681.08197507972,2441138.4695786913,TRUE,20.70647719347186,Velavadar_LEK1,2016-01-01,2016-11-01,Jan16→Nov16
4.450996109827141,192684.6307122648,2441106.0262715626,192681.14226039092,2441103.261842165,TRUE,14.857231629217313,Velavadar_LEK1,2016-01-01,2016-11-01,Jan16→Nov16
8.02704817695805,192675.3893034712,2441097.6638970855,192681.14226039092,2441103.261842165,TRUE,25.62729535626642,Velavadar_LEK1,2016-01-01,2016-11-01,Jan16→Nov16
1.9995231624273693,192658.59421607794,2441109.664860487,192658.73105365376,2441107.6700250665,TRUE,30.01260273990847,Velavadar_LEK1,2016-01-01,2016-11-01,Jan16→Nov16
6.794188715815961,192662.0840709345,2441113.5791938254,192658.73105365376,2441107.6700250665,TRUE,25.430612327645864,Velavadar_LEK1,2016-01-01,2016-11-01,Jan16→Nov16
5.856436324083364,192646.9519355697,2441116.7423381093,192641.19100017846,2441115.6890243688,TRUE,39.72993892876623,Velavadar_LEK1,2016-01-01,2016-11-01,Jan16→Nov16
11.1803992113328,192644.47574071435,2441105.0020319885,192641.19100017846,2441115.6890243688,TRUE,44.86325448854991,Velavadar_LEK1,2016-01-01,2016-11-01,Jan16→Nov16
1.9537731004163101,192628.0677489079,2441135.1715006116,192628.01331476402,2441133.218485954,TRUE,60.159254315732795,Velavadar_LEK1,2016-01-01,2016-11-01,Jan16→Nov16
10.597145574446058,192648.89043232566,2441133.0715504363,192659.1652558471,2441130.477808751,TRUE,39.54930851989996,Velavadar_LEK1,2016-01-01,2016-11-01,Jan16→Nov16
2.0503778617936064,192606.9576389423,2441142.3262514416,192607.0600187193,2441140.278431196,TRUE,82.39012518898646,Velavadar_LEK1,2016-01-01,2016-11-01,Jan16→Nov16
11.304850772227597,192640.23562124406,2441104.424615726,192641.19100017846,2441115.6890243688,TRUE,49.045028742011354,Velavadar_LEK1,2016-01-01,2016-11-01,Jan16→Nov16
17.727589293015384,192637.8925159438,2441094.430323648,192647.59985584096,2441079.5967477383,TRUE,55.264603410071445,Velavadar_LEK1,2016-01-01,2016-11-01,Jan16→Nov16
11.816405953758219,192633.11903881142,2441081.6536416505,192638.75108708424,2441071.265789037,TRUE,66.1594070982984,Velavadar_LEK1,2016-01-01,2016-11-01,Jan16→Nov16
11.822109604048475,192617.2543608602,2441099.2605579807,192619.58930940926,2441110.8497896534,TRUE,72.48729029757118,Velavadar_LEK1,2016-01-01,2016-11-01,Jan16→Nov16
2.5451011578977676,192620.2430043455,2441113.309509726,192619.58930940926,2441110.8497896534,TRUE,66.65301382698895,Velavadar_LEK1,2016-01-01,2016-11-01,Jan16→Nov16
6.644872983434599,192613.24613023078,2441112.829288296,192619.58930940926,2441110.8497896534,TRUE,73.66031389627123,Velavadar_LEK1,2016-01-01,2016-11-01,Jan16→Nov16
3.7278772262772994,192601.46834826784,2441123.471554426,192600.25655299216,2441119.946129512,TRUE,85.05198937731973,Velavadar_LEK1,2016-01-01,2016-11-01,Jan16→Nov16
3.232303002494628,192625.5885175662,2441059.475343257,192623.82472463837,2441056.766687279,TRUE,86.39605134065422,Velavadar_LEK1,2016-01-01,2016-11-01,Jan16→Nov16
24.09292781769721,192607.05856928142,2441090.271895624,192619.58930940926,2441110.8497896534,TRUE,85.07276706508588,Velavadar_LEK1,2016-01-01,2016-11-01,Jan16→Nov16
2.0207255775303783,192597.80652530532,2441066.5991318054,192598.64636058442,2441064.7611958534,TRUE,103.90772929512565,Velavadar_LEK1,2016-01-01,2016-11-01,Jan16→Nov16
16.662093848561856,192584.86385514442,2441074.124310464,192598.64636058442,2441064.7611958534,TRUE,111.8077229660594,Velavadar_LEK1,2016-01-01,2016-11-01,Jan16→Nov16
13.680832435745511,192574.26303542178,2441091.487219907,192561.86819892912,2441085.696433738,TRUE,115.97170977694508,Velavadar_LEK1,2016-01-01,2016-11-01,Jan16→Nov16
14.671685526359806,192565.2491733993,2441071.419621495,192561.86819892912,2441085.696433738,TRUE,130.8876095047027,Velavadar_LEK1,2016-01-01,2016-11-01,Jan16→Nov16
10.462988057559203,192650.42186787026,2441045.713309195,192654.08516282443,2441055.514043309,TRUE,83.26613731942776,Velavadar_LEK1,2016-01-01,2016-11-01,Jan16→Nov16
10.13081844704205,192643.9765345758,2441056.184205482,192654.08516282443,2441055.514043309,TRUE,77.31380943538751,Velavadar_LEK1,2016-01-01,2016-11-01,Jan16→Nov16
5.343265416274448,192663.34228636126,2441039.5222003376,192659.58924354805,2441035.718891916,TRUE,84.47579263317434,Velavadar_LEK1,2016-01-01,2016-11-01,Jan16→Nov16
4.022315469270978,192636.35513630818,2441029.8230661866,192635.7366966122,2441025.8485782854,TRUE,103.84253610947195,Velavadar_LEK1,2016-01-01,2016-11-01,Jan16→Nov16
6.322579181805793,192687.77352728747,2441041.942884212,192691.16481973935,2441047.27900106,TRUE,78.83606478707246,Velavadar_LEK1,2016-01-01,2016-11-01,Jan16→Nov16
18.22670223734834,192669.72763124458,2441020.5720846825,192659.58924354805,2441035.718891916,TRUE,101.58658288632047,Velavadar_LEK1,2016-01-01,2016-11-01,Jan16→Nov16
34.63463152647392,192651.69787514047,2440995.1110038697,192635.7366966122,2441025.8485782854,FALSE,130.38162210964265,Velavadar_LEK1,2016-01-01,2016-11-01,Jan16→Nov16
11.594012390603774,192637.00635580166,2441191.85238629,192636.82233932812,2441180.259834317,TRUE,86.60444136987071,Velavadar_LEK1,2016-01-01,2016-11-01,Jan16→Nov16
1.7737208953245496,192620.00670551194,2441155.135362031,192619.4974278169,2441153.436326409,TRUE,74.8294345538601,Velavadar_LEK1,2016-01-01,2016-11-01,Jan16→Nov16
2.8375592739208235,192654.82059311576,2441162.211927839,192657.24632281717,2441160.739658146,TRUE,52.15099423840022,Velavadar_LEK1,2016-01-01,2016-11-01,Jan16→Nov16
3.1351750008167882,192590.17551922204,2441177.4432990863,192591.58343486278,2441174.6420322596,TRUE,111.7412287572807,Velavadar_LEK1,2016-01-01,2016-11-01,Jan16→Nov16
2.0937362165093827,192601.6697649483,2441165.638317038,192601.04332016804,2441163.640493652,TRUE,95.94607040882494,Velavadar_LEK1,2016-01-01,2016-11-01,Jan16→Nov16
3.1449942310423475,192578.61675967055,2441137.969887785,192577.0266244968,2441135.256502659,TRUE,109.22364893337362,Velavadar_LEK1,2016-01-01,2016-11-01,Jan16→Nov16
13.549946567743465,192574.87895586016,2441121.877841612,192577.0266244968,2441135.256502659,TRUE,111.60392680825706,Velavadar_LEK1,2016-01-01,2016-11-01,Jan16→Nov16
25.048533611125993,192551.91308861412,2441142.6794846924,192565.11210941605,2441163.9683288587,TRUE,136.3365151048343,Velavadar_LEK1,2016-01-01,2016-11-01,Jan16→Nov16
9.534605762077081,192533.08377774607,2441099.0101403794,192542.6115361618,2441098.6488557137,TRUE,154.92904972538193,Velavadar_LEK1,2016-01-01,2016-11-01,Jan16→Nov16
24.81832074373166,192586.58345973422,2441087.9558424824,192561.86819892912,2441085.696433738,TRUE,105.14489827103996,Velavadar_LEK1,2016-01-01,2016-11-01,Jan16→Nov16
24.550688516336404,192613.34341207234,2441084.426723667,192598.64636058442,2441064.7611958534,TRUE,81.6656906974523,Velavadar_LEK1,2016-01-01,2016-11-01,Jan16→Nov16
38.58351173217489,192592.19072555442,2441020.5567298243,192563.3120981878,2440994.969384143,FALSE,137.5947970348283,Velavadar_LEK1,2016-01-01,2016-11-01,Jan16→Nov16
3.458174830914179,192564.35916697804,2440998.265233064,192563.3120981878,2440994.969384143,FALSE,172.97356589293943,Velavadar_LEK1,2016-01-01,2016-11-01,Jan16→Nov16
19.57545980421784,192539.97784464515,2441073.0829044953,192520.4958979906,2441074.9940248723,TRUE,154.06494198373298,Velavadar_LEK1,2016-01-01,2016-11-01,Jan16→Nov16
21.721698027946296,192615.42634530918,2441036.7342288713,192623.82472463837,2441056.766687279,TRUE,110.04531627810397,Velavadar_LEK1,2016-01-01,2016-11-01,Jan16→Nov16
14.716252779453546,192571.60065788985,2441121.577066185,192577.0266244968,2441135.256502659,TRUE,114.87955615511189,Velavadar_LEK1,2016-01-01,2016-11-01,Jan16→Nov16
1.8027252977409352,192643.74978632625,2441145.656758719,192643.09949832992,2441143.975406876,TRUE,49.44776918956349,Velavadar_LEK1,2016-01-01,2016-11-01,Jan16→Nov16
21.79889676430901,192714.21558971732,2441175.0763557283,192713.97477823694,2441153.2787891217,TRUE,70.86389803574534,Velavadar_LEK1,2016-11-01,2018-10-01,Nov16→Oct18
5.931088713389657,192747.13080011896,2441161.705603859,192741.41199452494,2441160.1330022234,TRUE,79.78783150187441,Velavadar_LEK1,2016-11-01,2018-10-01,Nov16→Oct18
24.991711683994545,192780.4893840861,2441163.290693794,192761.08895746502,2441147.536040519,FALSE,108.13125924829474,Velavadar_LEK1,2016-11-01,2018-10-01,Nov16→Oct18
14.383741425612314,192744.3158674725,2441131.6462553814,192730.19153299445,2441134.3656657864,TRUE,61.80320192874524,Velavadar_LEK1,2016-11-01,2018-10-01,Nov16→Oct18
4.2934623142613315,192722.64136171347,2441152.8815824348,192726.3295381604,2441155.079575415,TRUE,56.19701029561419,Velavadar_LEK1,2016-11-01,2018-10-01,Nov16→Oct18
1.3982435344216184,192746.33389068436,2441109.1545758424,192745.74557008757,2441110.423025233,TRUE,59.86076109029114,Velavadar_LEK1,2016-11-01,2018-10-01,Nov16→Oct18
6.462228299476168,192738.46899243887,2441074.1467618993,192742.5690803887,2441079.141726704,TRUE,63.07972681943971,Velavadar_LEK1,2016-11-01,2018-10-01,Nov16→Oct18
0.5380581853774938,192720.15318860015,2441050.811926054,192719.61731649208,2441050.763473039,TRUE,67.98192340644599,Velavadar_LEK1,2016-11-01,2018-10-01,Nov16→Oct18
17.937412700602543,192702.54350795865,2441031.7645520614,192687.77352728747,2441041.942884212,TRUE,79.73760556645753,Velavadar_LEK1,2016-11-01,2018-10-01,Nov16→Oct18
8.986093712296563,192691.75039259804,2441050.0010739905,192687.77352728747,2441041.942884212,TRUE,60.09752743791249,Velavadar_LEK1,2016-11-01,2018-10-01,Nov16→Oct18
9.492718089738124,192706.52253563277,2441088.602305507,192699.28875269735,2441082.455429782,TRUE,29.22308203359005,Velavadar_LEK1,2016-11-01,2018-10-01,Nov16→Oct18
2.2096938613283226,192701.4939039232,2441082.3138139923,192699.28875269735,2441082.455429782,TRUE,31.379367927615657,Velavadar_LEK1,2016-11-01,2018-10-01,Nov16→Oct18
0.1551549520357752,192687.41273978673,2441076.40822815,192687.2914776607,2441076.505019451,TRUE,33.47166784148734,Velavadar_LEK1,2016-11-01,2018-10-01,Nov16→Oct18
6.415686389547966,192682.18491909897,2441070.2596239178,192681.16138265404,2441063.926109491,TRUE,39.839118911003645,Velavadar_LEK1,2016-11-01,2018-10-01,Nov16→Oct18
0.9843710647988463,192681.39893793297,2441064.8813863527,192681.16138265404,2441063.926109491,TRUE,45.27118320524882,Velavadar_LEK1,2016-11-01,2018-10-01,Nov16→Oct18
0.5427753359674995,192699.79173001111,2441105.667711669,192699.98034615198,2441106.1766606024,TRUE,13.960831064920418,Velavadar_LEK1,2016-11-01,2018-10-01,Nov16→Oct18
6.237432026258601,192676.1273904948,2441088.802662945,192681.6461254924,2441091.709400344,TRUE,23.469573691226802,Velavadar_LEK1,2016-11-01,2018-10-01,Nov16→Oct18
7.5595452158474545,192698.02169902856,2441134.710309046,192705.50866596797,2441135.7553209686,TRUE,27.394714045042583,Velavadar_LEK1,2016-11-01,2018-10-01,Nov16→Oct18
6.782465987414615,192696.13062887848,2441125.7846457367,192691.6735152722,2441120.6723093656,TRUE,18.616189663619817,Velavadar_LEK1,2016-11-01,2018-10-01,Nov16→Oct18
4.671050997976708,192691.13632716198,2441125.31236824,192691.6735152722,2441120.6723093656,TRUE,16.132908941640054,Velavadar_LEK1,2016-11-01,2018-10-01,Nov16→Oct18
2.736853819291651,192694.22994135425,2441119.6950404593,192691.6735152722,2441120.6723093656,TRUE,12.51783727628381,Velavadar_LEK1,2016-11-01,2018-10-01,Nov16→Oct18
3.9477911877045133,192677.02546161844,2441132.1159259873,192678.41880397423,2441128.4221944944,TRUE,24.173561228283162,Velavadar_LEK1,2016-11-01,2018-10-01,Nov16→Oct18
7.006280040510029,192673.39017038333,2441135.968775591,192679.0509272889,2441140.0971882716,TRUE,29.199085629403115,Velavadar_LEK1,2016-11-01,2018-10-01,Nov16→Oct18
7.337337778461687,192671.57587292732,2441131.069989872,192678.41880397423,2441128.4221944944,TRUE,25.915801680546636,Velavadar_LEK1,2016-11-01,2018-10-01,Nov16→Oct18
1.4958389283523585,192667.7189099494,2441142.204715953,192666.30857625324,2441142.70320664,TRUE,37.384742594915984,Velavadar_LEK1,2016-11-01,2018-10-01,Nov16→Oct18
7.41193072231153,192660.03942208627,2441133.046741591,192657.69755918725,2441140.0789812906,TRUE,35.16068146073406,Velavadar_LEK1,2016-11-01,2018-10-01,Nov16→Oct18
10.44912027233321,192666.87028965435,2441127.7069058535,192672.19052023924,2441118.713616078,TRUE,26.50860256964724,Velavadar_LEK1,2016-11-01,2018-10-01,Nov16→Oct18
10.322690136865708,192665.0763031516,2441161.0378991673,192654.82059311576,2441162.211927839,TRUE,55.466066073741025,Velavadar_LEK1,2016-11-01,2018-10-01,Nov16→Oct18
11.37981803982532,192643.44587347616,2441161.8713228772,192654.82059311576,2441162.211927839,TRUE,67.49946191670244,Velavadar_LEK1,2016-11-01,2018-10-01,Nov16→Oct18
17.43514755582438,192637.23415276612,2441174.4187269257,192637.00635580166,2441191.85238629,TRUE,81.19016162463468,Velavadar_LEK1,2016-11-01,2018-10-01,Nov16→Oct18
9.010675227575781,192628.98503773566,2441154.3725917265,192620.00670551194,2441155.135362031,TRUE,72.7057859121192,Velavadar_LEK1,2016-11-01,2018-10-01,Nov16→Oct18
10.36754196969072,192633.5130506343,2441147.2984556663,192643.74978632625,2441145.656758719,TRUE,64.85634798964372,Velavadar_LEK1,2016-11-01,2018-10-01,Nov16→Oct18
1.4029781681060867,192642.39843138546,2441145.279681056,192643.74978632625,2441145.656758719,TRUE,56.542223386141984,Velavadar_LEK1,2016-11-01,2018-10-01,Nov16→Oct18
5.426919037906597,192649.9098921052,2441138.4018554934,192648.89043232566,2441133.0715504363,TRUE,46.38349119312693,Velavadar_LEK1,2016-11-01,2018-10-01,Nov16→Oct18
0.8286288375864943,192627.5657835753,2441135.8307854934,192628.0677489079,2441135.1715006116,TRUE,64.37935983228498,Velavadar_LEK1,2016-11-01,2018-10-01,Nov16→Oct18
2.569105791023005,192670.83219068265,2441116.532963565,192672.19052023924,2441118.713616078,TRUE,17.006144843865755,Velavadar_LEK1,2016-11-01,2018-10-01,Nov16→Oct18
6.242220105048587,192678.39050229883,2441106.184674279,192684.6307122648,2441106.0262715626,TRUE,8.88569676537903,Velavadar_LEK1,2016-11-01,2018-10-01,Nov16→Oct18
1.3654580971041266,192682.4792095999,2441117.2915163985,192681.60749413213,2441118.342510194,TRUE,8.432752962637935,Velavadar_LEK1,2016-11-01,2018-10-01,Nov16→Oct18
1.04017387217327,192656.75392202212,2441093.958079768,192656.0115633314,2441094.6866847766,TRUE,33.713073468862916,Velavadar_LEK1,2016-11-01,2018-10-01,Nov16→Oct18
2.564245513193729,192662.96479732328,2441115.98744549,192662.0840709345,2441113.5791938254,TRUE,24.296150819807703,Velavadar_LEK1,2016-11-01,2018-10-01,Nov16→Oct18
2.319244916406311,192662.559118291,2441111.309121802,192662.0840709345,2441113.5791938254,TRUE,23.961695417693832,Velavadar_LEK1,2016-11-01,2018-10-01,Nov16→Oct18
3.039110857273973,192659.14737348858,2441112.7968876744,192662.0840709345,2441113.5791938254,TRUE,27.486611692490964,Velavadar_LEK1,2016-11-01,2018-10-01,Nov16→Oct18
3.386882808863966,192643.73379402532,2441117.798055951,192646.9519355697,2441116.7423381093,TRUE,43.473181134771956,Velavadar_LEK1,2016-11-01,2018-10-01,Nov16→Oct18
11.09123079155337,192637.9039395732,2441130.0465856204,192628.0677489079,2441135.1715006116,TRUE,52.598485173235204,Velavadar_LEK1,2016-11-01,2018-10-01,Nov16→Oct18
0.5675092310872267,192639.78631175536,2441104.7712967186,192640.23562124406,2441104.424615726,TRUE,46.96827697097943,Velavadar_LEK1,2016-11-01,2018-10-01,Nov16→Oct18
3.7751850592391873,192624.01195804134,2441113.092691207,192620.2430043455,2441113.309509726,TRUE,62.54864941283707,Velavadar_LEK1,2016-11-01,2018-10-01,Nov16→Oct18
10.764089086962898,192628.3286788087,2441099.369820902,192637.8925159438,2441094.430323648,TRUE,59.088552321694614,Velavadar_LEK1,2016-11-01,2018-10-01,Nov16→Oct18
8.543968361828066,192611.04228422733,2441121.0841328227,192613.24613023078,2441112.829288296,TRUE,76.26453790440416,Velavadar_LEK1,2016-11-01,2018-10-01,Nov16→Oct18
9.038236856312352,192607.32697731967,2441099.306146152,192607.05856928142,2441090.271895624,TRUE,79.85181343266227,Velavadar_LEK1,2016-11-01,2018-10-01,Nov16→Oct18
12.64051234842506,192591.49665297387,2441115.7031668588,192601.46834826784,2441123.471554426,TRUE,95.15985995663617,Velavadar_LEK1,2016-11-01,2018-10-01,Nov16→Oct18
2.039331905600765,192619.8174110275,2441157.1658896026,192620.00670551194,2441155.135362031,TRUE,81.73586335830035,Velavadar_LEK1,2016-11-01,2018-10-01,Nov16→Oct18
11.85377244745689,192599.21464710822,2441151.301662223,192606.9576389423,2441142.3262514416,TRUE,96.60035260644189,Velavadar_LEK1,2016-11-01,2018-10-01,Nov16→Oct18
18.079008505998775,192585.4837571882,2441106.0013738647,192586.58345973422,2441087.9558424824,TRUE,101.06755630428623,Velavadar_LEK1,2016-11-01,2018-10-01,Nov16→Oct18
0.8720062480095275,192574.8768966847,2441090.867890232,192574.26303542178,2441091.487219907,TRUE,113.2061149636658,Velavadar_LEK1,2016-11-01,2018-10-01,Nov16→Oct18
9.410216539910316,192670.84347552608,2441083.2152145198,192668.17385606456,2441074.1916172737,TRUE,30.89865440421493,Velavadar_LEK1,2016-11-01,2018-10-01,Nov16→Oct18
7.976522056695393,192626.32568588085,2441077.4732995494,192633.11903881142,2441081.6536416505,TRUE,68.31958111940733,Velavadar_LEK1,2016-11-01,2018-10-01,Nov16→Oct18
2.129173914779962,192639.89055294252,2441095.1660068072,192637.8925159438,2441094.430323648,TRUE,48.851256592650664,Velavadar_LEK1,2016-11-01,2018-10-01,Nov16→Oct18
2.073125585826,192643.83463843085,2441054.115941674,192643.9765345758,2441056.184205482,TRUE,70.18948046111653,Velavadar_LEK1,2016-11-01,2018-10-01,Nov16→Oct18
0.25424661305684165,192625.40816205367,2441059.6545449016,192625.5885175662,2441059.475343257,TRUE,79.06149983517633,Velavadar_LEK1,2016-11-01,2018-10-01,Nov16→Oct18
19.59479243019847,192594.1275339856,2441040.055567315,192592.19072555442,2441020.5567298243,TRUE,115.7674531388451,Velavadar_LEK1,2016-11-01,2018-10-01,Nov16→Oct18
12.611482583869284,192643.73811839108,2441019.5985335065,192636.35513630818,2441029.8230661866,TRUE,99.87495991039576,Velavadar_LEK1,2016-11-01,2018-10-01,Nov16→Oct18
5.797614503347169,192652.3050680958,2440989.3452731576,192651.69787514047,2440995.1110038697,FALSE,125.27246383960018,Velavadar_LEK1,2016-11-01,2018-10-01,Nov16→Oct18
0.7419280618965899,192663.9314187803,2441039.9731773236,192663.34228636126,2441039.5222003376,TRUE,73.44005451911245,Velavadar_LEK1,2016-11-01,2018-10-01,Nov16→Oct18
1.1028862928463499,192592.58048782923,2441115.4990586,192591.49665297387,2441115.7031668588,TRUE,67.95012231144523,Velavadar_LEK1,2018-10-01,2018-11-01,Oct18→Nov18
1.2264213742131034,192573.90086469392,2441090.1252793376,192574.8768966847,2441090.867890232,TRUE,90.72375242521818,Velavadar_LEK1,2018-10-01,2018-11-01,Oct18→Nov18
0.36926783865306195,192607.69618698198,2441099.312700686,192607.32697731967,2441099.306146152,TRUE,55.740579591177884,Velavadar_LEK1,2018-10-01,2018-11-01,Oct18→Nov18
29.041841653953185,192595.9644537897,2441069.039257423,192594.1275339856,2441040.055567315,TRUE,80.49469958950701,Velavadar_LEK1,2018-10-01,2018-11-01,Oct18→Nov18
1.3097919299853775,192592.91184721858,2441039.5680628694,192594.1275339856,2441040.055567315,FALSE,102.88917866500134,Velavadar_LEK1,2018-10-01,2018-11-01,Oct18→Nov18
25.590554961284422,192618.6298115842,2441032.672146989,192594.1275339856,2441040.055567315,TRUE,94.27572235730285,Velavadar_LEK1,2018-10-01,2018-11-01,Oct18→Nov18
2.1827555301135955,192641.6707162088,2441018.8983407323,192643.73811839108,2441019.5985335065,FALSE,100.02644965072933,Velavadar_LEK1,2018-10-01,2018-11-01,Oct18→Nov18
39.099252139779054,192605.08792481862,2441002.523962624,192594.1275339856,2441040.055567315,FALSE,127.30780634870652,Velavadar_LEK1,2018-10-01,2018-11-01,Oct18→Nov18
2.727954425422486,192649.68459881353,2440988.587067323,192652.3050680958,2440989.3452731576,FALSE,129.00249653220237,Velavadar_LEK1,2018-10-01,2018-11-01,Oct18→Nov18
21.526674894047872,192668.5324387051,2441018.9439512882,192663.9314187803,2441039.9731773236,TRUE,98.51762590579455,Velavadar_LEK1,2018-10-01,2018-11-01,Oct18→Nov18
1.234832698340318,192703.75779011543,2441031.540207156,192702.54350795865,2441031.7645520614,TRUE,95.89926489818258,Velavadar_LEK1,2018-10-01,2018-11-01,Oct18→Nov18
1.4691740820545347,192739.93508334167,2441074.2418931145,192738.46899243887,2441074.1467618993,TRUE,90.2661053661905,Velavadar_LEK1,2018-10-01,2018-11-01,Oct18→Nov18
1.6374787545664728,192721.78196158668,2441050.643298565,192720.15318860015,2441050.811926054,TRUE,90.4168986929663,Velavadar_LEK1,2018-10-01,2018-11-01,Oct18→Nov18
0.5298081237177399,192692.25401467073,2441049.8365703253,192691.75039259804,2441050.0010739905,TRUE,74.40854064172113,Velavadar_LEK1,2018-10-01,2018-11-01,Oct18→Nov18
2.5997026643991767,192661.41672492772,2441039.313807343,192663.9314187803,2441039.9731773236,TRUE,77.82593400956816,Velavadar_LEK1,2018-10-01,2018-11-01,Oct18→Nov18
11.200704938702355,192708.2127850518,2441073.3520938726,192701.4939039232,2441082.3138139923,TRUE,64.74846507691876,Velavadar_LEK1,2018-10-01,2018-11-01,Oct18→Nov18
1.3265551468549097,192779.3475842264,2441162.6153852437,192780.4893840861,2441163.290693794,FALSE,127.24254311407651,Velavadar_LEK1,2018-10-01,2018-11-01,Oct18→Nov18
1.5265348068828624,192747.82775145053,2441108.8404285396,192746.33389068436,2441109.1545758424,TRUE,87.7098567660154,Velavadar_LEK1,2018-10-01,2018-11-01,Oct18→Nov18
3.3973490712523997,192711.45663632365,2441177.0588180567,192714.21558971732,2441175.0763557283,TRUE,78.6536254770021,Velavadar_LEK1,2018-10-01,2018-11-01,Oct18→Nov18
1.2117569720602501,192745.98001903412,2441161.326054318,192747.13080011896,2441161.705603859,TRUE,96.21778337003937,Velavadar_LEK1,2018-10-01,2018-11-01,Oct18→Nov18
46.51867395052267,192676.6899377716,2441206.0835484248,192665.0763031516,2441161.0378991673,FALSE,90.4085114786934,Velavadar_LEK1,2018-10-01,2018-11-01,Oct18→Nov18
35.96814440468235,192608.70022773364,2441196.3167298976,192637.23415276612,2441174.4187269257,FALSE,94.62652287882601,Velavadar_LEK1,2018-10-01,2018-11-01,Oct18→Nov18
54.355557815553524,192618.87909930758,2441225.5813957183,192637.23415276612,2441174.4187269257,FALSE,116.16343989738917,Velavadar_LEK1,2018-10-01,2018-11-01,Oct18→Nov18
3.1215233034325154,192640.35168548132,2441174.260937498,192637.23415276612,2441174.4187269257,TRUE,60.57910782302147,Velavadar_LEK1,2018-10-01,2018-11-01,Oct18→Nov18
1.1867183403827306,192666.15728194505,2441160.548220428,192665.0763031516,2441161.0378991673,TRUE,43.77939072992026,Velavadar_LEK1,2018-10-01,2018-11-01,Oct18→Nov18
2.7620136299488984,192601.97638442676,2441151.340729798,192599.21464710822,2441151.301662223,TRUE,67.79646651757857,Velavadar_LEK1,2018-10-01,2018-11-01,Oct18→Nov18
19.711038283933664,192580.5063351352,2441157.50844024,192599.21464710822,2441151.301662223,FALSE,89.6146872821433,Velavadar_LEK1,2018-10-01,2018-11-01,Oct18→Nov18
2.3772359764144024,192622.1864612092,2441156.968780181,192619.8174110275,2441157.1658896026,TRUE,55.27691144351829,Velavadar_LEK1,2018-10-01,2018-11-01,Oct18→Nov18
2.1681488282128925,192645.56590257183,2441161.4170696717,192643.44587347616,2441161.8713228772,TRUE,46.736520910695994,Velavadar_LEK1,2018-10-01,2018-11-01,Oct18→Nov18
2.9397758629600372,192700.949476764,2441134.975638381,192698.02169902856,2441134.710309046,TRUE,44.19936204434575,Velavadar_LEK1,2018-10-01,2018-11-01,Oct18→Nov18
3.5129681433097697,192691.17180874164,2441128.825157194,192691.13632716198,2441125.31236824,TRUE,32.81404947496944,Velavadar_LEK1,2018-10-01,2018-11-01,Oct18→Nov18
2.1919375709706483,192631.12338720157,2441153.890874095,192628.98503773566,2441154.3725917265,TRUE,47.06018202440762,Velavadar_LEK1,2018-10-01,2018-11-01,Oct18→Nov18
2.1890781957288943,192635.70206105046,2441147.3156819534,192633.5130506343,2441147.2984556663,TRUE,39.068982329447536,Velavadar_LEK1,2018-10-01,2018-11-01,Oct18→Nov18
1.8156732949406305,192651.70863453695,2441138.1544789015,192649.9098921052,2441138.4018554934,TRUE,22.788618332778938,Velavadar_LEK1,2018-10-01,2018-11-01,Oct18→Nov18
2.1746315951259065,192644.47144271055,2441144.6226828666,192642.39843138546,2441145.279681056,TRUE,31.825569911871796,Velavadar_LEK1,2018-10-01,2018-11-01,Oct18→Nov18
3.2078529714303934,192702.999573502,2441105.659912672,192699.79173001111,2441105.667711669,TRUE,44.01080044760096,Velavadar_LEK1,2018-10-01,2018-11-01,Oct18→Nov18
3.729843676752566,192697.95168326556,2441119.4493353544,192694.22994135425,2441119.6950404593,TRUE,37.512249189180444,Velavadar_LEK1,2018-10-01,2018-11-01,Oct18→Nov18
2.5933770876291593,192704.08089490538,2441082.131928378,192701.4939039232,2441082.3138139923,TRUE,55.88846062930103,Velavadar_LEK1,2018-10-01,2018-11-01,Oct18→Nov18
3.1136830098823567,192681.5000982181,2441106.3441581493,192678.39050229883,2441106.184674279,TRUE,23.600341996926492,Velavadar_LEK1,2018-10-01,2018-11-01,Oct18→Nov18
2.3728542332547975,192669.22732649028,2441127.433383338,192666.87028965435,2441127.7069058535,TRUE,13.49233997879039,Velavadar_LEK1,2018-10-01,2018-11-01,Oct18→Nov18
14.232893342169435,192689.79553290398,2441146.32518932,192698.02169902856,2441134.710309046,TRUE,41.34835237617713,Velavadar_LEK1,2018-10-01,2018-11-01,Oct18→Nov18
0.4212244054820923,192714.31004839094,2441174.6658590063,192714.21558971732,2441175.0763557283,TRUE,78.76678358379519,Velavadar_LEK1,2018-10-01,2018-11-01,Oct18→Nov18
2.865264361096879,192665.42393079423,2441111.2582378127,192662.559118291,2441111.309121802,TRUE,7.659485092354461,Velavadar_LEK1,2018-10-01,2018-11-01,Oct18→Nov18
1.4914998698209625,192662.2596202916,2441109.8480014065,192662.559118291,2441111.309121802,TRUE,7.493367265323015,Velavadar_LEK1,2018-10-01,2018-11-01,Oct18→Nov18
3.3991469528019227,192664.20944843884,2441108.3374875025,192662.559118291,2441111.309121802,TRUE,9.54284875945047,Velavadar_LEK1,2018-10-01,2018-11-01,Oct18→Nov18
2.7878903819560663,192679.81095499912,2441132.000343082,192677.02546161844,2441132.1159259873,TRUE,24.36155306353322,Velavadar_LEK1,2018-10-01,2018-11-01,Oct18→Nov18
1.9382275144468581,192661.96949473018,2441132.8691310985,192660.03942208627,2441133.046741591,TRUE,15.802119491096693,Velavadar_LEK1,2018-10-01,2018-11-01,Oct18→Nov18
2.532177258107627,192630.09778864007,2441135.801255535,192627.5657835753,2441135.8307854934,TRUE,35.68484077616062,Velavadar_LEK1,2018-10-01,2018-11-01,Oct18→Nov18
2.409753303247404,192640.31187661848,2441130.140127956,192637.9039395732,2441130.0465856204,TRUE,24.02392081423475,Velavadar_LEK1,2018-10-01,2018-11-01,Oct18→Nov18
1.8743474726978593,192645.59278979077,2441118.0374576896,192643.73379402532,2441117.798055951,TRUE,14.945440825401738,Velavadar_LEK1,2018-10-01,2018-11-01,Oct18→Nov18
2.2996238638183177,192613.307529237,2441120.6879826477,192611.04228422733,2441121.0841328227,TRUE,47.336964443567304,Velavadar_LEK1,2018-10-01,2018-11-01,Oct18→Nov18
5.221263991717047,192625.7151486519,2441130.948496271,192627.5657835753,2441135.8307854934,TRUE,37.4375948177594,Velavadar_LEK1,2018-10-01,2018-11-01,Oct18→Nov18
1.6615904102552514,192625.57894189388,2441112.5400210544,192624.01195804134,2441113.092691207,TRUE,35.232833226259245,Velavadar_LEK1,2018-10-01,2018-11-01,Oct18→Nov18
1.5021429181091044,192629.80201220897,2441099.077037641,192628.3286788087,2441099.369820902,TRUE,35.62454637146558,Velavadar_LEK1,2018-10-01,2018-11-01,Oct18→Nov18
2.1565726555427505,192641.9249285509,2441104.4935849607,192639.78631175536,2441104.7712967186,TRUE,22.47735101657055,Velavadar_LEK1,2018-10-01,2018-11-01,Oct18→Nov18
1.959161365315182,192658.6948732976,2441093.6915813596,192656.75392202212,2441093.958079768,TRUE,23.5131256510911,Velavadar_LEK1,2018-10-01,2018-11-01,Oct18→Nov18
1.2600561808366666,192672.06090308074,2441082.890234939,192670.84347552608,2441083.2152145198,TRUE,36.13958472284039,Velavadar_LEK1,2018-10-01,2018-11-01,Oct18→Nov18
1.0362280228517633,192640.92057882296,2441095.0528025627,192639.89055294252,2441095.1660068072,TRUE,29.51917637494838,Velavadar_LEK1,2018-10-01,2018-11-01,Oct18→Nov18
1.1373060030151285,192668.82272285916,2441142.4786904133,192667.7189099494,2441142.204715953,TRUE,26.67237261924854,Velavadar_LEK1,2018-10-01,2018-11-01,Oct18→Nov18
9.998903594532619,192681.8815548353,2441141.248402773,192673.39017038333,2441135.968775591,TRUE,32.220885973689256,Velavadar_LEK1,2018-10-01,2018-11-01,Oct18→Nov18
0.5121235093536489,192626.4501871938,2441076.976540139,192626.32568588085,2441077.4732995494,TRUE,52.65731970709474,Velavadar_LEK1,2018-10-01,2018-11-01,Oct18→Nov18
1.6484857701501898,192683.7740889442,2441070.697852782,192682.18491909897,2441070.2596239178,TRUE,51.937790923218195,Velavadar_LEK1,2018-10-01,2018-11-01,Oct18→Nov18
14.977085672679161,192658.14192406042,2441058.544787253,192643.83463843085,2441054.115941674,TRUE,58.637557054931065,Velavadar_LEK1,2018-10-01,2018-11-01,Oct18→Nov18
1.803268982250494,192642.36446578905,2441053.0717331576,192643.83463843085,2441054.115941674,TRUE,66.58324339354486,Velavadar_LEK1,2018-10-01,2018-11-01,Oct18→Nov18
1.3807413780226405,192624.16641081905,2441059.0508060306,192625.40816205367,2441059.6545449016,TRUE,68.51741287781222,Velavadar_LEK1,2018-10-01,2018-11-01,Oct18→Nov18
17.830720205594194,192607.87270157045,2441056.423104249,192625.40816205367,2441059.6545449016,TRUE,80.35329921784792,Velavadar_LEK1,2018-10-01,2018-11-01,Oct18→Nov18
15.401146406548815,192654.42582076218,2441078.7339129546,192656.75392202212,2441093.958079768,TRUE,38.879702893436644,Velavadar_LEK1,2018-10-01,2018-11-01,Oct18→Nov18
10.717086260755673,192668.96853067045,2441072.6634127917,192670.84347552608,2441083.2152145198,TRUE,45.26815646473717,Velavadar_LEK1,2018-10-01,2018-11-01,Oct18→Nov18
5.057883381965896,192685.30632609228,2441081.006619788,192687.41273978673,2441076.40822815,TRUE,43.81818550980868,Velavadar_LEK1,2018-10-01,2018-11-01,Oct18→Nov18
1.2944571722907745,192688.66355467,2441076.0749392384,192687.41273978673,2441076.40822815,TRUE,49.78408898370296,Velavadar_LEK1,2018-10-01,2018-11-01,Oct18→Nov18
14.059433154208186,192618.14658358198,2441089.674842954,192628.3286788087,2441099.369820902,TRUE,50.48533154478818,Velavadar_LEK1,2018-10-01,2018-11-01,Oct18→Nov18
12.433104752757194,192647.08345494216,2441042.11480485,192643.83463843085,2441054.115941674,TRUE,76.21185708526517,Velavadar_LEK1,2018-10-01,2018-11-01,Oct18→Nov18
1.642878199309585,192681.37020257302,2441066.5240132296,192681.39893793297,2441064.8813863527,TRUE,54.74054909311418,Velavadar_LEK1,2018-10-01,2018-11-01,Oct18→Nov18
7.842471708232007,192671.00165990484,2441103.556106119,192678.39050229883,2441106.184674279,TRUE,17.158888204556515,Velavadar_LEK1,2018-10-01,2018-11-01,Oct18→Nov18
2.793998250341752,192673.54757590848,2441115.8748531654,192670.83219068265,2441116.532963565,TRUE,13.097360498449104,Velavadar_LEK1,2018-10-01,2018-11-01,Oct18→Nov18
27.78749840251739,192592.5589503633,2441067.7987577026,192594.1275339856,2441040.055567315,TRUE,83.97311249010556,Velavadar_LEK1,2018-10-01,2018-11-01,Oct18→Nov18
19.368909976756804,192582.47032444156,2441073.0495140827,192574.8768966847,2441090.867890232,TRUE,89.6315735022272,Velavadar_LEK1,2018-10-01,2018-11-01,Oct18→Nov18
53.95087673099962,192545.34233005164,2441154.2120840135,192599.21464710822,2441151.301662223,FALSE,120.98989693710209,Velavadar_LEK1,2018-10-01,2018-11-01,Oct18→Nov18
46.5253281868832,192535.89756347553,2441116.269026928,192574.8768966847,2441090.867890232,FALSE,124.61636864602275,Velavadar_LEK1,2018-10-01,2018-11-01,Oct18→Nov18
12.997720368966853,192578.9068616177,2441118.9339389643,192591.49665297387,2441115.7031668588,TRUE,81.62390310724183,Velavadar_LEK1,2018-10-01,2018-11-01,Oct18→Nov18
2.564283597524751,192695.88383228198,2441117.7353988676,192694.22994135425,2441119.6950404593,TRUE,35.37800942677673,Velavadar_LEK1,2018-10-01,2018-11-01,Oct18→Nov18
3.2569503546612153,192685.73597950238,2441117.2572320723,192682.4792095999,2441117.2915163985,TRUE,25.225351326595913,Velavadar_LEK1,2018-10-01,2018-11-01,Oct18→Nov18
1.2812453602921867,192684.92667354934,2441079.7829149133,192685.30632609228,2441081.006619788,TRUE,38.74493852543091,Velavadar_LEK1,2018-11-01,2021-03-01,Nov18→Mar21
69.99398928035924,192810.80085610977,2441078.2864333023,192747.82775145053,2441108.8404285396,FALSE,153.57208043822718,Velavadar_LEK1,2018-11-01,2021-03-01,Nov18→Mar21
24.800516494573905,192763.6699539274,2441081.4336617896,192739.93508334167,2441074.2418931145,FALSE,107.00574546581709,Velavadar_LEK1,2018-11-01,2021-03-01,Nov18→Mar21
5.0518561251709695,192747.2057098475,2441113.853842003,192747.82775145053,2441108.8404285396,TRUE,86.786414287495,Velavadar_LEK1,2018-11-01,2021-03-01,Nov18→Mar21
27.788958355381737,192728.73810811515,2441135.110449759,192700.949476764,2441134.975638381,TRUE,72.7474323011329,Velavadar_LEK1,2018-11-01,2021-03-01,Nov18→Mar21
32.387049437048056,192762.52579570236,2441051.0345518994,192739.93508334167,2441074.2418931145,FALSE,117.76361781162089,Velavadar_LEK1,2018-11-01,2021-03-01,Nov18→Mar21
19.354449050045396,192688.20082624594,2441165.613828689,192689.79553290398,2441146.32518932,TRUE,62.245153024049976,Velavadar_LEK1,2018-11-01,2021-03-01,Nov18→Mar21
18.00577649773849,192737.7552109941,2441042.3328659255,192721.78196158668,2441050.643298565,FALSE,102.6036787757455,Velavadar_LEK1,2018-11-01,2021-03-01,Nov18→Mar21
1.4574297956155329,192721.44353156642,2441049.2257066877,192721.78196158668,2441050.643298565,TRUE,85.96585020923321,Velavadar_LEK1,2018-11-01,2021-03-01,Nov18→Mar21
4.605896168696576,192699.67512980133,2441102.4720680085,192702.999573502,2441105.659912672,TRUE,39.856206582492554,Velavadar_LEK1,2018-11-01,2021-03-01,Nov18→Mar21
3.3224244671767704,192697.8178000449,2441133.8660865496,192700.949476764,2441134.975638381,TRUE,44.359524281736576,Velavadar_LEK1,2018-11-01,2021-03-01,Nov18→Mar21
13.289752356894857,192726.65662474983,2441074.7896659984,192739.93508334167,2441074.2418931145,TRUE,74.87095796971141,Velavadar_LEK1,2018-11-01,2021-03-01,Nov18→Mar21
2.9175629922432744,192652.82971517806,2441135.460902838,192651.70863453695,2441138.1544789015,TRUE,26.721861703445974,Velavadar_LEK1,2018-11-01,2021-03-01,Nov18→Mar21
1.90220638335543,192666.20663439785,2441158.6466543735,192666.15728194505,2441160.548220428,TRUE,49.11123038820502,Velavadar_LEK1,2018-11-01,2021-03-01,Nov18→Mar21
30.12172611833906,192646.68258055788,2441213.9932632237,192618.87909930758,2441225.5813957183,FALSE,105.04065184443235,Velavadar_LEK1,2018-11-01,2021-03-01,Nov18→Mar21
1.3641021812634926,192675.363340866,2441205.765876564,192676.6899377716,2441206.0835484248,FALSE,97.04237483180923,Velavadar_LEK1,2018-11-01,2021-03-01,Nov18→Mar21
20.675538238475028,192691.6491042907,2441191.8111548447,192676.6899377716,2441206.0835484248,TRUE,87.66104878633307,Velavadar_LEK1,2018-11-01,2021-03-01,Nov18→Mar21
12.982974116800339,192600.32149894262,2441206.234114672,192608.70022773364,2441196.3167298976,FALSE,113.61963729235048,Velavadar_LEK1,2018-11-01,2021-03-01,Nov18→Mar21
6.61481805692713,192637.7592243958,2441180.346573327,192640.35168548132,2441174.260937498,TRUE,74.06102249879036,Velavadar_LEK1,2018-11-01,2021-03-01,Nov18→Mar21
1.702248841335504,192621.05042353505,2441155.7010777234,192622.1864612092,2441156.968780181,TRUE,60.48065933797912,Velavadar_LEK1,2018-11-01,2021-03-01,Nov18→Mar21
17.059069596768065,192565.45245579106,2441165.532938492,192580.5063351352,2441157.50844024,FALSE,110.15820100425033,Velavadar_LEK1,2018-11-01,2021-03-01,Nov18→Mar21
2.0574616935117107,192600.62136617344,2441149.7924810606,192601.97638442676,2441151.340729798,TRUE,71.97789652037146,Velavadar_LEK1,2018-11-01,2021-03-01,Nov18→Mar21
2.116106084192101,192626.8395822983,2441132.7411350897,192625.7151486519,2441130.948496271,TRUE,40.706185793484025,Velavadar_LEK1,2018-11-01,2021-03-01,Nov18→Mar21
1.0454971392016037,192613.97950667347,2441119.8870390835,192613.307529237,2441120.6879826477,TRUE,47.598085899373196,Velavadar_LEK1,2018-11-01,2021-03-01,Nov18→Mar21
28.87263943375049,192724.83877712348,2441011.8115149885,192703.75779011543,2441031.540207156,FALSE,117.27282681887294,Velavadar_LEK1,2018-11-01,2021-03-01,Nov18→Mar21
70.92947932913428,192753.97531308775,2440981.448377239,192703.75779011543,2441031.540207156,FALSE,158.82974820618747,Velavadar_LEK1,2018-11-01,2021-03-01,Nov18→Mar21
115.26818898742196,192776.44375911565,2440942.077894963,192703.75779011543,2441031.540207156,FALSE,203.94495885493964,Velavadar_LEK1,2018-11-01,2021-03-01,Nov18→Mar21
147.54076042767096,192854.94731949363,2440981.8272756403,192739.93508334167,2441074.2418931145,FALSE,232.80815421993714,Velavadar_LEK1,2018-11-01,2021-03-01,Nov18→Mar21
88.01183576436517,192798.16642337438,2441006.922625743,192721.78196158668,2441050.643298565,FALSE,171.89108072832946,Velavadar_LEK1,2018-11-01,2021-03-01,Nov18→Mar21
56.00790576640739,192752.1184454767,2441003.288967867,192703.75779011543,2441031.540207156,FALSE,140.5374570913623,Velavadar_LEK1,2018-11-01,2021-03-01,Nov18→Mar21
23.81000699135095,192677.22352434968,2440996.7768255556,192668.5324387051,2441018.9439512882,FALSE,114.3182340092371,Velavadar_LEK1,2018-11-01,2021-03-01,Nov18→Mar21
38.286822174871546,192655.59322801995,2440950.7589183706,192649.68459881353,2440988.587067323,FALSE,159.18388532450922,Velavadar_LEK1,2018-11-01,2021-03-01,Nov18→Mar21
39.386268676566885,192619.12377028842,2440963.7412644555,192649.68459881353,2440988.587067323,FALSE,151.87355213864717,Velavadar_LEK1,2018-11-01,2021-03-01,Nov18→Mar21
4.081358328024557,192649.3969201842,2440992.6582743684,192649.68459881353,2440988.587067323,FALSE,117.73429923275349,Velavadar_LEK1,2018-11-01,2021-03-01,Nov18→Mar21
8.590763416361611,192597.34435909818,2440998.8039618162,192605.08792481862,2441002.523962624,FALSE,127.76922403119752,Velavadar_LEK1,2018-11-01,2021-03-01,Nov18→Mar21
2.039161175321962,192701.9382526498,2441032.4607839915,192703.75779011543,2441031.540207156,TRUE,87.79475112506418,Velavadar_LEK1,2018-11-01,2021-03-01,Nov18→Mar21
2.6409603134214663,192670.69478025206,2441020.4601802984,192668.5324387051,2441018.9439512882,TRUE,89.98476970928391,Velavadar_LEK1,2018-11-01,2021-03-01,Nov18→Mar21
11.05279548707381,192652.54366381018,2441016.9125666926,192641.6707162088,2441018.8983407323,TRUE,93.29507599020603,Velavadar_LEK1,2018-11-01,2021-03-01,Nov18→Mar21
1.404170862006743,192693.65328407317,2441049.95379212,192692.25401467073,2441049.8365703253,TRUE,68.46887767380954,Velavadar_LEK1,2018-11-01,2021-03-01,Nov18→Mar21
10.717889836832262,192638.29415020323,2441029.070457747,192641.6707162088,2441018.8983407323,TRUE,83.79521431063377,Velavadar_LEK1,2018-11-01,2021-03-01,Nov18→Mar21
8.136272377156438,192669.4240343225,2441040.7566948826,192661.41672492772,2441039.313807343,TRUE,69.68251867820616,Velavadar_LEK1,2018-11-01,2021-03-01,Nov18→Mar21
13.385046915965692,192712.86682125222,2441092.229798409,192704.08089490538,2441082.131928378,TRUE,55.246758639340776,Velavadar_LEK1,2018-11-01,2021-03-01,Nov18→Mar21
2.041349467495932,192682.62084153376,2441064.9106286387,192681.37020257302,2441066.5240132296,TRUE,50.09898015758292,Velavadar_LEK1,2018-11-01,2021-03-01,Nov18→Mar21
4.680477848939225,192669.28098114603,2441099.2033900125,192671.00165990484,2441103.556106119,TRUE,13.806616988939606,Velavadar_LEK1,2018-11-01,2021-03-01,Nov18→Mar21
3.3232904523566384,192659.28445825423,2441111.328768195,192662.2596202916,2441109.8480014065,TRUE,1.9082732005327043,Velavadar_LEK1,2018-11-01,2021-03-01,Nov18→Mar21
2.0414934221398884,192643.61537589092,2441117.529983886,192645.59278979077,2441118.0374576896,TRUE,18.552187621601977,Velavadar_LEK1,2018-11-01,2021-03-01,Nov18→Mar21
0.693591382930391,192625.55870531767,2441111.8467249507,192625.57894189388,2441112.5400210544,TRUE,35.008253335590595,Velavadar_LEK1,2018-11-01,2021-03-01,Nov18→Mar21
16.77872934066004,192578.5272639519,2441135.7083737953,192578.9068616177,2441118.9339389643,TRUE,85.95991329351008,Velavadar_LEK1,2018-11-01,2021-03-01,Nov18→Mar21
7.502272430300639,192571.85915316822,2441121.5056888023,192578.9068616177,2441118.9339389643,TRUE,89.41252799503037,Velavadar_LEK1,2018-11-01,2021-03-01,Nov18→Mar21
1.3115225779489408,192591.31621308357,2441115.847915075,192592.58048782923,2441115.4990586,TRUE,69.45273120475292,Velavadar_LEK1,2018-11-01,2021-03-01,Nov18→Mar21
8.293015599931469,192600.032883911,2441119.1371762976,192592.58048782923,2441115.4990586,TRUE,61.18441891373632,Velavadar_LEK1,2018-11-01,2021-03-01,Nov18→Mar21
0.18529064321253486,192607.53172544454,2441099.227348327,192607.69618698198,2441099.312700686,TRUE,54.036970915250656,Velavadar_LEK1,2018-11-01,2021-03-01,Nov18→Mar21
1.394485819772159,192657.61685030576,2441092.8070152905,192658.6948732976,2441093.6915813596,TRUE,17.303547244954352,Velavadar_LEK1,2018-11-01,2021-03-01,Nov18→Mar21
0.4224558729950736,192641.11342058086,2441095.4286762397,192640.92057882296,2441095.0528025627,TRUE,24.181053689363374,Velavadar_LEK1,2018-11-01,2021-03-01,Nov18→Mar21
0.08591356118421524,192668.978454926,2441072.7487512305,192668.96853067045,2441072.6634127917,TRUE,38.07164752981957,Velavadar_LEK1,2018-11-01,2021-03-01,Nov18→Mar21
1.1897616574189733,192655.5233626169,2441078.2746366994,192654.42582076218,2441078.7339129546,TRUE,31.983465824429285,Velavadar_LEK1,2018-11-01,2021-03-01,Nov18→Mar21
2.194269388866078,192644.14925366855,2441054.3481932534,192642.36446578905,2441053.0717331576,TRUE,57.87938055702055,Velavadar_LEK1,2018-11-01,2021-03-01,Nov18→Mar21
1.4407704765012974,192624.9267226602,2441060.274630148,192624.16641081905,2441059.0508060306,TRUE,61.03786748276143,Velavadar_LEK1,2018-11-01,2021-03-01,Nov18→Mar21
13.53397788680122,192639.61710767384,2441073.845923185,192626.4501871938,2441076.976540139,TRUE,41.64200963096594,Velavadar_LEK1,2018-11-01,2021-03-01,Nov18→Mar21
7.4250460602052115,192613.12079152447,2441084.2092484585,192618.14658358198,2441089.674842954,TRUE,53.890037161318375,Velavadar_LEK1,2018-11-01,2021-03-01,Nov18→Mar21
0.6871192792108276,192592.0582653185,2441067.3281757333,192592.5589503633,2441067.7987577026,TRUE,80.59344551652823,Velavadar_LEK1,2018-11-01,2021-03-01,Nov18→Mar21
6.888786574123644,192599.14746423927,2441062.929934634,192595.9644537897,2441069.039257423,TRUE,77.2563661976833,Velavadar_LEK1,2018-11-01,2021-03-01,Nov18→Mar21
35.58162250189637,192558.03481168003,2441046.613930588,192592.91184721858,2441039.5680628694,FALSE,120.425423790595,Velavadar_LEK1,2018-11-01,2021-03-01,Nov18→Mar21
2.1635142766515867,192584.14121664147,2441074.4238914987,192582.47032444156,2441073.0495140827,TRUE,84.19343262783585,Velavadar_LEK1,2018-11-01,2021-03-01,Nov18→Mar21
15.22282267682769,192547.9361700475,2441125.5860158224,192535.89756347553,2441116.269026928,FALSE,113.66692076313427,Velavadar_LEK1,2018-11-01,2021-03-01,Nov18→Mar21
17.338433452657895,192543.57040183933,2441100.720752875,192535.89756347553,2441116.269026928,FALSE,117.29764283487695,Velavadar_LEK1,2018-11-01,2021-03-01,Nov18→Mar21
0.7702231026762903,192573.3026568438,2441090.6104504373,192573.90086469392,2441090.1252793376,TRUE,89.30895969758362,Velavadar_LEK1,2018-11-01,2021-03-01,Nov18→Mar21
10.00294988161097,192538.30675501976,2441161.32261777,192545.34233005164,2441154.2120840135,FALSE,132.59546882227033,Velavadar_LEK1,2018-11-01,2021-03-01,Nov18→Mar21
46.603344763329375,192538.67796088097,2441057.1089796843,192582.47032444156,2441073.0495140827,FALSE,132.76543875754643,Velavadar_LEK1,2018-11-01,2021-03-01,Nov18→Mar21
1.1127990857860814,192659.72987735237,2441112.348534655,192659.28445825423,2441111.328768195,TRUE,27.400595598148715,Velavadar_LEK1,2021-03-01,2021-12-01,Mar21→Dec21
10.14920200487914,192673.3427792872,2441089.902417096,192669.28098114603,2441099.2033900125,TRUE,35.50632685138508,Velavadar_LEK1,2021-03-01,2021-12-01,Mar21→Dec21
14.360525055291037,192682.333856115,2441105.190637703,192669.28098114603,2441099.2033900125,TRUE,45.16898949424453,Velavadar_LEK1,2021-03-01,2021-12-01,Mar21→Dec21
5.18566600425204,192697.85701162356,2441107.328566562,192699.67512980133,2441102.4720680085,TRUE,60.79844112701336,Velavadar_LEK1,2021-03-01,2021-12-01,Mar21→Dec21
13.513525874142923,192704.56769463804,2441081.564908396,192712.86682125222,2441092.229798409,TRUE,67.72760812876116,Velavadar_LEK1,2021-03-01,2021-12-01,Mar21→Dec21
2.6275991006306425,192811.4695035803,2441075.7453336203,192810.80085610977,2441078.2864333023,FALSE,174.31935459604134,Velavadar_LEK1,2021-03-01,2021-12-01,Mar21→Dec21
0.9256127523568061,192763.1821958557,2441080.6469909367,192763.6699539274,2441081.4336617896,TRUE,125.78829557250945,Velavadar_LEK1,2021-03-01,2021-12-01,Mar21→Dec21
0.6900381390064834,192721.2827540731,2441049.896753058,192721.44353156642,2441049.2257066877,TRUE,94.64722247806769,Velavadar_LEK1,2021-03-01,2021-12-01,Mar21→Dec21
0.2775422502349224,192762.27322783263,2441051.1496134996,192762.52579570236,2441051.0345518994,TRUE,131.65415362301798,Velavadar_LEK1,2021-03-01,2021-12-01,Mar21→Dec21
2.3448552520247326,192729.610599713,2441137.286938804,192728.73810811515,2441135.110449759,TRUE,100.53003776585334,Velavadar_LEK1,2021-03-01,2021-12-01,Mar21→Dec21
2.2865628539855676,192699.31792331545,2441135.591774777,192697.8178000449,2441133.8660865496,TRUE,73.14159266896972,Velavadar_LEK1,2021-03-01,2021-12-01,Mar21→Dec21
0.6580184561240627,192627.29578713112,2441133.215334878,192626.8395822983,2441132.7411350897,TRUE,39.436841973130875,Velavadar_LEK1,2021-03-01,2021-12-01,Mar21→Dec21
1.391305993879815,192653.5526427623,2441136.6496450626,192652.82971517806,2441135.460902838,TRUE,44.05945574901102,Velavadar_LEK1,2021-03-01,2021-12-01,Mar21→Dec21
13.562580419489555,192622.8972731576,2441098.547839039,192625.55870531767,2441111.8467249507,TRUE,15.689901949016411,Velavadar_LEK1,2021-03-01,2021-12-01,Mar21→Dec21
10.313155116688785,192631.2238263577,2441079.838752,192639.61710767384,2441073.845923185,TRUE,17.01320820277696,Velavadar_LEK1,2021-03-01,2021-12-01,Mar21→Dec21
2.3624445297899217,192592.87639405316,2441114.073942274,192591.31621308357,2441115.847915075,TRUE,49.09585625243671,Velavadar_LEK1,2021-03-01,2021-12-01,Mar21→Dec21
0.7672656632556034,192656.06149930204,2441077.727731309,192655.5233626169,2441078.2746366994,TRUE,25.039999832727563,Velavadar_LEK1,2021-03-01,2021-12-01,Mar21→Dec21
7.13872359689451,192662.42537371424,2441039.349525993,192669.4240343225,2441040.7566948826,TRUE,60.97738358878114,Velavadar_LEK1,2021-03-01,2021-12-01,Mar21→Dec21
0.23143001225491602,192682.58948890562,2441064.681332186,192682.62084153376,2441064.9106286387,TRUE,53.89872199288634,Velavadar_LEK1,2021-03-01,2021-12-01,Mar21→Dec21
29.208270892673376,192571.4508155582,2441194.11864766,192565.45245579106,2441165.532938492,FALSE,119.25416908466798,Velavadar_LEK1,2021-03-01,2021-12-01,Mar21→Dec21
17.78281955901937,192603.67117390578,2441167.311823065,192600.62136617344,2441149.7924810606,TRUE,79.85695158646317,Velavadar_LEK1,2021-03-01,2021-12-01,Mar21→Dec21
0.5759612287322547,192579.02275059454,2441136.0020135813,192578.5272639519,2441135.7083737953,TRUE,71.85002734732655,Velavadar_LEK1,2021-03-01,2021-12-01,Mar21→Dec21
1.1833967470754698,192727.48127331713,2441075.638419556,192726.65662474983,2441074.7896659984,TRUE,91.37466200532957,Velavadar_LEK1,2021-03-01,2021-12-01,Mar21→Dec21
17.44171111315096,192740.69377037976,2441064.4372832235,192726.65662474983,2441074.7896659984,TRUE,106.99703549522337,Velavadar_LEK1,2021-03-01,2021-12-01,Mar21→Dec21
3.4214081440960857,192854.5745009035,2440978.4262405057,192854.94731949363,2440981.8272756403,FALSE,245.88903112006207,Velavadar_LEK1,2021-03-01,2021-12-01,Mar21→Dec21
25.644128868831267,192613.417464156,2441035.297161269,192638.29415020323,2441029.070457747,TRUE,64.96905452519331,Velavadar_LEK1,2021-03-01,2021-12-01,Mar21→Dec21
17.80199133145537,192620.92819306965,2441032.986377588,192638.29415020323,2441029.070457747,TRUE,64.70781292991197,Velavadar_LEK1,2021-03-01,2021-12-01,Mar21→Dec21
31.909703651103968,192565.44423543557,2440998.022106707,192597.34435909818,2440998.8039618162,FALSE,121.53346372718319,Velavadar_LEK1,2021-03-01,2021-12-01,Mar21→Dec21
0.4042139005959041,192596.94279844733,2440998.757724157,192597.34435909818,2440998.8039618162,TRUE,105.03863026765967,Velavadar_LEK1,2021-03-01,2021-12-01,Mar21→Dec21
1.4906755709436876,192656.5511342007,2440949.6167583964,192655.59322801995,2440950.7589183706,FALSE,146.85905160132452,Velavadar_LEK1,2021-03-01,2021-12-01,Mar21→Dec21
2.798772191725401,192754.30473962345,2440978.6690600677,192753.97531308775,2440981.448377239,FALSE,164.5536735694275,Velavadar_LEK1,2021-03-01,2021-12-01,Mar21→Dec21
16.24379324888125,192756.43514756928,2441018.9486901555,192752.1184454767,2441003.288967867,TRUE,140.71647827403356,Velavadar_LEK1,2021-03-01,2021-12-01,Mar21→Dec21
2.0524871939375715,192664.2136546233,2441040.356876514,192662.42537371424,2441039.349525993,TRUE,52.53450823316993,Velavadar_LEK1,2021-12-01,2022-12-01,Dec21→Dec22
18.661945433509672,192693.6354701483,2441049.639573454,192682.58948890562,2441064.681332186,TRUE,45.86159218441996,Velavadar_LEK1,2021-12-01,2022-12-01,Dec21→Dec22
24.725160533106862,192643.37659276125,2441055.1126953317,192662.42537371424,2441039.349525993,TRUE,48.58694424831259,Velavadar_LEK1,2021-12-01,2022-12-01,Dec21→Dec22
20.81751102398136,192626.14673628449,2441059.6498460956,192631.2238263577,2441079.838752,TRUE,58.718972063557594,Velavadar_LEK1,2021-12-01,2022-12-01,Dec21→Dec22
29.299642621285834,192746.75419129187,2441113.526334319,192729.610599713,2441137.286938804,TRUE,74.66729921718148,Velavadar_LEK1,2021-12-01,2022-12-01,Dec21→Dec22
1.068670498444103,192727.2119085858,2441074.604253575,192727.48127331713,2441075.638419556,TRUE,54.60731285952476,Velavadar_LEK1,2021-12-01,2022-12-01,Dec21→Dec22
18.61775789680332,192594.97430102236,2441037.840907076,192613.417464156,2441035.297161269,TRUE,96.7503490756505,Velavadar_LEK1,2021-12-01,2022-12-01,Dec21→Dec22
26.64769091910454,192643.67757244513,2441019.109592321,192620.92819306965,2441032.986377588,TRUE,79.19663588866331,Velavadar_LEK1,2021-12-01,2022-12-01,Dec21→Dec22
49.79950573247016,192783.55788471788,2441126.0873042564,192763.1821958557,2441080.6469909367,FALSE,113.54219590189173,Velavadar_LEK1,2021-12-01,2022-12-01,Dec21→Dec22
0.90097682825416,192811.8332759365,2441076.5696084034,192811.4695035803,2441075.7453336203,TRUE,137.32023259385915,Velavadar_LEK1,2021-12-01,2022-12-01,Dec21→Dec22
0.559995054758483,192763.68462028494,2441080.3996770587,192763.1821958557,2441080.6469909367,TRUE,89.05529901226423,Velavadar_LEK1,2021-12-01,2022-12-01,Dec21→Dec22
1.0067839739196824,192754.36537526431,2440979.6740164296,192754.30473962345,2440978.6690600677,FALSE,137.08724266029935,Velavadar_LEK1,2021-12-01,2022-12-01,Dec21→Dec22
19.340861049458326,192670.0611027216,2441021.9211433614,192664.2136546233,2441040.356876514,TRUE,30.586220212155226,Velavadar_LEK1,2022-12-01,2024-05-01,Dec22→May24
24.99949759321131,192720.0865834462,2441050.6416864847,192727.2119085858,2441074.604253575,TRUE,70.97402341318596,Velavadar_LEK1,2022-12-01,2024-05-01,Dec22→May24
51.26483862361403,192798.23139668832,2441006.2042980627,192754.36537526431,2440979.6740164296,FALSE,153.68589571400886,Velavadar_LEK1,2022-12-01,2024-05-01,Dec22→May24
36.17394927956738,192801.41494813102,2441041.92840386,192811.8332759365,2441076.5696084034,TRUE,152.05353864710338,Velavadar_LEK1,2022-12-01,2024-05-01,Dec22→May24
101.57142765971179,192855.9092249421,2440982.0407672506,192754.36537526431,2440979.6740164296,FALSE,215.75268186631567,Velavadar_LEK1,2022-12-01,2024-05-01,Dec22→May24
145.31187049939734,192504.6900182119,2440923.980079811,192594.97430102236,2441037.840907076,FALSE,188.28391293807502,Velavadar_LEK1,2022-12-01,2024-05-01,Dec22→May24
241.79394437760809,192457.54989891022,2440838.896580085,192594.97430102236,2441037.840907076,FALSE,281.1676181837291,Velavadar_LEK1,2022-12-01,2024-05-01,Dec22→May24
77.2152701896662,194141.40614499518,2441586.947188473,194081.85750019376,2441537.7927700267,FALSE,555.8093818020761,Velavadar_LEK2,2014-02-01,2015-05-01,Feb14→May15
32.0143958806776,194057.76149763976,2441652.8940116786,194026.45696279942,2441646.1897114143,TRUE,528.442043314323,Velavadar_LEK2,2014-02-01,2015-05-01,Feb14→May15
75.30319400151905,194099.90453270118,2441629.5756961755,194026.45696279942,2441646.1897114143,TRUE,545.7680995265544,Velavadar_LEK2,2014-02-01,2015-05-01,Feb14→May15
1.5683350531796953,194053.2624352601,2441544.721023751,194054.77376408584,2441545.140022581,TRUE,458.6969038927551,Velavadar_LEK2,2014-02-01,2015-05-01,Feb14→May15
30.0344785865466,194104.9349745576,2441518.5703851343,194081.85750019376,2441537.7927700267,TRUE,490.575087858068,Velavadar_LEK2,2014-02-01,2015-05-01,Feb14→May15
80.62988228120707,194181.42326010275,2441481.614470797,194125.93525034084,2441423.1143965293,FALSE,546.2753460015747,Velavadar_LEK2,2014-02-01,2015-05-01,Feb14→May15
54.97598304157992,194114.24043351843,2441476.8320842204,194125.93525034084,2441423.1143965293,TRUE,481.7844480310934,Velavadar_LEK2,2014-02-01,2015-05-01,Feb14→May15
52.29705524758421,194049.2945848031,2441477.565135929,194012.01415170508,2441440.8888316494,TRUE,422.5596530658368,Velavadar_LEK2,2014-02-01,2015-05-01,Feb14→May15
2.3845114946485193,194010.73767104943,2441438.8747581146,194012.01415170508,2441440.8888316494,TRUE,371.6127791886603,Velavadar_LEK2,2014-02-01,2015-05-01,Feb14→May15
46.06674319685573,194057.19213444355,2441431.8835718282,194012.01415170508,2441440.8888316494,TRUE,412.5716064385593,Velavadar_LEK2,2014-02-01,2015-05-01,Feb14→May15
2.450699866447146,193899.38602924527,2441353.2923220913,193901.83429384395,2441353.4015479595,TRUE,238.7944010018955,Velavadar_LEK2,2014-02-01,2015-05-01,Feb14→May15
62.791524207580075,193864.45822308015,2441419.0877483445,193927.05756002583,2441423.9967733263,TRUE,231.9701440343246,Velavadar_LEK2,2014-02-01,2015-05-01,Feb14→May15
33.61264767217353,193986.65335945884,2441418.8289064416,194012.01415170508,2441440.8888316494,TRUE,341.81877018272144,Velavadar_LEK2,2014-02-01,2015-05-01,Feb14→May15
77.28418014522552,193978.39769105427,2441363.932013682,193901.83429384395,2441353.4015479595,TRUE,318.18776322087155,Velavadar_LEK2,2014-02-01,2015-05-01,Feb14→May15
45.984236030924095,194036.1059773435,2441401.720810245,194012.01415170508,2441440.8888316494,TRUE,383.3757671726277,Velavadar_LEK2,2014-02-01,2015-05-01,Feb14→May15
52.63647989108049,193808.75560764526,2441470.728807019,193757.26508409856,2441459.805208701,FALSE,224.1960478815427,Velavadar_LEK2,2014-02-01,2015-05-01,Feb14→May15
41.84073599111595,193778.36333255813,2441495.937065839,193757.26508409856,2441459.805208701,FALSE,228.0420381108262,Velavadar_LEK2,2014-02-01,2015-05-01,Feb14→May15
2.8192241774957827,193754.5098057547,2441460.4022566145,193757.26508409856,2441459.805208701,TRUE,185.4245854381435,Velavadar_LEK2,2014-02-01,2015-05-01,Feb14→May15
50.82281112855293,193800.5676671269,2441296.1862915577,193830.6783663525,2441255.2436008407,TRUE,133.17871947010627,Velavadar_LEK2,2014-02-01,2015-05-01,Feb14→May15
75.20532674745459,193683.47143260803,2441445.3021686445,193757.26508409856,2441459.805208701,FALSE,149.45153215665076,Velavadar_LEK2,2014-02-01,2015-05-01,Feb14→May15
142.76005959222363,193642.09010217525,2441544.15660557,193757.26508409856,2441459.805208701,FALSE,248.72830751334004,Velavadar_LEK2,2014-02-01,2015-05-01,Feb14→May15
67.47597057224493,193708.67597452027,2441506.6251300494,193757.26508409856,2441459.805208701,FALSE,213.9284532948304,Velavadar_LEK2,2014-02-01,2015-05-01,Feb14→May15
220.15942939982227,193225.1659149821,2441117.872686997,193435.47812935617,2441052.7654920127,FALSE,477.01983737500296,Velavadar_LEK2,2014-02-01,2015-05-01,Feb14→May15
243.3644921663315,193212.0564983188,2441149.2489145887,193435.47812935617,2441052.7654920127,FALSE,478.61868383375395,Velavadar_LEK2,2014-02-01,2015-05-01,Feb14→May15
153.3543964449002,193318.4446409201,2441151.865106005,193435.47812935617,2441052.7654920127,FALSE,377.8165375087207,Velavadar_LEK2,2014-02-01,2015-05-01,Feb14→May15
187.79246837872077,193250.6873451005,2441019.323344445,193435.47812935617,2441052.7654920127,FALSE,500.5887591190291,Velavadar_LEK2,2014-02-01,2015-05-01,Feb14→May15
86.43480937711176,193355.12677749043,2441020.9121322935,193435.47812935617,2441052.7654920127,FALSE,416.6262133882261,Velavadar_LEK2,2014-02-01,2015-05-01,Feb14→May15
53.49999018384411,193382.47316720145,2441060.026548179,193435.47812935617,2441052.7654920127,FALSE,370.4060220417265,Velavadar_LEK2,2014-02-01,2015-05-01,Feb14→May15
220.84113646573533,193216.52636355348,2441081.591379811,193435.47812935617,2441052.7654920127,FALSE,499.5574497000516,Velavadar_LEK2,2014-02-01,2015-05-01,Feb14→May15
194.54537604881162,193245.97967358324,2441096.7909233184,193435.47812935617,2441052.7654920127,FALSE,466.4307577976515,Velavadar_LEK2,2014-02-01,2015-05-01,Feb14→May15
171.07648386464112,193275.45783361135,2441113.2689487836,193435.47812935617,2441052.7654920127,FALSE,432.740704801833,Velavadar_LEK2,2014-02-01,2015-05-01,Feb14→May15
134.24965581873502,193563.5653698725,2441486.0034924117,193466.86410873517,2441392.880798175,FALSE,215.88982729053674,Velavadar_LEK2,2014-02-01,2015-05-01,Feb14→May15
68.72010335401269,193525.98867301957,2441427.905625129,193466.86410873517,2441392.880798175,FALSE,192.88451699025916,Velavadar_LEK2,2014-02-01,2015-05-01,Feb14→May15
2.8891902685938295,193464.89098066586,2441394.991292437,193466.86410873517,2441392.880798175,TRUE,225.08537585836913,Velavadar_LEK2,2014-02-01,2015-05-01,Feb14→May15
61.42045512654514,193572.94448092702,2441351.109387395,193630.66558514856,2441330.1154255155,TRUE,108.98780651071101,Velavadar_LEK2,2014-02-01,2015-05-01,Feb14→May15
1.724548837010816,193629.58870850975,2441331.4624241777,193630.66558514856,2441330.1154255155,TRUE,51.34285208144679,Velavadar_LEK2,2014-02-01,2015-05-01,Feb14→May15
45.46731475723699,193703.28472949174,2441328.7491290024,193672.96399454318,2441294.868017105,TRUE,48.108222200750944,Velavadar_LEK2,2014-02-01,2015-05-01,Feb14→May15
83.93384060946354,193591.84328661166,2441242.6730459165,193673.30632870214,2441262.8884453145,TRUE,92.88812311578081,Velavadar_LEK2,2014-02-01,2015-05-01,Feb14→May15
2.8779019218648547,193670.49620021915,2441296.348662453,193672.96399454318,2441294.868017105,TRUE,3.1281129263768466,Velavadar_LEK2,2014-02-01,2015-05-01,Feb14→May15
2.8521076119695876,193644.50574957253,2441315.8251003665,193646.42533364095,2441313.7156656473,TRUE,29.812026823260158,Velavadar_LEK2,2014-02-01,2015-05-01,Feb14→May15
52.50958606394846,193579.39014680288,2441318.7979146997,193630.66558514856,2441330.1154255155,TRUE,90.72751935035149,Velavadar_LEK2,2014-02-01,2015-05-01,Feb14→May15
38.30950439205014,193735.19128096325,2441326.84931136,193729.44732640154,2441288.972866005,TRUE,74.19492255666631,Velavadar_LEK2,2014-02-01,2015-05-01,Feb14→May15
1.7949833021699886,193728.26328625256,2441290.3219449427,193729.44732640154,2441288.972866005,TRUE,61.208412983877636,Velavadar_LEK2,2014-02-01,2015-05-01,Feb14→May15
22.944467951796337,193711.14089640346,2441302.804830085,193729.44732640154,2441288.972866005,TRUE,44.17222136794135,Velavadar_LEK2,2014-02-01,2015-05-01,Feb14→May15
66.64342734598469,193681.42682629154,2441373.2969355173,193630.66558514856,2441330.1154255155,TRUE,77.8544186009234,Velavadar_LEK2,2014-02-01,2015-05-01,Feb14→May15
56.81989013090351,193772.06000830868,2441326.5582255903,193729.44732640154,2441288.972866005,TRUE,108.84036956013138,Velavadar_LEK2,2014-02-01,2015-05-01,Feb14→May15
78.97108738516492,193782.75290396204,2441347.2390486817,193729.44732640154,2441288.972866005,TRUE,125.9402128705464,Velavadar_LEK2,2014-02-01,2015-05-01,Feb14→May15
90.88638950569846,193785.37142303993,2441360.616646004,193729.44732640154,2441288.972866005,TRUE,134.17378550383643,Velavadar_LEK2,2014-02-01,2015-05-01,Feb14→May15
53.90132633224229,193822.66619041242,2441338.1496244944,193862.0173945225,2441301.314373505,TRUE,160.70856157087417,Velavadar_LEK2,2014-02-01,2015-05-01,Feb14→May15
47.39608425543561,193833.83904270874,2441339.4243366616,193862.0173945225,2441301.314373505,TRUE,171.8402770112069,Velavadar_LEK2,2014-02-01,2015-05-01,Feb14→May15
36.51779846704317,193833.98165742593,2441324.714096801,193862.0173945225,2441301.314373505,TRUE,168.92761209616924,Velavadar_LEK2,2014-02-01,2015-05-01,Feb14→May15
34.61371607449983,193855.8419527379,2441335.3727536667,193862.0173945225,2441301.314373505,TRUE,192.37540569548077,Velavadar_LEK2,2014-02-01,2015-05-01,Feb14→May15
30.969917953065913,193876.71947152383,2441328.5721201077,193862.0173945225,2441301.314373505,TRUE,211.73919172566764,Velavadar_LEK2,2014-02-01,2015-05-01,Feb14→May15
49.039798856682054,193910.82768386992,2441296.5754363113,193862.0173945225,2441301.314373505,TRUE,243.43771532054117,Velavadar_LEK2,2014-02-01,2015-05-01,Feb14→May15
0.9597918976117399,193861.1918015225,2441301.8038596488,193862.0173945225,2441301.314373505,TRUE,193.86850314841064,Velavadar_LEK2,2014-02-01,2015-05-01,Feb14→May15
20.19175012478484,193815.52453739027,2441268.587822095,193830.6783663525,2441255.2436008407,TRUE,150.78184636321888,Velavadar_LEK2,2014-02-01,2015-05-01,Feb14→May15
34.113023930953936,193882.61636448465,2441245.9675364424,193911.33903480013,2441227.563552861,TRUE,221.1289883594061,Velavadar_LEK2,2014-02-01,2015-05-01,Feb14→May15
114.7675403967657,193611.613423658,2441443.2905264487,193630.66558514856,2441330.1154255155,FALSE,156.82610672881847,Velavadar_LEK2,2014-02-01,2015-05-01,Feb14→May15
2.502684763996479,193433.1606683625,2441053.7103759055,193435.47812935617,2441052.7654920127,TRUE,337.51483646199296,Velavadar_LEK2,2014-02-01,2015-05-01,Feb14→May15
57.85045058727981,193510.25112072018,2441060.095934998,193558.65360349027,2441028.411959634,TRUE,284.0471835459774,Velavadar_LEK2,2014-02-01,2015-05-01,Feb14→May15
1.9761931046046275,193556.81418148847,2441029.13436249,193558.65360349027,2441028.411959634,TRUE,289.5310163722599,Velavadar_LEK2,2014-02-01,2015-05-01,Feb14→May15
26.19109298402118,193586.69438489608,2441066.2813000507,193612.8847951215,2441066.4704135666,TRUE,244.15778173110712,Velavadar_LEK2,2014-02-01,2015-05-01,Feb14→May15
31.512065793253225,193639.34234152798,2441083.5879054596,193612.8847951215,2441066.4704135666,TRUE,214.9680492371944,Velavadar_LEK2,2014-02-01,2015-05-01,Feb14→May15
1.917608866019294,193559.71641816862,2441101.1245289464,193561.4466031788,2441100.297677331,TRUE,223.2723651821825,Velavadar_LEK2,2014-02-01,2015-05-01,Feb14→May15
55.03501411199078,193507.1334949672,2441109.182442646,193561.4466031788,2441100.297677331,TRUE,246.68171983073663,Velavadar_LEK2,2014-02-01,2015-05-01,Feb14→May15
67.05887804957469,193494.80860681564,2441092.7963063917,193561.4466031788,2441100.297677331,TRUE,267.1489185094232,Velavadar_LEK2,2014-02-01,2015-05-01,Feb14→May15
39.05324108241608,193460.94639996713,2441082.3716202825,193435.47812935617,2441052.7654920127,TRUE,297.59618438989054,Velavadar_LEK2,2014-02-01,2015-05-01,Feb14→May15
37.68248180648532,193445.297178209,2441016.3847867595,193435.47812935617,2441052.7654920127,TRUE,357.64806470429306,Velavadar_LEK2,2014-02-01,2015-05-01,Feb14→May15
99.463804880627407,193645.55421820498,2441160.4159151977,193612.8847951215,2441066.4704135666,FALSE,138.04042219534213,Velavadar_LEK2,2014-02-01,2015-05-01,Feb14→May15
80.70516722203418,193683.50491612335,2441105.536031775,193612.8847951215,2441066.4704135666,FALSE,191.86029457348093,Velavadar_LEK2,2014-02-01,2015-05-01,Feb14→May15
41.40682925318897,193575.67894472217,2441139.1816838505,193561.4466031788,2441100.297677331,TRUE,182.28747564009413,Velavadar_LEK2,2014-02-01,2015-05-01,Feb14→May15
10.430483082982422,193667.53203894518,2441254.2021022895,193673.30632870214,2441262.8884453145,TRUE,42.51649448063175,Velavadar_LEK2,2014-02-01,2015-05-01,Feb14→May15
1.240381052917182,193910.12389827997,2441227.314578176,193911.33903480013,2441227.563552861,TRUE,252.46113590510691,Velavadar_LEK2,2014-02-01,2015-05-01,Feb14→May15
650.5973594009233,194773.72457941482,2441362.7330318764,194125.93525034084,2441423.1143965293,FALSE,1108.3023573595087,Velavadar_LEK2,2014-02-01,2015-05-01,Feb14→May15
120.03599694899599,193901.41938394017,2441683.6246135305,193990.89928154694,2441603.612186447,FALSE,452.17938586933474,Velavadar_LEK2,2014-02-01,2015-05-01,Feb14→May15
102.5940479124245,193964.01616417977,2441727.594166666,194026.45696279942,2441646.1897114143,FALSE,523.1070982196096,Velavadar_LEK2,2014-02-01,2015-05-01,Feb14→May15
4.015662966109757,193901.72467120975,2441356.556721396,193899.38602924527,2441353.2923220913,TRUE,82.38771654659013,Velavadar_LEK2,2015-05-01,2015-11-01,May15→Nov15
74.62106687086614,193961.599133797,2441173.2904747645,193910.12389827997,2441227.314578176,FALSE,205.53280659851782,Velavadar_LEK2,2015-05-01,2015-11-01,May15→Nov15
17.98095398006579,193647.02826414054,2441067.3324048636,193639.34234152798,2441083.5879054596,TRUE,314.56852389183507,Velavadar_LEK2,2015-05-01,2015-11-01,May15→Nov15
5.58259745895014,193560.03792335402,2441033.692090298,193556.81418148847,2441029.13436249,TRUE,395.03855831797193,Velavadar_LEK2,2015-05-01,2015-11-01,May15→Nov15
10.757265926208097,193505.0874726592,2441095.9686378967,193494.80860681564,2441092.7963063917,TRUE,394.40809250161874,Velavadar_LEK2,2015-05-01,2015-11-01,May15→Nov15
37.08266357364448,193490.24260312237,2441028.8744173977,193510.25112072018,2441060.095934998,TRUE,448.0482329551833,Velavadar_LEK2,2015-05-01,2015-11-01,May15→Nov15
43.4929855170714,193340.5975232158,2441071.7768771094,193382.47316720145,2441060.026548179,TRUE,547.34026655176,Velavadar_LEK2,2015-05-01,2015-11-01,May15→Nov15
5.938665903615918,193254.7214945244,2441023.6814852343,193250.6873451005,2441019.323344445,TRUE,645.7392378952725,Velavadar_LEK2,2015-05-01,2015-11-01,May15→Nov15
53.045687966156876,193228.78878410067,2440971.0087706815,193250.6873451005,2441019.323344445,FALSE,694.2110195059851,Velavadar_LEK2,2015-05-01,2015-11-01,May15→Nov15
55.49065877602169,193259.0916537695,2440964.4728129325,193250.6873451005,2441019.323344445,FALSE,671.8722909686156,Velavadar_LEK2,2015-05-01,2015-11-01,May15→Nov15
124.45438142382504,193104.38280060078,2441027.6218111278,193216.52636355348,2441081.591379811,FALSE,780.1599302398259,Velavadar_LEK2,2015-05-01,2015-11-01,May15→Nov15
4.364533329257279,193278.49275405827,2441116.4055726156,193275.45783361135,2441113.2689487836,TRUE,585.51261181817,Velavadar_LEK2,2015-05-01,2015-11-01,May15→Nov15
65.34058659369714,193703.98894150904,2441199.9776934697,193667.53203894518,2441254.2021022895,TRUE,175.21328936741799,Velavadar_LEK2,2015-05-01,2015-11-01,May15→Nov15
75.95961998339655,193742.9651919983,2441152.804831854,193683.50491612335,2441105.536031775,FALSE,192.30574198806758,Velavadar_LEK2,2015-05-01,2015-11-01,May15→Nov15
24.65879536000072,193666.33628179203,2441173.688519376,193645.55421820498,2441160.4159151977,TRUE,220.41164025364554,Velavadar_LEK2,2015-05-01,2015-11-01,May15→Nov15
4.234651801346138,193804.37272546068,2441294.3278494803,193800.5676671269,2441296.1862915577,TRUE,38.40224702409764,Velavadar_LEK2,2015-05-01,2015-11-01,May15→Nov15
4.045090190685366,194038.30840581312,2441405.1137534343,194036.1059773435,2441401.720810245,TRUE,227.3250692115699,Velavadar_LEK2,2015-05-01,2015-11-01,May15→Nov15
32.09961415887175,193652.3675824133,2441437.3689642344,193683.47143260803,2441445.3021686445,TRUE,204.93831155529824,Velavadar_LEK2,2015-05-01,2015-11-01,May15→Nov15
20.44152926605188,193774.6812774203,2441457.0904822294,193754.5098057547,2441460.4022566145,TRUE,139.6551288884688,Velavadar_LEK2,2015-05-01,2015-11-01,May15→Nov15
2.154380239237868,193901.09758857428,2441354.4956242163,193901.72467120975,2441356.556721396,TRUE,741.0652693181669,Velavadar_LEK2,2015-11-01,2016-01-01,Nov15→Jan16
58.34098799289277,193862.20760129037,2441301.9958360316,193804.37272546068,2441294.3278494803,TRUE,681.9821286699984,Velavadar_LEK2,2015-11-01,2016-01-01,Nov15→Jan16
3.0574446506715525,193802.81479019864,2441296.958591868,193804.37272546068,2441294.3278494803,TRUE,627.2016249182021,Velavadar_LEK2,2015-11-01,2016-01-01,Nov15→Jan16
45.23768483312497,194012.2968984096,2441442.125232892,194038.30840581312,2441405.1137534343,FALSE,881.1983296603303,Velavadar_LEK2,2015-11-01,2016-01-01,Nov15→Jan16
1.3098746275623856,194037.46789504832,2441404.109107629,194038.30840581312,2441405.1137534343,TRUE,884.5804994035842,Velavadar_LEK2,2015-11-01,2016-01-01,Nov15→Jan16
162.76320400944022,194181.73722190096,2441482.0555190435,194038.30840581312,2441405.1137534343,FALSE,1048.5524106897585,Velavadar_LEK2,2015-11-01,2016-01-01,Nov15→Jan16
89.24171635556223,194125.31940136116,2441424.9422831787,194038.30840581312,2441405.1137534343,FALSE,972.2768345218261,Velavadar_LEK2,2015-11-01,2016-01-01,Nov15→Jan16
35.253903347135065,194059.3385538528,2441433.408109314,194038.30840581312,2441405.1137534343,TRUE,917.7210659040754,Velavadar_LEK2,2015-11-01,2016-01-01,Nov15→Jan16
3.081066242410661,193488.59456623526,2441026.2711610505,193490.24260312237,2441028.8744173977,TRUE,236.2735739324203,Velavadar_LEK2,2015-11-01,2016-01-01,Nov15→Jan16
27.919385124346114,193514.42927642568,2441042.8206319464,193490.24260312237,2441028.8744173977,TRUE,264.5460523382266,Velavadar_LEK2,2015-11-01,2016-01-01,Nov15→Jan16
8.284836760224938,193494.1473021381,2441036.1813898035,193490.24260312237,2441028.8744173977,TRUE,243.3784718666821,Velavadar_LEK2,2015-11-01,2016-01-01,Nov15→Jan16
32.87306685037224,193520.33167691855,2441015.6348493444,193490.24260312237,2441028.8744173977,TRUE,266.55116756538354,Velavadar_LEK2,2015-11-01,2016-01-01,Nov15→Jan16
37.6601624746327,193519.70392588055,2441005.4155534236,193490.24260312237,2441028.8744173977,TRUE,265.2059045494762,Velavadar_LEK2,2015-11-01,2016-01-01,Nov15→Jan16
18.317815615962513,193495.8091188022,2441011.422876717,193490.24260312237,2441028.8744173977,TRUE,241.75862159137765,Velavadar_LEK2,2015-11-01,2016-01-01,Nov15→Jan16
33.53363298704147,193466.74039707455,2441004.954742396,193490.24260312237,2441028.8744173977,TRUE,212.30043227160323,Velavadar_LEK2,2015-11-01,2016-01-01,Nov15→Jan16
28.74015680488396,193472.97612451803,2441005.899097383,193490.24260312237,2441028.8744173977,TRUE,218.58336426792454,Velavadar_LEK2,2015-11-01,2016-01-01,Nov15→Jan16
34.81919442816327,193484.11878673965,2440994.597965225,193490.24260312237,2441028.8744173977,TRUE,229.28864748142936,Velavadar_LEK2,2015-11-01,2016-01-01,Nov15→Jan16
26.8904537857872,193463.35584977287,2441029.320510581,193490.24260312237,2441028.8744173977,TRUE,211.85528535551293,Velavadar_LEK2,2015-11-01,2016-01-01,Nov15→Jan16
20.669320473955494,193474.54288073478,2441042.3183575124,193490.24260312237,2441028.8744173977,TRUE,225.4261574879581,Velavadar_LEK2,2015-11-01,2016-01-01,Nov15→Jan16
12.057918789681858,193478.86080954486,2441032.855394727,193490.24260312237,2441028.8744173977,TRUE,227.74232119851172,Velavadar_LEK2,2015-11-01,2016-01-01,Nov15→Jan16
50.015779531304695,193444.7204404669,2441008.154598159,193490.24260312237,2441028.8744173977,TRUE,190.57524257194535,Velavadar_LEK2,2015-11-01,2016-01-01,Nov15→Jan16
66.77322620992956,193423.46940044314,2441028.818359927,193490.24260312237,2441028.8744173977,TRUE,172.63494147371202,Velavadar_LEK2,2015-11-01,2016-01-01,Nov15→Jan16
102.0639012209171,193399.8229529863,2440981.5317643066,193490.24260312237,2441028.8744173977,FALSE,145.34008168350917,Velavadar_LEK2,2015-11-01,2016-01-01,Nov15→Jan16
2.614687601184908,193558.58799979166,2441031.5162426666,193560.03792335402,2441033.692090298,TRUE,306.3247270334644,Velavadar_LEK2,2015-11-01,2016-01-01,Nov15→Jan16
5.671879660804893,193565.45833792235,2441032.021963119,193560.03792335402,2441033.692090298,TRUE,313.20290284245215,Velavadar_LEK2,2015-11-01,2016-01-01,Nov15→Jan16
28.701240220967506,193587.17685078125,2441024.351865016,193560.03792335402,2441033.692090298,TRUE,333.9188753976899,Velavadar_LEK2,2015-11-01,2016-01-01,Nov15→Jan16
15.16182957170845,193569.15690240666,2441045.8051120928,193560.03792335402,2441033.692090298,TRUE,318.9133574149596,Velavadar_LEK2,2015-11-01,2016-01-01,Nov15→Jan16
28.191300668822265,193554.02117651666,2441061.2338438896,193560.03792335402,2441033.692090298,TRUE,307.12257907275136,Velavadar_LEK2,2015-11-01,2016-01-01,Nov15→Jan16
38.75036333950877,193580.70745716692,2441066.4695372838,193560.03792335402,2441033.692090298,TRUE,334.3029473347759,Velavadar_LEK2,2015-11-01,2016-01-01,Nov15→Jan16
38.736166888140914,193594.76750788622,2441050.848622098,193560.03792335402,2441033.692090298,TRUE,345.0087112304234,Velavadar_LEK2,2015-11-01,2016-01-01,Nov15→Jan16
40.625144353640565,193544.8916759835,2441087.8428916866,193505.0874726592,2441095.9686378967,TRUE,305.5281312812396,Velavadar_LEK2,2015-11-01,2016-01-01,Nov15→Jan16
21.077589075368838,193522.30216491595,2441083.8064369555,193505.0874726592,2441095.9686378967,TRUE,282.8336126077267,Velavadar_LEK2,2015-11-01,2016-01-01,Nov15→Jan16
25.337319619112783,193528.57104415423,2441086.4554031515,193505.0874726592,2441095.9686378967,TRUE,289.6235932499824,Velavadar_LEK2,2015-11-01,2016-01-01,Nov15→Jan16
12.407716259867797,193496.00444744132,2441087.5158232367,193505.0874726592,2441095.9686378967,TRUE,259.4527593526765,Velavadar_LEK2,2015-11-01,2016-01-01,Nov15→Jan16
16.049947230080182,193520.99699386308,2441093.850161758,193505.0874726592,2441095.9686378967,TRUE,285.0389033858086,Velavadar_LEK2,2015-11-01,2016-01-01,Nov15→Jan16
37.48747748656377,193514.92154957278,2441057.0925068157,193490.24260312237,2441028.8744173977,TRUE,268.14181680979544,Velavadar_LEK2,2015-11-01,2016-01-01,Nov15→Jan16
58.98747558914857,193444.3448298553,2441065.9273077776,193490.24260312237,2441028.8744173977,TRUE,203.47529309441921,Velavadar_LEK2,2015-11-01,2016-01-01,Nov15→Jan16
53.58244168581925,193443.26766005502,2441054.65101106,193490.24260312237,2441028.8744173977,TRUE,198.62230511952845,Velavadar_LEK2,2015-11-01,2016-01-01,Nov15→Jan16
51.680534140116556,193481.64998726372,2440977.9132109587,193490.24260312237,2441028.8744173977,TRUE,227.22853750226005,Velavadar_LEK2,2015-11-01,2016-01-01,Nov15→Jan16
56.987277379481135,193480.5839400913,2440972.711618219,193490.24260312237,2441028.8744173977,TRUE,226.54370096907195,Velavadar_LEK2,2015-11-01,2016-01-01,Nov15→Jan16
58.60972472960669,193466.9095839915,2440975.1094655134,193490.24260312237,2441028.8744173977,TRUE,212.71944781426535,Velavadar_LEK2,2015-11-01,2016-01-01,Nov15→Jan16
42.076349221071105,193501.3617147212,2440988.2938244864,193490.24260312237,2441028.8744173977,TRUE,246.5398060264378,Velavadar_LEK2,2015-11-01,2016-01-01,Nov15→Jan16
84.97988186338365,193362.67825875228,2440989.715793521,193340.5975232158,2441071.7768771094,TRUE,107.85162943052279,Velavadar_LEK2,2015-11-01,2016-01-01,Nov15→Jan16
89.18121009933745,193363.34740604105,2440985.5461919317,193340.5975232158,2441071.7768771094,TRUE,108.68125220134115,Velavadar_LEK2,2015-11-01,2016-01-01,Nov15→Jan16
95.28681473594723,193362.57788023015,2440979.0598831545,193340.5975232158,2441071.7768771094,TRUE,108.48318357491787,Velavadar_LEK2,2015-11-01,2016-01-01,Nov15→Jan16
93.01120926671533,193355.9508660123,2440980.0416062796,193340.5975232158,2441071.7768771094,TRUE,101.78689795044723,Velavadar_LEK2,2015-11-01,2016-01-01,Nov15→Jan16
99.13341483594012,193358.84121530474,2440974.3366306196,193340.5975232158,2441071.7768771094,FALSE,105.45257984700432,Velavadar_LEK2,2015-11-01,2016-01-01,Nov15→Jan16
80.30573928884378,193350.50409200107,2440992.084520778,193340.5975232158,2441071.7768771094,TRUE,95.65743350169748,Velavadar_LEK2,2015-11-01,2016-01-01,Nov15→Jan16
77.06186816300423,193367.69531476358,2440999.6364500383,193340.5975232158,2441071.7768771094,TRUE,113.1190685361017,Velavadar_LEK2,2015-11-01,2016-01-01,Nov15→Jan16
77.33527238468253,193392.0957029598,2441014.082147386,193340.5975232158,2441071.7768771094,TRUE,139.04339521194004,Velavadar_LEK2,2015-11-01,2016-01-01,Nov15→Jan16
1.225781490826688,193258.50707430352,2440963.395405344,193259.0916537695,2440964.4728129325,TRUE,28.65330973363826,Velavadar_LEK2,2015-11-01,2016-01-01,Nov15→Jan16
13.219154888484393,193269.1992819003,2440972.992314651,193259.0916537695,2440964.4728129325,TRUE,23.669442753120514,Velavadar_LEK2,2015-11-01,2016-01-01,Nov15→Jan16
36.67197572705829,193294.58025914303,2440955.231996282,193259.0916537695,2440964.4728129325,TRUE,54.00899324317996,Velavadar_LEK2,2015-11-01,2016-01-01,Nov15→Jan16
49.496556163853604,193307.40465938445,2440975.2321140496,193259.0916537695,2440964.4728129325,TRUE,55.11136060771536,Velavadar_LEK2,2015-11-01,2016-01-01,Nov15→Jan16
69.06362970694124,193319.21974799444,2440998.4492346565,193259.0916537695,2440964.4728129325,TRUE,64.71376815914476,Velavadar_LEK2,2015-11-01,2016-01-01,Nov15→Jan16
22.31684868588781,193227.7886897917,2440993.3031992824,193228.78878410067,2440971.0087706815,TRUE,27.099300674319302,Velavadar_LEK2,2015-11-01,2016-01-01,Nov15→Jan16
24.369260673611638,193257.39384315343,2440988.782858282,193259.0916537695,2440964.4728129325,TRUE,3.9590401725828004,Velavadar_LEK2,2015-11-01,2016-01-01,Nov15→Jan16
29.47805996036526,193269.25851416815,2440998.0371665866,193254.7214945244,2441023.6814852343,TRUE,15.69771976286706,Velavadar_LEK2,2015-11-01,2016-01-01,Nov15→Jan16
5.34209439869342,193233.40943048726,2440973.6897405684,193228.78878410067,2440971.0087706815,TRUE,28.072402704627713,Velavadar_LEK2,2015-11-01,2016-01-01,Nov15→Jan16
3.914968844055949,193225.28350708826,2440969.265207056,193228.78878410067,2440971.0087706815,TRUE,37.181318400298366,Velavadar_LEK2,2015-11-01,2016-01-01,Nov15→Jan16
3.8889356537053175,193252.43837808463,2441020.5332794213,193254.7214945244,2441023.6814852343,TRUE,28.820112368576286,Velavadar_LEK2,2015-11-01,2016-01-01,Nov15→Jan16
45.65075253734066,193300.3415583719,2441025.355098623,193254.7214945244,2441023.6814852343,TRUE,56.52217838607757,Velavadar_LEK2,2015-11-01,2016-01-01,Nov15→Jan16
25.372856421918808,193318.37316497276,2441059.5351556744,193340.5975232158,2441071.7768771094,TRUE,92.85323819172216,Velavadar_LEK2,2015-11-01,2016-01-01,Nov15→Jan16
39.343351421936944,193258.62240774615,2441062.830970252,193254.7214945244,2441023.6814852343,TRUE,71.11725511520429,Velavadar_LEK2,2015-11-01,2016-01-01,Nov15→Jan16
42.78104893340306,193213.94729054975,2441036.6307106195,193254.7214945244,2441023.6814852343,TRUE,60.6739438853486,Velavadar_LEK2,2015-11-01,2016-01-01,Nov15→Jan16
74.36029758509311,193178.3344994181,2441035.4064176674,193104.38280060078,2441027.6218111278,TRUE,88.05945843300877,Velavadar_LEK2,2015-11-01,2016-01-01,Nov15→Jan16
73.66784831863812,193206.5136276142,2441100.7225489197,193278.49275405827,2441116.4055726156,TRUE,119.15196882032014,Velavadar_LEK2,2015-11-01,2016-01-01,Nov15→Jan16
63.22523604861686,193217.13437257486,2441101.155015408,193278.49275405827,2441116.4055726156,TRUE,115.66202405793753,Velavadar_LEK2,2015-11-01,2016-01-01,Nov15→Jan16
68.61540290128195,193218.1494749745,2441081.738017178,193254.7214945244,2441023.6814852343,TRUE,97.12384297929626,Velavadar_LEK2,2015-11-01,2016-01-01,Nov15→Jan16
81.55356820348655,193202.480818033,2441086.3065297967,193254.7214945244,2441023.6814852343,TRUE,108.03268110541484,Velavadar_LEK2,2015-11-01,2016-01-01,Nov15→Jan16
97.79146018792844,193181.7754930266,2441101.9507774175,193278.49275405827,2441116.4055726156,FALSE,132.17246941010086,Velavadar_LEK2,2015-11-01,2016-01-01,Nov15→Jan16
2.830622249149083,193278.04948085808,2441113.6098739216,193278.49275405827,2441116.4055726156,TRUE,123.98624522861363,Velavadar_LEK2,2015-11-01,2016-01-01,Nov15→Jan16
61.589256704634415,193217.09819943615,2441121.2989563304,193278.49275405827,2441116.4055726156,TRUE,134.87523827989992,Velavadar_LEK2,2015-11-01,2016-01-01,Nov15→Jan16
67.26746385335761,193221.2281458811,2441151.699712973,193278.49275405827,2441116.4055726156,FALSE,163.38198336715215,Velavadar_LEK2,2015-11-01,2016-01-01,Nov15→Jan16
41.39246322530549,193356.8714162105,2441109.8359945277,193340.5975232158,2441071.7768771094,TRUE,156.0069395363521,Velavadar_LEK2,2015-11-01,2016-01-01,Nov15→Jan16
55.01464059150044,193319.9709676272,2441152.5465255436,193278.49275405827,2441116.4055726156,TRUE,173.42454196119112,Velavadar_LEK2,2015-11-01,2016-01-01,Nov15→Jan16
105.38366139677473,193204.09344038577,2441191.0410749884,193278.49275405827,2441116.4055726156,FALSE,205.59026445454546,Velavadar_LEK2,2015-11-01,2016-01-01,Nov15→Jan16
127.85910869557046,193160.5066996175,2441165.67262686,193278.49275405827,2441116.4055726156,FALSE,197.80526640665167,Velavadar_LEK2,2015-11-01,2016-01-01,Nov15→Jan16
88.0103900610387,193235.86909982987,2441193.4059158545,193278.49275405827,2441116.4055726156,FALSE,202.4832443909065,Velavadar_LEK2,2015-11-01,2016-01-01,Nov15→Jan16
56.21384469539287,193603.49878066854,2441102.9017793885,193647.02826414054,2441067.3324048636,TRUE,365.92148214152536,Velavadar_LEK2,2015-11-01,2016-01-01,Nov15→Jan16
52.424752589174965,193608.42786805163,2441102.805833029,193647.02826414054,2441067.3324048636,TRUE,370.59221395755463,Velavadar_LEK2,2015-11-01,2016-01-01,Nov15→Jan16
52.481980114788975,193613.88925818063,2441108.0284061506,193647.02826414054,2441067.3324048636,TRUE,377.38190568833215,Velavadar_LEK2,2015-11-01,2016-01-01,Nov15→Jan16
46.199841126088614,193602.39547335292,2441079.263008645,193647.02826414054,2441067.3324048636,TRUE,358.3814205019769,Velavadar_LEK2,2015-11-01,2016-01-01,Nov15→Jan16
65.59238726439644,193575.30826707545,2441097.4821982277,193560.03792335402,2441033.692090298,TRUE,337.433202702224,Velavadar_LEK2,2015-11-01,2016-01-01,Nov15→Jan16
44.088827075880744,193562.91707989987,2441077.686807373,193560.03792335402,2441033.692090298,TRUE,319.81445952580754,Velavadar_LEK2,2015-11-01,2016-01-01,Nov15→Jan16
12.265976505501255,193557.14730255882,2441045.6125974623,193560.03792335402,2441033.692090298,TRUE,307.05005715995094,Velavadar_LEK2,2015-11-01,2016-01-01,Nov15→Jan16
22.335049701372906,193561.63673878612,2441055.9698423026,193560.03792335402,2441033.692090298,TRUE,313.4260538292333,Velavadar_LEK2,2015-11-01,2016-01-01,Nov15→Jan16
37.259035486173595,193629.60727044655,2441034.3969421512,193647.02826414054,2441067.3324048636,TRUE,377.17176037667866,Velavadar_LEK2,2015-11-01,2016-01-01,Nov15→Jan16
33.382902945493164,193656.6392347772,2441035.3629279756,193647.02826414054,2441067.3324048636,TRUE,404.14536543444274,Velavadar_LEK2,2015-11-01,2016-01-01,Nov15→Jan16
57.56290783926802,193658.9525257746,2441011.0181052284,193647.02826414054,2441067.3324048636,TRUE,404.5615411764057,Velavadar_LEK2,2015-11-01,2016-01-01,Nov15→Jan16
50.99671810720153,193635.49876335805,2441017.6560939155,193647.02826414054,2441067.3324048636,TRUE,381.5279121090687,Velavadar_LEK2,2015-11-01,2016-01-01,Nov15→Jan16
34.23901277251432,193643.52076974564,2441033.2735223407,193647.02826414054,2441067.3324048636,TRUE,390.8787020154942,Velavadar_LEK2,2015-11-01,2016-01-01,Nov15→Jan16
8.337892846397288,193651.33392864867,2441060.1922570877,193647.02826414054,2441067.3324048636,TRUE,402.3399540127105,Velavadar_LEK2,2015-11-01,2016-01-01,Nov15→Jan16
1.4775572123425342,193646.3024886868,2441066.0453829886,193647.02826414054,2441067.3324048636,TRUE,398.43150761743135,Velavadar_LEK2,2015-11-01,2016-01-01,Nov15→Jan16
19.231832818349943,193665.51976616296,2441062.047733965,193647.02826414054,2441067.3324048636,TRUE,416.6351702237709,Velavadar_LEK2,2015-11-01,2016-01-01,Nov15→Jan16
25.38910348353323,193657.28464182478,2441090.5576775745,193647.02826414054,2441067.3324048636,TRUE,414.3746337732713,Velavadar_LEK2,2015-11-01,2016-01-01,Nov15→Jan16
28.840000125886924,193655.65311352455,2441094.8525353204,193647.02826414054,2441067.3324048636,TRUE,413.83867419699493,Velavadar_LEK2,2015-11-01,2016-01-01,Nov15→Jan16
39.448083388319645,193633.11062748946,2441104.2437943397,193647.02826414054,2441067.3324048636,TRUE,394.61855039578484,Velavadar_LEK2,2015-11-01,2016-01-01,Nov15→Jan16
38.16832853113703,193636.3211015574,2441103.968152055,193647.02826414054,2441067.3324048636,TRUE,397.61918149968943,Velavadar_LEK2,2015-11-01,2016-01-01,Nov15→Jan16
25.474706086499047,193625.36380386713,2441080.73433798,193647.02826414054,2441067.3324048636,TRUE,381.03739803131396,Velavadar_LEK2,2015-11-01,2016-01-01,Nov15→Jan16
31.42026004496406,193616.0020281761,2441062.372019478,193647.02826414054,2441067.3324048636,TRUE,367.9828248275246,Velavadar_LEK2,2015-11-01,2016-01-01,Nov15→Jan16
40.55197288585844,193607.35917348025,2441058.916601211,193647.02826414054,2441067.3324048636,TRUE,358.8419751137775,Velavadar_LEK2,2015-11-01,2016-01-01,Nov15→Jan16
37.01342636343097,193612.61735435668,2441053.6985125723,193647.02826414054,2441067.3324048636,TRUE,363.0830351942245,Velavadar_LEK2,2015-11-01,2016-01-01,Nov15→Jan16
56.457843245066165,193561.2427358132,2441101.8059732467,193505.0874726592,2441095.9686378967,TRUE,325.54040726537306,Velavadar_LEK2,2015-11-01,2016-01-01,Nov15→Jan16
22.646923968180065,193646.47078065923,2441162.8144663153,193666.33628179203,2441173.688519376,TRUE,427.3292807287046,Velavadar_LEK2,2015-11-01,2016-01-01,Nov15→Jan16
52.918792597349075,193357.9431227431,2441021.7815894615,193340.5975232158,2441071.7768771094,TRUE,107.3632092539494,Velavadar_LEK2,2015-11-01,2016-01-01,Nov15→Jan16
265.8607765939688,194225.5036601202,2441205.4829197987,193961.599133797,2441173.2904747645,FALSE,993.895709332961,Velavadar_LEK2,2015-11-01,2016-01-01,Nov15→Jan16
221.91585998160357,194182.42722979333,2441195.2358827125,193961.599133797,2441173.2904747645,FALSE,949.623857343903,Velavadar_LEK2,2015-11-01,2016-01-01,Nov15→Jan16
193.55829684521058,194152.7877507303,2441203.485292743,193961.599133797,2441173.2904747645,FALSE,922.5520342250481,Velavadar_LEK2,2015-11-01,2016-01-01,Nov15→Jan16
243.97193895006328,194228.3389283273,2441252.1081734444,194038.30840581312,2441405.1137534343,FALSE,1007.6901871416107,Velavadar_LEK2,2015-11-01,2016-01-01,Nov15→Jan16
340.3836116824999,194331.50067168864,2441232.1996177114,194038.30840581312,2441405.1137534343,FALSE,1103.1628562305475,Velavadar_LEK2,2015-11-01,2016-01-01,Nov15→Jan16
328.3274079522898,194289.51395549678,2441189.7451556264,193961.599133797,2441173.2904747645,FALSE,1053.4288621944033,Velavadar_LEK2,2015-11-01,2016-01-01,Nov15→Jan16
198.55815590550932,194188.70270179608,2441275.4723363933,194038.30840581312,2441405.1137534343,FALSE,975.9858856659544,Velavadar_LEK2,2015-11-01,2016-01-01,Nov15→Jan16
300.12357241455084,194258.30259961815,2441128.1106995484,193961.599133797,2441173.2904747645,FALSE,1012.6696644831552,Velavadar_LEK2,2015-11-01,2016-01-01,Nov15→Jan16
42.938686081417316,193973.13414658786,2441214.6507726638,193961.599133797,2441173.2904747645,FALSE,752.0589038680048,Velavadar_LEK2,2015-11-01,2016-01-01,Nov15→Jan16
2.8818078654689514,193959.85095645447,2441170.9994722432,193961.599133797,2441173.2904747645,TRUE,727.4186934180282,Velavadar_LEK2,2015-11-01,2016-01-01,Nov15→Jan16
285.06846901066825,194246.3598310629,2441186.5334848724,193961.599133797,2441173.2904747645,FALSE,1010.4520236056262,Velavadar_LEK2,2015-11-01,2016-01-01,Nov15→Jan16
3.46306888930852,193278.68212883535,2441117.014665056,193278.04948085808,2441113.6098739216,TRUE,297.47410091772457,Velavadar_LEK2,2016-01-01,2016-11-01,Jan16→Nov16
3.095753144066338,193218.11491740088,2441104.0913769957,193217.13437257486,2441101.155015408,TRUE,355.00597563175614,Velavadar_LEK2,2016-01-01,2016-11-01,Jan16→Nov16
3.195847573487417,193358.1002944252,2441112.7861301256,193356.8714162105,2441109.8359945277,FALSE,219.2011205305546,Velavadar_LEK2,2016-01-01,2016-11-01,Jan16→Nov16
14.929899523522995,193347.95216376835,2441121.808831938,193356.8714162105,2441109.8359945277,FALSE,231.41397755161003,Velavadar_LEK2,2016-01-01,2016-11-01,Jan16→Nov16
4.248497782159673,193262.8688710961,2441062.9624328795,193258.62240774615,2441062.830970252,TRUE,307.0847827421076,Velavadar_LEK2,2016-01-01,2016-11-01,Jan16→Nov16
18.25414224351138,193671.06375402922,2441104.636495065,193655.65311352455,2441094.8525353204,TRUE,112.166530532636,Velavadar_LEK2,2016-01-01,2016-11-01,Jan16→Nov16
15.011922307148208,193615.81157059647,2441122.9167413944,193613.88925818063,2441108.0284061506,TRUE,80.97400340912674,Velavadar_LEK2,2016-01-01,2016-11-01,Jan16→Nov16
2.3712230259768856,193614.42763368844,2441110.337702678,193613.88925818063,2441108.0284061506,TRUE,70.08640144944071,Velavadar_LEK2,2016-01-01,2016-11-01,Jan16→Nov16
2.3202736590227055,193603.9753305596,2441105.1725876266,193603.49878066854,2441102.9017793885,TRUE,59.64761653180321,Velavadar_LEK2,2016-01-01,2016-11-01,Jan16→Nov16
4.988589999493994,193549.86341804877,2441087.4332442535,193544.8916759835,2441087.8428916866,TRUE,37.071208605104104,Velavadar_LEK2,2016-01-01,2016-11-01,Jan16→Nov16
3.2845580329758635,193804.63848742953,2441299.690340371,193802.81479019864,2441296.958591868,FALSE,338.20755917675524,Velavadar_LEK2,2016-01-01,2016-11-01,Jan16→Nov16
36.840484041278515,193858.43972069403,2441338.643132524,193862.20760129037,2441301.9958360316,FALSE,403.76198661167103,Velavadar_LEK2,2016-01-01,2016-11-01,Jan16→Nov16
56.20296281608191,193791.11626211344,2441351.930561725,193802.81479019864,2441296.958591868,FALSE,369.3022167675205,Velavadar_LEK2,2016-01-01,2016-11-01,Jan16→Nov16
3.3296402118142496,193864.67887959885,2441304.2272677384,193862.20760129037,2441301.9958360316,FALSE,385.2387653656784,Velavadar_LEK2,2016-01-01,2016-11-01,Jan16→Nov16
38.728377267476645,193900.0693871423,2441310.1427604742,193862.20760129037,2441301.9958360316,FALSE,416.5292413496546,Velavadar_LEK2,2016-01-01,2016-11-01,Jan16→Nov16
98.6232599133936,193993.99493534473,2441311.04255078,193973.13414658786,2441214.6507726638,FALSE,494.77553362556245,Velavadar_LEK2,2016-01-01,2016-11-01,Jan16→Nov16
62.10336306873569,193936.31737656734,2441303.344922968,193901.09758857428,2441354.4956242163,FALSE,441.97515750677434,Velavadar_LEK2,2016-01-01,2016-11-01,Jan16→Nov16
24.101372827471454,193916.211262024,2441335.7218913157,193901.09758857428,2441354.4956242163,FALSE,445.04037078837376,Velavadar_LEK2,2016-01-01,2016-11-01,Jan16→Nov16
26.489474401288387,193912.48154669086,2441330.5770592163,193901.09758857428,2441354.4956242163,FALSE,438.91001709063465,Velavadar_LEK2,2016-01-01,2016-11-01,Jan16→Nov16
24.379601202471203,193882.07219725644,2441339.2509713834,193901.09758857428,2441354.4956242163,FALSE,421.38426248626024,Velavadar_LEK2,2016-01-01,2016-11-01,Jan16→Nov16
23.392977502620113,193880.7526414807,2441366.041815112,193901.09758857428,2441354.4956242163,FALSE,438.8906424057187,Velavadar_LEK2,2016-01-01,2016-11-01,Jan16→Nov16
48.190512584839595,193853.2177878277,2441359.959156376,193901.09758857428,2441354.4956242163,FALSE,415.3691555674551,Velavadar_LEK2,2016-01-01,2016-11-01,Jan16→Nov16
34.41496814016316,193934.53148719668,2441346.336919969,193901.09758857428,2441354.4956242163,FALSE,465.9748920405597,Velavadar_LEK2,2016-01-01,2016-11-01,Jan16→Nov16
37.01432403040018,193935.49727038766,2441340.830995624,193901.09758857428,2441354.4956242163,FALSE,463.3288117616141,Velavadar_LEK2,2016-01-01,2016-11-01,Jan16→Nov16
2.8695520217240937,193901.99008145957,2441357.222854543,193901.09758857428,2441354.4956242163,FALSE,448.2116175750327,Velavadar_LEK2,2016-01-01,2016-11-01,Jan16→Nov16
76.20391097168358,193867.31691154285,2441422.8030316234,193901.09758857428,2441354.4956242163,FALSE,472.06386141835515,Velavadar_LEK2,2016-01-01,2016-11-01,Jan16→Nov16
42.77060543280992,193923.70860300597,2441390.8008127636,193901.09758857428,2441354.4956242163,FALSE,486.96215173677285,Velavadar_LEK2,2016-01-01,2016-11-01,Jan16→Nov16
61.3698201034596,193962.34683697572,2441358.340671653,193901.09758857428,2441354.4956242163,FALSE,495.27865104759263,Velavadar_LEK2,2016-01-01,2016-11-01,Jan16→Nov16
49.735709918725306,193970.10183102445,2441415.7962160194,194012.2968984096,2441442.125232892,FALSE,538.0197012042435,Velavadar_LEK2,2016-01-01,2016-11-01,Jan16→Nov16
84.19063118113775,193928.4621276753,2441434.1149960957,193901.09758857428,2441354.4956242163,FALSE,520.9395420786205,Velavadar_LEK2,2016-01-01,2016-11-01,Jan16→Nov16
81.53808020346865,193927.07523693301,2441431.7848233907,193901.09758857428,2441354.4956242163,FALSE,518.2949528111725,Velavadar_LEK2,2016-01-01,2016-11-01,Jan16→Nov16
79.30050922172943,193937.1224166436,2441467.3713821834,194012.2968984096,2441442.125232892,FALSE,551.2748841074188,Velavadar_LEK2,2016-01-01,2016-11-01,Jan16→Nov16
77.69626472497431,193938.19185679493,2441465.473730906,194012.2968984096,2441442.125232892,FALSE,550.5759040637962,Velavadar_LEK2,2016-01-01,2016-11-01,Jan16→Nov16
2.5681292305124717,194013.2042464079,2441444.527733122,194012.2968984096,2441442.125232892,FALSE,589.3312541419147,Velavadar_LEK2,2016-01-01,2016-11-01,Jan16→Nov16
81.44812522128372,193899.2176352386,2441435.9220503783,193901.09758857428,2441354.4956242163,FALSE,502.6222388866311,Velavadar_LEK2,2016-01-01,2016-11-01,Jan16→Nov16
35.16178350047297,194003.48030700383,2441395.0982875857,194037.46789504832,2441404.109107629,FALSE,550.3097223175698,Velavadar_LEK2,2016-01-01,2016-11-01,Jan16→Nov16
3.076705365670233,194038.313506315,2441407.067326264,194037.46789504832,2441404.109107629,FALSE,585.2492012596238,Velavadar_LEK2,2016-01-01,2016-11-01,Jan16→Nov16
34.188366245148266,194059.79130522482,2441378.214904714,194037.46789504832,2441404.109107629,FALSE,586.2484491052678,Velavadar_LEK2,2016-01-01,2016-11-01,Jan16→Nov16
1.1278908595938877,194125.99242128892,2441424.03719646,194125.31940136116,2441424.9422831787,FALSE,666.7405932974665,Velavadar_LEK2,2016-01-01,2016-11-01,Jan16→Nov16
87.867265372532,194118.57642863976,2441337.3341292036,194125.31940136116,2441424.9422831787,FALSE,616.5121501266233,Velavadar_LEK2,2016-01-01,2016-11-01,Jan16→Nov16
36.49306232165248,194140.56378831767,2441391.7858017017,194125.31940136116,2441424.9422831787,FALSE,662.0253567240816,Velavadar_LEK2,2016-01-01,2016-11-01,Jan16→Nov16
64.23959084322941,193911.22712254507,2441231.804355551,193973.13414658786,2441214.6507726638,FALSE,383.8543573433401,Velavadar_LEK2,2016-01-01,2016-11-01,Jan16→Nov16
163.4710530873586,193857.59742265835,2441512.0726554194,193901.09758857428,2441354.4956242163,FALSE,539.0487463671171,Velavadar_LEK2,2016-01-01,2016-11-01,Jan16→Nov16
93.78658587418336,193943.327937357,2441505.679981741,194012.2968984096,2441442.125232892,FALSE,584.3529647718132,Velavadar_LEK2,2016-01-01,2016-11-01,Jan16→Nov16
63.677993545117324,194121.2333626597,2441501.90923101,194181.73722190096,2441482.0555190435,FALSE,708.9571932939363,Velavadar_LEK2,2016-01-01,2016-11-01,Jan16→Nov16
81.77439349539743,194109.4297240195,2441520.248151601,194181.73722190096,2441482.0555190435,FALSE,711.6365122972303,Velavadar_LEK2,2016-01-01,2016-11-01,Jan16→Nov16
113.80889416981043,194087.89607661095,2441546.447318543,194181.73722190096,2441482.0555190435,FALSE,713.1994273211243,Velavadar_LEK2,2016-01-01,2016-11-01,Jan16→Nov16
100.67535954014298,194106.14838766452,2441548.5525577543,194181.73722190096,2441482.0555190435,FALSE,727.9869752830726,Velavadar_LEK2,2016-01-01,2016-11-01,Jan16→Nov16
80.06884621335945,194073.46872923936,2441512.2202801853,194059.3385538528,2441433.408109314,FALSE,679.358900638358,Velavadar_LEK2,2016-01-01,2016-11-01,Jan16→Nov16
80.98408259909662,194106.9301367317,2441513.0768285403,194181.73722190096,2441482.0555190435,FALSE,705.0756379339005,Velavadar_LEK2,2016-01-01,2016-11-01,Jan16→Nov16
3.879718868718949,193254.16633801308,2441024.006947941,193252.43837808463,2441020.5332794213,TRUE,317.3537077272697,Velavadar_LEK2,2016-01-01,2016-11-01,Jan16→Nov16
7.337971372765933,193957.21304476482,2441164.152046027,193959.85095645447,2441170.9994722432,FALSE,402.08715458948006,Velavadar_LEK2,2016-01-01,2016-11-01,Jan16→Nov16
558.4301805285194,194732.3787223103,2441620.9682572065,194331.50067168864,2441232.1996177114,FALSE,1292.4134220280278,Velavadar_LEK2,2016-01-01,2016-11-01,Jan16→Nov16
500.3007471640971,194688.92054956337,2441582.273707745,194331.50067168864,2441232.1996177114,FALSE,1236.5167318200831,Velavadar_LEK2,2016-01-01,2016-11-01,Jan16→Nov16
462.529213982178,194629.48767456278,2441598.041750675,194181.73722190096,2441482.0555190435,FALSE,1190.0959040758823,Velavadar_LEK2,2016-01-01,2016-11-01,Jan16→Nov16
529.6222783223482,194705.3933869952,2441607.304929772,194331.50067168864,2441232.1996177114,FALSE,1262.1703960004993,Velavadar_LEK2,2016-01-01,2016-11-01,Jan16→Nov16
538.8705767375392,194739.05742972094,2441584.731867946,194331.50067168864,2441232.1996177114,FALSE,1283.0783270118986,Velavadar_LEK2,2016-01-01,2016-11-01,Jan16→Nov16
629.5490870876682,194805.91382606816,2441646.040422858,194331.50067168864,2441232.1996177114,FALSE,1369.5458480293157,Velavadar_LEK2,2016-01-01,2016-11-01,Jan16→Nov16
616.2383085545375,194904.6782334508,2441458.5116492575,194331.50067168864,2441232.1996177114,FALSE,1394.100752501201,Velavadar_LEK2,2016-01-01,2016-11-01,Jan16→Nov16
486.6425210377516,194730.76354911254,2441510.426320228,194331.50067168864,2441232.1996177114,FALSE,1246.5732538605348,Velavadar_LEK2,2016-01-01,2016-11-01,Jan16→Nov16
351.9459773156785,194525.86655354855,2441555.8184775556,194181.73722190096,2441482.0555190435,FALSE,1078.6560182399726,Velavadar_LEK2,2016-01-01,2016-11-01,Jan16→Nov16
425.2552029687701,194631.77638589364,2441533.324978833,194331.50067168864,2441232.1996177114,FALSE,1164.149247655926,Velavadar_LEK2,2016-01-01,2016-11-01,Jan16→Nov16
309.94623677498106,194440.8020217897,2441652.208682839,194181.73722190096,2441482.0555190435,FALSE,1055.3177353624162,Velavadar_LEK2,2016-01-01,2016-11-01,Jan16→Nov16
13.066053007248007,193936.17983684037,2441452.5635211132,193938.19185679493,2441465.473730906,TRUE,93.86892637390226,Velavadar_LEK2,2016-11-01,2018-10-01,Nov16→Oct18
0.4935896853868555,193866.84875079338,2441422.646646553,193867.31691154285,2441422.8030316234,TRUE,78.06504273136144,Velavadar_LEK2,2016-11-01,2018-10-01,Nov16→Oct18
1.5674546610710158,193927.83975658537,2441430.4164580097,193927.07523693301,2441431.7848233907,TRUE,70.4768086198675,Velavadar_LEK2,2016-11-01,2018-10-01,Nov16→Oct18
27.35764701998572,194048.7369561405,2441432.361447008,194038.313506315,2441407.067326264,TRUE,151.59598552049144,Velavadar_LEK2,2016-11-01,2018-10-01,Nov16→Oct18
0.7731166605559497,194038.84895291209,2441406.5096468646,194038.313506315,2441407.067326264,TRUE,131.97843530931536,Velavadar_LEK2,2016-11-01,2018-10-01,Nov16→Oct18
31.73653374735041,194029.85862366454,2441367.667765343,194059.79130522482,2441378.214904714,TRUE,115.12833916672501,Velavadar_LEK2,2016-11-01,2018-10-01,Nov16→Oct18
15.525188671042583,193972.90626779496,2441400.526421729,193970.10183102445,2441415.7962160194,TRUE,70.10418780625635,Velavadar_LEK2,2016-11-01,2018-10-01,Nov16→Oct18
9.633386210140452,193914.99630196305,2441394.9115232145,193923.70860300597,2441390.8008127636,TRUE,33.7768448646378,Velavadar_LEK2,2016-11-01,2018-10-01,Nov16→Oct18
0.4766194763538405,193923.95735335327,2441391.207370742,193923.70860300597,2441390.8008127636,TRUE,31.402402535434486,Velavadar_LEK2,2016-11-01,2018-10-01,Nov16→Oct18
0.3955734645245208,193880.81238380616,2441365.650779026,193880.7526414807,2441366.041815112,TRUE,34.40111570996955,Velavadar_LEK2,2016-11-01,2018-10-01,Nov16→Oct18
0.34061605161571146,193881.90689685981,2441339.5487885647,193882.07219725644,2441339.2509713834,TRUE,39.44035941937053,Velavadar_LEK2,2016-11-01,2018-10-01,Nov16→Oct18
2.8161890995526693,193904.79395692988,2441357.485919918,193901.99008145957,2441357.222854543,TRUE,10.759446423714301,Velavadar_LEK2,2016-11-01,2018-10-01,Nov16→Oct18
1.129877041279294,193937.33696525887,2441302.8580338345,193936.31737656734,2441303.344922968,TRUE,62.44107206914192,Velavadar_LEK2,2016-11-01,2018-10-01,Nov16→Oct18
0.41545704495906477,193900.38838579663,2441310.4089266155,193900.0693871423,2441310.1427604742,TRUE,52.76511309484351,Velavadar_LEK2,2016-11-01,2018-10-01,Nov16→Oct18
0.8384613861902279,193913.31944715703,2441330.5463948245,193912.48154669086,2441330.5770592163,TRUE,30.63000614505719,Velavadar_LEK2,2016-11-01,2018-10-01,Nov16→Oct18
2.6204715229899214,193862.82241502538,2441306.076702866,193864.67887959885,2441304.2272677384,TRUE,75.79651162538742,Velavadar_LEK2,2016-11-01,2018-10-01,Nov16→Oct18
7.975789336513437,193879.1281354506,2441331.8384336517,193882.07219725644,2441339.2509713834,TRUE,46.24966973220317,Velavadar_LEK2,2016-11-01,2018-10-01,Nov16→Oct18
29.75942288704489,193830.79016650358,2441313.892908173,193804.63848742953,2441299.690340371,TRUE,96.48271768762147,Velavadar_LEK2,2016-11-01,2018-10-01,Nov16→Oct18
1.4052252153014595,193805.77194948384,2441298.8597251307,193804.63848742953,2441299.690340371,TRUE,125.66049558173275,Velavadar_LEK2,2016-11-01,2018-10-01,Nov16→Oct18
25.043328045887485,193903.1006626595,2441285.28356402,193900.0693871423,2441310.1427604742,TRUE,76.7658998962963,Velavadar_LEK2,2016-11-01,2018-10-01,Nov16→Oct18
38.278257480399304,193851.61997935356,2441268.245465114,193864.67887959885,2441304.2272677384,TRUE,112.4045536616945,Velavadar_LEK2,2016-11-01,2018-10-01,Nov16→Oct18
26.173829920902666,193894.40281135647,2441251.854590606,193911.22712254507,2441231.804355551,TRUE,111.18876261139759,Velavadar_LEK2,2016-11-01,2018-10-01,Nov16→Oct18
36.851420380685894,193938.2550816469,2441266.5444816244,193936.31737656734,2441303.344922968,TRUE,97.42713123632389,Velavadar_LEK2,2016-11-01,2018-10-01,Nov16→Oct18
27.38327413673166,193774.50786954438,2441330.158905869,193791.11626211344,2441351.930561725,TRUE,143.7841756481988,Velavadar_LEK2,2016-11-01,2018-10-01,Nov16→Oct18
35.134302112021295,193756.40442701487,2441357.3626597533,193791.11626211344,2441351.930561725,TRUE,158.55624156089362,Velavadar_LEK2,2016-11-01,2018-10-01,Nov16→Oct18
72.60411012333407,193720.64555815601,2441334.459537412,193791.11626211344,2441351.930561725,FALSE,196.09306998152547,Velavadar_LEK2,2016-11-01,2018-10-01,Nov16→Oct18
153.96214807926378,193637.8860017591,2441366.924905756,193791.11626211344,2441351.930561725,FALSE,277.09029288048583,Velavadar_LEK2,2016-11-01,2018-10-01,Nov16→Oct18
67.49329154082471,193801.45507554687,2441474.610924762,193857.59742265835,2441512.0726554194,FALSE,160.46859800216993,Velavadar_LEK2,2016-11-01,2018-10-01,Nov16→Oct18
88.66865969882281,193775.06437231472,2441479.662366717,193857.59742265835,2441512.0726554194,FALSE,183.32269309941603,Velavadar_LEK2,2016-11-01,2018-10-01,Nov16→Oct18
58.66694353655167,193809.37772890268,2441413.591008018,193867.31691154285,2441422.8030316234,TRUE,117.85558645335973,Velavadar_LEK2,2016-11-01,2018-10-01,Nov16→Oct18
13.335676689024794,193845.70038403576,2441370.9740968198,193853.2177878277,2441359.959156376,TRUE,69.9112651410596,Velavadar_LEK2,2016-11-01,2018-10-01,Nov16→Oct18
74.06591134949402,193731.00437066413,2441291.7043481213,193804.63848742953,2441299.690340371,FALSE,196.58075960584466,Velavadar_LEK2,2016-11-01,2018-10-01,Nov16→Oct18
68.71669299875789,193755.82190906449,2441251.327900674,193804.63848742953,2441299.690340371,FALSE,193.30911293486807,Velavadar_LEK2,2016-11-01,2018-10-01,Nov16→Oct18
53.48743001106587,193989.81404126703,2441532.136499132,193943.327937357,2441505.679981741,TRUE,186.685129590033,Velavadar_LEK2,2016-11-01,2018-10-01,Nov16→Oct18
27.040646246246588,194052.46259402653,2441495.192689844,194073.46872923936,2441512.2202801853,TRUE,192.06938177434856,Velavadar_LEK2,2016-11-01,2018-10-01,Nov16→Oct18
3.7619587500933123,193256.63539042388,2441021.168618533,193254.16633801308,2441024.006947941,TRUE,740.8846566215868,Velavadar_LEK2,2016-11-01,2018-10-01,Nov16→Oct18
22.973259118890326,193327.44722935918,2441111.4493773472,193347.95216376835,2441121.808831938,TRUE,638.3275881290142,Velavadar_LEK2,2016-11-01,2018-10-01,Nov16→Oct18
83.13149045284219,193467.04959213902,2441094.693749959,193549.86341804877,2441087.4332442535,FALSE,521.1285375034881,Velavadar_LEK2,2016-11-01,2018-10-01,Nov16→Oct18
60.49345572873028,193850.52839919494,2441245.412115861,193864.67887959885,2441304.2272677384,TRUE,132.429113313671,Velavadar_LEK2,2016-11-01,2018-10-01,Nov16→Oct18
69.3291136547749,193843.19564308232,2441218.453557737,193911.22712254507,2441231.804355551,FALSE,159.69254631359766,Velavadar_LEK2,2016-11-01,2018-10-01,Nov16→Oct18
21.79308626644875,193950.2738041086,2441184.8108346686,193957.21304476482,2441164.152046027,TRUE,179.83414774237156,Velavadar_LEK2,2016-11-01,2018-10-01,Nov16→Oct18
32.12335187472122,193978.9056841134,2441282.683703255,193993.99493534473,2441311.04255078,TRUE,101.2387120452138,Velavadar_LEK2,2016-11-01,2018-10-01,Nov16→Oct18
57.1072390302063,194000.7102299626,2441254.3315151003,193993.99493534473,2441311.04255078,TRUE,136.9949697197199,Velavadar_LEK2,2016-11-01,2018-10-01,Nov16→Oct18
80.41443762779669,194036.1184923186,2441148.6468170597,193957.21304476482,2441164.152046027,FALSE,244.62466451865959,Velavadar_LEK2,2016-11-01,2018-10-01,Nov16→Oct18
149.11306040914857,193365.22070016497,2441269.918596759,193347.95216376835,2441121.808831938,FALSE,557.2118854098517,Velavadar_LEK2,2016-11-01,2018-10-01,Nov16→Oct18
81.44760861294051,193417.81805237773,2441168.1711672195,193358.1002944252,2441112.7861301256,FALSE,533.2364546657503,Velavadar_LEK2,2016-11-01,2018-10-01,Nov16→Oct18
4.610412696112013,193961.2828160862,2441353.8547197166,193962.34683697572,2441358.340671653,TRUE,46.93506258349606,Velavadar_LEK2,2016-11-01,2018-10-01,Nov16→Oct18
36.311289359003496,194029.92410663067,2441305.7885631877,193993.99493534473,2441311.04255078,TRUE,127.63273669007701,Velavadar_LEK2,2016-11-01,2018-10-01,Nov16→Oct18
11.705191676048667,193990.76967092615,2441322.2946253265,193993.99493534473,2441311.04255078,TRUE,85.21952881600295,Velavadar_LEK2,2016-11-01,2018-10-01,Nov16→Oct18
0.5075065814653278,193880.8148724006,2441365.143278546,193880.81238380616,2441365.650779026,TRUE,39.05785616425287,Velavadar_LEK2,2018-10-01,2018-11-01,Oct18→Nov18
1.4146439486453304,193847.0637065334,2441370.5965133603,193845.70038403576,2441370.9740968198,TRUE,65.99412237746326,Velavadar_LEK2,2018-10-01,2018-11-01,Oct18→Nov18
0.7753111451523206,193882.63247517886,2441339.2755789845,193881.90689685981,2441339.5487885647,TRUE,19.129258543031188,Velavadar_LEK2,2018-10-01,2018-11-01,Oct18→Nov18
5.138460555738955,193964.24777507037,2441358.051479789,193961.2828160862,2441353.8547197166,TRUE,69.76103002511441,Velavadar_LEK2,2018-10-01,2018-11-01,Oct18→Nov18
0.1951446232138716,193923.91152863053,2441391.017682791,193923.95735335327,2441391.207370742,TRUE,64.56889150332472,Velavadar_LEK2,2018-10-01,2018-11-01,Oct18→Nov18
2.672111023117365,193975.56608127692,2441400.2703561885,193972.90626779496,2441400.526421729,TRUE,102.52496625360915,Velavadar_LEK2,2018-10-01,2018-11-01,Oct18→Nov18
0.597086246987511,193914.41313239693,2441395.0396842207,193914.99630196305,2441394.9115232145,TRUE,65.58852786617011,Velavadar_LEK2,2018-10-01,2018-11-01,Oct18→Nov18
1.404840165751765,193935.66709067812,2441453.8714459063,193936.17983684037,2441452.5635211132,TRUE,127.89657399344824,Velavadar_LEK2,2018-10-01,2018-11-01,Oct18→Nov18
0.8346320886698141,193866.18999693717,2441422.13414867,193866.84875079338,2441422.646646553,TRUE,97.10465735088067,Velavadar_LEK2,2018-10-01,2018-11-01,Oct18→Nov18
0.473776824182984,193927.77725884836,2441429.9468214354,193927.83975658537,2441430.4164580097,TRUE,102.72403112355234,Velavadar_LEK2,2018-10-01,2018-11-01,Oct18→Nov18
7.99564877536531,193907.91351531568,2441391.201464907,193914.99630196305,2441394.9115232145,TRUE,60.65745604082578,Velavadar_LEK2,2018-10-01,2018-11-01,Oct18→Nov18
10.689338576277486,193904.34009692387,2441394.070539647,193914.99630196305,2441394.9115232145,TRUE,63.15203823206492,Velavadar_LEK2,2018-10-01,2018-11-01,Oct18→Nov18
22.462294215278853,193866.2285928437,2441382.7349150176,193880.81238380616,2441365.650779026,TRUE,61.67329180522575,Velavadar_LEK2,2018-10-01,2018-11-01,Oct18→Nov18
2.170545549720868,193811.547072839,2441413.6632220703,193809.37772890268,2441413.591008018,TRUE,120.95358706290804,Velavadar_LEK2,2018-10-01,2018-11-01,Oct18→Nov18
1.2060713779011054,193757.55193317204,2441357.7339248713,193756.40442701487,2441357.3626597533,TRUE,144.83710417963388,Velavadar_LEK2,2018-10-01,2018-11-01,Oct18→Nov18
0.5832696695741346,193720.89945074305,2441333.9344259365,193720.64555815601,2441334.459537412,TRUE,179.0376339291885,Velavadar_LEK2,2018-10-01,2018-11-01,Oct18→Nov18
24.747126454939433,193786.52989665448,2441351.7896971614,193774.50786954438,2441330.158905869,TRUE,115.26125179288228,Velavadar_LEK2,2018-10-01,2018-11-01,Oct18→Nov18
39.90803343952674,193806.7440319059,2441353.6850821245,193774.50786954438,2441330.158905869,TRUE,95.8746926995645,Velavadar_LEK2,2018-10-01,2018-11-01,Oct18→Nov18
23.06519127843317,193823.01393742423,2441366.811382699,193845.70038403576,2441370.9740968198,TRUE,84.79876850400865,Velavadar_LEK2,2018-10-01,2018-11-01,Oct18→Nov18
1.3436662479392731,193914.65895048174,2441330.440707413,193913.31944715703,2441330.5463948245,TRUE,14.75830524972197,Velavadar_LEK2,2018-10-01,2018-11-01,Oct18→Nov18
2.0536067817181043,193902.42315088294,2441310.13138048,193900.38838579663,2441310.4089266155,TRUE,21.09215054567518,Velavadar_LEK2,2018-10-01,2018-11-01,Oct18→Nov18
0.6126941787280786,193863.41513692058,2441306.2318637874,193862.82241502538,2441306.076702866,TRUE,44.15092988053387,Velavadar_LEK2,2018-10-01,2018-11-01,Oct18→Nov18
20.05205005717683,193817.58156197605,2441328.979905155,193830.79016650358,2441313.892908173,TRUE,82.35928899391689,Velavadar_LEK2,2018-10-01,2018-11-01,Oct18→Nov18
20.915628800468355,193859.03128492978,2441337.6332699102,193879.1281354506,2441331.8384336517,TRUE,41.40582167050657,Velavadar_LEK2,2018-10-01,2018-11-01,Oct18→Nov18
0.7300807054913376,193830.32106333232,2441313.3334798478,193830.79016650358,2441313.892908173,TRUE,71.8187097910282,Velavadar_LEK2,2018-10-01,2018-11-01,Oct18→Nov18
0.6424380750474672,193805.3214285446,2441298.4017321575,193805.77194948384,2441298.8597251307,TRUE,100.07627482392687,Velavadar_LEK2,2018-10-01,2018-11-01,Oct18→Nov18
0.4891754293877316,193774.93902038358,2441329.927818105,193774.50786954438,2441330.158905869,TRUE,124.98046313333674,Velavadar_LEK2,2018-10-01,2018-11-01,Oct18→Nov18
1.6546135624325589,193756.8564560513,2441252.6192017905,193755.82190906449,2441251.327900674,TRUE,163.15835115076706,Velavadar_LEK2,2018-10-01,2018-11-01,Oct18→Nov18
1.0209432952918998,193732.02383610915,2441291.649435294,193731.00437066413,2441291.7043481213,TRUE,172.45713456499954,Velavadar_LEK2,2018-10-01,2018-11-01,Oct18→Nov18
61.95454362028139,193764.9806106151,2441190.0540591013,193755.82190906449,2441251.327900674,FALSE,195.17592946535737,Velavadar_LEK2,2018-10-01,2018-11-01,Oct18→Nov18
63.36669410800533,193727.9110598663,2441194.4392162175,193755.82190906449,2441251.327900674,FALSE,219.66814663169498,Velavadar_LEK2,2018-10-01,2018-11-01,Oct18→Nov18
33.61862307174108,193712.23506134824,2441263.8130440097,193731.00437066413,2441291.7043481213,TRUE,199.36769278419914,Velavadar_LEK2,2018-10-01,2018-11-01,Oct18→Nov18
85.91527398277923,193738.90592058835,2441167.0943940547,193755.82190906449,2441251.327900674,FALSE,229.81060648143568,Velavadar_LEK2,2018-10-01,2018-11-01,Oct18→Nov18
137.42703846195232,193649.4795291779,2441164.2791261827,193755.82190906449,2441251.327900674,FALSE,300.8953239895425,Velavadar_LEK2,2018-10-01,2018-11-01,Oct18→Nov18
105.42328744564827,193766.1496508337,2441146.4117089505,193755.82190906449,2441251.327900674,FALSE,228.01983095735903,Velavadar_LEK2,2018-10-01,2018-11-01,Oct18→Nov18
0.7742520331720719,193938.90776529012,2441266.127983998,193938.2550816469,2441266.5444816244,TRUE,75.75257313128925,Velavadar_LEK2,2018-10-01,2018-11-01,Oct18→Nov18
2.3305627010436667,193905.4299398833,2441285.360959874,193903.1006626595,2441285.28356402,TRUE,46.04438132284789,Velavadar_LEK2,2018-10-01,2018-11-01,Oct18→Nov18
2.457819837224458,193896.86057704838,2441251.8382763206,193894.40281135647,2441251.854590606,TRUE,79.29432486642543,Velavadar_LEK2,2018-10-01,2018-11-01,Oct18→Nov18
2.3065475316951485,193853.9028234976,2441267.915640721,193851.61997935356,2441268.245465114,TRUE,78.1408993353881,Velavadar_LEK2,2018-10-01,2018-11-01,Oct18→Nov18
0.17152723636652015,194000.56591625855,2441254.4242251194,194000.7102299626,2441254.3315151003,TRUE,126.51449083913681,Velavadar_LEK2,2018-10-01,2018-11-01,Oct18→Nov18
0.8442346520062245,193949.67279993155,2441184.2179382807,193950.2738041086,2441184.8108346686,TRUE,155.0566147625486,Velavadar_LEK2,2018-10-01,2018-11-01,Oct18→Nov18
43.582431810821916,193931.51076203625,2441145.474126434,193950.2738041086,2441184.8108346686,FALSE,188.2699459264049,Velavadar_LEK2,2018-10-01,2018-11-01,Oct18→Nov18
1.842134269670092,193979.8353433573,2441284.2740467265,193978.9056841134,2441282.683703255,TRUE,92.61533090369122,Velavadar_LEK2,2018-10-01,2018-11-01,Oct18→Nov18
1.5820615368848845,193938.91553480754,2441302.9630904216,193937.33696525887,2441302.8580338345,TRUE,48.07611375192397,Velavadar_LEK2,2018-10-01,2018-11-01,Oct18→Nov18
10.923426681259816,193947.41108905617,2441298.635086975,193937.33696525887,2441302.8580338345,TRUE,57.51713228049981,Velavadar_LEK2,2018-10-01,2018-11-01,Oct18→Nov18
0.18634750698266986,194039.03397951642,2441406.5317952065,194038.84895291209,2441406.5096468646,TRUE,158.26628429703442,Velavadar_LEK2,2018-10-01,2018-11-01,Oct18→Nov18
9.72789583847738,194031.26690463623,2441412.604275761,194038.84895291209,2441406.5096468646,TRUE,154.59866377053524,Velavadar_LEK2,2018-10-01,2018-11-01,Oct18→Nov18
0.2991482096582755,193990.77146783052,2441321.9954825137,193990.76967092615,2441322.2946253265,TRUE,91.30965571116378,Velavadar_LEK2,2018-10-01,2018-11-01,Oct18→Nov18
0.6399784003171949,194029.2623899585,2441367.4352191743,194029.85862366454,2441367.667765343,TRUE,134.36182782359535,Velavadar_LEK2,2018-10-01,2018-11-01,Oct18→Nov18
0.37132408627431646,194048.92783403193,2441432.042939225,194048.7369561405,2441432.361447008,TRUE,179.99951458417743,Velavadar_LEK2,2018-10-01,2018-11-01,Oct18→Nov18
31.781795352246178,194003.87917993282,2441393.401730191,193972.90626779496,2441400.526421729,TRUE,121.21668270622922,Velavadar_LEK2,2018-10-01,2018-11-01,Oct18→Nov18
13.764749028823928,193913.02958702313,2441346.4567443915,193904.79395692988,2441357.485919918,TRUE,20.215048086635036,Velavadar_LEK2,2018-10-01,2018-11-01,Oct18→Nov18
7.944517785181816,193888.66930508253,2441343.7183446405,193881.90689685981,2441339.5487885647,TRUE,16.92138661256352,Velavadar_LEK2,2018-10-01,2018-11-01,Oct18→Nov18
28.794436505790326,193835.31402304547,2441344.1181276683,193845.70038403576,2441370.9740968198,TRUE,65.90403388060209,Velavadar_LEK2,2018-10-01,2018-11-01,Oct18→Nov18
23.371716491417725,193874.98325633322,2441268.8734941953,193851.61997935356,2441268.245465114,TRUE,67.01066391511193,Velavadar_LEK2,2018-10-01,2018-11-01,Oct18→Nov18
8.707585004540421,193844.83508395305,2441273.7032330655,193851.61997935356,2441268.245465114,TRUE,79.53044721058724,Velavadar_LEK2,2018-10-01,2018-11-01,Oct18→Nov18
12.975097256842103,193988.6566056254,2441249.5290897586,194000.7102299626,2441254.3315151003,TRUE,120.51865382467601,Velavadar_LEK2,2018-10-01,2018-11-01,Oct18→Nov18
1.1942028027623737,194035.10292547307,2441148.018530249,194036.1184923186,2441148.6468170597,FALSE,227.56363551649468,Velavadar_LEK2,2018-10-01,2018-11-01,Oct18→Nov18
42.57388167762968,193972.24732362048,2441221.2758842553,193950.2738041086,2441184.8108346686,TRUE,131.48252566546665,Velavadar_LEK2,2018-10-01,2018-11-01,Oct18→Nov18
12.899526599130258,193956.0558428649,2441173.279754307,193950.2738041086,2441184.8108346686,TRUE,167.48383657227419,Velavadar_LEK2,2018-10-01,2018-11-01,Oct18→Nov18
53.345678941221514,193983.41349783208,2441140.4039402637,194036.1184923186,2441148.6468170597,FALSE,208.15166551007704,Velavadar_LEK2,2018-10-01,2018-11-01,Oct18→Nov18
1.240354072991064,193844.40385209373,2441218.7341093565,193843.19564308232,2441218.453557737,TRUE,125.30604050134153,Velavadar_LEK2,2018-10-01,2018-11-01,Oct18→Nov18
37.05983002315372,193901.724296175,2441215.5251691765,193894.40281135647,2441251.854590606,TRUE,115.56278802742578,Velavadar_LEK2,2018-10-01,2018-11-01,Oct18→Nov18
34.50195461706974,193875.1304040086,2441205.3938518837,193843.19564308232,2441218.453557737,TRUE,128.10028311141107,Velavadar_LEK2,2018-10-01,2018-11-01,Oct18→Nov18
18.38968335109756,193970.66368816764,2441338.037650053,193961.2828160862,2441353.8547197166,TRUE,71.09135920973867,Velavadar_LEK2,2018-10-01,2018-11-01,Oct18→Nov18
59.935584637968745,193672.68965399417,2441277.859922326,193731.00437066413,2441291.7043481213,FALSE,233.3724973434356,Velavadar_LEK2,2018-10-01,2018-11-01,Oct18→Nov18
47.04629579371565,193702.44372115238,2441254.3192809504,193731.00437066413,2441291.7043481213,TRUE,211.8628211150598,Velavadar_LEK2,2018-10-01,2018-11-01,Oct18→Nov18
102.62004838269668,193569.65934204264,2441093.239942962,193467.04959213902,2441094.693749959,FALSE,406.98062016928833,Velavadar_LEK2,2018-10-01,2018-11-01,Oct18→Nov18
113.39161650278143,193567.6900756652,2441146.9350341004,193467.04959213902,2441094.693749959,FALSE,379.84202837066425,Velavadar_LEK2,2018-10-01,2018-11-01,Oct18→Nov18
22.186210683854856,193482.19049490767,2441110.910439136,193467.04959213902,2441094.693749959,FALSE,472.1917148447638,Velavadar_LEK2,2018-10-01,2018-11-01,Oct18→Nov18
1.0603249795625886,193468.04159509938,2441094.3192914315,193467.04959213902,2441094.693749959,FALSE,492.51056912190234,Velavadar_LEK2,2018-10-01,2018-11-01,Oct18→Nov18
0.39935313422565527,193327.12501192582,2441111.213456065,193327.44722935918,2441111.4493773472,FALSE,613.5356960489785,Velavadar_LEK2,2018-10-01,2018-11-01,Oct18→Nov18
51.0451680837498,193394.70676213637,2441122.657680778,193417.81805237773,2441168.1711672195,FALSE,546.5087885587385,Velavadar_LEK2,2018-10-01,2018-11-01,Oct18→Nov18
62.15079384507112,193479.57525752898,2441161.187701928,193417.81805237773,2441168.1711672195,FALSE,453.3719568653832,Velavadar_LEK2,2018-10-01,2018-11-01,Oct18→Nov18
29.517156036317093,193446.54038724786,2441174.974841233,193417.81805237773,2441168.1711672195,FALSE,479.49423344239096,Velavadar_LEK2,2018-10-01,2018-11-01,Oct18→Nov18
37.64782042658693,193284.14626685408,2441046.86900882,193256.63539042388,2441021.168618533,FALSE,678.1906342681407,Velavadar_LEK2,2018-10-01,2018-11-01,Oct18→Nov18
1.249606474529241,193255.43374919525,2441020.8257268607,193256.63539042388,2441021.168618533,FALSE,715.268442366482,Velavadar_LEK2,2018-10-01,2018-11-01,Oct18→Nov18
14.374158699615778,193269.13577401574,2441014.072362592,193256.63539042388,2441021.168618533,FALSE,705.9542189279606,Velavadar_LEK2,2018-10-01,2018-11-01,Oct18→Nov18
33.796792018204286,193240.06136131607,2440991.7148461114,193256.63539042388,2441021.168618533,FALSE,742.0042414864686,Velavadar_LEK2,2018-10-01,2018-11-01,Oct18→Nov18
58.898490474847456,193234.66160178208,2440966.5226233187,193256.63539042388,2441021.168618533,FALSE,758.589879504068,Velavadar_LEK2,2018-10-01,2018-11-01,Oct18→Nov18
48.5624338664165,193436.42963799712,2441057.0011990853,193467.04959213902,2441094.693749959,FALSE,538.4549625839388,Velavadar_LEK2,2018-10-01,2018-11-01,Oct18→Nov18
75.5531461843321,193409.39140387467,2441045.8694606717,193467.04959213902,2441094.693749959,FALSE,567.4100341110454,Velavadar_LEK2,2018-10-01,2018-11-01,Oct18→Nov18
67.11245589149907,193394.1069968628,2441103.667531027,193327.44722935918,2441111.4493773472,FALSE,554.5760174814891,Velavadar_LEK2,2018-10-01,2018-11-01,Oct18→Nov18
65.01988658328706,193320.7910065303,2441010.6025136067,193256.63539042388,2441021.168618533,FALSE,661.8803068797422,Velavadar_LEK2,2018-10-01,2018-11-01,Oct18→Nov18
90.51730046872068,193341.47613009892,2440989.618173599,193256.63539042388,2441021.168618533,FALSE,654.5571347856021,Velavadar_LEK2,2018-10-01,2018-11-01,Oct18→Nov18
99.85110882520367,193365.12118401425,2441018.978208466,193327.44722935918,2441111.4493773472,FALSE,619.1988758974596,Velavadar_LEK2,2018-10-01,2018-11-01,Oct18→Nov18
26.263329200727828,193492.8998697151,2441090.054179942,193467.04959213902,2441094.693749959,FALSE,473.02340024238276,Velavadar_LEK2,2018-10-01,2018-11-01,Oct18→Nov18
64.74647076461235,193471.4378574383,2441030.096160189,193467.04959213902,2441094.693749959,FALSE,523.6215519175473,Velavadar_LEK2,2018-10-01,2018-11-01,Oct18→Nov18
88.87188028580988,193475.1430312394,2441006.191166104,193467.04959213902,2441094.693749959,FALSE,534.7703098606175,Velavadar_LEK2,2018-10-01,2018-11-01,Oct18→Nov18
121.32586190680702,193573.0683171152,2441035.7022698806,193467.04959213902,2441094.693749959,FALSE,440.5366953857076,Velavadar_LEK2,2018-10-01,2018-11-01,Oct18→Nov18
140.7562574825157,193607.68760951364,2441088.925553584,193467.04959213902,2441094.693749959,FALSE,379.5156932758607,Velavadar_LEK2,2018-10-01,2018-11-01,Oct18→Nov18
184.13330651233204,193657.01031013537,2441095.9530555923,193755.82190906449,2441251.327900674,FALSE,338.05926924083764,Velavadar_LEK2,2018-10-01,2018-11-01,Oct18→Nov18
149.77537757282278,193571.7331142187,2440987.5768795228,193467.04959213902,2441094.693749959,FALSE,475.0715374399631,Velavadar_LEK2,2018-10-01,2018-11-01,Oct18→Nov18
57.360993817909325,193517.45642169396,2441067.3179368023,193467.04959213902,2441094.693749959,FALSE,464.58704253582823,Velavadar_LEK2,2018-10-01,2018-11-01,Oct18→Nov18
2.629151458605492,193987.3956186521,2441531.105155616,193989.81404126703,2441532.136499132,FALSE,218.32440163956286,Velavadar_LEK2,2018-10-01,2018-11-01,Oct18→Nov18
0.41334721014352804,194052.8587088784,2441495.074584212,194052.46259402653,2441495.192689844,TRUE,224.25047883869425,Velavadar_LEK2,2018-10-01,2018-11-01,Oct18→Nov18
34.67153737071401,194077.39812077273,2441519.2828332544,194052.46259402653,2441495.192689844,FALSE,258.69514693717633,Velavadar_LEK2,2018-10-01,2018-11-01,Oct18→Nov18
82.15866389876957,193877.6303924616,2441510.200389666,193936.17983684037,2441452.5635211132,FALSE,180.5073722129808,Velavadar_LEK2,2018-10-01,2018-11-01,Oct18→Nov18
103.68592104489288,193254.43736113491,2441185.0722634955,193327.44722935918,2441111.4493773472,FALSE,661.7830693253522,Velavadar_LEK2,2018-10-01,2018-11-01,Oct18→Nov18
30.96840483870763,193307.30262797326,2441134.9703708054,193327.44722935918,2441111.4493773472,FALSE,624.2155539948316,Velavadar_LEK2,2018-10-01,2018-11-01,Oct18→Nov18
49.53185622259303,193278.12927429873,2441116.047647621,193327.44722935918,2441111.4493773472,FALSE,657.9154722649183,Velavadar_LEK2,2018-10-01,2018-11-01,Oct18→Nov18
112.72292693177306,193222.63168355176,2441152.924184317,193327.44722935918,2441111.4493773472,FALSE,700.3205879997844,Velavadar_LEK2,2018-10-01,2018-11-01,Oct18→Nov18
132.60221429618133,193534.10430953215,2441231.8959946674,193417.81805237773,2441168.1711672195,FALSE,379.0160035122893,Velavadar_LEK2,2018-10-01,2018-11-01,Oct18→Nov18
156.79779047773073,193623.74365169293,2441088.9912242717,193467.04959213902,2441094.693749959,FALSE,367.25216444081605,Velavadar_LEK2,2018-10-01,2018-11-01,Oct18→Nov18
119.39406445324337,193579.20389673952,2441053.7504405393,193467.04959213902,2441094.693749959,FALSE,423.98508543160466,Velavadar_LEK2,2018-10-01,2018-11-01,Oct18→Nov18
147.15440070153898,193608.40399970458,2441135.600339986,193467.04959213902,2441094.693749959,FALSE,350.9815952638159,Velavadar_LEK2,2018-10-01,2018-11-01,Oct18→Nov18
82.00034931220891,193514.61357491394,2441027.897606134,193467.04959213902,2441094.693749959,FALSE,490.2778675443055,Velavadar_LEK2,2018-10-01,2018-11-01,Oct18→Nov18
110.7234453627718,193548.759241199,2441019.9728385387,193467.04959213902,2441094.693749959,FALSE,469.141366931884,Velavadar_LEK2,2018-10-01,2018-11-01,Oct18→Nov18
93.44551784591646,193554.64710309502,2441062.1554512973,193467.04959213902,2441094.693749959,FALSE,437.63735741271483,Velavadar_LEK2,2018-10-01,2018-11-01,Oct18→Nov18
45.22155573561939,193191.0791364725,2440978.587357907,193234.66160178208,2440966.5226233187,FALSE,780.1907097317801,Velavadar_LEK2,2018-11-01,2021-03-01,Nov18→Mar21
11.635585552088763,193317.65236528864,2441104.456547243,193327.12501192582,2441111.213456065,TRUE,612.4577089977572,Velavadar_LEK2,2018-11-01,2021-03-01,Nov18→Mar21
23.39567151639339,193348.365807696,2441121.0209042933,193327.12501192582,2441111.213456065,TRUE,577.7778977715241,Velavadar_LEK2,2018-11-01,2021-03-01,Nov18→Mar21
124.91240567008568,193366.55349176528,2441270.918604143,193446.54038724786,2441174.974841233,FALSE,522.3504438412027,Velavadar_LEK2,2018-11-01,2021-03-01,Nov18→Mar21
55.47168735579305,193398.00958474568,2441201.8424668554,193446.54038724786,2441174.974841233,FALSE,504.8799216615853,Velavadar_LEK2,2018-11-01,2021-03-01,Nov18→Mar21
87.55557777885124,193408.64830630872,2441253.906263381,193446.54038724786,2441174.974841233,FALSE,483.1809080267271,Velavadar_LEK2,2018-11-01,2021-03-01,Nov18→Mar21
65.91584059859109,193437.69338449044,2441240.294276197,193446.54038724786,2441174.974841233,FALSE,457.21345054078006,Velavadar_LEK2,2018-11-01,2021-03-01,Nov18→Mar21
55.7232648188877,193478.44613181782,2441229.203505931,193534.10430953215,2441231.8959946674,FALSE,420.1023546525139,Velavadar_LEK2,2018-11-01,2021-03-01,Nov18→Mar21
82.31641845882025,193586.84547902195,2441295.0969581786,193534.10430953215,2441231.8959946674,FALSE,300.77536838193487,Velavadar_LEK2,2018-11-01,2021-03-01,Nov18→Mar21
82.22049091691619,193538.98990187934,2441313.971204774,193534.10430953215,2441231.8959946674,FALSE,346.5838878076901,Velavadar_LEK2,2018-11-01,2021-03-01,Nov18→Mar21
40.09160464070559,193513.68131929036,2441266.39582412,193534.10430953215,2441231.8959946674,FALSE,377.5842997495021,Velavadar_LEK2,2018-11-01,2021-03-01,Nov18→Mar21
161.6002677790294,193441.85498652357,2441364.5787326205,193534.10430953215,2441231.8959946674,FALSE,444.0195525833598,Velavadar_LEK2,2018-11-01,2021-03-01,Nov18→Mar21
196.94596909284436,193390.57753531315,2441366.75807171,193534.10430953215,2441231.8959946674,FALSE,495.3307441240822,Velavadar_LEK2,2018-11-01,2021-03-01,Nov18→Mar21
124.27510930311192,193575.355936941,2441355.128611437,193672.68965399417,2441277.859922326,FALSE,310.1867868530262,Velavadar_LEK2,2018-11-01,2021-03-01,Nov18→Mar21
181.10192624385152,193469.07959274383,2441400.9217142956,193534.10430953215,2441231.8959946674,FALSE,420.96841674307433,Velavadar_LEK2,2018-11-01,2021-03-01,Nov18→Mar21
152.75521372526586,193457.91529316496,2441364.294594,193534.10430953215,2441231.8959946674,FALSE,427.97604274471803,Velavadar_LEK2,2018-11-01,2021-03-01,Nov18→Mar21
162.58043235334614,193511.935613245,2441392.957926511,193534.10430953215,2441231.8959946674,FALSE,377.39695065361565,Velavadar_LEK2,2018-11-01,2021-03-01,Nov18→Mar21
142.8352243403618,193581.29823804979,2441387.6301842555,193672.68965399417,2441277.859922326,FALSE,308.07959307750724,Velavadar_LEK2,2018-11-01,2021-03-01,Nov18→Mar21
148.36012952961772,193523.66259692155,2441379.888219706,193534.10430953215,2441231.8959946674,FALSE,363.9830279530494,Velavadar_LEK2,2018-11-01,2021-03-01,Nov18→Mar21
166.69138080874382,193543.10288413038,2441398.344311244,193534.10430953215,2441231.8959946674,FALSE,347.5628249526134,Velavadar_LEK2,2018-11-01,2021-03-01,Nov18→Mar21
36.24089150172369,193636.47334851994,2441276.525218375,193672.68965399417,2441277.859922326,FALSE,255.31273471947495,Velavadar_LEK2,2018-11-01,2021-03-01,Nov18→Mar21
71.97530072951795,193603.4748466413,2441251.0838162294,193534.10430953215,2441231.8959946674,FALSE,293.7875177212296,Velavadar_LEK2,2018-11-01,2021-03-01,Nov18→Mar21
51.80551362358355,193573.35326370818,2441265.709170175,193534.10430953215,2441231.8959946674,FALSE,319.251692981163,Velavadar_LEK2,2018-11-01,2021-03-01,Nov18→Mar21
0.26182504487077674,193712.39686470397,2441264.01888868,193712.23506134824,2441263.8130440097,TRUE,186.6880486626488,Velavadar_LEK2,2018-11-01,2021-03-01,Nov18→Mar21
10.984299426428546,193674.7248777498,2441267.065817539,193672.68965399417,2441277.859922326,TRUE,221.00706641340537,Velavadar_LEK2,2018-11-01,2021-03-01,Nov18→Mar21
33.38917182467672,193687.6310604643,2441307.719446231,193672.68965399417,2441277.859922326,TRUE,199.20965433652506,Velavadar_LEK2,2018-11-01,2021-03-01,Nov18→Mar21
3.3803301983784135,194051.61895797763,2441491.929802828,194052.8587088784,2441495.074584212,FALSE,228.69744260980147,Velavadar_LEK2,2018-11-01,2021-03-01,Nov18→Mar21
72.4857196708981,194131.3980972648,2441470.928080695,194077.39812077273,2441519.2828332544,FALSE,281.3032993805844,Velavadar_LEK2,2018-11-01,2021-03-01,Nov18→Mar21
8.034609376174634,194072.91088524874,2441512.6180252917,194077.39812077273,2441519.2828332544,FALSE,258.3811672742396,Velavadar_LEK2,2018-11-01,2021-03-01,Nov18→Mar21
4.44413989094226,194050.60766170628,2441436.1573721576,194048.92783403193,2441432.042939225,TRUE,193.94145187809835,Velavadar_LEK2,2018-11-01,2021-03-01,Nov18→Mar21
39.77319291304526,194025.60636140022,2441466.105351716,194052.8587088784,2441495.074584212,TRUE,192.05966845826822,Velavadar_LEK2,2018-11-01,2021-03-01,Nov18→Mar21
50.94441596927285,193942.49556307326,2441504.3561513447,193935.66709067812,2441453.8714459063,FALSE,178.52931066308815,Velavadar_LEK2,2018-11-01,2021-03-01,Nov18→Mar21
55.27862483075959,193987.45300697436,2441475.8265605746,193987.3956186521,2441531.105155616,TRUE,173.9053477904851,Velavadar_LEK2,2018-11-01,2021-03-01,Nov18→Mar21
35.655150068899005,194013.48477459565,2441443.508734625,194031.26690463623,2441412.604275761,TRUE,168.00345302682004,Velavadar_LEK2,2018-11-01,2021-03-01,Nov18→Mar21
3.0041837438928827,194006.60418198042,2441394.6664371956,194003.87917993282,2441393.401730191,TRUE,135.37025051078518,Velavadar_LEK2,2018-11-01,2021-03-01,Nov18→Mar21
20.874874926175245,194024.8622369051,2441391.204626044,194039.03397951642,2441406.5317952065,TRUE,150.67709717704383,Velavadar_LEK2,2018-11-01,2021-03-01,Nov18→Mar21
14.360842661431183,194002.88761453773,2441407.7282999135,194003.87917993282,2441393.401730191,TRUE,138.39823358076126,Velavadar_LEK2,2018-11-01,2021-03-01,Nov18→Mar21
35.67072529656798,193968.11356920487,2441439.051639079,193935.66709067812,2441453.8714459063,TRUE,132.938496691933,Velavadar_LEK2,2018-11-01,2021-03-01,Nov18→Mar21
24.923827690317246,193989.4723514141,2441420.9539931417,193975.56608127692,2441400.2703561885,TRUE,135.1208870836693,Velavadar_LEK2,2018-11-01,2021-03-01,Nov18→Mar21
18.223945400231386,193950.59114752465,2441464.330160607,193935.66709067812,2441453.8714459063,TRUE,144.72334954543473,Velavadar_LEK2,2018-11-01,2021-03-01,Nov18→Mar21
23.41037945918021,193913.25699683564,2441460.6414946797,193935.66709067812,2441453.8714459063,TRUE,128.43985861854824,Velavadar_LEK2,2018-11-01,2021-03-01,Nov18→Mar21
31.29970184068628,193961.0206160965,2441435.5174249797,193935.66709067812,2441453.8714459063,TRUE,125.78666653010143,Velavadar_LEK2,2018-11-01,2021-03-01,Nov18→Mar21
6.033190262564051,193936.51255702623,2441459.8451023577,193935.66709067812,2441453.8714459063,TRUE,134.74808260777277,Velavadar_LEK2,2018-11-01,2021-03-01,Nov18→Mar21
4.541385370875767,193932.17003523547,2441431.099078655,193927.77725884836,2441429.9468214354,TRUE,106.75981622192359,Velavadar_LEK2,2018-11-01,2021-03-01,Nov18→Mar21
16.23831888131873,193886.88031416264,2441523.5466231653,193877.6303924616,2441510.200389666,FALSE,188.18870162490003,Velavadar_LEK2,2018-11-01,2021-03-01,Nov18→Mar21
34.048156320587694,193851.1598893801,2441488.785688747,193877.6303924616,2441510.200389666,FALSE,157.08651528103604,Velavadar_LEK2,2018-11-01,2021-03-01,Nov18→Mar21
58.23194746573566,193812.54847656318,2441471.8865584247,193811.547072839,2441413.6632220703,FALSE,154.51160465018,Velavadar_LEK2,2018-11-01,2021-03-01,Nov18→Mar21
72.72533142143533,193757.30262390117,2441462.1040477217,193811.547072839,2441413.6632220703,FALSE,179.85076064321805,Velavadar_LEK2,2018-11-01,2021-03-01,Nov18→Mar21
40.93337388784835,193843.11311311566,2441455.942409952,193866.18999693717,2441422.13414867,TRUE,127.61403056455993,Velavadar_LEK2,2018-11-01,2021-03-01,Nov18→Mar21
45.23274923034303,193803.4554909754,2441458.1663444987,193811.547072839,2441413.6632220703,FALSE,147.35892839661938,Velavadar_LEK2,2018-11-01,2021-03-01,Nov18→Mar21
28.793596437347713,193830.008929968,2441435.7591725397,193811.547072839,2441413.6632220703,TRUE,114.42362534259532,Velavadar_LEK2,2018-11-01,2021-03-01,Nov18→Mar21
99.70567112546338,193713.37059330603,2441447.1164179123,193757.55193317204,2441357.7339248713,FALSE,204.7299328972642,Velavadar_LEK2,2018-11-01,2021-03-01,Nov18→Mar21
117.14881083274778,193664.67216268665,2441436.7076518144,193720.89945074305,2441333.9344259365,FALSE,242.43671873866788,Velavadar_LEK2,2018-11-01,2021-03-01,Nov18→Mar21
220.11701072257694,193677.11239650444,2441600.997039972,193877.6303924616,2441510.200389666,FALSE,337.25306320127595,Velavadar_LEK2,2018-11-01,2021-03-01,Nov18→Mar21
112.69007707142046,193774.2742367398,2441555.106497767,193877.6303924616,2441510.200389666,FALSE,246.01987337569383,Velavadar_LEK2,2018-11-01,2021-03-01,Nov18→Mar21
63.33516874003063,193835.23367113183,2441557.2520806007,193877.6303924616,2441510.200389666,FALSE,227.37734141279697,Velavadar_LEK2,2018-11-01,2021-03-01,Nov18→Mar21
111.81704336752911,193648.1207982641,2441418.82446617,193720.89945074305,2441333.9344259365,FALSE,251.06838934016983,Velavadar_LEK2,2018-11-01,2021-03-01,Nov18→Mar21
90.8390256876462,193636.68473210157,2441367.987469149,193720.89945074305,2441333.9344259365,FALSE,250.36198574091497,Velavadar_LEK2,2018-11-01,2021-03-01,Nov18→Mar21
43.98545022346845,193676.97988858883,2441336.341060837,193720.89945074305,2441333.9344259365,FALSE,207.93505437231943,Velavadar_LEK2,2018-11-01,2021-03-01,Nov18→Mar21
47.076094101444134,193650.04042641207,2441319.1294162143,193672.68965399417,2441277.859922326,FALSE,235.43293702227618,Velavadar_LEK2,2018-11-01,2021-03-01,Nov18→Mar21
79.10719771368454,193606.63972121401,2441321.395598614,193672.68965399417,2441277.859922326,FALSE,278.6235206458209,Velavadar_LEK2,2018-11-01,2021-03-01,Nov18→Mar21
21.728626184501557,193802.87646638334,2441433.586921013,193811.547072839,2441413.6632220703,TRUE,127.97208188499052,Velavadar_LEK2,2018-11-01,2021-03-01,Nov18→Mar21
44.205904460723474,193768.06959481142,2441421.655148844,193811.547072839,2441413.6632220703,TRUE,145.25060978233734,Velavadar_LEK2,2018-11-01,2021-03-01,Nov18→Mar21
81.70560940795299,193698.69220516935,2441414.402602535,193757.55193317204,2441357.7339248713,FALSE,202.29803734170002,Velavadar_LEK2,2018-11-01,2021-03-01,Nov18→Mar21
56.13081047331414,193684.90775019914,2441377.007217538,193720.89945074305,2441333.9344259365,FALSE,204.2933525147071,Velavadar_LEK2,2018-11-01,2021-03-01,Nov18→Mar21
40.09016864442324,193735.87226434547,2441391.456522362,193757.55193317204,2441357.7339248713,TRUE,159.24490769799772,Velavadar_LEK2,2018-11-01,2021-03-01,Nov18→Mar21
2.189554701671796,193722.39008738624,2441335.5382189997,193720.89945074305,2441333.9344259365,TRUE,162.52266867299878,Velavadar_LEK2,2018-11-01,2021-03-01,Nov18→Mar21
0.9511693008930211,193732.86698477174,2441292.089689052,193732.02383610915,2441291.649435294,TRUE,158.0851661693474,Velavadar_LEK2,2018-11-01,2021-03-01,Nov18→Mar21
6.570296024505077,193761.26098601212,2441247.743865323,193756.8564560513,2441252.6192017905,TRUE,151.55119182778762,Velavadar_LEK2,2018-11-01,2021-03-01,Nov18→Mar21
39.508532856700796,193796.19799981383,2441256.2478520726,193756.8564560513,2441252.6192017905,TRUE,118.87103508990903,Velavadar_LEK2,2018-11-01,2021-03-01,Nov18→Mar21
39.36358368443994,193792.7161821482,2441217.9866528264,193764.9806106151,2441190.0540591013,TRUE,149.26024732892984,Velavadar_LEK2,2018-11-01,2021-03-01,Nov18→Mar21
38.40813727283132,193898.77229965577,2441175.124299872,193875.1304040086,2441205.3938518837,TRUE,160.8421575118098,Velavadar_LEK2,2018-11-01,2021-03-01,Nov18→Mar21
14.84691987719599,193934.98037520202,2441186.354216682,193949.67279993155,2441184.2179382807,TRUE,157.20033434420864,Velavadar_LEK2,2018-11-01,2021-03-01,Nov18→Mar21
1.3222168966597243,193999.90540531714,2441255.569643304,194000.56591625855,2441254.4242251194,TRUE,139.968356513293,Velavadar_LEK2,2018-11-01,2021-03-01,Nov18→Mar21
0.7010861399238468,193972.526399619,2441221.919031488,193972.24732362048,2441221.2758842553,TRUE,143.3418356966139,Velavadar_LEK2,2018-11-01,2021-03-01,Nov18→Mar21
1.41321096340106,193978.80315570137,2441283.3087727395,193979.8353433573,2441284.2740467265,TRUE,107.35738765365632,Velavadar_LEK2,2018-11-01,2021-03-01,Nov18→Mar21
0.29849026143383767,193939.20311635203,2441266.084807773,193938.90776529012,2441266.127983998,TRUE,88.02069346476878,Velavadar_LEK2,2018-11-01,2021-03-01,Nov18→Mar21
1.354622486721815,193991.8785297037,2441322.776133582,193990.77146783052,2441321.9954825137,TRUE,107.70448506309324,Velavadar_LEK2,2018-11-01,2021-03-01,Nov18→Mar21
18.469765929086293,193962.2594815478,2441309.6195074827,193947.41108905617,2441298.635086975,TRUE,81.52009137773877,Velavadar_LEK2,2018-11-01,2021-03-01,Nov18→Mar21
1.7347603885418315,193896.56250922848,2441250.1293148873,193896.86057704838,2441251.8382763206,TRUE,86.03131864389488,Velavadar_LEK2,2018-11-01,2021-03-01,Nov18→Mar21
20.596131987869974,193982.61134041013,2441367.377793148,193964.24777507037,2441358.051479789,TRUE,102.80877528276588,Velavadar_LEK2,2018-11-01,2021-03-01,Nov18→Mar21
1.6564644241800341,193974.4269494001,2441399.0677536125,193975.56608127692,2441400.2703561885,TRUE,109.86554869284842,Velavadar_LEK2,2018-11-01,2021-03-01,Nov18→Mar21
23.533468145856677,193954.88741103606,2441411.5049776793,193975.56608127692,2441400.2703561885,TRUE,103.40828023098892,Velavadar_LEK2,2018-11-01,2021-03-01,Nov18→Mar21
29.923937524864417,193898.59892295807,2441436.5851007053,193927.77725884836,2441429.9468214354,TRUE,102.138009021131,Velavadar_LEK2,2018-11-01,2021-03-01,Nov18→Mar21
39.08456781196358,193886.0264386761,2441472.028281406,193877.6303924616,2441510.200389666,TRUE,136.6646115192164,Velavadar_LEK2,2018-11-01,2021-03-01,Nov18→Mar21
21.69604574438217,193883.9691787127,2441434.568741399,193866.18999693717,2441422.13414867,TRUE,99.20501962165723,Velavadar_LEK2,2018-11-01,2021-03-01,Nov18→Mar21
13.044724351238166,193918.0962344744,2441421.2036755215,193927.77725884836,2441429.9468214354,TRUE,92.02649921398552,Velavadar_LEK2,2018-11-01,2021-03-01,Nov18→Mar21
2.3414678576836234,193868.43791476614,2441422.789386919,193866.18999693717,2441422.13414867,TRUE,88.95999055596958,Velavadar_LEK2,2018-11-01,2021-03-01,Nov18→Mar21
22.863093236350394,193850.84620089066,2441405.1845482257,193866.18999693717,2441422.13414867,TRUE,77.68426758059046,Velavadar_LEK2,2018-11-01,2021-03-01,Nov18→Mar21
1.782193492470777,193809.83849479363,2441413.1562953424,193811.547072839,2441413.6632220703,TRUE,108.10697398239685,Velavadar_LEK2,2018-11-01,2021-03-01,Nov18→Mar21
38.926819751002014,193775.50197472196,2441398.9646439874,193811.547072839,2441413.6632220703,TRUE,126.55120005181342,Velavadar_LEK2,2018-11-01,2021-03-01,Nov18→Mar21
17.03355067527972,193962.47636715788,2441389.370758357,193975.56608127692,2441400.2703561885,TRUE,94.51139065197874,Velavadar_LEK2,2018-11-01,2021-03-01,Nov18→Mar21
23.356730823936218,193955.1691832334,2441388.8903990276,193975.56608127692,2441400.2703561885,TRUE,88.3210220942402,Velavadar_LEK2,2018-11-01,2021-03-01,Nov18→Mar21
19.761044507657694,193938.04681745556,2441413.063840477,193927.77725884836,2441429.9468214354,TRUE,94.1267718250524,Velavadar_LEK2,2018-11-01,2021-03-01,Nov18→Mar21
0.823183691273851,193965.01974174392,2441357.7656496917,193964.24777507037,2441358.051479789,TRUE,83.17925690053943,Velavadar_LEK2,2018-11-01,2021-03-01,Nov18→Mar21
24.18931207547042,193941.33592842944,2441365.808418759,193964.24777507037,2441358.051479789,TRUE,64.11076993513845,Velavadar_LEK2,2018-11-01,2021-03-01,Nov18→Mar21
1.453755246844403,193925.14034932468,2441391.794473638,193923.91152863053,2441391.017682791,TRUE,69.29783418773937,Velavadar_LEK2,2018-11-01,2021-03-01,Nov18→Mar21
11.768787739119038,193935.01935107372,2441387.129155381,193923.91152863053,2441391.017682791,TRUE,72.04078988818844,Velavadar_LEK2,2018-11-01,2021-03-01,Nov18→Mar21
14.441097039214238,193891.75043718034,2441401.14484182,193904.34009692387,2441394.070539647,TRUE,66.13108651412253,Velavadar_LEK2,2018-11-01,2021-03-01,Nov18→Mar21
24.861022197061008,193900.2965324872,2441418.600521533,193904.34009692387,2441394.070539647,TRUE,84.64207737839853,Velavadar_LEK2,2018-11-01,2021-03-01,Nov18→Mar21
3.2460880945835866,193884.027232597,2441364.676556052,193880.8148724006,2441365.143278546,TRUE,29.321719536278223,Velavadar_LEK2,2018-11-01,2021-03-01,Nov18→Mar21
17.979375706253695,193897.99676815973,2441376.2042626133,193907.91351531568,2441391.201464907,TRUE,42.88096341579356,Velavadar_LEK2,2018-11-01,2021-03-01,Nov18→Mar21
16.918846166266725,193909.46124222502,2441374.353560081,193907.91351531568,2441391.201464907,TRUE,46.070491474713975,Velavadar_LEK2,2018-11-01,2021-03-01,Nov18→Mar21
0.6968149107829842,193866.20028214337,2441383.431154577,193866.2285928437,2441382.7349150176,TRUE,51.577128144287414,Velavadar_LEK2,2018-11-01,2021-03-01,Nov18→Mar21
28.60896020704854,193837.30597745202,2441397.4899944905,193847.0637065334,2441370.5965133603,TRUE,78.26565792334303,Velavadar_LEK2,2018-11-01,2021-03-01,Nov18→Mar21
0.4328584066395136,193846.67510166886,2441370.4058496263,193847.0637065334,2441370.5965133603,TRUE,51.862777748899155,Velavadar_LEK2,2018-11-01,2021-03-01,Nov18→Mar21
18.41947291596897,193816.44863440952,2441395.9078939497,193811.547072839,2441413.6632220703,TRUE,91.39134151607401,Velavadar_LEK2,2018-11-01,2021-03-01,Nov18→Mar21
34.01227592268279,193785.23614664085,2441392.109334346,193811.547072839,2441413.6632220703,TRUE,114.6950919271917,Velavadar_LEK2,2018-11-01,2021-03-01,Nov18→Mar21
22.897777031374915,193804.00097956037,2441392.0446034926,193811.547072839,2441413.6632220703,TRUE,98.78722056790086,Velavadar_LEK2,2018-11-01,2021-03-01,Nov18→Mar21
24.734229698004263,193790.23245997517,2441376.2452311693,193786.52989665448,2441351.7896971614,TRUE,103.12745812326007,Velavadar_LEK2,2018-11-01,2021-03-01,Nov18→Mar21
0.9455256486227911,193756.61190865585,2441357.632078609,193757.55193317204,2441357.7339248713,TRUE,130.21814214517985,Velavadar_LEK2,2018-11-01,2021-03-01,Nov18→Mar21
0.5494199319743119,193775.41385375883,2441329.6514206966,193774.93902038358,2441329.927818105,TRUE,109.64794477301089,Velavadar_LEK2,2018-11-01,2021-03-01,Nov18→Mar21
1.867816637439653,193806.40046914347,2441299.9263338684,193805.3214285446,2441298.4017321575,TRUE,86.14111506123555,Velavadar_LEK2,2018-11-01,2021-03-01,Nov18→Mar21
27.12279227273142,193755.91440860525,2441304.4902454894,193732.02383610915,2441291.649435294,TRUE,132.64237368843698,Velavadar_LEK2,2018-11-01,2021-03-01,Nov18→Mar21
1.561693028224575,193822.16302898375,2441365.501863726,193823.01393742423,2441366.811382699,TRUE,69.61001560024249,Velavadar_LEK2,2018-11-01,2021-03-01,Nov18→Mar21
20.363743858312134,193747.17277090793,2441375.254057708,193757.55193317204,2441357.7339248713,TRUE,143.3986052531359,Velavadar_LEK2,2018-11-01,2021-03-01,Nov18→Mar21
1.9489042037541258,193808.6128686063,2441353.132201502,193806.7440319059,2441353.6850821245,TRUE,78.34040277476066,Velavadar_LEK2,2018-11-01,2021-03-01,Nov18→Mar21
0.6563430507568626,193785.90521361632,2441351.9910855973,193786.52989665448,2441351.7896971614,TRUE,100.39320643915244,Velavadar_LEK2,2018-11-01,2021-03-01,Nov18→Mar21
1.0674501105005425,193836.10084528103,2441343.396767489,193835.31402304547,2441344.1181276683,TRUE,49.46768353206526,Velavadar_LEK2,2018-11-01,2021-03-01,Nov18→Mar21
15.534210911292128,193853.31324549695,2441356.3748759236,193847.0637065334,2441370.5965133603,TRUE,37.944743095209276,Velavadar_LEK2,2018-11-01,2021-03-01,Nov18→Mar21
17.71753294532601,193790.1840515441,2441320.900083141,193774.93902038358,2441329.927818105,TRUE,95.82712173844406,Velavadar_LEK2,2018-11-01,2021-03-01,Nov18→Mar21
24.424414661859227,193831.41007090517,2441239.415349213,193844.40385209373,2441218.7341093565,TRUE,109.86118053850741,Velavadar_LEK2,2018-11-01,2021-03-01,Nov18→Mar21
24.733634860164752,193938.687923331,2441336.3025464765,193914.65895048174,2441330.440707413,TRUE,53.78337258229328,Velavadar_LEK2,2018-11-01,2021-03-01,Nov18→Mar21
14.453559722582428,193903.2240168025,2441357.0754157444,193913.02958702313,2441346.4567443915,TRUE,28.399091136031764,Velavadar_LEK2,2018-11-01,2021-03-01,Nov18→Mar21
3.15994833260508,193914.68756311067,2441327.2808886236,193914.65895048174,2441330.440707413,TRUE,30.853673546985874,Velavadar_LEK2,2018-11-01,2021-03-01,Nov18→Mar21
3.310919265945668,193891.6529540483,2441345.153623441,193888.66930508253,2441343.7183446405,TRUE,11.882163742632532,Velavadar_LEK2,2018-11-01,2021-03-01,Nov18→Mar21
0.2633325569114392,193858.92733023787,2441337.8752150643,193859.03128492978,2441337.6332699102,TRUE,26.105991959918125,Velavadar_LEK2,2018-11-01,2021-03-01,Nov18→Mar21
2.514374556527581,193832.7686479389,2441313.909161187,193830.32106333232,2441313.3334798478,TRUE,56.38696166115519,Velavadar_LEK2,2018-11-01,2021-03-01,Nov18→Mar21
9.730743346789124,193880.25772673666,2441329.839057596,193882.63247517886,2441339.2755789845,TRUE,7.227722927937005,Velavadar_LEK2,2018-11-01,2021-03-01,Nov18→Mar21
2.0317599185744024,193863.23176481266,2441304.208395716,193863.41513692058,2441306.2318637874,TRUE,37.960445887590275,Velavadar_LEK2,2018-11-01,2021-03-01,Nov18→Mar21
2.214585827155098,193936.82767006033,2441302.224706251,193938.91553480754,2441302.9630904216,TRUE,61.592688389251585,Velavadar_LEK2,2018-11-01,2021-03-01,Nov18→Mar21
13.394339104819633,193902.57944609883,2441324.653316471,193914.65895048174,2441330.440707413,TRUE,20.662138995613358,Velavadar_LEK2,2018-11-01,2021-03-01,Nov18→Mar21
9.390134534435875,193893.41728975787,2441307.472604075,193902.42315088294,2441310.13138048,TRUE,29.163219068585565,Velavadar_LEK2,2018-11-01,2021-03-01,Nov18→Mar21
7.985820861206287,193875.52134875325,2441335.6416808316,193882.63247517886,2441339.2755789845,TRUE,9.395299258974413,Velavadar_LEK2,2018-11-01,2021-03-01,Nov18→Mar21
16.954673267475574,193849.44809673185,2441315.8434575144,193863.41513692058,2441306.2318637874,TRUE,40.48396782809103,Velavadar_LEK2,2018-11-01,2021-03-01,Nov18→Mar21
17.846369832772083,193877.66278196592,2441295.4848862183,193863.41513692058,2441306.2318637874,TRUE,40.53689952450343,Velavadar_LEK2,2018-11-01,2021-03-01,Nov18→Mar21
3.660968504373174,193903.6002294342,2441282.190021517,193905.4299398833,2441285.360959874,TRUE,56.36616489068813,Velavadar_LEK2,2018-11-01,2021-03-01,Nov18→Mar21
17.99117447965891,193854.45006283768,2441288.909631068,193844.83508395305,2441273.7032330655,TRUE,55.55510479001462,Velavadar_LEK2,2018-11-01,2021-03-01,Nov18→Mar21
20.16568917406432,193827.0714002205,2441283.2482087133,193844.83508395305,2441273.7032330655,TRUE,77.85953073104689,Velavadar_LEK2,2018-11-01,2021-03-01,Nov18→Mar21
5.230018642132324,193870.45445731824,2441271.4894212736,193874.98325633322,2441268.8734941953,TRUE,65.49457439832716,Velavadar_LEK2,2018-11-01,2021-03-01,Nov18→Mar21
4.173475725220516,193845.30991246703,2441269.556856634,193844.83508395305,2441273.7032330655,TRUE,76.80828209530439,Velavadar_LEK2,2018-11-01,2021-03-01,Nov18→Mar21
16.33324544305527,193871.19685537292,2441320.5922177047,193863.41513692058,2441306.2318637874,TRUE,20.160689306585148,Velavadar_LEK2,2018-11-01,2021-03-01,Nov18→Mar21
22.92822940723699,193766.3759374121,2441273.4778493587,193756.8564560513,2441252.6192017905,TRUE,133.72125050251216,Velavadar_LEK2,2018-11-01,2021-03-01,Nov18→Mar21
21.142773963257405,193731.94089655613,2441351.9650489213,193720.89945074305,2441333.9344259365,TRUE,153.86948271230574,Velavadar_LEK2,2018-11-01,2021-03-01,Nov18→Mar21
138.96657454264286,193710.64143627707,2441509.2130067386,193811.547072839,2441413.6632220703,FALSE,246.15538957290752,Velavadar_LEK2,2018-11-01,2021-03-01,Nov18→Mar21
168.37805561557508,193753.07903504075,2441623.5058572195,193877.6303924616,2441510.200389666,FALSE,316.86497316738803,Velavadar_LEK2,2018-11-01,2021-03-01,Nov18→Mar21
43.48551822644782,193946.6264441274,2441546.2334306003,193987.3956186521,2441531.105155616,FALSE,219.71056461837202,Velavadar_LEK2,2018-11-01,2021-03-01,Nov18→Mar21
14.10626397599038,193995.28469318303,2441519.4111748394,193987.3956186521,2441531.105155616,FALSE,214.60148561944254,Velavadar_LEK2,2018-11-01,2021-03-01,Nov18→Mar21
2.024566852988755,194028.92999754782,2441365.438124728,194029.2623899585,2441367.4352191743,TRUE,147.1230482509065,Velavadar_LEK2,2018-11-01,2021-03-01,Nov18→Mar21
36.17869057111939,193317.12102249905,2441061.7540060184,193284.14626685408,2441046.86900882,TRUE,630.2793693790211,Velavadar_LEK2,2018-11-01,2021-03-01,Nov18→Mar21
113.07296504259799,193761.05994164053,2441514.839034431,193811.547072839,2441413.6632220703,FALSE,218.05796250117538,Velavadar_LEK2,2018-11-01,2021-03-01,Nov18→Mar21
157.23900445487627,194183.74880990386,2441199.287483464,194035.10292547307,2441148.018530249,FALSE,328.361087709813,Velavadar_LEK2,2018-11-01,2021-03-01,Nov18→Mar21
76.81028081531447,193765.26898444543,2441146.247747223,193792.7161821482,2441217.9866528264,FALSE,246.20426567733392,Velavadar_LEK2,2021-03-01,2021-12-01,Mar21→Dec21
2.374699183681882,193901.14117709373,2441174.9581195577,193898.77229965577,2441175.124299872,FALSE,191.9435138001469,Velavadar_LEK2,2021-03-01,2021-12-01,Mar21→Dec21
1.5761929013756781,193940.18488474475,2441264.8517161766,193939.20311635203,2441266.084807773,TRUE,118.55918366766846,Velavadar_LEK2,2021-03-01,2021-12-01,Mar21→Dec21
1.3854960966356165,193896.25176776102,2441251.4795145667,193896.56250922848,2441250.1293148873,TRUE,115.49663373683292,Velavadar_LEK2,2021-03-01,2021-12-01,Mar21→Dec21
24.60533270018463,193844.34370018938,2441218.4834684846,193831.41007090517,2441239.415349213,TRUE,150.62056130735266,Velavadar_LEK2,2021-03-01,2021-12-01,Mar21→Dec21
0.3670953662014172,193796.5127688385,2441256.4367421702,193796.19799981383,2441256.2478520726,TRUE,135.7351223017806,Velavadar_LEK2,2021-03-01,2021-12-01,Mar21→Dec21
1.0583653915283644,193832.35903295898,2441239.883973073,193831.41007090517,2441239.415349213,TRUE,133.38427212323165,Velavadar_LEK2,2021-03-01,2021-12-01,Mar21→Dec21
1.321745792766757,193936.97111846705,2441303.5386447944,193936.82767006033,2441302.224706251,TRUE,85.89379053360106,Velavadar_LEK2,2021-03-01,2021-12-01,Mar21→Dec21
1.6240694691243218,193992.07702695858,2441321.1642401363,193991.8785297037,2441322.776133582,TRUE,122.91249498878373,Velavadar_LEK2,2021-03-01,2021-12-01,Mar21→Dec21
2.856279497414674,193963.98673007241,2441311.8943580496,193962.2594815478,2441309.6195074827,TRUE,101.78989713870288,Velavadar_LEK2,2021-03-01,2021-12-01,Mar21→Dec21
1.5503904120777223,193963.5448631234,2441358.2436073096,193965.01974174392,2441357.7656496917,TRUE,86.43218463137775,Velavadar_LEK2,2021-03-01,2021-12-01,Mar21→Dec21
1.7024404301379212,193938.94370254158,2441337.985662757,193938.687923331,2441336.3025464765,TRUE,67.37441877960886,Velavadar_LEK2,2021-03-01,2021-12-01,Mar21→Dec21
15.416014114675892,193977.30362904008,2441348.451166127,193965.01974174392,2441357.7656496917,TRUE,101.32430139487612,Velavadar_LEK2,2021-03-01,2021-12-01,Mar21→Dec21
4.590351442926872,194002.55840081588,2441396.8350729737,194006.60418198042,2441394.6664371956,TRUE,129.02704730681114,Velavadar_LEK2,2021-03-01,2021-12-01,Mar21→Dec21
0.7203995910566232,193914.19090046838,2441326.759063183,193914.68756311067,2441327.2808886236,TRUE,53.36736406157907,Velavadar_LEK2,2021-03-01,2021-12-01,Mar21→Dec21
19.712583654768302,193917.14992176008,2441303.3961054906,193936.82767006033,2441302.224706251,TRUE,73.6696447158262,Velavadar_LEK2,2021-03-01,2021-12-01,Mar21→Dec21
2.5083879283805515,193904.00876690698,2441284.6649168953,193903.6002294342,2441282.190021517,TRUE,85.03095801684535,Velavadar_LEK2,2021-03-01,2021-12-01,Mar21→Dec21
3.0821522738719582,193957.94598127407,2441435.73256063,193961.0206160965,2441435.5174249797,TRUE,106.90324019117648,Velavadar_LEK2,2021-03-01,2021-12-01,Mar21→Dec21
1.8125069115204877,193918.8280033134,2441419.5454548877,193918.0962344744,2441421.2036755215,TRUE,68.14589947759892,Velavadar_LEK2,2021-03-01,2021-12-01,Mar21→Dec21
3.78488054119185,193889.88178923872,2441397.853417268,193891.75043718034,2441401.14484182,TRUE,34.73943334061925,Velavadar_LEK2,2021-03-01,2021-12-01,Mar21→Dec21
0.7127465680777344,193842.8082489245,2441455.2981541837,193843.11311311566,2441455.942409952,TRUE,96.30078019155661,Velavadar_LEK2,2021-03-01,2021-12-01,Mar21→Dec21
1.3746840969236254,193884.3924145546,2441433.260831697,193883.9691787127,2441434.568741399,TRUE,68.18986562979676,Velavadar_LEK2,2021-03-01,2021-12-01,Mar21→Dec21
19.844749140332716,193874.90051920264,2441452.220185621,193883.9691787127,2441434.568741399,TRUE,86.82731027132304,Velavadar_LEK2,2021-03-01,2021-12-01,Mar21→Dec21
1.1092202210354132,193925.8595468992,2441390.9500067364,193925.14034932468,2441391.794473638,TRUE,54.758445336521476,Velavadar_LEK2,2021-03-01,2021-12-01,Mar21→Dec21
4.485655453682946,193944.32292432862,2441362.4619339844,193941.33592842944,2441365.808418759,TRUE,66.9768000596313,Velavadar_LEK2,2021-03-01,2021-12-01,Mar21→Dec21
16.989062630440486,193924.5726268533,2441363.0479895663,193941.33592842944,2441365.808418759,TRUE,47.22081810086093,Velavadar_LEK2,2021-03-01,2021-12-01,Mar21→Dec21
18.697886772709552,193921.32091345557,2441352.372937537,193903.2240168025,2441357.0754157444,TRUE,45.80904652572517,Velavadar_LEK2,2021-03-01,2021-12-01,Mar21→Dec21
1.2914927447271252,193910.511277608,2441373.6016430617,193909.46124222502,2441374.353560081,TRUE,34.093379516371954,Velavadar_LEK2,2021-03-01,2021-12-01,Mar21→Dec21
16.423064185360335,193904.94809193892,2441391.370439224,193891.75043718034,2441401.14484182,TRUE,37.83107764356679,Velavadar_LEK2,2021-03-01,2021-12-01,Mar21→Dec21
0.7269781607115432,193898.47135335102,2441375.6535665607,193897.99676815973,2441376.2042626133,TRUE,23.410228577952605,Velavadar_LEK2,2021-03-01,2021-12-01,Mar21→Dec21
0.4459468434931936,193865.9348416637,2441383.0728112515,193866.20028214337,2441383.431154577,TRUE,21.04802824378919,Velavadar_LEK2,2021-03-01,2021-12-01,Mar21→Dec21
13.936720382522873,193888.78382689977,2441386.661503567,193897.99676815973,2441376.2042626133,TRUE,24.08592274722865,Velavadar_LEK2,2021-03-01,2021-12-01,Mar21→Dec21
0.8160120118441947,193902.72182441683,2441356.432237378,193903.2240168025,2441357.0754157444,TRUE,26.861466091108767,Velavadar_LEK2,2021-03-01,2021-12-01,Mar21→Dec21
11.535588390588364,193872.68797108682,2441366.795741726,193884.027232597,2441364.676556052,TRUE,4.917601231841591,Velavadar_LEK2,2021-03-01,2021-12-01,Mar21→Dec21
1.5959894872853637,193885.14990962,2441363.5421933476,193884.027232597,2441364.676556052,TRUE,7.964785807536351,Velavadar_LEK2,2021-03-01,2021-12-01,Mar21→Dec21
0.5295434767560632,193851.2612565371,2441404.8556939964,193850.84620089066,2441405.1845482257,TRUE,47.31071432262108,Velavadar_LEK2,2021-03-01,2021-12-01,Mar21→Dec21
1.7384065373354034,193867.00936363736,2441421.7987815677,193868.43791476614,2441422.789386919,TRUE,57.321391949484756,Velavadar_LEK2,2021-03-01,2021-12-01,Mar21→Dec21
0.6120612155248573,193829.72481249057,2441435.2170506064,193830.008929968,2441435.7591725397,TRUE,84.52455730622205,Velavadar_LEK2,2021-03-01,2021-12-01,Mar21→Dec21
0.7362985607996444,193803.31570670905,2441434.1778554483,193802.87646638334,2441433.586921013,TRUE,101.07730271700144,Velavadar_LEK2,2021-03-01,2021-12-01,Mar21→Dec21
12.561345426211346,193819.43292653695,2441421.2639632216,193809.83849479363,2441413.1562953424,TRUE,80.49273440473794,Velavadar_LEK2,2021-03-01,2021-12-01,Mar21→Dec21
13.467167429129384,193797.09768212726,2441417.519355182,193809.83849479363,2441413.1562953424,TRUE,95.72750590673586,Velavadar_LEK2,2021-03-01,2021-12-01,Mar21→Dec21
0.969397940524683,193838.20512305846,2441397.1276830975,193837.30597745202,2441397.4899944905,TRUE,50.41789322723682,Velavadar_LEK2,2021-03-01,2021-12-01,Mar21→Dec21
10.776905615633124,193819.55194502074,2441406.2283182577,193816.44863440952,2441395.9078939497,TRUE,70.79788589331068,Velavadar_LEK2,2021-03-01,2021-12-01,Mar21→Dec21
16.946492845283608,193788.36097001418,2441410.002300434,193775.50197472196,2441398.9646439874,TRUE,99.58326528013995,Velavadar_LEK2,2021-03-01,2021-12-01,Mar21→Dec21
1.0884452681858852,193768.56986690022,2441422.6218136973,193768.06959481142,2441421.655148844,TRUE,122.95356819823229,Velavadar_LEK2,2021-03-01,2021-12-01,Mar21→Dec21
1.9974567663100509,193758.16892954143,2441463.903866621,193757.30262390117,2441462.1040477217,TRUE,154.64844718539206,Velavadar_LEK2,2021-03-01,2021-12-01,Mar21→Dec21
10.735178762744615,193689.20755646756,2441409.3741333773,193698.69220516935,2441414.402602535,TRUE,193.26672399941978,Velavadar_LEK2,2021-03-01,2021-12-01,Mar21→Dec21
25.985484402721298,193724.5081774615,2441417.365873406,193698.69220516935,2441414.402602535,TRUE,161.48362730688103,Velavadar_LEK2,2021-03-01,2021-12-01,Mar21→Dec21
0.9696994680162058,193712.69808255363,2441446.417814773,193713.37059330603,2441447.1164179123,TRUE,183.54779326144094,Velavadar_LEK2,2021-03-01,2021-12-01,Mar21→Dec21
0.4599788746785235,193731.78066370136,2441351.5338807437,193731.94089655613,2441351.9650489213,TRUE,146.2926273707435,Velavadar_LEK2,2021-03-01,2021-12-01,Mar21→Dec21
1.4367318143270453,193721.55153924692,2441334.3715848136,193722.39008738624,2441335.5382189997,TRUE,158.92458347613555,Velavadar_LEK2,2021-03-01,2021-12-01,Mar21→Dec21
17.894175523616905,193677.0396685435,2441354.235136505,193676.97988858883,2441336.341060837,TRUE,200.68465955138674,Velavadar_LEK2,2021-03-01,2021-12-01,Mar21→Dec21
16.700492775137057,193706.50169968972,2441330.393746691,193722.39008738624,2441335.5382189997,TRUE,174.4642509711941,Velavadar_LEK2,2021-03-01,2021-12-01,Mar21→Dec21
1.590567386757209,193687.08218889497,2441306.226581665,193687.6310604643,2441307.719446231,TRUE,199.32471949298886,Velavadar_LEK2,2021-03-01,2021-12-01,Mar21→Dec21
1.1700845480019022,193822.13669177052,2441366.6716518267,193822.16302898375,2441365.501863726,TRUE,55.2891559430907,Velavadar_LEK2,2021-03-01,2021-12-01,Mar21→Dec21
1.4168781007461584,193789.89324646955,2441377.6209047316,193790.23245997517,2441376.2452311693,TRUE,88.36373611348888,Velavadar_LEK2,2021-03-01,2021-12-01,Mar21→Dec21
0.8398286723765948,193786.05996228388,2441392.272551947,193785.23614664085,2441392.109334346,TRUE,95.21417637435454,Velavadar_LEK2,2021-03-01,2021-12-01,Mar21→Dec21
1.1910706178929547,193735.8282248819,2441390.266266195,193735.87226434547,2441391.456522362,TRUE,143.74565322211316,Velavadar_LEK2,2021-03-01,2021-12-01,Mar21→Dec21
0.7509348051374514,193809.23078711244,2441353.5589096006,193808.6128686063,2441353.132201502,TRUE,69.2066909255119,Velavadar_LEK2,2021-03-01,2021-12-01,Mar21→Dec21
1.7427003284745914,193786.701520262,2441350.4409565185,193785.90521361632,2441351.9910855973,TRUE,91.94029546756036,Velavadar_LEK2,2021-03-01,2021-12-01,Mar21→Dec21
24.510923171041025,193749.9324733895,2441334.048811252,193756.61190865585,2441357.632078609,TRUE,131.28491736633345,Velavadar_LEK2,2021-03-01,2021-12-01,Mar21→Dec21
1.670676444224071,193758.28131351992,2441357.6972490093,193756.61190865585,2441357.632078609,TRUE,119.38122283578804,Velavadar_LEK2,2021-03-01,2021-12-01,Mar21→Dec21
10.45183922429508,193779.28470342106,2441360.0787173845,193785.90521361632,2441351.9910855973,TRUE,98.27294450306779,Velavadar_LEK2,2021-03-01,2021-12-01,Mar21→Dec21
1.7663029311281484,193774.9039675548,2441327.960313928,193775.41385375883,2441329.6514206966,TRUE,109.14115121208683,Velavadar_LEK2,2021-03-01,2021-12-01,Mar21→Dec21
0.9884032457181725,193756.7509697369,2441303.963836476,193755.91440860525,2441304.4902454894,TRUE,135.41435609302494,Velavadar_LEK2,2021-03-01,2021-12-01,Mar21→Dec21
0.8950791744667841,193847.23632851162,2441371.1031237184,193846.67510166886,2441370.4058496263,TRUE,30.70435881704729,Velavadar_LEK2,2021-03-01,2021-12-01,Mar21→Dec21
7.539125806722482,193859.60946648754,2441360.5216842345,193853.31324549695,2441356.3748759236,TRUE,18.466452451968316,Velavadar_LEK2,2021-03-01,2021-12-01,Mar21→Dec21
0.6492103723037791,193892.30132153252,2441345.1866947715,193891.6529540483,2441345.153623441,TRUE,25.128756259374153,Velavadar_LEK2,2021-03-01,2021-12-01,Mar21→Dec21
5.935309835580806,193896.7498556113,2441325.7685642424,193902.57944609883,2441324.653316471,TRUE,44.1239533249578,Velavadar_LEK2,2021-03-01,2021-12-01,Mar21→Dec21
0.858847635700075,193880.436425298,2441330.6791088358,193880.25772673666,2441329.839057596,TRUE,34.88146800610842,Velavadar_LEK2,2021-03-01,2021-12-01,Mar21→Dec21
3.811314023252442,193895.962613112,2441304.635802424,193893.41728975787,2441307.472604075,TRUE,63.560734003969166,Velavadar_LEK2,2021-03-01,2021-12-01,Mar21→Dec21
10.182682493126237,193879.5754012901,2441314.805423163,193871.19685537292,2441320.5922177047,TRUE,50.669988926075746,Velavadar_LEK2,2021-03-01,2021-12-01,Mar21→Dec21
0.5952135543599245,193863.36553943896,2441304.7883815127,193863.23176481266,2441304.208395716,TRUE,62.246356934648524,Velavadar_LEK2,2021-03-01,2021-12-01,Mar21→Dec21
1.3697776028551063,193857.67209409253,2441337.3268785793,193858.92733023787,2441337.8752150643,TRUE,34.342393022120675,Velavadar_LEK2,2021-03-01,2021-12-01,Mar21→Dec21
1.3916695003228856,193835.63603041356,2441344.708518661,193836.10084528103,2441343.396767489,TRUE,46.632272253067626,Velavadar_LEK2,2021-03-01,2021-12-01,Mar21→Dec21
9.964514881048459,193845.1175774951,2441339.155294043,193836.10084528103,2441343.396767489,TRUE,41.6322061685186,Velavadar_LEK2,2021-03-01,2021-12-01,Mar21→Dec21
0.12997382775060104,193849.5514885371,2441315.76469629,193849.44809673185,2441315.8434575144,TRUE,56.94527954432738,Velavadar_LEK2,2021-03-01,2021-12-01,Mar21→Dec21
10.84154752329392,193824.60645287152,2441321.0448268447,193832.7686479389,2441313.909161187,TRUE,68.98105905395262,Velavadar_LEK2,2021-03-01,2021-12-01,Mar21→Dec21
1.2409949418543005,193903.06392693648,2441325.795834201,193902.57944609883,2441324.653316471,TRUE,47.210497242567314,Velavadar_LEK2,2021-03-01,2021-12-01,Mar21→Dec21
15.612650590637196,193936.59242965857,2441320.8311611237,193938.687923331,2441336.3025464765,TRUE,74.10345476604266,Velavadar_LEK2,2021-03-01,2021-12-01,Mar21→Dec21
0.8465301179367475,193877.83625222946,2441296.3134520324,193877.66278196592,2441295.4848862183,TRUE,69.1170526979358,Velavadar_LEK2,2021-03-01,2021-12-01,Mar21→Dec21
16.553475219833825,193886.8673716965,2441269.3367988113,193870.45445731824,2441271.4894212736,TRUE,96.55649203103631,Velavadar_LEK2,2021-03-01,2021-12-01,Mar21→Dec21
17.7412855105493,193921.07748974214,2441279.140663602,193903.6002294342,2441282.190021517,TRUE,96.7077908527003,Velavadar_LEK2,2021-03-01,2021-12-01,Mar21→Dec21
5.226222415063643,193868.78511948063,2441276.4418663178,193870.45445731824,2441271.4894212736,TRUE,89.40451331760076,Velavadar_LEK2,2021-03-01,2021-12-01,Mar21→Dec21
4.874271618705224,193845.41918919154,2441274.4299031566,193845.30991246703,2441269.556856634,TRUE,96.45934388203347,Velavadar_LEK2,2021-03-01,2021-12-01,Mar21→Dec21
2.073887294425709,193805.5205511601,2441298.0483687855,193806.40046914347,2441299.9263338684,TRUE,98.53192723726967,Velavadar_LEK2,2021-03-01,2021-12-01,Mar21→Dec21
1.5581267906075993,193789.42940577026,2441319.536899789,193790.1840515441,2441320.900083141,TRUE,99.23215307057502,Velavadar_LEK2,2021-03-01,2021-12-01,Mar21→Dec21
10.047570455619196,193835.44003467308,2441304.2232247335,193832.7686479389,2441313.909161187,TRUE,74.21460732520603,Velavadar_LEK2,2021-03-01,2021-12-01,Mar21→Dec21
1.9812902045044227,193762.91413706262,2441248.835928727,193761.26098601212,2441247.743865323,TRUE,163.4127468837491,Velavadar_LEK2,2021-03-01,2021-12-01,Mar21→Dec21
1.0327937488445211,193979.30700645933,2441282.4072200004,193978.80315570137,2441283.3087727395,TRUE,131.4354027121087,Velavadar_LEK2,2021-03-01,2021-12-01,Mar21→Dec21
105.20377737465513,194140.46627552406,2441593.2660508016,194072.91088524874,2441512.6180252917,FALSE,348.00465745172244,Velavadar_LEK2,2021-03-01,2021-12-01,Mar21→Dec21
73.28644170086619,193256.91468358051,2441019.9676530883,193317.12102249905,2441061.7540060184,FALSE,710.1833987056943,Velavadar_LEK2,2021-03-01,2021-12-01,Mar21→Dec21
30.265093230977296,193411.76228164713,2441174.882511436,193398.00958474568,2441201.8424668554,FALSE,503.1278119754425,Velavadar_LEK2,2021-03-01,2021-12-01,Mar21→Dec21
1.046800014996643,193972.4491261759,2441220.8750874824,193972.526399619,2441221.919031488,TRUE,172.99702036170396,Velavadar_LEK2,2021-03-01,2021-12-01,Mar21→Dec21
34.7096211227298,193892.1108515123,2441209.1886934103,193898.77229965577,2441175.124299872,TRUE,156.930418020147,Velavadar_LEK2,2021-03-01,2021-12-01,Mar21→Dec21
2.5424434563181637,193810.02971302986,2441351.1452534306,193809.23078711244,2441353.5589096006,TRUE,67.44428127140627,Velavadar_LEK2,2021-12-01,2022-12-01,Dec21→Dec22
1.3092236536813666,193834.6515045156,2441343.8455149927,193835.63603041356,2441344.708518661,TRUE,42.986775194130175,Velavadar_LEK2,2021-12-01,2022-12-01,Dec21→Dec22
12.79908918193248,193812.75933016394,2441325.8886236446,193824.60645287152,2441321.0448268447,TRUE,68.41089687943449,Velavadar_LEK2,2021-12-01,2022-12-01,Dec21→Dec22
0.4465386198317316,193845.56067914225,2441339.099997847,193845.1175774951,2441339.155294043,TRUE,33.13984314398997,Velavadar_LEK2,2021-12-01,2022-12-01,Dec21→Dec22
1.9497064866351692,193859.39009944978,2441338.2487315917,193857.67209409253,2441337.3268785793,TRUE,20.61164691854474,Velavadar_LEK2,2021-12-01,2022-12-01,Dec21→Dec22
0.01570568618890232,193859.61447607534,2441360.5365695497,193859.60946648754,2441360.5216842345,TRUE,21.625700958429306,Velavadar_LEK2,2021-12-01,2022-12-01,Dec21→Dec22
15.642202298211469,193871.72054613224,2441344.205794775,193857.67209409253,2441337.3268785793,TRUE,6.982765127800951,Velavadar_LEK2,2021-12-01,2022-12-01,Dec21→Dec22
11.018774166091701,193814.33212349517,2441325.026226095,193824.60645287152,2441321.0448268447,TRUE,67.21956090256005,Velavadar_LEK2,2021-12-01,2022-12-01,Dec21→Dec22
17.432557798474633,193806.77202291111,2441321.3054308468,193789.42940577026,2441319.536899789,TRUE,75.6047645062975,Velavadar_LEK2,2021-12-01,2022-12-01,Dec21→Dec22
11.79617761462513,193820.19100279943,2441310.106197727,193824.60645287152,2441321.0448268447,TRUE,68.76985448139966,Velavadar_LEK2,2021-12-01,2022-12-01,Dec21→Dec22
14.565609723795879,193820.8412005831,2441306.974295162,193824.60645287152,2441321.0448268447,TRUE,70.02891802232449,Velavadar_LEK2,2021-12-01,2022-12-01,Dec21→Dec22
13.96021937225481,193821.48897240637,2441303.7176690474,193835.44003467308,2441304.2232247335,TRUE,71.48869546678826,Velavadar_LEK2,2021-12-01,2022-12-01,Dec21→Dec22
14.915961819665407,193820.85260976257,2441301.1098742094,193835.44003467308,2441304.2232247335,TRUE,73.62936765200105,Velavadar_LEK2,2021-12-01,2022-12-01,Dec21→Dec22
10.01239702435908,193870.4770319413,2441318.9848692226,193879.5754012901,2441314.805423163,TRUE,30.077023951363554,Velavadar_LEK2,2021-12-01,2022-12-01,Dec21→Dec22
6.1377445448750425,193853.15131076402,2441320.7359323567,193849.5514885371,2441315.76469629,TRUE,36.68353160956494,Velavadar_LEK2,2021-12-01,2022-12-01,Dec21→Dec22
0.6066621026756527,193849.7387538724,2441315.1876602415,193849.5514885371,2441315.76469629,TRUE,43.11634449150598,Velavadar_LEK2,2021-12-01,2022-12-01,Dec21→Dec22
0.2280382547420802,193879.34780978784,2441314.8196903886,193879.5754012901,2441314.805423163,TRUE,33.48780549492433,Velavadar_LEK2,2021-12-01,2022-12-01,Dec21→Dec22
5.1258216142874025,193895.10189418832,2441309.6888421187,193895.962613112,2441304.635802424,TRUE,42.42657551375258,Velavadar_LEK2,2021-12-01,2022-12-01,Dec21→Dec22
10.042124500604327,193905.86971956724,2441306.2769928975,193895.962613112,2441304.635802424,TRUE,50.71199876526528,Velavadar_LEK2,2021-12-01,2022-12-01,Dec21→Dec22
3.334575037898581,193913.86212947115,2441330.0773911225,193914.19090046838,2441326.759063183,TRUE,40.72981926455806,Velavadar_LEK2,2021-12-01,2022-12-01,Dec21→Dec22
0.048076567092627864,193896.7947053106,2441325.751247754,193896.7498556113,2441325.7685642424,TRUE,29.69772131244073,Velavadar_LEK2,2021-12-01,2022-12-01,Dec21→Dec22
0.5179858038587883,193892.3940905485,2441344.677083937,193892.30132153252,2441345.1866947715,TRUE,15.40268954596873,Velavadar_LEK2,2021-12-01,2022-12-01,Dec21→Dec22
11.248371265167382,193906.3743973655,2441295.661718642,193904.00876690698,2441284.6649168953,TRUE,60.0375821072696,Velavadar_LEK2,2021-12-01,2022-12-01,Dec21→Dec22
5.240870184512777,193845.45570481947,2441269.1891601845,193845.41918919154,2441274.4299031566,TRUE,85.276313926005,Velavadar_LEK2,2021-12-01,2022-12-01,Dec21→Dec22
0.4482082616306512,193868.98803631036,2441276.841510417,193868.78511948063,2441276.4418663178,TRUE,71.90512233644846,Velavadar_LEK2,2021-12-01,2022-12-01,Dec21→Dec22
0.634824508711423,193887.19527233526,2441268.7932150294,193886.8673716965,2441269.3367988113,TRUE,80.05830579244291,Velavadar_LEK2,2021-12-01,2022-12-01,Dec21→Dec22
12.27520421204861,193905.71496870677,2441272.5088684475,193904.00876690698,2441284.6649168953,TRUE,80.85795830869752,Velavadar_LEK2,2021-12-01,2022-12-01,Dec21→Dec22
6.598434904558716,193892.92775428732,2441266.7269892315,193886.8673716965,2441269.3367988113,TRUE,82.98787030730732,Velavadar_LEK2,2021-12-01,2022-12-01,Dec21→Dec22
1.2811798503879142,193897.08825384133,2441250.509095664,193896.25176776102,2441251.4795145667,TRUE,99.70323651030215,Velavadar_LEK2,2021-12-01,2022-12-01,Dec21→Dec22
9.635343229101984,193887.25175960845,2441248.038629158,193896.25176776102,2441251.4795145667,TRUE,100.69479064811912,Velavadar_LEK2,2021-12-01,2022-12-01,Dec21→Dec22
28.511402162177646,193868.15008313511,2441246.663356924,193896.25176776102,2441251.4795145667,TRUE,102.00946057095253,Velavadar_LEK2,2021-12-01,2022-12-01,Dec21→Dec22
24.1245784606683,193854.92378529673,2441248.417860689,193832.35903295898,2441239.883973073,TRUE,102.33507941248072,Velavadar_LEK2,2021-12-01,2022-12-01,Dec21→Dec22
8.994584561470397,193912.1406221973,2441278.123338718,193921.07748974214,2441279.140663602,TRUE,78.25626440141103,Velavadar_LEK2,2021-12-01,2022-12-01,Dec21→Dec22
0.262140145336927,193796.63739258324,2441256.2061204496,193796.5127688385,2441256.4367421702,TRUE,122.46170450580105,Velavadar_LEK2,2021-12-01,2022-12-01,Dec21→Dec22
17.657817250342397,193822.75246018986,2441254.699919539,193832.35903295898,2441239.883973073,TRUE,108.34920121670557,Velavadar_LEK2,2021-12-01,2022-12-01,Dec21→Dec22
9.484504523418362,193748.81610297342,2441298.768288815,193756.7509697369,2441303.963836476,TRUE,137.78774514784268,Velavadar_LEK2,2021-12-01,2022-12-01,Dec21→Dec22
21.167623222255017,193788.09839043283,2441286.026031722,193805.5205511601,2441298.0483687855,TRUE,108.85269079724095,Velavadar_LEK2,2021-12-01,2022-12-01,Dec21→Dec22
13.55274606848394,193842.36803751928,2441205.0754976086,193844.34370018938,2441218.4834684846,TRUE,147.40229472814647,Velavadar_LEK2,2021-12-01,2022-12-01,Dec21→Dec22
17.44571203264464,193875.2019303983,2441204.894365164,193892.1108515123,2441209.1886934103,TRUE,143.37415921736553,Velavadar_LEK2,2021-12-01,2022-12-01,Dec21→Dec22
26.521059220178078,193873.00350569538,2441190.79641465,193892.1108515123,2441209.1886934103,FALSE,157.51677686562542,Velavadar_LEK2,2021-12-01,2022-12-01,Dec21→Dec22
24.968032484363526,193877.4946102376,2441182.973262854,193901.14117709373,2441174.9581195577,FALSE,165.2782491976938,Velavadar_LEK2,2021-12-01,2022-12-01,Dec21→Dec22
0.9382885935311193,193900.6965869231,2441175.784391344,193901.14117709373,2441174.9581195577,FALSE,174.03183009758146,Velavadar_LEK2,2021-12-01,2022-12-01,Dec21→Dec22
5.976345135332821,193898.08585391473,2441209.3153720093,193892.1108515123,2441209.1886934103,TRUE,140.46586137481182,Velavadar_LEK2,2021-12-01,2022-12-01,Dec21→Dec22
8.654872253231057,193899.5498444229,2441213.6122890287,193892.1108515123,2441209.1886934103,TRUE,136.44707402578217,Velavadar_LEK2,2021-12-01,2022-12-01,Dec21→Dec22
34.38738419635195,193921.6716866155,2441228.3209326304,193896.25176776102,2441251.4795145667,TRUE,127.83688386472859,Velavadar_LEK2,2021-12-01,2022-12-01,Dec21→Dec22
25.500060063905053,193935.5314220899,2441239.7798524927,193940.18488474475,2441264.8517161766,TRUE,123.06086675351675,Velavadar_LEK2,2021-12-01,2022-12-01,Dec21→Dec22
0.6255973107329917,193851.07630362245,2441405.453326337,193851.2612565371,2441404.8556939964,TRUE,62.97311186942207,Velavadar_LEK2,2021-12-01,2022-12-01,Dec21→Dec22
0.11855036488923612,193865.94867073506,2441382.95507024,193865.9348416637,2441383.0728112515,TRUE,36.54782742045365,Velavadar_LEK2,2021-12-01,2022-12-01,Dec21→Dec22
0.17486687064774364,193888.78002049244,2441386.8363290047,193888.78382689977,2441386.661503567,TRUE,40.22467130507448,Velavadar_LEK2,2021-12-01,2022-12-01,Dec21→Dec22
0.26401441404325143,193898.34636347764,2441375.421013035,193898.47135335102,2441375.6535665607,TRUE,34.29920204838171,Velavadar_LEK2,2021-12-01,2022-12-01,Dec21→Dec22
18.010973423808597,193900.85503227782,2441418.376063667,193918.8280033134,2441419.5454548877,TRUE,73.93941273787901,Velavadar_LEK2,2021-12-01,2022-12-01,Dec21→Dec22
13.75794591613163,193916.3428814038,2441406.013816224,193918.8280033134,2441419.5454548877,TRUE,69.65707851940333,Velavadar_LEK2,2021-12-01,2022-12-01,Dec21→Dec22
1.7580586119678252,193891.02809568198,2441399.186365737,193889.88178923872,2441397.853417268,TRUE,52.72345396919065,Velavadar_LEK2,2021-12-01,2022-12-01,Dec21→Dec22
3.695993781125451,193928.80670000153,2441388.7196124615,193925.8595468992,2441390.9500067364,TRUE,65.41479760374114,Velavadar_LEK2,2021-12-01,2022-12-01,Dec21→Dec22
0.3109163452818824,193944.02619087603,2441362.554768417,193944.32292432862,2441362.4619339844,TRUE,68.13258666562096,Velavadar_LEK2,2021-12-01,2022-12-01,Dec21→Dec22
34.381826176311165,193968.4475444393,2441392.274089045,193963.5448631234,2441358.2436073096,TRUE,101.12111667820028,Velavadar_LEK2,2021-12-01,2022-12-01,Dec21→Dec22
7.528447757831635,193859.9801312416,2441424.4945963924,193867.00936363736,2441421.7987815677,TRUE,78.21046692227337,Velavadar_LEK2,2021-12-01,2022-12-01,Dec21→Dec22
1.2477828688123946,193866.81186407845,2441423.030835143,193867.00936363736,2441421.7987815677,TRUE,75.52688739964148,Velavadar_LEK2,2021-12-01,2022-12-01,Dec21→Dec22
6.834621630755543,193789.37501694093,2441403.2433240567,193788.36097001418,2441410.002300434,TRUE,103.80073196330586,Velavadar_LEK2,2021-12-01,2022-12-01,Dec21→Dec22
15.497878951672597,193815.20279272,2441380.531857307,193822.13669177052,2441366.6716518267,TRUE,70.08561405488486,Velavadar_LEK2,2021-12-01,2022-12-01,Dec21→Dec22
1.8385133343756037,193722.39249489084,2441336.006493033,193721.55153924692,2441334.3715848136,TRUE,155.50225581848022,Velavadar_LEK2,2021-12-01,2022-12-01,Dec21→Dec22
1.9909817354216846,193759.034061172,2441359.5404471112,193758.28131351992,2441357.6972490093,TRUE,118.91488512141427,Velavadar_LEK2,2021-12-01,2022-12-01,Dec21→Dec22
0.8180308561468164,193885.74438201485,2441364.1041337834,193885.14990962,2441363.5421933476,TRUE,17.909125162302107,Velavadar_LEK2,2021-12-01,2022-12-01,Dec21→Dec22
5.819404641763403,193973.8624324936,2441343.7582313614,193977.30362904008,2441348.451166127,TRUE,96.555151744931635,Velavadar_LEK2,2021-12-01,2022-12-01,Dec21→Dec22
24.02702070359318,193758.56971189706,2441398.0201356956,193735.8282248819,2441390.266266195,TRUE,128.8424630147414,Velavadar_LEK2,2021-12-01,2022-12-01,Dec21→Dec22
3.0814347661819124,193790.8272409747,2441374.6844281894,193789.89324646955,2441377.6209047316,TRUE,90.52955805913274,Velavadar_LEK2,2021-12-01,2022-12-01,Dec21→Dec22
0.8284570353854038,193779.598342559,2441360.8455104143,193779.28470342106,2441360.0787173845,TRUE,98.62098444092611,Velavadar_LEK2,2021-12-01,2022-12-01,Dec21→Dec22
1.5176132478462332,193776.372454366,2441328.3433236605,193774.9039675548,2441327.960313928,TRUE,102.98204630045888,Velavadar_LEK2,2021-12-01,2022-12-01,Dec21→Dec22
14.250174722871803,193770.90976096026,2441305.5750815617,193756.7509697369,2441303.963836476,TRUE,114.73438265640847,Velavadar_LEK2,2021-12-01,2022-12-01,Dec21→Dec22
12.7091971586816,193789.75050369283,2441332.2420400297,193789.42940577026,2441319.536899789,TRUE,89.11128131447795,Velavadar_LEK2,2021-12-01,2022-12-01,Dec21→Dec22
0.8035635251717926,193787.3120818403,2441350.9633824923,193786.701520262,2441350.4409565185,TRUE,90.14060705658935,Velavadar_LEK2,2021-12-01,2022-12-01,Dec21→Dec22
7.313038436213905,193728.7065565664,2441335.88362262,193721.55153924692,2441334.3715848136,TRUE,149.218762699145,Velavadar_LEK2,2021-12-01,2022-12-01,Dec21→Dec22
0.740113516567442,193903.00998912577,2441357.1139478134,193902.72182441683,2441356.432237378,TRUE,27.088854251427087,Velavadar_LEK2,2021-12-01,2022-12-01,Dec21→Dec22
0.40680112610393104,193921.69673452654,2441352.217227297,193921.32091345557,2441352.372937537,TRUE,44.46206115063492,Velavadar_LEK2,2021-12-01,2022-12-01,Dec21→Dec22
0.3137301952064909,193837.90692963783,2441397.225188581,193838.20512305846,2441397.1276830975,TRUE,62.92109811324232,Velavadar_LEK2,2021-12-01,2022-12-01,Dec21→Dec22
11.034298070491825,193836.70711477444,2441367.8029128183,193847.23632851162,2441371.1031237184,TRUE,45.15679873230504,Velavadar_LEK2,2021-12-01,2022-12-01,Dec21→Dec22
12.915564302505148,194001.66555400705,2441409.71973928,194002.55840081588,2441396.8350729737,FALSE,138.62654705415846,Velavadar_LEK2,2021-12-01,2022-12-01,Dec21→Dec22
16.709399524863624,193985.85019496368,2441396.6353489584,194002.55840081588,2441396.8350729737,TRUE,118.74285054404325,Velavadar_LEK2,2021-12-01,2022-12-01,Dec21→Dec22
0.4706842171678818,193957.83997165173,2441436.1911515067,193957.94598127407,2441435.73256063,TRUE,119.17239953299797,Velavadar_LEK2,2021-12-01,2022-12-01,Dec21→Dec22
22.824124738529033,193970.21510052157,2441416.4865381066,193957.94598127407,2441435.73256063,TRUE,115.18879396389944,Velavadar_LEK2,2021-12-01,2022-12-01,Dec21→Dec22
0.31568242328513385,193819.84148856334,2441406.1025409573,193819.55194502074,2441406.2283182577,TRUE,81.6155290817517,Velavadar_LEK2,2021-12-01,2022-12-01,Dec21→Dec22
16.7378401745904,193950.19561568054,2441278.265908655,193940.18488474475,2441264.8517161766,TRUE,100.97253641258061,Velavadar_LEK2,2021-12-01,2022-12-01,Dec21→Dec22
0.2801608616142083,193706.68273300224,2441330.6075621443,193706.50169968972,2441330.393746691,TRUE,171.63843356948462,Velavadar_LEK2,2021-12-01,2022-12-01,Dec21→Dec22
24.428007806892346,193677.59715755278,2441329.813490954,193677.0396685435,2441354.235136505,FALSE,200.6636128269171,Velavadar_LEK2,2021-12-01,2022-12-01,Dec21→Dec22
30.081626936234994,193274.9636639367,2441044.0329514914,193256.91468358051,2441019.9676530883,FALSE,674.9020522334403,Velavadar_LEK2,2021-12-01,2022-12-01,Dec21→Dec22
34.826679446440714,193648.61081344343,2441334.118034354,193677.0396685435,2441354.235136505,FALSE,229.2371814347152,Velavadar_LEK2,2021-12-01,2022-12-01,Dec21→Dec22
17.58956155102806,193671.83729184617,2441297.452427032,193687.08218889497,2441306.226581665,FALSE,211.7580190815038,Velavadar_LEK2,2021-12-01,2022-12-01,Dec21→Dec22
29.284795047179717,193715.65983028692,2441299.82989241,193687.08218889497,2441306.226581665,TRUE,168.84424399593627,Velavadar_LEK2,2021-12-01,2022-12-01,Dec21→Dec22
0.41109893216508825,193765.16127976577,2441145.851007971,193765.26898444543,2441146.247747223,FALSE,231.4436308120299,Velavadar_LEK2,2021-12-01,2022-12-01,Dec21→Dec22
39.108072762974956,193792.0362080969,2441217.585722117,193796.5127688385,2441256.4367421702,FALSE,156.08507169145798,Velavadar_LEK2,2021-12-01,2022-12-01,Dec21→Dec22
44.04720044308829,193816.3582516599,2441184.469198869,193844.34370018938,2441218.4834684846,FALSE,174.79183499472398,Velavadar_LEK2,2021-12-01,2022-12-01,Dec21→Dec22
1.846877786415312,193833.13577143743,2441238.2083732123,193832.35903295898,2441239.883973073,TRUE,118.61644978215463,Velavadar_LEK2,2021-12-01,2022-12-01,Dec21→Dec22
42.985732574724516,193764.29508394114,2441189.222445858,193765.26898444543,2441146.247747223,FALSE,195.15544622008474,Velavadar_LEK2,2021-12-01,2022-12-01,Dec21→Dec22
40.177547120403595,193778.52158215205,2441498.5449524056,193758.16892954143,2441463.903866621,FALSE,179.90946780697598,Velavadar_LEK2,2021-12-01,2022-12-01,Dec21→Dec22
15.216907873744578,193742.95651908306,2441463.533929756,193758.16892954143,2441463.903866621,TRUE,177.11094337717998,Velavadar_LEK2,2021-12-01,2022-12-01,Dec21→Dec22
22.565852143071055,193750.55908006872,2441485.147874575,193758.16892954143,2441463.903866621,FALSE,186.63401105124143,Velavadar_LEK2,2021-12-01,2022-12-01,Dec21→Dec22
13.343846122079361,193766.08660794876,2441474.6448441357,193758.16892954143,2441463.903866621,TRUE,168.4297988297004,Velavadar_LEK2,2021-12-01,2022-12-01,Dec21→Dec22
19.687127676127982,193777.85359856766,2441464.2149959574,193758.16892954143,2441463.903866621,TRUE,152.83777992516295,Velavadar_LEK2,2021-12-01,2022-12-01,Dec21→Dec22
0.6909714033779331,193758.34061923076,2441463.2345653954,193758.16892954143,2441463.903866621,TRUE,165.52665603220083,Velavadar_LEK2,2021-12-01,2022-12-01,Dec21→Dec22
10.958327704944516,193775.85909530078,2441414.439387687,193768.56986690022,2441422.6218136973,TRUE,121.21801390423559,Velavadar_LEK2,2021-12-01,2022-12-01,Dec21→Dec22
3.439197143317178,193766.72781470435,2441419.7175202034,193768.56986690022,2441422.6218136973,TRUE,131.75111722843585,Velavadar_LEK2,2021-12-01,2022-12-01,Dec21→Dec22
11.448916654161756,193687.2039462556,2441348.965871742,193677.0396685435,2441354.235136505,TRUE,190.2092811439965,Velavadar_LEK2,2021-12-01,2022-12-01,Dec21→Dec22
14.632391088981139,193713.4916717775,2441346.5840950124,193721.55153924692,2441334.3715848136,TRUE,163.9286942547567,Velavadar_LEK2,2021-12-01,2022-12-01,Dec21→Dec22
5.228541663098985,193671.93880799686,2441355.3835569886,193677.0396685435,2441354.235136505,FALSE,205.59681926696842,Velavadar_LEK2,2021-12-01,2022-12-01,Dec21→Dec22
0.3161587628366461,193880.167398207,2441330.8451834805,193880.436425298,2441330.6791088358,TRUE,17.62306448477338,Velavadar_LEK2,2021-12-01,2022-12-01,Dec21→Dec22
8.676371964442522,193832.99476551684,2441323.2619514307,193824.60645287152,2441321.0448268447,TRUE,50.96427853098226,Velavadar_LEK2,2021-12-01,2022-12-01,Dec21→Dec22
1.228901806863116,193973.20963193633,2441221.840401234,193972.4491261759,2441220.8750874824,FALSE,158.6094948439658,Velavadar_LEK2,2021-12-01,2022-12-01,Dec21→Dec22
419.3309360845932,194559.69363229495,2441602.5857767886,194140.46627552406,2441593.2660508016,FALSE,728.1444295253965,Velavadar_LEK2,2021-12-01,2022-12-01,Dec21→Dec22
263.1027021333172,194400.8734766097,2441630.830947881,194140.46627552406,2441593.2660508016,FALSE,594.8640064999325,Velavadar_LEK2,2021-12-01,2022-12-01,Dec21→Dec22
55.08081188223601,193271.43134536844,2441099.000383332,193274.9636639367,2441044.0329514914,FALSE,626.3625668175682,Velavadar_LEK2,2022-12-01,2024-05-01,Dec22→May24
86.6772776442801,193359.035902319,2441065.1234515617,193274.9636639367,2441044.0329514914,FALSE,560.6732358714044,Velavadar_LEK2,2022-12-01,2024-05-01,Dec22→May24
49.7609978578952,193304.29788979975,2441003.837676883,193274.9636639367,2441044.0329514914,FALSE,638.3294743840776,Velavadar_LEK2,2022-12-01,2024-05-01,Dec22→May24
119.58432844523765,193261.93668089656,2441162.9056116054,193274.9636639367,2441044.0329514914,FALSE,615.2003066123701,Velavadar_LEK2,2022-12-01,2024-05-01,Dec22→May24
182.23164220249177,193359.2944815848,2441205.5776345194,193274.9636639367,2441044.0329514914,FALSE,510.2197024619413,Velavadar_LEK2,2022-12-01,2024-05-01,Dec22→May24
190.82931764424131,193273.43347109604,2441234.8561339993,193274.9636639367,2441044.0329514914,FALSE,588.6971202083372,Velavadar_LEK2,2022-12-01,2024-05-01,Dec22→May24
129.2040751778916,193351.22722506733,2441148.328504063,193274.9636639367,2441044.0329514914,FALSE,534.3599741716362,Velavadar_LEK2,2022-12-01,2024-05-01,Dec22→May24
190.2035859011041,193418.1205123919,2441169.266816041,193274.9636639367,2441044.0329514914,FALSE,464.3219311960771,Velavadar_LEK2,2022-12-01,2024-05-01,Dec22→May24
164.29591481947827,193404.1867920764,2441145.4949186523,193274.9636639367,2441044.0329514914,FALSE,485.81379513843206,Velavadar_LEK2,2022-12-01,2024-05-01,Dec22→May24
144.89522887011,193396.25649304572,2441123.2962907855,193274.9636639367,2441044.0329514914,FALSE,501.76486130479884,Velavadar_LEK2,2022-12-01,2024-05-01,Dec22→May24
135.352305101955,193400.2308985333,2441095.3005478163,193274.9636639367,2441044.0329514914,FALSE,510.2108448432854,Velavadar_LEK2,2022-12-01,2024-05-01,Dec22→May24
210.8654492072876,193431.8743976846,2441184.8990556616,193274.9636639367,2441044.0329514914,FALSE,446.1936263527743,Velavadar_LEK2,2022-12-01,2024-05-01,Dec22→May24
213.49439328700439,193492.931027008,2441180.951764516,193671.83729184617,2441297.452427032,FALSE,390.2488064918826,Velavadar_LEK2,2022-12-01,2024-05-01,Dec22→May24
215.6990429810175,193445.80189635302,2441175.715810998,193274.9636639367,2441044.0329514914,FALSE,436.1069359085135,Velavadar_LEK2,2022-12-01,2024-05-01,Dec22→May24
185.47635310309414,193494.90394886053,2441230.3120743106,193648.61081344343,2441334.118034354,FALSE,372.70626910348545,Velavadar_LEK2,2022-12-01,2024-05-01,Dec22→May24
209.92876888208454,193464.12718741805,2441233.938796321,193648.61081344343,2441334.118034354,FALSE,401.65933040476745,Velavadar_LEK2,2022-12-01,2024-05-01,Dec22→May24
218.33109451671604,193438.49652802479,2441274.7846213738,193648.61081344343,2441334.118034354,FALSE,419.64657797409933,Velavadar_LEK2,2022-12-01,2024-05-01,Dec22→May24
236.90336526391738,193412.7823263997,2441311.576313656,193648.61081344343,2441334.118034354,FALSE,442.3885252327251,Velavadar_LEK2,2022-12-01,2024-05-01,Dec22→May24
151.63563589192972,193534.71609977103,2441232.713375786,193671.83729184617,2441297.452427032,FALSE,333.7248096682169,Velavadar_LEK2,2022-12-01,2024-05-01,Dec22→May24
149.23540208823533,193515.29084576335,2441267.0584231545,193648.61081344343,2441334.118034354,FALSE,344.82959322561834,Velavadar_LEK2,2022-12-01,2024-05-01,Dec22→May24
171.36732410605842,193481.67976809177,2441295.3780566943,193648.61081344343,2441334.118034354,FALSE,374.5484022266576,Velavadar_LEK2,2022-12-01,2024-05-01,Dec22→May24
136.06924606968556,193513.6105525517,2441317.0954233576,193648.61081344343,2441334.118034354,FALSE,341.43634655880567,Velavadar_LEK2,2022-12-01,2024-05-01,Dec22→May24
120.94221878652004,193530.55333608703,2441307.860610161,193648.61081344343,2441334.118034354,FALSE,324.9074748346794,Velavadar_LEK2,2022-12-01,2024-05-01,Dec22→May24
162.81395665717713,193485.85592786432,2441338.503430858,193648.61081344343,2441334.118034354,FALSE,369.23979223324824,Velavadar_LEK2,2022-12-01,2024-05-01,Dec22→May24
208.6605341895935,193442.12835338438,2441364.1881560073,193648.61081344343,2441334.118034354,FALSE,414.4728317755418,Velavadar_LEK2,2022-12-01,2024-05-01,Dec22→May24
191.42614966531588,193468.25094034983,2441398.2607420716,193648.61081344343,2441334.118034354,FALSE,393.21045670903993,Velavadar_LEK2,2022-12-01,2024-05-01,Dec22→May24
262.5679975323348,193434.47970106377,2441486.071382587,193648.61081344343,2441334.118034354,FALSE,449.594486042674,Velavadar_LEK2,2022-12-01,2024-05-01,Dec22→May24
124.04105439147246,193542.32306844706,2441398.06409317,193648.61081344343,2441334.118034354,FALSE,320.6116305884079,Velavadar_LEK2,2022-12-01,2024-05-01,Dec22→May24
86.71646768869529,193580.87601962348,2441388.263611039,193648.61081344343,2441334.118034354,FALSE,280.8463733204191,Velavadar_LEK2,2022-12-01,2024-05-01,Dec22→May24
107.4772227866835,193616.2966919081,2441447.336307546,193671.93880799686,2441355.3835569886,FALSE,267.3388702293979,Velavadar_LEK2,2022-12-01,2024-05-01,Dec22→May24
61.48408603504105,193681.51346192043,2441461.288142127,193742.95651908306,2441463.533929756,FALSE,219.45116755838768,Velavadar_LEK2,2022-12-01,2024-05-01,Dec22→May24
47.73986625028634,193710.13273897965,2441510.5409006993,193750.55908006872,2441485.147874575,FALSE,233.94150784898017,Velavadar_LEK2,2022-12-01,2024-05-01,Dec22→May24
89.31300583305124,193704.77845279942,2441561.835208456,193750.55908006872,2441485.147874575,FALSE,278.90966119645674,Velavadar_LEK2,2022-12-01,2024-05-01,Dec22→May24
136.9234715963802,193678.07838725182,2441601.3140755235,193750.55908006872,2441485.147874575,FALSE,326.55561721939125,Velavadar_LEK2,2022-12-01,2024-05-01,Dec22→May24
102.31587311984129,193763.91164842993,2441599.812359447,193778.52158215205,2441498.5449524056,FALSE,287.7979138326009,Velavadar_LEK2,2022-12-01,2024-05-01,Dec22→May24
89.98991833886598,193800.76317148627,2441585.742986251,193778.52158215205,2441498.5449524056,FALSE,264.56377821910576,Velavadar_LEK2,2022-12-01,2024-05-01,Dec22→May24
57.25787794660482,193773.87163079274,2441555.6137051457,193778.52158215205,2441498.5449524056,FALSE,242.7597654972206,Velavadar_LEK2,2022-12-01,2024-05-01,Dec22→May24
43.522010354437164,193752.2611113438,2441533.251624073,193778.52158215205,2441498.5449524056,FALSE,230.5807863107155,Velavadar_LEK2,2022-12-01,2024-05-01,Dec22→May24
191.26213356108966,193943.48936629383,2441626.9141544723,193957.83997165173,2441436.1911515067,FALSE,312.9333543324257,Velavadar_LEK2,2022-12-01,2024-05-01,Dec22→May24
188.92806256761375,193893.7248079779,2441648.2848254684,193778.52158215205,2441498.5449524056,FALSE,323.84007415912885,Velavadar_LEK2,2022-12-01,2024-05-01,Dec22→May24
157.87960615934838,193888.04563123093,2441612.2571008964,193778.52158215205,2441498.5449524056,FALSE,287.3944065091926,Velavadar_LEK2,2022-12-01,2024-05-01,Dec22→May24
140.05648267393408,193830.56002072647,2441628.575022965,193778.52158215205,2441498.5449524056,FALSE,302.7763622573661,Velavadar_LEK2,2022-12-01,2024-05-01,Dec22→May24
242.48921381790745,194060.58923086326,2441655.835428804,193957.83997165173,2441436.1911515067,FALSE,388.0490115128579,Velavadar_LEK2,2022-12-01,2024-05-01,Dec22→May24
242.6340712015028,193982.56253470003,2441677.5624161265,193957.83997165173,2441436.1911515067,FALSE,373.2881512079846,Velavadar_LEK2,2022-12-01,2024-05-01,Dec22→May24
207.47301910651078,194026.49963431165,2441631.9739504973,193957.83997165173,2441436.1911515067,FALSE,350.12412375192577,Velavadar_LEK2,2022-12-01,2024-05-01,Dec22→May24
186.51990828914998,193992.26553414785,2441619.50660867,193957.83997165173,2441436.1911515067,FALSE,323.3510703728252,Velavadar_LEK2,2022-12-01,2024-05-01,Dec22→May24
180.33444001663108,194040.0738812235,2441596.6844360163,193957.83997165173,2441436.1911515067,FALSE,327.314201150174,Velavadar_LEK2,2022-12-01,2024-05-01,Dec22→May24
153.4857924497882,194030.67761466443,2441571.29321013,193957.83997165173,2441436.1911515067,FALSE,301.1335943063056,Velavadar_LEK2,2022-12-01,2024-05-01,Dec22→May24
171.25776115584995,194012.9327571435,2441598.3454167694,193957.83997165173,2441436.1911515067,FALSE,314.1965363212265,Velavadar_LEK2,2022-12-01,2024-05-01,Dec22→May24
147.15229559752464,193956.85509513912,2441583.3401512243,193957.83997165173,2441436.1911515067,FALSE,276.0730680879336,Velavadar_LEK2,2022-12-01,2024-05-01,Dec22→May24
134.38534639009225,193999.54090633197,2441563.942681326,193957.83997165173,2441436.1911515067,FALSE,277.785305192524,Velavadar_LEK2,2022-12-01,2024-05-01,Dec22→May24
145.72197591590515,194069.61018599058,2441538.632195038,194001.66555400705,2441409.71973928,FALSE,301.62558434615914,Velavadar_LEK2,2022-12-01,2024-05-01,Dec22→May24
130.6703839373852,194075.7555511812,2441517.3553354233,194001.66555400705,2441409.71973928,FALSE,291.7056132021334,Velavadar_LEK2,2022-12-01,2024-05-01,Dec22→May24
90.89809911235068,193995.39786648203,2441518.967168312,193957.83997165173,2441436.1911515067,FALSE,238.06118039122092,Velavadar_LEK2,2022-12-01,2024-05-01,Dec22→May24
108.48829007171985,194094.3192171901,2441466.155612459,194001.66555400705,2441409.71973928,FALSE,277.0247898797422,Velavadar_LEK2,2022-12-01,2024-05-01,Dec22→May24
97.37182093709275,194049.96791707177,2441494.266491051,194001.66555400705,2441409.71973928,FALSE,257.098640666774,Velavadar_LEK2,2022-12-01,2024-05-01,Dec22→May24
100.34848720436594,194027.28132264764,2441508.632283856,193957.83997165173,2441436.1911515067,FALSE,250.56440122308902,Velavadar_LEK2,2022-12-01,2024-05-01,Dec22→May24
48.7489615247289,193987.45509062422,2441474.913315418,193957.83997165173,2441436.1911515067,FALSE,198.77623909998886,Velavadar_LEK2,2022-12-01,2024-05-01,Dec22→May24
35.91131321649555,194012.79670664354,2441443.8623791593,194001.66555400705,2441409.71973928,FALSE,196.56243721636307,Velavadar_LEK2,2022-12-01,2024-05-01,Dec22→May24
140.52827011776975,194141.04670869082,2441391.8007989847,194001.66555400705,2441409.71973928,FALSE,293.43187716874206,Velavadar_LEK2,2022-12-01,2024-05-01,Dec22→May24
82.45407245607139,194084.10108900297,2441407.9714159328,194001.66555400705,2441409.71973928,FALSE,243.14793078780517,Velavadar_LEK2,2022-12-01,2024-05-01,Dec22→May24
68.82317809196981,194050.90274076682,2441457.8064243672,194001.66555400705,2441409.71973928,FALSE,235.75713634038127,Velavadar_LEK2,2022-12-01,2024-05-01,Dec22→May24
58.035783437249854,194053.45910024573,2441435.9033358092,194001.66555400705,2441409.71973928,FALSE,226.561185221603,Velavadar_LEK2,2022-12-01,2024-05-01,Dec22→May24
37.397696662877685,194039.0053201976,2441407.638975833,194001.66555400705,2441409.71973928,FALSE,201.07096783994382,Velavadar_LEK2,2022-12-01,2024-05-01,Dec22→May24
65.91649087025264,194059.87112341198,2441378.782779848,194001.66555400705,2441409.71973928,FALSE,211.45592026259308,Velavadar_LEK2,2022-12-01,2024-05-01,Dec22→May24
136.38531148820186,194117.8958700606,2441338.3652242175,194001.66555400705,2441409.71973928,FALSE,263.241412228194,Velavadar_LEK2,2022-12-01,2024-05-01,Dec22→May24
233.60383137460863,194274.45236102334,2441434.3915130245,194400.8734766097,2441630.830947881,FALSE,433.1241783684484,Velavadar_LEK2,2022-12-01,2024-05-01,Dec22→May24
111.1401731398036,194111.2590227456,2441391.2424641727,194001.66555400705,2441409.71973928,FALSE,264.33037836148674,Velavadar_LEK2,2022-12-01,2024-05-01,Dec22→May24
64.45478089504887,194037.48198403377,2441333.415531421,193973.8624324936,2441343.7582313614,FALSE,182.6930086840002,Velavadar_LEK2,2022-12-01,2024-05-01,Dec22→May24
67.75927143841477,194030.79874908854,2441307.021673024,193973.8624324936,2441343.7582313614,FALSE,176.99542102070276,Velavadar_LEK2,2022-12-01,2024-05-01,Dec22→May24
32.740880449629465,194005.44157651818,2441352.4024731033,193973.8624324936,2441343.7582313614,FALSE,152.69720910862972,Velavadar_LEK2,2022-12-01,2024-05-01,Dec22→May24
13.652901631415016,194002.23932749924,2441396.078899609,194001.66555400705,2441409.71973928,FALSE,162.81428935174335,Velavadar_LEK2,2022-12-01,2024-05-01,Dec22→May24
17.97955398638884,193988.50710551685,2441421.972069462,194001.66555400705,2441409.71973928,FALSE,164.04256217214973,Velavadar_LEK2,2022-12-01,2024-05-01,Dec22→May24
1.7993096495700136,193958.88919933455,2441437.6528753126,193957.83997165173,2441436.1911515067,TRUE,152.00232580582662,Velavadar_LEK2,2022-12-01,2024-05-01,Dec22→May24
28.873835992132094,193950.82944524515,2441464.200987715,193957.83997165173,2441436.1911515067,FALSE,167.58679388141547,Velavadar_LEK2,2022-12-01,2024-05-01,Dec22→May24
68.99958793255061,193943.84819679207,2441503.7572182203,193957.83997165173,2441436.1911515067,FALSE,198.0687987667118,Velavadar_LEK2,2022-12-01,2024-05-01,Dec22→May24
85.38726043236461,193902.72253151116,2441503.742899679,193900.85503227782,2441418.376063667,FALSE,183.30897080326716,Velavadar_LEK2,2022-12-01,2024-05-01,Dec22→May24
125.18301336988165,193896.0989506283,2441545.089421279,193957.83997165173,2441436.1911515067,FALSE,222.1617726925209,Velavadar_LEK2,2022-12-01,2024-05-01,Dec22→May24
99.5208661407078,193861.45816640207,2441553.5533680376,193778.52158215205,2441498.5449524056,FALSE,226.86854857579763,Velavadar_LEK2,2022-12-01,2024-05-01,Dec22→May24
82.71241834747767,193835.20362416643,2441558.781903374,193778.52158215205,2441498.5449524056,FALSE,232.8379404998567,Velavadar_LEK2,2022-12-01,2024-05-01,Dec22→May24
90.5021643270165,193878.18062860862,2441513.1477612737,193859.9801312416,2441424.4945963924,FALSE,187.81567302664575,Velavadar_LEK2,2022-12-01,2024-05-01,Dec22→May24
82.34707464386315,193854.55986267288,2441530.155403175,193778.52158215205,2441498.5449524056,FALSE,203.37635069286281,Velavadar_LEK2,2022-12-01,2024-05-01,Dec22→May24
44.55546745665837,193809.08285103372,2441530.9671442597,193778.52158215205,2441498.5449524056,FALSE,209.2671490529419,Velavadar_LEK2,2022-12-01,2024-05-01,Dec22→May24
1.6162984177819084,193776.98024650896,2441499.0314757973,193778.52158215205,2441498.5449524056,FALSE,189.06022554682622,Velavadar_LEK2,2022-12-01,2024-05-01,Dec22→May24
79.65532247410412,193857.09010911715,2441511.6581888096,193778.52158215205,2441498.5449524056,FALSE,184.8916946949941,Velavadar_LEK2,2022-12-01,2024-05-01,Dec22→May24
2.067334780495317,193756.71830484626,2441461.9531719615,193758.34061923076,2441463.2345653954,TRUE,167.07327846462962,Velavadar_LEK2,2022-12-01,2024-05-01,Dec22→May24
33.72931787130954,193733.34320136643,2441431.2035878687,193742.95651908306,2441463.533929756,TRUE,160.25852864469647,Velavadar_LEK2,2022-12-01,2024-05-01,Dec22→May24
34.97614324410479,193711.8811838153,2441447.4823212936,193742.95651908306,2441463.533929756,FALSE,187.15319340257747,Velavadar_LEK2,2022-12-01,2024-05-01,Dec22→May24
72.20726858756511,193677.65536128217,2441432.71756354,193742.95651908306,2441463.533929756,FALSE,206.49927129158536,Velavadar_LEK2,2022-12-01,2024-05-01,Dec22→May24
61.88732536289178,193698.92397059978,2441414.525485909,193758.56971189706,2441398.0201356956,FALSE,178.97173613454183,Velavadar_LEK2,2022-12-01,2024-05-01,Dec22→May24
35.47698499527171,193638.20746808546,2441368.0353878727,193648.61081344343,2441334.118034354,FALSE,220.59430926705298,Velavadar_LEK2,2022-12-01,2024-05-01,Dec22→May24
45.61178578536609,193604.70700981794,2441346.4829455847,193648.61081344343,2441334.118034354,FALSE,250.97716770579234,Velavadar_LEK2,2022-12-01,2024-05-01,Dec22→May24
43.07321940579169,193607.5009594204,2441321.2618244854,193648.61081344343,2441334.118034354,FALSE,247.47009899767377,Velavadar_LEK2,2022-12-01,2024-05-01,Dec22→May24
15.339353856659253,193650.8123211417,2441318.937482961,193648.61081344343,2441334.118034354,FALSE,204.2478164482145,Velavadar_LEK2,2022-12-01,2024-05-01,Dec22→May24
15.826371306595368,193632.79564347293,2441334.7133725253,193648.61081344343,2441334.118034354,FALSE,222.25555700769934,Velavadar_LEK2,2022-12-01,2024-05-01,Dec22→May24
73.19173312229167,193587.21260736987,2441294.27722502,193648.61081344343,2441334.118034354,FALSE,269.6628212883917,Velavadar_LEK2,2022-12-01,2024-05-01,Dec22→May24
81.97116611879287,193603.82442670607,2441251.6974027143,193671.83729184617,2441297.452427032,FALSE,262.0706668780437,Velavadar_LEK2,2022-12-01,2024-05-01,Dec22→May24
52.710274332838154,193886.23555580527,2441472.0317863575,193866.81186407845,2441423.030835143,FALSE,148.59202032355532,Velavadar_LEK2,2022-12-01,2024-05-01,Dec22→May24
68.62988717502327,193873.19894924533,2441491.839412557,193859.9801312416,2441424.4945963924,FALSE,166.07024310014464,Velavadar_LEK2,2022-12-01,2024-05-01,Dec22→May24
44.894432562134426,193913.71820857673,2441461.3882569447,193900.85503227782,2441418.376063667,TRUE,146.89457529044762,Velavadar_LEK2,2022-12-01,2024-05-01,Dec22→May24
64.53203096720043,193850.5773581862,2441488.3379271296,193859.9801312416,2441424.4945963924,FALSE,161.61664722700093,Velavadar_LEK2,2022-12-01,2024-05-01,Dec22→May24
54.411657119352434,193832.52656246547,2441491.9048822387,193778.52158215205,2441498.5449524056,FALSE,166.63564489955607,Velavadar_LEK2,2022-12-01,2024-05-01,Dec22→May24
34.00658846104198,193810.4479541987,2441473.9132452714,193777.85359856766,2441464.2149959574,TRUE,153.70496096044232,Velavadar_LEK2,2022-12-01,2024-05-01,Dec22→May24
31.43572774805143,193874.7336968549,2441453.452037363,193866.81186407845,2441423.030835143,TRUE,128.214531358839,Velavadar_LEK2,2022-12-01,2024-05-01,Dec22→May24
28.21176060069503,193927.50313703093,2441431.9242799506,193916.3428814038,2441406.013816224,TRUE,127.77044130135327,Velavadar_LEK2,2022-12-01,2024-05-01,Dec22→May24
23.498058843385024,193938.2345125068,2441414.5528593236,193916.3428814038,2441406.013816224,TRUE,121.02577862266574,Velavadar_LEK2,2022-12-01,2024-05-01,Dec22→May24
36.34411803575344,193842.81221093814,2441456.528288472,193859.9801312416,2441424.4945963924,TRUE,130.3116712037297,Velavadar_LEK2,2022-12-01,2024-05-01,Dec22→May24
1.4176091521780396,193967.03839069704,2441392.1194881424,193968.4475444393,2441392.274089045,TRUE,129.777547900014,Velavadar_LEK2,2022-12-01,2024-05-01,Dec22→May24
9.851974945266704,193973.88377019198,2441400.4904665854,193968.4475444393,2441392.274089045,TRUE,139.95783366959026,Velavadar_LEK2,2022-12-01,2024-05-01,Dec22→May24
21.769175818800026,193884.57315257046,2441435.617877962,193866.81186407845,2441423.030835143,TRUE,112.80848497316289,Velavadar_LEK2,2022-12-01,2024-05-01,Dec22→May24
25.744524193645308,193981.80635942874,2441368.2464846843,193973.8624324936,2441343.7582313614,TRUE,133.50028185050022,Velavadar_LEK2,2022-12-01,2024-05-01,Dec22→May24
27.337021246988254,193992.21315734833,2441323.4958616095,193973.8624324936,2441343.7582313614,TRUE,137.3428705132459,Velavadar_LEK2,2022-12-01,2024-05-01,Dec22→May24
44.05560454321995,194000.72241121874,2441256.2488779197,193973.20963193633,2441221.840401234,FALSE,161.97512381160274,Velavadar_LEK2,2022-12-01,2024-05-01,Dec22→May24
47.00025021350614,193991.79971702123,2441300.1319158752,193950.19561568054,2441278.265908655,TRUE,139.45969275969765,Velavadar_LEK2,2022-12-01,2024-05-01,Dec22→May24
0.8962500465289249,193973.3991778894,2441344.52547273,193973.8624324936,2441343.7582313614,TRUE,119.81117875714548,Velavadar_LEK2,2022-12-01,2024-05-01,Dec22→May24
18.500247419173554,193963.04079159634,2441358.763271943,193973.8624324936,2441343.7582313614,TRUE,112.76230835585325,Velavadar_LEK2,2022-12-01,2024-05-01,Dec22→May24
32.135002803561036,193964.56560838845,2441312.9974207943,193973.8624324936,2441343.7582313614,TRUE,110.51875196184643,Velavadar_LEK2,2022-12-01,2024-05-01,Dec22→May24
40.21138711026101,194013.3155980907,2441224.750234933,193973.20963193633,2441221.840401234,FALSE,188.42085747764162,Velavadar_LEK2,2022-12-01,2024-05-01,Dec22→May24
1.7160735952203334,193972.65866033413,2441223.465620874,193973.20963193633,2441221.840401234,FALSE,156.64795598506416,Velavadar_LEK2,2022-12-01,2024-05-01,Dec22→May24
48.621262993346654,193991.7478845106,2441176.891981834,193973.20963193633,2441221.840401234,FALSE,202.9555518380101,Velavadar_LEK2,2022-12-01,2024-05-01,Dec22→May24
36.42168891925543,193935.36804958177,2441186.9391706265,193900.6965869231,2441175.784391344,TRUE,161.33458420917486,Velavadar_LEK2,2022-12-01,2024-05-01,Dec22→May24
1.4368314268005158,193900.64526978455,2441177.22030607,193900.6965869231,2441175.784391344,TRUE,156.39586099296346,Velavadar_LEK2,2022-12-01,2024-05-01,Dec22→May24
0.7597202595559577,193897.4900360934,2441209.786727498,193898.08585391473,2441209.3153720093,TRUE,124.50049363166035,Velavadar_LEK2,2022-12-01,2024-05-01,Dec22→May24
0.6372848602571265,193921.05685388797,2441228.488601084,193921.6716866155,2441228.3209326304,TRUE,118.47589961690491,Velavadar_LEK2,2022-12-01,2024-05-01,Dec22→May24
1.9483753613713277,193933.708290271,2441240.4671347635,193935.5314220899,2441239.7798524927,TRUE,116.8719031646074,Velavadar_LEK2,2022-12-01,2024-05-01,Dec22→May24
29.52021588966328,193979.27221897693,2441283.3643679237,193950.19561568054,2441278.265908655,TRUE,131.72295297848413,Velavadar_LEK2,2022-12-01,2024-05-01,Dec22→May24
1.8289502495673582,193951.89718045347,2441278.936532498,193950.19561568054,2441278.265908655,TRUE,108.14590828690551,Velavadar_LEK2,2022-12-01,2024-05-01,Dec22→May24
16.582164256984708,193940.0051608638,2441265.184517212,193950.19561568054,2441278.265908655,TRUE,105.0485037638792,Velavadar_LEK2,2022-12-01,2024-05-01,Dec22→May24
40.57757212112529,193936.6224448596,2441156.9198189722,193900.6965869231,2441175.784391344,FALSE,188.49206830223375,Velavadar_LEK2,2022-12-01,2024-05-01,Dec22→May24
32.80390488736751,193887.75189291628,2441145.6425421485,193900.6965869231,2441175.784391344,FALSE,184.09009829050757,Velavadar_LEK2,2022-12-01,2024-05-01,Dec22→May24
77.22399558548719,193891.3810193523,2441099.1243255013,193900.6965869231,2441175.784391344,FALSE,230.55797588355458,Velavadar_LEK2,2022-12-01,2024-05-01,Dec22→May24
47.18294776373917,193840.28614586405,2441143.80365524,193816.3582516599,2441184.469198869,FALSE,183.5591177878681,Velavadar_LEK2,2022-12-01,2024-05-01,Dec22→May24
17.866534259221226,193834.03655935725,2441181.882601994,193816.3582516599,2441184.469198869,TRUE,146.39245160870334,Velavadar_LEK2,2022-12-01,2024-05-01,Dec22→May24
1.3530347153952198,193874.96199008788,2441206.2259550365,193875.2019303983,2441204.894365164,TRUE,122.20974778948434,Velavadar_LEK2,2022-12-01,2024-05-01,Dec22→May24
57.14407041554029,193802.54436624184,2441102.631225126,193765.16127976577,2441145.851007971,FALSE,230.18361130593766,Velavadar_LEK2,2022-12-01,2024-05-01,Dec22→May24
29.647219455523917,193802.53458982107,2441158.2420374746,193816.3582516599,2441184.469198869,FALSE,176.487853354488,Velavadar_LEK2,2022-12-01,2024-05-01,Dec22→May24
1.354766747989083,193764.11572221929,2441146.7125196415,193765.16127976577,2441145.851007971,FALSE,201.66204956882834,Velavadar_LEK2,2022-12-01,2024-05-01,Dec22→May24
38.139953868523676,193726.42903110234,2441193.7851340463,193764.29508394114,2441189.222445858,FALSE,184.91810079890803,Velavadar_LEK2,2022-12-01,2024-05-01,Dec22→May24
14.959472783248147,193844.5496883458,2441219.875032251,193842.36803751928,2441205.0754976086,TRUE,107.40512271303538,Velavadar_LEK2,2022-12-01,2024-05-01,Dec22→May24
16.456086623636804,193804.60602002073,2441195.988219594,193816.3582516599,2441184.469198869,TRUE,140.1312418231778,Velavadar_LEK2,2022-12-01,2024-05-01,Dec22→May24
1.9624321428012454,193762.61910706956,2441190.2433481263,193764.29508394114,2441189.222445858,FALSE,164.80171433735723,Velavadar_LEK2,2022-12-01,2024-05-01,Dec22→May24
24.03058930406783,193768.03341531404,2441216.4302304797,193792.0362080969,2441217.585722117,TRUE,140.4435483209968,Velavadar_LEK2,2022-12-01,2024-05-01,Dec22→May24
16.143603864955516,193785.34759370267,2441232.278522505,193792.0362080969,2441217.585722117,TRUE,117.34253979360423,Velavadar_LEK2,2022-12-01,2024-05-01,Dec22→May24
1.1691642964444904,193791.80098209594,2441218.7309792414,193792.0362080969,2441217.585722117,TRUE,125.12849969771445,Velavadar_LEK2,2022-12-01,2024-05-01,Dec22→May24
18.48521461558273,193822.44243764738,2441201.924451381,193816.3582516599,2441184.469198869,TRUE,129.00720659314433,Velavadar_LEK2,2022-12-01,2024-05-01,Dec22→May24
16.831448990318105,193781.22889160953,2441204.68225028,193792.0362080969,2441217.585722117,TRUE,142.60624379972924,Velavadar_LEK2,2022-12-01,2024-05-01,Dec22→May24
35.25289689142166,193762.05622754985,2441249.3570501353,193796.63739258324,2441256.2061204496,TRUE,120.89644749098733,Velavadar_LEK2,2022-12-01,2024-05-01,Dec22→May24
40.48325715840246,193756.49211895792,2441250.9858603314,193796.63739258324,2441256.2061204496,TRUE,124.22013814375538,Velavadar_LEK2,2022-12-01,2024-05-01,Dec22→May24
32.16910360959512,193733.4036562601,2441270.5316510308,193748.81610297342,2441298.768288815,TRUE,133.89355577360885,Velavadar_LEK2,2022-12-01,2024-05-01,Dec22→May24
16.969203001751023,193702.42540140566,2441289.2089817757,193715.65983028692,2441299.82989241,TRUE,157.04440760437282,Velavadar_LEK2,2022-12-01,2024-05-01,Dec22→May24
30.699675466596076,193675.09657059266,2441266.926255051,193671.83729184617,2441297.452427032,FALSE,189.51279128976432,Velavadar_LEK2,2022-12-01,2024-05-01,Dec22→May24
35.48069240241138,193712.8781502081,2441264.4584096973,193715.65983028692,2441299.82989241,TRUE,155.10259915481763,Velavadar_LEK2,2022-12-01,2024-05-01,Dec22→May24
56.285329760732196,193740.92089703056,2441241.1497481074,193792.0362080969,2441217.585722117,TRUE,142.56872185678583,Velavadar_LEK2,2022-12-01,2024-05-01,Dec22→May24
18.053206245625905,193686.9020278792,2441307.4008934465,193671.83729184617,2441297.452427032,TRUE,169.12140470062184,Velavadar_LEK2,2022-12-01,2024-05-01,Dec22→May24
16.80756676520056,193732.00800077541,2441352.363755104,193728.7065565664,2441335.88362262,TRUE,125.53625166569661,Velavadar_LEK2,2022-12-01,2024-05-01,Dec22→May24
1.019048368071106,193721.42321641603,2441335.691915833,193722.39249489084,2441336.006493033,TRUE,133.78353005897998,Velavadar_LEK2,2022-12-01,2024-05-01,Dec22→May24
25.79395792955656,193685.57671989227,2441377.2772918185,193671.93880799686,2441355.3835569886,TRUE,176.70214058353983,Velavadar_LEK2,2022-12-01,2024-05-01,Dec22→May24
7.226979624951846,193679.1831794706,2441336.864290127,193677.59715755278,2441329.813490954,TRUE,176.01551202232827,Velavadar_LEK2,2022-12-01,2024-05-01,Dec22→May24
0.6415038715124338,193706.33988190477,2441331.149761685,193706.68273300224,2441330.6075621443,TRUE,148.63392747687723,Velavadar_LEK2,2022-12-01,2024-05-01,Dec22→May24
30.305241356028436,193717.32038659585,2441376.6465067,193713.4916717775,2441346.5840950124,TRUE,146.3472197093292,Velavadar_LEK2,2022-12-01,2024-05-01,Dec22→May24
24.964842605081106,193734.45283767307,2441391.568799093,193758.56971189706,2441398.0201356956,TRUE,136.77532654030998,Velavadar_LEK2,2022-12-01,2024-05-01,Dec22→May24
1.0427166956462546,193757.691970894,2441397.4572601863,193758.56971189706,2441398.0201356956,TRUE,120.19410425971226,Velavadar_LEK2,2022-12-01,2024-05-01,Dec22→May24
2.138487547747511,193791.2200269305,2441404.324558134,193789.37501694093,2441403.2433240567,TRUE,100.34746217464912,Velavadar_LEK2,2022-12-01,2024-05-01,Dec22→May24
32.93741643326773,193802.79574186384,2441434.286151811,193819.84148856334,2441406.1025409573,TRUE,119.47200485166029,Velavadar_LEK2,2022-12-01,2024-05-01,Dec22→May24
4.948197903602768,193770.07773176086,2441423.3593217093,193766.72781470435,2441419.7175202034,TRUE,128.54620328906663,Velavadar_LEK2,2022-12-01,2024-05-01,Dec22→May24
31.48063899432189,193829.1890073456,2441436.1633879864,193819.84148856334,2441406.1025409573,TRUE,112.36731284509094,Velavadar_LEK2,2022-12-01,2024-05-01,Dec22→May24
15.21527403640257,193919.0421145861,2441420.987750384,193916.3428814038,2441406.013816224,TRUE,113.96582371533093,Velavadar_LEK2,2022-12-01,2024-05-01,Dec22→May24
0.5877516092776575,193900.68887147936,2441418.9398389263,193900.85503227782,2441418.376063667,TRUE,102.90433493391978,Velavadar_LEK2,2022-12-01,2024-05-01,Dec22→May24
1.0590643603079115,193866.65900740272,2441424.078810408,193866.81186407845,2441423.030835143,TRUE,98.00629739107146,Velavadar_LEK2,2022-12-01,2024-05-01,Dec22→May24
23.541557583726487,193858.94665619562,2441448.013458244,193859.9801312416,2441424.4945963924,TRUE,121.30130477963066,Velavadar_LEK2,2022-12-01,2024-05-01,Dec22→May24
22.7125550333286,193836.3070033879,2441422.7081206483,193851.07630362245,2441405.453326337,TRUE,97.71582722336845,Velavadar_LEK2,2022-12-01,2024-05-01,Dec22→May24
1.0423061245020673,193818.80211027194,2441406.1806103145,193819.84148856334,2441406.1025409573,TRUE,87.22560564357462,Velavadar_LEK2,2022-12-01,2024-05-01,Dec22→May24
12.111662500977973,193883.64828779583,2441408.7900527427,193891.02809568198,2441399.186365737,TRUE,86.90034730362507,Velavadar_LEK2,2022-12-01,2024-05-01,Dec22→May24
15.901434555092752,193801.9692794216,2441393.535586242,193789.37501694093,2441403.2433240567,TRUE,85.20015301986277,Velavadar_LEK2,2022-12-01,2024-05-01,Dec22→May24
1.5667997436743686,193942.80053698696,2441363.53079812,193944.02619087603,2441362.554768417,TRUE,95.26539611117275,Velavadar_LEK2,2022-12-01,2024-05-01,Dec22→May24
0.7240905444470006,193929.5171556209,2441388.859469279,193928.80670000153,2441388.7196124615,TRUE,97.05790448393952,Velavadar_LEK2,2022-12-01,2024-05-01,Dec22→May24
22.167892569133805,193939.11073550367,2441338.4997920073,193921.69673452654,2441352.217227297,TRUE,85.01299701481585,Velavadar_LEK2,2022-12-01,2024-05-01,Dec22→May24
29.176905319920447,193935.95205578115,2441303.729859751,193950.19561568054,2441278.265908655,TRUE,84.25656158261353,Velavadar_LEK2,2022-12-01,2024-05-01,Dec22→May24
8.461523072883697,193920.4865720197,2441279.5170726506,193912.1406221973,2441278.123338718,TRUE,80.83359455113172,Velavadar_LEK2,2022-12-01,2024-05-01,Dec22→May24
12.315622845522526,193918.06543557066,2441304.562619182,193905.86971956724,2441306.2769928975,TRUE,66.94960901943443,Velavadar_LEK2,2022-12-01,2024-05-01,Dec22→May24
23.91603118598051,193935.93988087814,2441320.8823141516,193913.86212947115,2441330.0773911225,TRUE,81.24463596634055,Velavadar_LEK2,2022-12-01,2024-05-01,Dec22→May24
1.1049812811105004,193920.75041836,2441352.7877265033,193921.69673452654,2441352.217227297,TRUE,70.7916412860001,Velavadar_LEK2,2022-12-01,2024-05-01,Dec22→May24
10.82392078136129,193917.59960191976,2441340.2355681625,193913.86212947115,2441330.0773911225,TRUE,64.117964144436,Velavadar_LEK2,2022-12-01,2024-05-01,Dec22→May24
1.5622604766384487,193914.5042565831,2441328.6531964135,193913.86212947115,2441330.0773911225,TRUE,59.62416695373405,Velavadar_LEK2,2022-12-01,2024-05-01,Dec22→May24
1.2502351089549721,193888.59818418603,2441388.0732701453,193888.78002049244,2441386.8363290047,TRUE,69.94189641273218,Velavadar_LEK2,2022-12-01,2024-05-01,Dec22→May24
16.83016545337951,193929.49125725054,2441371.903374756,193928.80670000153,2441388.7196124615,TRUE,87.17000383055814,Velavadar_LEK2,2022-12-01,2024-05-01,Dec22→May24
0.5861678975439736,193850.49411956855,2441405.521550464,193851.07630362245,2441405.453326337,TRUE,78.86589631923638,Velavadar_LEK2,2022-12-01,2024-05-01,Dec22→May24
1.6282746269911945,193836.50750835263,2441398.057593727,193837.90692963783,2441397.225188581,TRUE,73.61536818382957,Velavadar_LEK2,2022-12-01,2024-05-01,Dec22→May24
14.583054113457633,193829.33870736195,2441384.115345065,193815.20279272,2441380.531857307,TRUE,62.779642906097656,Velavadar_LEK2,2022-12-01,2024-05-01,Dec22→May24
0.8416753338356678,193814.37517499638,2441380.6850443534,193815.20279272,2441380.531857307,TRUE,67.44522566583694,Velavadar_LEK2,2022-12-01,2024-05-01,Dec22→May24
3.7382234149052516,193789.1558309475,2441378.028183985,193790.8272409747,2441374.6844281894,TRUE,83.36661919341279,Velavadar_LEK2,2022-12-01,2024-05-01,Dec22→May24
0.4738129732502134,193758.5723007933,2441359.6466360292,193759.034061172,2441359.5404471112,TRUE,101.78959842244589,Velavadar_LEK2,2022-12-01,2024-05-01,Dec22→May24
19.240234136994893,193759.73800633982,2441378.8154045665,193758.56971189706,2441398.0201356956,TRUE,108.46829891082342,Velavadar_LEK2,2022-12-01,2024-05-01,Dec22→May24
20.87508680596522,193749.54676795832,2441334.6774558416,193728.7065565664,2441335.88362262,TRUE,105.65838442153847,Velavadar_LEK2,2022-12-01,2024-05-01,Dec22→May24
1.4158582435116498,193749.09170642815,2441300.1570642833,193748.81610297342,2441298.768288815,TRUE,109.11535457803973,Velavadar_LEK2,2022-12-01,2024-05-01,Dec22→May24
12.59583265803956,193753.47456814902,2441287.0655668,193748.81610297342,2441298.768288815,TRUE,108.93226684199104,Velavadar_LEK2,2022-12-01,2024-05-01,Dec22→May24
23.724169642235093,193767.46097262483,2441274.324185225,193788.09839043283,2441286.026031722,TRUE,101.97449159958055,Velavadar_LEK2,2022-12-01,2024-05-01,Dec22→May24
1.97353262350094,193795.65461648867,2441257.9175473875,193796.63739258324,2441256.2061204496,TRUE,90.84654364863249,Velavadar_LEK2,2022-12-01,2024-05-01,Dec22→May24
1.5858587434650717,193885.81404808536,2441268.0140054775,193887.19527233526,2441268.7932150294,TRUE,66.39619395671303,Velavadar_LEK2,2022-12-01,2024-05-01,Dec22→May24
13.062608807698792,193872.02441699867,2441234.188530834,193868.15008313511,2441246.663356924,TRUE,94.15932938696373,Velavadar_LEK2,2022-12-01,2024-05-01,Dec22→May24
0.8545287475097719,193854.08926370676,2441248.6016896754,193854.92378529673,2441248.417860689,TRUE,78.1819666842989,Velavadar_LEK2,2022-12-01,2024-05-01,Dec22→May24
0.7749749602307922,193822.6464530311,2441255.467610018,193822.75246018986,2441254.699919539,TRUE,78.27050284882826,Velavadar_LEK2,2022-12-01,2024-05-01,Dec22→May24
2.791073399186264,193788.17399909656,2441288.8160808343,193788.09839043283,2441286.026031722,TRUE,76.77787922823072,Velavadar_LEK2,2022-12-01,2024-05-01,Dec22→May24
3.0322664036466254,193773.79776648537,2441304.650925931,193770.90976096026,2441305.5750815617,TRUE,84.07608119847941,Velavadar_LEK2,2022-12-01,2024-05-01,Dec22→May24
2.247362513491829,193786.15423678816,2441352.8895271136,193787.3120818403,2441350.9633824923,TRUE,73.54612969841129,Velavadar_LEK2,2022-12-01,2024-05-01,Dec22→May24
11.00765993322421,193789.43036582385,2441321.2390363966,193789.75050369283,2441332.2420400297,TRUE,65.71314657610102,Velavadar_LEK2,2022-12-01,2024-05-01,Dec22→May24
2.0382080722255105,193774.37733046577,2441328.760184271,193776.372454366,2441328.3433236605,TRUE,80.55656894613107,Velavadar_LEK2,2022-12-01,2024-05-01,Dec22→May24
2.217497481330972,193808.59355020692,2441352.8348484784,193810.02971302986,2441351.1452534306,TRUE,53.14188501749028,Velavadar_LEK2,2022-12-01,2024-05-01,Dec22→May24
11.792727129301952,193824.9224311532,2441367.3674302204,193836.70711477444,2441367.8029128183,TRUE,50.464034981559195,Velavadar_LEK2,2022-12-01,2024-05-01,Dec22→May24
1.015619483164895,193865.98258199316,2441383.9701234214,193865.94867073506,2441382.95507024,TRUE,58.25286622267836,Velavadar_LEK2,2022-12-01,2024-05-01,Dec22→May24
10.135982945338931,193846.16262281092,2441371.4541479573,193836.70711477444,2441367.8029128183,TRUE,45.52302596074444,Velavadar_LEK2,2022-12-01,2024-05-01,Dec22→May24
14.714092469702592,193864.3213583242,2441399.0445009256,193851.07630362245,2441405.453326337,TRUE,72.87546827066387,Velavadar_LEK2,2022-12-01,2024-05-01,Dec22→May24
2.52307839900015,193886.79092720302,2441366.3999272794,193885.74438201485,2441364.1041337834,TRUE,50.854819001170654,Velavadar_LEK2,2022-12-01,2024-05-01,Dec22→May24
0.7491580230177044,193902.7289083202,2441357.808376589,193903.00998912577,2441357.1139478134,TRUE,57.00431638085712,Velavadar_LEK2,2022-12-01,2024-05-01,Dec22→May24
0.7363087028667077,193859.12090024864,2441361.082951659,193859.61447607534,2441360.5365695497,TRUE,34.56114019973338,Velavadar_LEK2,2022-12-01,2024-05-01,Dec22→May24
7.149663288836575,193836.7558876939,2441350.678468716,193834.6515045156,2441343.8455149927,TRUE,30.01204583366213,Velavadar_LEK2,2022-12-01,2024-05-01,Dec22→May24
3.4203130695405006,193815.21346589294,2441328.3310372955,193814.33212349517,2441325.026226095,TRUE,39.72639159139259,Velavadar_LEK2,2022-12-01,2024-05-01,Dec22→May24
12.873435253029829,193808.03923985182,2441302.352004132,193820.85260976257,2441301.1098742094,TRUE,52.85376626929871,Velavadar_LEK2,2022-12-01,2024-05-01,Dec22→May24
10.903082471368343,193903.60131651658,2441284.902532318,193912.1406221973,2441278.123338718,TRUE,64.2227141737265,Velavadar_LEK2,2022-12-01,2024-05-01,Dec22→May24
1.1516687940994412,193867.85396392777,2441277.042061763,193868.98803631036,2441276.841510417,TRUE,51.394126182557365,Velavadar_LEK2,2022-12-01,2024-05-01,Dec22→May24
5.763651296427816,193844.9518421641,2441274.9307452175,193845.45570481947,2441269.1891601845,TRUE,52.79615446897818,Velavadar_LEK2,2022-12-01,2024-05-01,Dec22→May24
17.245456402833945,193827.03325275867,2441285.0100164865,193820.85260976257,2441301.1098742094,TRUE,50.21717821059591,Velavadar_LEK2,2022-12-01,2024-05-01,Dec22→May24
0.9163253326497564,193821.26662181364,2441304.6066079256,193821.48897240637,2441303.7176690474,TRUE,40.292390258967934,Velavadar_LEK2,2022-12-01,2024-05-01,Dec22→May24
2.353147673467331,193882.29061599303,2441331.859703173,193880.167398207,2441330.8451834805,TRUE,27.84839609874839,Velavadar_LEK2,2022-12-01,2024-05-01,Dec22→May24
8.328489374812042,193837.44079834892,2441330.3044316275,193832.99476551684,2441323.2619514307,TRUE,17.820863793717475,Velavadar_LEK2,2022-12-01,2024-05-01,Dec22→May24
8.284153167329736,193824.71064428723,2441323.2849547565,193832.99476551684,2441323.2619514307,TRUE,30.400398812180455,Velavadar_LEK2,2022-12-01,2024-05-01,Dec22→May24
0.8737404966110793,193894.82323425304,2441310.5169550916,193895.10189418832,2441309.6888421187,TRUE,43.09951753075843,Velavadar_LEK2,2022-12-01,2024-05-01,Dec22→May24
2.1653167476956208,193850.23811317468,2441317.29460991,193849.7387538724,2441315.1876602415,TRUE,10.572729135822902,Velavadar_LEK2,2022-12-01,2024-05-01,Dec22→May24
2.0292329206562254,193870.8959215047,2441320.9703963012,193870.4770319413,2441318.9848692226,TRUE,17.009065406771605,Velavadar_LEK2,2022-12-01,2024-05-01,Dec22→May24
18.227605442179403,193877.63653981843,2441296.67259268,193879.34780978784,2441314.8196903886,TRUE,37.72179010565996,Velavadar_LEK2,2022-12-01,2024-05-01,Dec22→May24
17.59073811496712,193864.02915425407,2441302.618472528,193870.4770319413,2441318.9848692226,TRUE,25.824706696542474,Velavadar_LEK2,2022-12-01,2024-05-01,Dec22→May24
19.9943776233971,193854.07495045266,2441290.159731272,193868.98803631036,2441276.841510417,TRUE,36.62913110844497,Velavadar_LEK2,2022-12-01,2024-05-01,Dec22→May24
14.832242929994026,193836.05449010333,2441306.5178698534,193821.48897240637,2441303.7176690474,TRUE,27.67744006286843,Velavadar_LEK2,2022-12-01,2024-05-01,Dec22→May24
9.154405301781656,193863.3862596904,2441347.9929844895,193871.72054613224,2441344.205794775,TRUE,22.844537601840845,Velavadar_LEK2,2022-12-01,2024-05-01,Dec22→May24
13.002953781571188,193848.5289398564,2441353.7404166833,193859.61447607534,2441360.5365695497,TRUE,27.705794240888395,Velavadar_LEK2,2022-12-01,2024-05-01,Dec22→May24
2.3512736995252648,193857.1081220121,2441337.682103862,193859.39009944978,2441338.2487315917,TRUE,11.12221776223738,Velavadar_LEK2,2022-12-01,2024-05-01,Dec22→May24
0.8608404277715009,193789.82892149035,2441333.0993013033,193789.75050369283,2441332.2420400297,TRUE,65.38676412147177,Velavadar_LEK2,2022-12-01,2024-05-01,Dec22→May24
1.5653743160534122,193891.7948500974,2441346.1232193494,193892.3940905485,2441344.677083937,TRUE,41.64986325066801,Velavadar_LEK2,2022-12-01,2024-05-01,Dec22→May24
3.1302640172775322,193897.84896218858,2441322.8038598844,193896.7947053106,2441325.751247754,TRUE,43.12306047975484,Velavadar_LEK2,2022-12-01,2024-05-01,Dec22→May24
11.825380693834841,193910.17011941812,2441375.224992592,193898.34636347764,2441375.421013035,TRUE,73.48953254261569,Velavadar_LEK2,2022-12-01,2024-05-01,Dec22→May24
33.51952770545203,194031.61348217324,2441394.6638322617,194001.66555400705,2441409.71973928,FALSE,189.29496811679547,Velavadar_LEK2,2022-12-01,2024-05-01,Dec22→May24
182.616459713797,194218.3072992295,2441635.116065753,194400.8734766097,2441630.830947881,FALSE,476.58100913667187,Velavadar_LEK2,2022-12-01,2024-05-01,Dec22→May24
213.02955767077646,194185.0577819979,2441199.4360767207,193973.20963193633,2441221.840401234,FALSE,353.8561435893806,Velavadar_LEK2,2022-12-01,2024-05-01,Dec22→May24
265.4400667009211,194179.9088022752,2441777.9126996603,194400.8734766097,2441630.830947881,FALSE,556.0088268239324,Velavadar_LEK2,2022-12-01,2024-05-01,Dec22→May24
367.0791944623047,194349.91540469433,2441267.3059694907,194400.8734766097,2441630.830947881,FALSE,498.5658305334126,Velavadar_LEK2,2022-12-01,2024-05-01,Dec22→May24
420.77417714188783,194393.59616879147,2441203.7830542424,193973.20963193633,2441221.840401234,FALSE,552.5498812999498,Velavadar_LEK2,2022-12-01,2024-05-01,Dec22→May24
95.22841108768013,194036.9142130055,2441151.057800059,193973.20963193633,2441221.840401234,FALSE,252.9896528296802,Velavadar_LEK2,2022-12-01,2024-05-01,Dec22→May24
1.1374846512374295,193832.1569554867,2441238.7878476866,193833.13577143743,2441238.2083732123,TRUE,90.885561126214,Velavadar_LEK2,2022-12-01,2024-05-01,Dec22→May24
0.8825283895112883,193897.9189039066,2441250.2109734956,193897.08825384133,2441250.509095664,TRUE,87.820965373035,Velavadar_LEK2,2022-12-01,2024-05-01,Dec22→May24
14.841662881628086,193879.92864894454,2441235.129446097,193887.25175960845,2441248.038629158,TRUE,95.00347973137511,Velavadar_LEK2,2022-12-01,2024-05-01,Dec22→May24
1.0768715987300377,193867.0797574626,2441246.544801473,193868.15008313511,2441246.663356924,TRUE,81.15230998907879,Velavadar_LEK2,2022-12-01,2024-05-01,Dec22→May24
1.3192406353956585,193886.13383979793,2441247.3381642043,193887.25175960845,2441248.038629158,TRUE,85.3572449199011,Velavadar_LEK2,2022-12-01,2024-05-01,Dec22→May24
1.0298683801087753,193844.42687333107,2441269.2353624445,193845.45570481947,2441269.1891601845,TRUE,58.49100105455498,Velavadar_LEK2,2022-12-01,2024-05-01,Dec22→May24
19.678389423518038,193808.80542715185,2441271.6714993664,193796.63739258324,2441256.2061204496,TRUE,71.8502954516478,Velavadar_LEK2,2022-12-01,2024-05-01,Dec22→May24
6.79579266978895,193783.3189954547,2441281.19486399,193788.09839043283,2441286.026031722,TRUE,84.87138513005556,Velavadar_LEK2,2022-12-01,2024-05-01,Dec22→May24
17.252666980024852,193732.52667782333,2441293.0841753217,193748.81610297342,2441298.768288815,TRUE,126.93671836820653,Velavadar_LEK2,2022-12-01,2024-05-01,Dec22→May24
47.11568743529308,193707.50690688612,2441393.31813605,193713.4916717775,2441346.5840950124,TRUE,161.7249099563261,Velavadar_LEK2,2022-12-01,2024-05-01,Dec22→May24
17.53265851384643,193775.35371685255,2441392.717296392,193789.37501694093,2441403.2433240567,TRUE,103.32928768947498,Velavadar_LEK2,2022-12-01,2024-05-01,Dec22→May24
10.025726715379648,193825.00213076867,2441341.1243419987,193834.6515045156,2441343.8455149927,TRUE,33.16974462105332,Velavadar_LEK2,2022-12-01,2024-05-01,Dec22→May24
0.3975835616527714,193845.26576648653,2441338.8333534882,193845.56067914225,2441339.099997847,TRUE,15.43701179725821,Velavadar_LEK2,2022-12-01,2024-05-01,Dec22→May24
13.8612469406936,193878.44856871665,2441376.9645179114,193865.94867073506,2441382.95507024,TRUE,55.431367854951084,Velavadar_LEK2,2022-12-01,2024-05-01,Dec22→May24
16.661924995214516,193943.81432708917,2441379.2153463867,193944.02619087603,2441362.554768417,TRUE,103.2162496364309,Velavadar_LEK2,2022-12-01,2024-05-01,Dec22→May24
53.18295769679234,193859.60515352967,2441477.676232143,193859.9801312416,2441424.4945963924,FALSE,150.96992042368305,Velavadar_LEK2,2022-12-01,2024-05-01,Dec22→May24
95.10618855139899,193863.76591948478,2441540.718285846,193778.52158215205,2441498.5449524056,FALSE,214.1221669202508,Velavadar_LEK2,2022-12-01,2024-05-01,Dec22→May24
284.2182050923143,193932.82927376783,2441737.227009574,193778.52158215205,2441498.5449524056,FALSE,417.77836623419375,Velavadar_LEK2,2022-12-01,2024-05-01,Dec22→May24
