nnd_to_prev,x,y,nn_x,nn_y,in_prev_core,dist_to_centre,lek_id,date_prev,date_now,period
7.476345752959748,444448.6500061338,3075212.537389382,444447.39711929706,3075205.1667706566,TRUE,40.438703725737035,TalChhapar_TC,2012-10-01,2014-02-01,Oct12→Feb14
5.260036774878445,444451.76004322607,3075150.6721880934,444447.77927444025,3075154.110424087,TRUE,54.03761036709517,TalChhapar_TC,2012-10-01,2014-02-01,Oct12→Feb14
3.8722012558461025,444440.3673963831,3075258.2483193274,444444.13130858965,3075259.1576638534,FALSE,78.15055586698051,TalChhapar_TC,2012-10-01,2014-02-01,Oct12→Feb14
6.040279390494297,444361.7866153741,3075123.6078546434,444361.4239231484,3075129.637235164,TRUE,141.27150619016425,TalChhapar_TC,2012-10-01,2014-02-01,Oct12→Feb14
3.949400950857421,444512.6993202177,3075233.3208804033,444510.5851145235,3075236.656731442,TRUE,48.659639416790206,TalChhapar_TC,2012-10-01,2014-02-01,Oct12→Feb14
1.3489827231226368,444469.18356450065,3075229.2287143627,444468.27355672314,3075228.232903019,FALSE,38.65651725979427,TalChhapar_TC,2012-10-01,2014-02-01,Oct12→Feb14
5.000836428107965,444426.7920333313,3075150.06100868,444431.2039720841,3075147.706616737,TRUE,72.30672661838882,TalChhapar_TC,2012-10-01,2014-02-01,Oct12→Feb14
8.55250718428955,444396.23340832064,3075113.235290361,444403.68548027263,3075117.4319560328,FALSE,119.3991941958037,TalChhapar_TC,2012-10-01,2014-02-01,Oct12→Feb14
6.700717815962612,444482.21888421196,3075159.0589744886,444484.65936282225,3075152.8184870556,TRUE,34.72141797208451,TalChhapar_TC,2012-10-01,2014-02-01,Oct12→Feb14
4.212331781431514,444545.9692839316,3075255.416978561,444547.9114684967,3075251.6791104316,TRUE,87.14298388375674,TalChhapar_TC,2012-10-01,2014-02-01,Oct12→Feb14
20.973271649598328,444548.75497198803,3075044.889482559,444552.6270494973,3075065.5022247215,FALSE,162.1234465573663,TalChhapar_TC,2012-10-01,2014-02-01,Oct12→Feb14
5.9033834228768525,444539.8034831003,3075231.4318619985,444534.8290776557,3075234.6107338597,FALSE,66.9947649932885,TalChhapar_TC,2012-10-01,2014-02-01,Oct12→Feb14
6.962579920486571,444483.7379371582,3075187.315443486,444477.16954842495,3075185.0059438436,FALSE,6.432181773915482,TalChhapar_TC,2012-10-01,2014-02-01,Oct12→Feb14
8.502656596964009,444529.2267034499,3075144.7159423395,444520.87814611255,3075143.1044959114,FALSE,66.38047614339129,TalChhapar_TC,2012-10-01,2014-02-01,Oct12→Feb14
17.930332505088497,444597.15793813556,3075225.196517909,444579.2492945915,3075224.3148659626,FALSE,117.03493892793489,TalChhapar_TC,2012-10-01,2014-02-01,Oct12→Feb14
5.835470676814018,444417.9535406433,3075193.043804975,444417.2660289564,3075198.838634196,FALSE,66.48799756009672,TalChhapar_TC,2012-10-01,2014-02-01,Oct12→Feb14
9.549435460205173,444461.37854569894,3075109.7424353054,444467.35680363595,3075117.1890553203,TRUE,87.07581683100972,TalChhapar_TC,2012-10-01,2014-02-01,Oct12→Feb14
7.994824539419974,444540.417822905,3075126.2918763054,444539.51902511436,3075118.3477349454,TRUE,87.62898457649035,TalChhapar_TC,2012-10-01,2014-02-01,Oct12→Feb14
10.873049161525554,444541.59796402574,3075260.531390328,444547.9114684967,3075251.6791104316,TRUE,87.93416427836416,TalChhapar_TC,2012-10-01,2014-02-01,Oct12→Feb14
4.811626951338307,444387.44024767476,3075094.5587607827,444386.51861072006,3075099.2812960385,TRUE,138.70635107795218,TalChhapar_TC,2012-10-01,2014-02-01,Oct12→Feb14
10.827682773814141,444516.4377515422,3075283.4697433733,444505.6105829293,3075283.3642252334,TRUE,95.29371148386254,TalChhapar_TC,2012-10-01,2014-02-01,Oct12→Feb14
4.424857877016791,444389.969048733,3075168.716345461,444394.1873902494,3075167.3803207297,TRUE,97.71936450868145,TalChhapar_TC,2012-10-01,2014-02-01,Oct12→Feb14
5.617426408552305,444433.2341422785,3075129.9090961213,444429.30327847594,3075125.89614344,FALSE,81.80668698486126,TalChhapar_TC,2012-10-01,2014-02-01,Oct12→Feb14
2.2438364219264937,444552.71324912197,3075208.4813195835,444554.45283086336,3075207.064048525,TRUE,69.85478690318288,TalChhapar_TC,2012-10-01,2014-02-01,Oct12→Feb14
4.574143263230937,444466.9865633442,3075104.225913072,444467.9844084178,3075099.7619359437,TRUE,91.16936414554,TalChhapar_TC,2012-10-01,2014-02-01,Oct12→Feb14
3.7072670029621753,444577.63602835167,3075046.230801811,444581.11060434487,3075047.5235315966,TRUE,174.4585013899071,TalChhapar_TC,2012-10-01,2014-02-01,Oct12→Feb14
13.287899615187534,444453.7571297749,3075118.2116257357,444440.8741844505,3075114.9561694004,TRUE,81.49381127530184,TalChhapar_TC,2012-10-01,2014-02-01,Oct12→Feb14
9.44661304469758,444409.6555656736,3075132.663177353,444417.7635040715,3075137.5108399806,FALSE,96.53540171124169,TalChhapar_TC,2012-10-01,2014-02-01,Oct12→Feb14
9.824070493301095,444561.1086661575,3075288.239650026,444561.47887868807,3075298.056742454,FALSE,121.71412791989216,TalChhapar_TC,2012-10-01,2014-02-01,Oct12→Feb14
10.971003151342469,444423.6624108051,3075171.2972543687,444413.2462282175,3075167.852540963,TRUE,64.77654898648899,TalChhapar_TC,2012-10-01,2014-02-01,Oct12→Feb14
3.151289011816106,444512.3119691724,3075293.856780435,444514.932966424,3075295.606350623,TRUE,103.95405683160425,TalChhapar_TC,2012-10-01,2014-02-01,Oct12→Feb14
7.297381655658367,444468.8814706869,3075204.8696062723,444464.6419339337,3075198.9300686517,TRUE,19.145819469508584,TalChhapar_TC,2012-10-01,2014-02-01,Oct12→Feb14
6.245637561144337,444416.48153441754,3075143.623494261,444417.7635040715,3075137.5108399806,TRUE,84.41982296857796,TalChhapar_TC,2012-10-01,2014-02-01,Oct12→Feb14
3.053890135934129,444597.74064477463,3075189.8975901897,444600.37458053825,3075191.4431086644,TRUE,113.36653970513883,TalChhapar_TC,2012-10-01,2014-02-01,Oct12→Feb14
16.564191167059512,444363.89798206376,3075099.4070829544,444359.70960048155,3075115.4329959936,TRUE,153.04532446872753,TalChhapar_TC,2012-10-01,2014-02-01,Oct12→Feb14
1.403050978189439,444571.0131913162,3075106.790049399,444569.7241059599,3075106.23614418,TRUE,122.6792573781546,TalChhapar_TC,2012-10-01,2014-02-01,Oct12→Feb14
7.045753796491474,444520.17671586655,3075106.078047793,444519.8065293016,3075113.114069998,TRUE,94.63875332573377,TalChhapar_TC,2012-10-01,2014-02-01,Oct12→Feb14
15.457572790651069,444612.7479945378,3075177.0616366626,444604.51063670946,3075163.9817860294,TRUE,129.38527523442136,TalChhapar_TC,2012-10-01,2014-02-01,Oct12→Feb14
9.80736269481282,444396.8028010949,3075210.851880733,444395.31697730016,3075201.157723179,TRUE,89.29630006393515,TalChhapar_TC,2012-10-01,2014-02-01,Oct12→Feb14
5.195653636241626,444455.3625671631,3075218.3559771837,444460.1314341638,3075216.293763752,TRUE,38.11622939885471,TalChhapar_TC,2012-10-01,2014-02-01,Oct12→Feb14
8.159647996157764,444452.040898549,3075257.153108517,444444.13130858965,3075259.1576638534,TRUE,71.23686309330692,TalChhapar_TC,2012-10-01,2014-02-01,Oct12→Feb14
8.832790092403867,444424.37830100756,3075204.0763595696,444417.2660289564,3075198.838634196,TRUE,60.94806206212328,TalChhapar_TC,2012-10-01,2014-02-01,Oct12→Feb14
17.883871591296423,444382.11916305416,3075246.911632827,444376.09457888675,3075230.073068497,TRUE,115.32417373454031,TalChhapar_TC,2012-10-01,2014-02-01,Oct12→Feb14
13.986050423941354,444620.77656208654,3075136.9907316216,444608.18400455196,3075130.9049201556,TRUE,147.66568208913648,TalChhapar_TC,2012-10-01,2014-02-01,Oct12→Feb14
13.312820902091671,444566.731526326,3075252.0323737594,444560.03833328845,3075240.5244474765,TRUE,100.86506133699008,TalChhapar_TC,2012-10-01,2014-02-01,Oct12→Feb14
9.891803785179803,444391.77213004266,3075107.662722937,444386.51861072006,3075099.2812960385,TRUE,126.45564878146708,TalChhapar_TC,2012-10-01,2014-02-01,Oct12→Feb14
7.708322421080463,444621.9899215371,3075079.162500692,444619.14916617237,3075086.32827654,TRUE,179.0012980748236,TalChhapar_TC,2012-10-01,2014-02-01,Oct12→Feb14
7.190110985145234,444467.076693033,3075299.4713433324,444461.3789035438,3075295.0858113333,TRUE,107.17748075760207,TalChhapar_TC,2012-10-01,2014-02-01,Oct12→Feb14
13.710070980079252,444515.8821500971,3075130.3371128556,444520.87814611255,3075143.1044959114,TRUE,70.74438082053898,TalChhapar_TC,2012-10-01,2014-02-01,Oct12→Feb14
9.340819892260123,444476.70980167773,3075048.1769249053,444468.11072991905,3075051.824784709,TRUE,145.73752910952973,TalChhapar_TC,2012-10-01,2014-02-01,Oct12→Feb14
5.773087404622407,444503.59903941775,3075171.027072836,444507.8814626144,3075167.15545951,TRUE,29.692173071832222,TalChhapar_TC,2012-10-01,2014-02-01,Oct12→Feb14
10.169480393908074,444547.5370860163,3075235.81454952,444550.5782185281,3075226.1104346956,TRUE,75.85718699928225,TalChhapar_TC,2012-10-01,2014-02-01,Oct12→Feb14
1.8815290467718486,444332.6216751786,3075155.8731879303,444330.74024699803,3075155.853705752,TRUE,156.46033876776076,TalChhapar_TC,2012-10-01,2014-02-01,Oct12→Feb14
11.97915026313316,444336.08437909966,3075168.6947548366,444345.30401315796,3075161.0463308906,TRUE,150.44796524825364,TalChhapar_TC,2012-10-01,2014-02-01,Oct12→Feb14
8.953515767373913,444402.3636146958,3075206.681340292,444395.31697730016,3075201.157723179,TRUE,83.09338162717509,TalChhapar_TC,2012-10-01,2014-02-01,Oct12→Feb14
11.869327905491962,444456.98121250904,3075111.424677323,444467.35680363595,3075117.1890553203,TRUE,86.74480325489375,TalChhapar_TC,2012-10-01,2014-02-01,Oct12→Feb14
2.243698425525513,444577.7099130379,3075225.9471916216,444579.2492945915,3075224.3148659626,TRUE,98.68579888402448,TalChhapar_TC,2012-10-01,2014-02-01,Oct12→Feb14
12.984739343880827,444363.1230765461,3075229.4869090854,444376.09457888675,3075230.073068497,TRUE,126.48079489371297,TalChhapar_TC,2012-10-01,2014-02-01,Oct12→Feb14
13.03114087916463,444417.0109817135,3075084.157667936,444404.49790605076,3075080.5198705154,TRUE,128.6390727343486,TalChhapar_TC,2012-10-01,2014-02-01,Oct12→Feb14
5.648337597102189,444509.2860118908,3075295.7313390668,444514.932966424,3075295.606350623,TRUE,105.00424272661881,TalChhapar_TC,2012-10-01,2014-02-01,Oct12→Feb14
1.3215463711324933,444529.7503754214,3075090.233334117,444529.6800812355,3075088.913658574,TRUE,112.96232697156414,TalChhapar_TC,2012-10-01,2014-02-01,Oct12→Feb14
10.343470297746272,444500.41471320763,3075216.0342308055,444508.5153596889,3075222.46594165,TRUE,27.452634916681017,TalChhapar_TC,2012-10-01,2014-02-01,Oct12→Feb14
2.2588529469621594,444504.2815596939,3075264.7962418264,444502.03355486103,3075265.01735471,TRUE,73.80446325327462,TalChhapar_TC,2012-10-01,2014-02-01,Oct12→Feb14
11.857844494672703,444465.2686174772,3075176.9778654496,444467.325938315,3075165.2998559005,TRUE,25.444393268612036,TalChhapar_TC,2012-10-01,2014-02-01,Oct12→Feb14
9.552200948195233,444511.20814291824,3075069.980833195,444518.13338409824,3075063.401655621,FALSE,126.59141319993427,TalChhapar_TC,2012-10-01,2014-02-01,Oct12→Feb14
12.517940426136636,444343.5070128951,3075173.43461659,444345.30401315796,3075161.0463308906,FALSE,142.3821193543925,TalChhapar_TC,2012-10-01,2014-02-01,Oct12→Feb14
18.406571363690386,444342.64390609646,3075108.5363341547,444359.70960048155,3075115.4329959936,FALSE,165.40880734796198,TalChhapar_TC,2012-10-01,2014-02-01,Oct12→Feb14
10.692051227579393,444555.33441274863,3075093.8734738645,444544.83829884784,3075095.9110097378,FALSE,122.44787750914546,TalChhapar_TC,2012-10-01,2014-02-01,Oct12→Feb14
23.51491768380214,444314.31890382286,3075172.6849517548,444330.74024699803,3075155.853705752,FALSE,171.41354760647494,TalChhapar_TC,2012-10-01,2014-02-01,Oct12→Feb14
8.520312959783046,444591.8930999872,3075192.25564826,444600.37458053825,3075191.4431086644,FALSE,107.4647266632214,TalChhapar_TC,2012-10-01,2014-02-01,Oct12→Feb14
2.6405169215252235,444580.01665954693,3075049.9267823934,444581.11060434487,3075047.5235315966,FALSE,172.65190312404758,TalChhapar_TC,2012-10-01,2014-02-01,Oct12→Feb14
6.7177598705805295,444346.16283300635,3075154.3836943144,444345.30401315796,3075161.0463308906,TRUE,143.7587892883704,TalChhapar_TC,2012-10-01,2014-02-01,Oct12→Feb14
9.281592609420121,444596.7623493003,3075140.347613139,444595.07138943276,3075149.473872838,TRUE,124.3551065680283,TalChhapar_TC,2012-10-01,2014-02-01,Oct12→Feb14
7.999236199393989,444462.6684867837,3075105.7392896186,444467.9844084178,3075099.7619359437,TRUE,90.62372602021232,TalChhapar_TC,2012-10-01,2014-02-01,Oct12→Feb14
3.3000183612971403,444460.3411123212,3075254.509434883,444459.69770062383,3075251.2727479083,FALSE,65.4011857581943,TalChhapar_TC,2012-10-01,2014-02-01,Oct12→Feb14
10.68343561746846,444452.6951362876,3075123.2655018996,444445.0622473472,3075130.7404469172,TRUE,77.26554374155744,TalChhapar_TC,2012-10-01,2014-02-01,Oct12→Feb14
18.754858967410932,444598.62144237425,3075210.115849263,444600.37458053825,3075191.4431086644,FALSE,115.35589774090585,TalChhapar_TC,2012-10-01,2014-02-01,Oct12→Feb14
8.494234369960738,444499.51935049344,3075172.5723385517,444493.8909060626,3075178.934148893,FALSE,25.965668736802154,TalChhapar_TC,2012-10-01,2014-02-01,Oct12→Feb14
7.731190142609185,444399.3626012602,3075086.299139131,444404.49790605076,3075080.5198705154,FALSE,137.0212435241188,TalChhapar_TC,2012-10-01,2014-02-01,Oct12→Feb14
8.369300834058476,444376.07936447195,3075134.1729048397,444378.916940725,3075142.0464909007,FALSE,123.63750259742712,TalChhapar_TC,2012-10-01,2014-02-01,Oct12→Feb14
3.365338501679363,444480.1060683536,3075070.90082849,444478.5607637501,3075067.9112571306,TRUE,122.88494959162647,TalChhapar_TC,2012-10-01,2014-02-01,Oct12→Feb14
7.364590720485125,444350.01871940773,3075155.388704051,444345.30401315796,3075161.0463308906,TRUE,139.7750826048535,TalChhapar_TC,2012-10-01,2014-02-01,Oct12→Feb14
6.887535354364239,444425.72232660966,3075151.8767133965,444431.2039720841,3075147.706616737,TRUE,72.09388056876809,TalChhapar_TC,2012-10-01,2014-02-01,Oct12→Feb14
16.632004927369213,444573.6546121103,3075134.5653674556,444559.1703944169,3075126.390342947,TRUE,107.04009862211338,TalChhapar_TC,2012-10-01,2014-02-01,Oct12→Feb14
5.758414692564174,444435.6749497427,3075165.8540912773,444430.8299635507,3075162.7419459447,TRUE,56.158463600194864,TalChhapar_TC,2012-10-01,2014-02-01,Oct12→Feb14
4.582917403585699,444523.80620411853,3075110.8767203856,444519.8065293016,3075113.114069998,TRUE,91.71199926094843,TalChhapar_TC,2012-10-01,2014-02-01,Oct12→Feb14
5.176302528624965,444507.3505488965,3075067.1148443175,444502.1858632179,3075066.768246987,TRUE,128.65129256101895,TalChhapar_TC,2012-10-01,2014-02-01,Oct12→Feb14
10.585889149294646,444438.02004721796,3075068.2295991993,444428.58015404537,3075073.020159289,TRUE,133.79022412408636,TalChhapar_TC,2012-10-01,2014-02-01,Oct12→Feb14
5.147125646874552,444575.2881136512,3075153.4038377833,444570.758273519,3075155.8479021853,TRUE,99.38935230431221,TalChhapar_TC,2012-10-01,2014-02-01,Oct12→Feb14
6.690154919264318,444569.1300729008,3075201.6598270545,444570.2302964677,3075208.258893727,TRUE,85.0642205575055,TalChhapar_TC,2012-10-01,2014-02-01,Oct12→Feb14
6.0800432516516025,444375.2114681279,3075146.8669056934,444378.916940725,3075142.0464909007,TRUE,118.84737684851817,TalChhapar_TC,2012-10-01,2014-02-01,Oct12→Feb14
12.721041709552354,444591.7132495987,3075109.541016147,444603.47586579976,3075104.6968689277,TRUE,136.3534027197861,TalChhapar_TC,2012-10-01,2014-02-01,Oct12→Feb14
11.900564366034413,444550.0867975904,3075294.615242709,444561.47887868807,3075298.056742454,TRUE,120.38159362578446,TalChhapar_TC,2012-10-01,2014-02-01,Oct12→Feb14
6.177992004432581,444541.7509917572,3075252.143988425,444547.9114684967,3075251.6791104316,TRUE,81.84960188888526,TalChhapar_TC,2012-10-01,2014-02-01,Oct12→Feb14
12.146768957548383,444620.79199548194,3075098.363437859,444619.14916617237,3075086.32827654,TRUE,166.38271188244917,TalChhapar_TC,2012-10-01,2014-02-01,Oct12→Feb14
12.37210171884031,444390.2756353295,3075128.733513589,444385.4233403579,3075117.352646555,TRUE,114.40478436913703,TalChhapar_TC,2012-10-01,2014-02-01,Oct12→Feb14
10.89726088675183,444455.1392178584,3075189.3971400945,444444.6131676509,3075192.2171687935,TRUE,29.61462924182159,TalChhapar_TC,2012-10-01,2014-02-01,Oct12→Feb14
9.419200656742342,444444.57948179176,3075214.154665844,444447.39711929706,3075205.1667706566,TRUE,44.796508182478334,TalChhapar_TC,2012-10-01,2014-02-01,Oct12→Feb14
7.468406807606338,444409.4824078353,3075122.140748986,444403.68548027263,3075117.4319560328,TRUE,103.63610625851196,TalChhapar_TC,2012-10-01,2014-02-01,Oct12→Feb14
9.022197117866956,444501.12852240953,3075275.534080003,444505.6105829293,3075283.3642252334,TRUE,83.50955701137275,TalChhapar_TC,2012-10-01,2014-02-01,Oct12→Feb14
2.755662361873056,444481.2034852452,3075108.8583341627,444482.215232265,3075111.4215436783,TRUE,84.91269361612194,TalChhapar_TC,2012-10-01,2014-02-01,Oct12→Feb14
4.6869042222339665,444501.8924590021,3075110.0002817865,444497.7009089061,3075107.903145887,TRUE,85.50945067921944,TalChhapar_TC,2012-10-01,2014-02-01,Oct12→Feb14
7.583894893039155,444529.6147165693,3075167.6059523826,444528.72738069977,3075175.1377580627,TRUE,52.17572845268661,TalChhapar_TC,2012-10-01,2014-02-01,Oct12→Feb14
9.483012203199056,444578.350006431,3075169.5039358814,444585.9129875666,3075175.2248481154,TRUE,96.9810820418072,TalChhapar_TC,2012-10-01,2014-02-01,Oct12→Feb14
8.492830758254515,444396.02482495864,3075079.941017257,444404.49790605076,3075080.5198705154,TRUE,144.08389668561725,TalChhapar_TC,2012-10-01,2014-02-01,Oct12→Feb14
4.461016792838604,444478.4493879829,3075138.3081689156,444480.1851190286,3075134.1986788544,TRUE,55.723976280400684,TalChhapar_TC,2012-10-01,2014-02-01,Oct12→Feb14
6.720068802799161,444542.6301902429,3075152.8546480937,444542.5097914855,3075159.57363826,TRUE,71.10145640374967,TalChhapar_TC,2012-10-01,2014-02-01,Oct12→Feb14
2.0288383639286764,444555.7643296378,3075170.3538695658,444556.3181183297,3075168.4020747016,TRUE,75.05262338650344,TalChhapar_TC,2012-10-01,2014-02-01,Oct12→Feb14
7.540803523289983,444429.38558285206,3075284.219395074,444427.23400935275,3075291.446735474,TRUE,105.93796268237294,TalChhapar_TC,2012-10-01,2014-02-01,Oct12→Feb14
12.305535491405992,444413.39088834834,3075124.997090388,444403.68548027263,3075117.4319560328,TRUE,98.83876723757291,TalChhapar_TC,2012-10-01,2014-02-01,Oct12→Feb14
12.059187096281674,444521.07694398775,3075246.5242140424,444516.6269078482,3075257.73229915,TRUE,64.27909800600413,TalChhapar_TC,2012-10-01,2014-02-01,Oct12→Feb14
6.891715762462248,444496.00505894556,3075164.3805539343,444490.5108548634,3075168.5410187705,TRUE,31.52733494296139,TalChhapar_TC,2012-10-01,2014-02-01,Oct12→Feb14
8.175390903487775,444577.5680790154,3075204.6541796317,444570.2302964677,3075208.258893727,TRUE,93.77079231963195,TalChhapar_TC,2012-10-01,2014-02-01,Oct12→Feb14
11.020199969061238,444429.1623923802,3075207.138627882,444432.5068004968,3075217.6390917627,TRUE,56.88374111175427,TalChhapar_TC,2012-10-01,2014-02-01,Oct12→Feb14
7.744351231116801,444568.1769838993,3075272.538477313,444564.0441719295,3075265.989061979,TRUE,115.00524951751113,TalChhapar_TC,2012-10-01,2014-02-01,Oct12→Feb14
1.5722756002968834,444395.18952544755,3075166.1688028355,444394.1873902494,3075167.3803207297,TRUE,93.40134462685506,TalChhapar_TC,2012-10-01,2014-02-01,Oct12→Feb14
8.615585737645265,444512.0424423679,3075116.8486746205,444519.8065293016,3075113.114069998,TRUE,81.66739738397396,TalChhapar_TC,2012-10-01,2014-02-01,Oct12→Feb14
10.792628006544378,444390.8838440801,3075215.3401702684,444380.5480221761,3075218.446873482,TRUE,96.02244163408486,TalChhapar_TC,2012-10-01,2014-02-01,Oct12→Feb14
10.148466472931693,444475.2312531528,3075077.498004803,444478.5607637501,3075067.9112571306,TRUE,116.57553191701699,TalChhapar_TC,2012-10-01,2014-02-01,Oct12→Feb14
7.71370446862178,444407.34636252705,3075087.688380286,444404.49790605076,3075080.5198705154,TRUE,131.0862596792773,TalChhapar_TC,2012-10-01,2014-02-01,Oct12→Feb14
6.427517904616656,444442.70405795675,3075241.8529655086,444442.0243342465,3075235.461489772,TRUE,63.71454135895649,TalChhapar_TC,2012-10-01,2014-02-01,Oct12→Feb14
4.669839054107112,444525.8401856146,3075201.6578264995,444528.19531229074,3075197.6253613564,TRUE,42.1580533798031,TalChhapar_TC,2012-10-01,2014-02-01,Oct12→Feb14
8.885625888330758,444448.48900195415,3075122.542172691,444445.0622473472,3075130.7404469172,TRUE,79.73154021083265,TalChhapar_TC,2012-10-01,2014-02-01,Oct12→Feb14
4.243089688919068,444604.6538347821,3075159.7411133917,444604.51063670946,3075163.9817860294,TRUE,124.92254096298943,TalChhapar_TC,2012-10-01,2014-02-01,Oct12→Feb14
2.6506661268789498,444509.29588038946,3075238.9727422935,444510.5851145235,3075236.656731442,TRUE,51.639856423690944,TalChhapar_TC,2012-10-01,2014-02-01,Oct12→Feb14
6.225261868918955,444505.57519785414,3075089.5759271667,444501.8821204793,3075084.5644338923,FALSE,106.25700455358806,TalChhapar_TC,2012-10-01,2014-02-01,Oct12→Feb14
10.03713772676361,444441.8934703156,3075145.9801446605,444447.77927444025,3075154.110424087,TRUE,63.938530605123034,TalChhapar_TC,2012-10-01,2014-02-01,Oct12→Feb14
12.428695942411256,444371.9973193737,3075182.9832668705,444375.44478385604,3075194.9242664715,FALSE,112.95132979289932,TalChhapar_TC,2012-10-01,2014-02-01,Oct12→Feb14
4.586503313320385,444498.3740143138,3075179.902525396,444493.8909060626,3075178.934148893,TRUE,19.617245397186295,TalChhapar_TC,2012-10-01,2014-02-01,Oct12→Feb14
4.671018875725298,444571.6965671843,3075188.170267041,444569.76035333914,3075192.4210897004,TRUE,87.43399451369676,TalChhapar_TC,2012-10-01,2014-02-01,Oct12→Feb14
10.134186518675023,444609.8286334568,3075195.0931250765,444600.37458053825,3075191.4431086644,TRUE,125.3980615994971,TalChhapar_TC,2012-10-01,2014-02-01,Oct12→Feb14
8.801967971135342,444538.8508139596,3075089.459291759,444544.83829884784,3075095.9110097378,TRUE,117.59598359066388,TalChhapar_TC,2012-10-01,2014-02-01,Oct12→Feb14
10.459438652979916,444616.88766530965,3075076.116250748,444619.14916617237,3075086.32827654,TRUE,177.11862157323287,TalChhapar_TC,2012-10-01,2014-02-01,Oct12→Feb14
13.273570800542059,444583.8733882321,3075157.8927610703,444570.758273519,3075155.8479021853,TRUE,105.68910270694096,TalChhapar_TC,2012-10-01,2014-02-01,Oct12→Feb14
11.058573002167485,444379.7722615561,3075184.7475787196,444375.44478385604,3075194.9242664715,TRUE,105.04891321657873,TalChhapar_TC,2012-10-01,2014-02-01,Oct12→Feb14
8.866073893428526,444387.9087075446,3075213.5044472367,444380.5480221761,3075218.446873482,TRUE,98.53825848086704,TalChhapar_TC,2012-10-01,2014-02-01,Oct12→Feb14
10.160153634104933,444525.3156639347,3075238.177760807,444534.8290776557,3075234.6107338597,TRUE,60.40200565857305,TalChhapar_TC,2012-10-01,2014-02-01,Oct12→Feb14
12.128012820514746,444569.4486674254,3075232.873675855,444560.03833328845,3075240.5244474765,TRUE,93.59818121801898,TalChhapar_TC,2012-10-01,2014-02-01,Oct12→Feb14
11.846333263191458,444522.4264142719,3075237.002031386,444510.5851145235,3075236.656731442,TRUE,57.596497235521284,TalChhapar_TC,2012-10-01,2014-02-01,Oct12→Feb14
12.1505026111782,444572.03261938255,3075256.833767282,444564.0441719295,3075265.989061979,TRUE,107.9697542144256,TalChhapar_TC,2012-10-01,2014-02-01,Oct12→Feb14
22.429150712049978,444328.8949045216,3075178.206815442,444330.74024699803,3075155.853705752,TRUE,156.31394285809276,TalChhapar_TC,2012-10-01,2014-02-01,Oct12→Feb14
8.572560369156307,444603.2536152845,3075096.1271900544,444603.47586579976,3075104.6968689277,TRUE,153.75105717112424,TalChhapar_TC,2012-10-01,2014-02-01,Oct12→Feb14
11.707234655972517,444416.5401912332,3075234.7731641172,444406.59179311903,3075228.601558309,TRUE,79.3496933137719,TalChhapar_TC,2012-10-01,2014-02-01,Oct12→Feb14
7.358331618215079,444606.11214623484,3075156.7998495605,444604.51063670946,3075163.9817860294,TRUE,127.14897538904454,TalChhapar_TC,2012-10-01,2014-02-01,Oct12→Feb14
6.402587851182435,444440.20235225395,3075187.5762810847,444444.6131676509,3075192.2171687935,TRUE,44.65899539719896,TalChhapar_TC,2012-10-01,2014-02-01,Oct12→Feb14
10.585207962461274,444581.7054328447,3075058.0920133544,444581.11060434487,3075047.5235315966,TRUE,166.8921413420993,TalChhapar_TC,2012-10-01,2014-02-01,Oct12→Feb14
6.782409729563914,444449.50491314643,3075255.019372442,444444.13130858965,3075259.1576638534,TRUE,70.56379117423917,TalChhapar_TC,2012-10-01,2014-02-01,Oct12→Feb14
8.56705244092996,444389.084614987,3075217.725090477,444380.5480221761,3075218.446873482,TRUE,98.33138454522566,TalChhapar_TC,2012-10-01,2014-02-01,Oct12→Feb14
20.502138039276808,444346.27838976996,3075194.309824642,444357.0596898031,3075176.8713260316,TRUE,138.16112157994414,TalChhapar_TC,2012-10-01,2014-02-01,Oct12→Feb14
6.743578922132261,444498.2350893914,3075173.776249332,444493.8909060626,3075178.934148893,TRUE,24.2421981971987,TalChhapar_TC,2012-10-01,2014-02-01,Oct12→Feb14
3.999057075514907,444463.66509997234,3075163.690284491,444467.325938315,3075165.2998559005,TRUE,36.50573668785433,TalChhapar_TC,2012-10-01,2014-02-01,Oct12→Feb14
8.54253340621243,444432.2261042639,3075139.2254539155,444431.2039720841,3075147.706616737,TRUE,75.46259475394302,TalChhapar_TC,2012-10-01,2014-02-01,Oct12→Feb14
14.80250624549917,444547.6283852864,3075292.8339057076,444561.47887868807,3075298.056742454,TRUE,117.55282974055854,TalChhapar_TC,2012-10-01,2014-02-01,Oct12→Feb14
5.527807781137245,444564.85224670725,3075209.536876371,444570.2302964677,3075208.258893727,TRUE,81.95686111041518,TalChhapar_TC,2012-10-01,2014-02-01,Oct12→Feb14
2.294096430552443,444504.8465347633,3075281.201100449,444505.6105829293,3075283.3642252334,TRUE,89.84040740400806,TalChhapar_TC,2012-10-01,2014-02-01,Oct12→Feb14
3.955763957158688,444552.7178504069,3075147.1930080373,444556.65606994746,3075147.565157651,TRUE,82.6189069397507,TalChhapar_TC,2012-10-01,2014-02-01,Oct12→Feb14
7.159297885155546,444387.32868083875,3075220.7443099464,444380.5480221761,3075218.446873482,TRUE,100.80251365080109,TalChhapar_TC,2012-10-01,2014-02-01,Oct12→Feb14
11.587864287350152,444577.71508059115,3075097.844307481,444569.7241059599,3075106.23614418,TRUE,133.75608305902523,TalChhapar_TC,2012-10-01,2014-02-01,Oct12→Feb14
10.098847672079536,444611.56811449205,3075093.000186291,444619.14916617237,3075086.32827654,TRUE,162.18618221646207,TalChhapar_TC,2012-10-01,2014-02-01,Oct12→Feb14
9.483014547869859,444387.755655492,3075224.609469274,444380.5480221761,3075218.446873482,TRUE,101.50039623638257,TalChhapar_TC,2012-10-01,2014-02-01,Oct12→Feb14
7.1448443952932745,444510.0104610205,3075277.7348492276,444505.6105829293,3075283.3642252334,TRUE,87.83061857248332,TalChhapar_TC,2012-10-01,2014-02-01,Oct12→Feb14
13.01410555182453,444452.9619495785,3075119.778293157,444440.8741844505,3075114.9561694004,TRUE,80.35273623590169,TalChhapar_TC,2012-10-01,2014-02-01,Oct12→Feb14
10.01982612321935,444421.15509587934,3075283.481578443,444427.23400935275,3075291.446735474,TRUE,109.8353197386189,TalChhapar_TC,2012-10-01,2014-02-01,Oct12→Feb14
12.346188901095607,444414.4292016084,3075238.141128978,444406.59179311903,3075228.601558309,TRUE,82.91827292471493,TalChhapar_TC,2012-10-01,2014-02-01,Oct12→Feb14
9.341361960933847,444525.2024768015,3075120.739343361,444519.8065293016,3075113.114069998,TRUE,83.58441125546071,TalChhapar_TC,2012-10-01,2014-02-01,Oct12→Feb14
8.811558591183807,444504.6187924346,3075245.8548226124,444497.1199172574,3075250.481963834,TRUE,55.914237151214536,TalChhapar_TC,2012-10-01,2014-02-01,Oct12→Feb14
17.13390063556607,444571.26570603886,3075138.5259924047,444559.1703944169,3075126.390342947,TRUE,102.87964962440829,TalChhapar_TC,2012-10-01,2014-02-01,Oct12→Feb14
2.358007011689495,444435.31316469633,3075187.359950747,444433.47065326024,3075185.88843837,TRUE,49.53367700433134,TalChhapar_TC,2012-10-01,2014-02-01,Oct12→Feb14
12.080038267322807,444443.25910021557,3075083.0128151737,444448.1759340316,3075094.0469472087,TRUE,118.10779422006674,TalChhapar_TC,2012-10-01,2014-02-01,Oct12→Feb14
9.82919972676241,444424.8629064191,3075181.1429287465,444433.47065326024,3075185.88843837,TRUE,60.88622512283039,TalChhapar_TC,2012-10-01,2014-02-01,Oct12→Feb14
4.591139658252961,444527.5435147197,3075202.1699981173,444528.19531229074,3075197.6253613564,TRUE,43.92777516208008,TalChhapar_TC,2012-10-01,2014-02-01,Oct12→Feb14
5.132101050826548,444560.28978558036,3075121.38180777,444559.1703944169,3075126.390342947,TRUE,104.80811777849854,TalChhapar_TC,2012-10-01,2014-02-01,Oct12→Feb14
7.816050286913373,444592.7968994299,3075244.7952082255,444584.98085028375,3075244.7994311447,TRUE,119.79719054812433,TalChhapar_TC,2012-10-01,2014-02-01,Oct12→Feb14
6.270785169237875,444386.2077094373,3075221.1470006537,444380.5480221761,3075218.446873482,TRUE,101.99045503115006,TalChhapar_TC,2012-10-01,2014-02-01,Oct12→Feb14
8.049137893113812,444423.31579771725,3075238.8522297344,444427.70519031177,3075245.599218209,TRUE,75.98568693386326,TalChhapar_TC,2012-10-01,2014-02-01,Oct12→Feb14
9.18500265560097,444348.88423477893,3075152.5878270674,444345.30401315796,3075161.0463308906,TRUE,141.65402372534496,TalChhapar_TC,2012-10-01,2014-02-01,Oct12→Feb14
8.576725392558076,444453.1288965866,3075133.6541024405,444445.0622473472,3075130.7404469172,TRUE,67.726736004668,TalChhapar_TC,2012-10-01,2014-02-01,Oct12→Feb14
7.7052216255121,444467.37965523603,3075250.6744055026,444459.69770062383,3075251.2727479083,TRUE,59.46433278193341,TalChhapar_TC,2012-10-01,2014-02-01,Oct12→Feb14
8.357631776618662,444473.79315965873,3075128.8141766186,444480.1851190286,3075134.1986788544,TRUE,65.7624975194756,TalChhapar_TC,2012-10-01,2014-02-01,Oct12→Feb14
9.956339694747502,444614.35661533475,3075162.5034744833,444604.51063670946,3075163.9817860294,TRUE,133.61363045016807,TalChhapar_TC,2012-10-01,2014-02-01,Oct12→Feb14
20.15379317682296,444333.6030159116,3075177.4555369304,444345.30401315796,3075161.0463308906,TRUE,151.7084130349435,TalChhapar_TC,2012-10-01,2014-02-01,Oct12→Feb14
8.716044702565013,444570.04405765043,3075070.2947846954,444566.0185133845,3075062.564039025,TRUE,150.1982928221853,TalChhapar_TC,2012-10-01,2014-02-01,Oct12→Feb14
10.296845002653065,444477.96618876787,3075160.6432195166,444484.65936282225,3075152.8184870556,TRUE,33.69360201046407,TalChhapar_TC,2012-10-01,2014-02-01,Oct12→Feb14
5.335452844217038,444471.88686856476,3075251.2557028024,444476.5759576919,3075248.71021656,TRUE,58.899184269565325,TalChhapar_TC,2012-10-01,2014-02-01,Oct12→Feb14
14.132033734718972,444535.0358502867,3075147.579698939,444542.5097914855,3075159.57363826,TRUE,68.46948355351005,TalChhapar_TC,2012-10-01,2014-02-01,Oct12→Feb14
8.832190887638756,444596.06417060684,3075161.4001574246,444604.51063670946,3075163.9817860294,FALSE,116.20775579922523,TalChhapar_TC,2012-10-01,2014-02-01,Oct12→Feb14
8.639375662683037,444439.99462983606,3075251.5730280196,444444.13130858965,3075259.1576638534,FALSE,72.96185184972967,TalChhapar_TC,2012-10-01,2014-02-01,Oct12→Feb14
8.039038645312727,444524.5922420998,3075258.818389662,444516.6269078482,3075257.73229915,FALSE,76.49528132279258,TalChhapar_TC,2012-10-01,2014-02-01,Oct12→Feb14
3.7959275405954056,444465.2437943114,3075054.312704747,444468.11072991905,3075051.824784709,FALSE,140.7119825871843,TalChhapar_TC,2012-10-01,2014-02-01,Oct12→Feb14
8.455633232870087,444438.0971577533,3075125.9461523583,444445.0622473472,3075130.7404469172,FALSE,82.09354138635199,TalChhapar_TC,2012-10-01,2014-02-01,Oct12→Feb14
6.352759686459866,444558.057430319,3075062.205480909,444552.6270494973,3075065.5022247215,TRUE,150.70855609439258,TalChhapar_TC,2012-10-01,2014-02-01,Oct12→Feb14
4.536945301327837,444599.5654240712,3075150.0963881677,444595.07138943276,3075149.473872838,TRUE,123.11121129847248,TalChhapar_TC,2012-10-01,2014-02-01,Oct12→Feb14
4.529692971551302,444504.01673145586,3075279.1242068494,444505.6105829293,3075283.3642252334,TRUE,87.62995566883586,TalChhapar_TC,2012-10-01,2014-02-01,Oct12→Feb14
2.979164419935787,444369.6368603983,3075133.2355203805,444370.6703242965,3075130.4413527027,TRUE,135.46495185411192,TalChhapar_TC,2014-02-01,2015-11-01,Feb14→Nov15
8.981496328760608,444581.22956289334,3075038.270780847,444589.77671959606,3075041.030017807,TRUE,167.08353588243506,TalChhapar_TC,2014-02-01,2015-11-01,Feb14→Nov15
7.830548729396454,444421.3036272113,3075191.334140855,444418.7174793879,3075198.7253067195,TRUE,75.30005527723755,TalChhapar_TC,2014-02-01,2015-11-01,Feb14→Nov15
4.721675409324295,444553.15362713125,3075061.460177737,444554.4878010168,3075065.98943802,TRUE,133.3889571037842,TalChhapar_TC,2014-02-01,2015-11-01,Feb14→Nov15
11.442072748817486,444444.0599003847,3075215.6048996975,444452.0066789493,3075223.8371375,TRUE,61.88473142770891,TalChhapar_TC,2014-02-01,2015-11-01,Feb14→Nov15
3.2106499174895156,444408.11638891516,3075234.401833655,444408.17180207267,3075231.1916619656,TRUE,102.3422241758749,TalChhapar_TC,2014-02-01,2015-11-01,Feb14→Nov15
15.655327805213416,444368.5739185912,3075167.060373625,444356.3587906481,3075176.852203792,TRUE,128.32040215235492,TalChhapar_TC,2014-02-01,2015-11-01,Feb14→Nov15
10.53478071884938,444600.26572547836,3075040.0490181153,444589.77671959606,3075041.030017807,TRUE,176.11170800697718,TalChhapar_TC,2014-02-01,2015-11-01,Feb14→Nov15
6.580892174369339,444473.753917457,3075097.0467723305,444467.52006412385,3075099.155614295,TRUE,87.81837586457173,TalChhapar_TC,2014-02-01,2015-11-01,Feb14→Nov15
4.931476549414566,444437.02853947034,3075117.341154035,444441.39137352264,3075115.042210802,TRUE,87.5235424016108,TalChhapar_TC,2014-02-01,2015-11-01,Feb14→Nov15
13.97829502826649,444430.46509441425,3075099.684253649,444438.8797512056,3075110.846076214,TRUE,105.22732463738465,TalChhapar_TC,2014-02-01,2015-11-01,Feb14→Nov15
8.353027397820979,444352.4116886757,3075169.4905835404,444356.3587906481,3075176.852203792,TRUE,144.15394731140532,TalChhapar_TC,2014-02-01,2015-11-01,Feb14→Nov15
10.667740088643638,444467.6096510471,3075134.1976133105,444460.8523504734,3075142.45228275,TRUE,55.60449341506181,TalChhapar_TC,2014-02-01,2015-11-01,Feb14→Nov15
4.797889173314256,444426.69260593044,3075161.3886885364,444431.1043680805,3075163.2744497224,TRUE,72.32717637768518,TalChhapar_TC,2014-02-01,2015-11-01,Feb14→Nov15
13.67153642202333,444588.65376964706,3075260.3477947195,444598.2054607143,3075250.5663783653,TRUE,121.32504399090858,TalChhapar_TC,2014-02-01,2015-11-01,Feb14→Nov15
7.220984363123128,444628.2414045291,3075124.4247076837,444626.95477018866,3075117.3192740413,TRUE,144.208964895688,TalChhapar_TC,2014-02-01,2015-11-01,Feb14→Nov15
12.624116839680473,444492.88103283045,3075139.7041079253,444490.45531249896,3075152.092982243,TRUE,42.40730945779007,TalChhapar_TC,2014-02-01,2015-11-01,Feb14→Nov15
7.285164496817439,444383.9943409948,3075186.0814049873,444391.2789538399,3075185.991753202,TRUE,112.10244736790241,TalChhapar_TC,2014-02-01,2015-11-01,Feb14→Nov15
8.255467350669633,444576.9075767571,3075101.209791974,444569.5335878057,3075104.9215339,TRUE,114.31827224745957,TalChhapar_TC,2014-02-01,2015-11-01,Feb14→Nov15
13.524551555498746,444552.0498381595,3075085.3862799057,444544.9449238471,3075096.8942635427,TRUE,111.67952257446395,TalChhapar_TC,2014-02-01,2015-11-01,Feb14→Nov15
7.292241871549669,444600.6344128715,3075148.882263267,444593.3588166861,3075149.374697689,TRUE,109.72759879788335,TalChhapar_TC,2014-02-01,2015-11-01,Feb14→Nov15
8.076554463930442,444598.9258974843,3075232.292597245,444605.7184617738,3075227.9231805354,TRUE,114.53825142341071,TalChhapar_TC,2014-02-01,2015-11-01,Feb14→Nov15
5.681525173979345,444577.8362256976,3075133.3832754004,444572.32532009867,3075132.001375338,TRUE,95.16623969959839,TalChhapar_TC,2014-02-01,2015-11-01,Feb14→Nov15
11.624381953286422,444542.766082396,3075226.1112555102,444534.77459651034,3075234.55296204,TRUE,64.27467917642174,TalChhapar_TC,2014-02-01,2015-11-01,Feb14→Nov15
15.053044484523086,444355.4089936775,3075136.7914816714,444364.2469716908,3075148.976894791,TRUE,147.70053155466817,TalChhapar_TC,2014-02-01,2015-11-01,Feb14→Nov15
12.466542647960125,444520.6455383263,3075307.115671087,444515.12844172213,3075295.936389775,TRUE,127.52061847267302,TalChhapar_TC,2014-02-01,2015-11-01,Feb14→Nov15
8.131650724508406,444469.95991756173,3075027.1778186457,444468.8401615334,3075035.232003269,TRUE,156.99547906260693,TalChhapar_TC,2014-02-01,2015-11-01,Feb14→Nov15
5.831752936259723,444574.4037112647,3075108.1295301286,444569.5335878057,3075104.9215339,TRUE,107.70210710258391,TalChhapar_TC,2014-02-01,2015-11-01,Feb14→Nov15
9.46788074406173,444481.90655190655,3075143.603935623,444481.0779960429,3075134.1723789666,TRUE,40.90380405840739,TalChhapar_TC,2014-02-01,2015-11-01,Feb14→Nov15
6.651666189810356,444399.0296788917,3075166.419795653,444392.3793275879,3075166.5520478236,TRUE,98.23517301369588,TalChhapar_TC,2014-02-01,2015-11-01,Feb14→Nov15
8.731227799070933,444390.1637948569,3075104.924401436,444384.0340860566,3075098.7066036826,TRUE,130.94228993485285,TalChhapar_TC,2014-02-01,2015-11-01,Feb14→Nov15
2.5518733655990675,444564.9679133475,3075296.809914749,444562.4566399767,3075296.3565233825,TRUE,133.92529317196258,TalChhapar_TC,2014-02-01,2015-11-01,Feb14→Nov15
8.604377596865307,444346.16946199816,3075124.6739307474,444342.1017916592,3075117.0917561357,TRUE,160.44177351336407,TalChhapar_TC,2014-02-01,2015-11-01,Feb14→Nov15
3.0697614116217853,444555.1369183845,3075145.178002823,444552.70581425907,3075147.05234747,TRUE,69.64212425569087,TalChhapar_TC,2014-02-01,2015-11-01,Feb14→Nov15
16.889529311640313,444484.79592462856,3075285.4880062114,444501.6353302547,3075284.187768338,TRUE,104.10019584626032,TalChhapar_TC,2014-02-01,2015-11-01,Feb14→Nov15
8.891995223994458,444360.0524014318,3075156.817376881,444364.2469716908,3075148.976894791,TRUE,138.28129518404694,TalChhapar_TC,2014-02-01,2015-11-01,Feb14→Nov15
5.707666109915293,444468.131001663,3075124.853887237,444465.814262721,3075119.637550103,TRUE,63.58475159866601,TalChhapar_TC,2014-02-01,2015-11-01,Feb14→Nov15
7.891586732884771,444590.3245619663,3075084.6720028496,444582.8684476712,3075087.257249604,TRUE,135.51630773526895,TalChhapar_TC,2014-02-01,2015-11-01,Feb14→Nov15
12.552657324529786,444518.0755044142,3075130.5052724187,444520.12455034483,3075118.120983312,TRUE,56.01364186399373,TalChhapar_TC,2014-02-01,2015-11-01,Feb14→Nov15
16.06999188009947,444622.94465610787,3075136.9311438883,444619.6963948452,3075152.669423267,TRUE,134.6849393957991,TalChhapar_TC,2014-02-01,2015-11-01,Feb14→Nov15
2.7873024140480305,444608.19150334666,3075229.208917727,444605.7184617738,3075227.9231805354,TRUE,121.7008480611584,TalChhapar_TC,2014-02-01,2015-11-01,Feb14→Nov15
17.208438059644227,444450.6907784643,3075283.6430269,444459.56962020916,3075268.902046277,TRUE,111.29817401955049,TalChhapar_TC,2014-02-01,2015-11-01,Feb14→Nov15
2.9467052968236667,444498.4376335997,3075040.967991301,444497.194243755,3075043.6395177934,TRUE,141.04760702454823,TalChhapar_TC,2014-02-01,2015-11-01,Feb14→Nov15
5.6696216100970656,444358.68015885924,3075150.0516990055,444364.2469716908,3075148.976894791,TRUE,141.00789906598504,TalChhapar_TC,2014-02-01,2015-11-01,Feb14→Nov15
6.3310724274781025,444590.98719580815,3075034.81574187,444589.77671959606,3075041.030017807,TRUE,175.15719909554073,TalChhapar_TC,2014-02-01,2015-11-01,Feb14→Nov15
21.2029854639226,444577.80850640655,3075281.7316545043,444562.4566399767,3075296.3565233825,TRUE,128.98218355088392,TalChhapar_TC,2014-02-01,2015-11-01,Feb14→Nov15
9.012297048831153,444498.125093062,3075052.603613825,444497.194243755,3075043.6395177934,TRUE,129.4083881506312,TalChhapar_TC,2014-02-01,2015-11-01,Feb14→Nov15
5.353976987817211,444559.9749696845,3075175.5777140423,444554.7313408691,3075176.6591142607,TRUE,64.27384295226823,TalChhapar_TC,2014-02-01,2015-11-01,Feb14→Nov15
11.948432256093966,444615.988263091,3075221.8161178795,444605.7184617738,3075227.9231805354,TRUE,126.40239317131088,TalChhapar_TC,2014-02-01,2015-11-01,Feb14→Nov15
9.544503736541404,444535.08717616973,3075069.47536428,444541.70655063086,3075076.35151388,TRUE,119.10799967328362,TalChhapar_TC,2014-02-01,2015-11-01,Feb14→Nov15
6.964851105301546,444504.7317551414,3075251.688300282,444504.7603635774,3075244.7235079324,TRUE,70.23548063892261,TalChhapar_TC,2014-02-01,2015-11-01,Feb14→Nov15
6.600046391538434,444447.3012443154,3075045.5395468394,444443.52032315906,3075050.9492832082,TRUE,144.8923987103361,TalChhapar_TC,2014-02-01,2015-11-01,Feb14→Nov15
6.004700667823482,444421.5733945559,3075204.0073686903,444418.7174793879,3075198.7253067195,TRUE,77.63494537635204,TalChhapar_TC,2014-02-01,2015-11-01,Feb14→Nov15
3.0433587004390614,444481.2439492646,3075065.9627593094,444478.201944184,3075066.0535187135,TRUE,116.96948531548723,TalChhapar_TC,2014-02-01,2015-11-01,Feb14→Nov15
5.266514606686385,444416.2010442932,3075160.0765939737,444413.0666741105,3075164.3088392005,TRUE,82.775857922429,TalChhapar_TC,2014-02-01,2015-11-01,Feb14→Nov15
9.18808564869271,444419.0178338634,3075243.316670054,444416.64703401655,3075252.1936191907,TRUE,98.43801281975027,TalChhapar_TC,2014-02-01,2015-11-01,Feb14→Nov15
12.566398515039099,444559.6620365788,3075097.145490689,444569.5335878057,3075104.9215339,TRUE,106.06339377173754,TalChhapar_TC,2014-02-01,2015-11-01,Feb14→Nov15
8.26820062786382,444447.3425152414,3075256.562881018,444439.9027300832,3075260.1701983623,TRUE,89.05111439109366,TalChhapar_TC,2014-02-01,2015-11-01,Feb14→Nov15
5.885889850106494,444475.1195649989,3075144.7337816465,444472.6125498657,3075150.059058583,TRUE,42.72371322762982,TalChhapar_TC,2014-02-01,2015-11-01,Feb14→Nov15
7.127202835888688,444561.4695036512,3075067.4222145514,444554.4878010168,3075065.98943802,TRUE,131.94787951730765,TalChhapar_TC,2014-02-01,2015-11-01,Feb14→Nov15
9.968285562630491,444498.7274871025,3075119.6191332173,444504.63062822557,3075127.65154518,TRUE,62.43441703960429,TalChhapar_TC,2014-02-01,2015-11-01,Feb14→Nov15
12.490014583004005,444536.6810274989,3075300.5967718707,444538.9356132767,3075288.311931324,TRUE,125.37756525319519,TalChhapar_TC,2014-02-01,2015-11-01,Feb14→Nov15
6.787793777971394,444554.3946747946,3075183.4385537896,444554.7313408691,3075176.6591142607,TRUE,58.39024286074578,TalChhapar_TC,2014-02-01,2015-11-01,Feb14→Nov15
4.924602268154262,444530.4577059592,3075187.9446543586,444526.41935627064,3075185.1262435843,TRUE,34.94564187223759,TalChhapar_TC,2014-02-01,2015-11-01,Feb14→Nov15
14.830483587400849,444612.75298970204,3075179.9483568147,444606.2422025568,3075166.6234592847,TRUE,116.7486479043512,TalChhapar_TC,2014-02-01,2015-11-01,Feb14→Nov15
6.807548462257664,444566.1645390145,3075150.718139355,444570.64371583966,3075155.8445114675,TRUE,76.79956471305067,TalChhapar_TC,2014-02-01,2015-11-01,Feb14→Nov15
11.768717161142998,444546.156309164,3075224.5152259786,444544.51961581246,3075212.8608732084,TRUE,65.73733752043937,TalChhapar_TC,2014-02-01,2015-11-01,Feb14→Nov15
11.099025796466604,444393.6075020203,3075084.052345276,444403.75697706745,3075079.5605160384,TRUE,141.70932964446624,TalChhapar_TC,2014-02-01,2015-11-01,Feb14→Nov15
9.845694370735886,444539.17546602746,3075176.500536974,444529.79518629063,3075173.509207888,TRUE,43.50155848404522,TalChhapar_TC,2014-02-01,2015-11-01,Feb14→Nov15
9.764686469618624,444486.96330690436,3075024.481320354,444496.496456077,3075022.3675160343,TRUE,157.77388204183046,TalChhapar_TC,2014-02-01,2015-11-01,Feb14→Nov15
11.110739242687155,444424.3439115692,3075037.147040771,444414.198838089,3075032.616476722,TRUE,161.61279533009903,TalChhapar_TC,2014-02-01,2015-11-01,Feb14→Nov15
8.166350020951434,444475.6081791429,3075208.7110075625,444472.70594927436,3075216.3442463544,TRUE,33.62268717141828,TalChhapar_TC,2014-02-01,2015-11-01,Feb14→Nov15
18.632041065287268,444599.8416984273,3075056.7095954604,444589.77671959606,3075041.030017807,TRUE,162.711041506994,TalChhapar_TC,2014-02-01,2015-11-01,Feb14→Nov15
4.919252697725233,444364.2084597278,3075153.8959967345,444364.2469716908,3075148.976894791,TRUE,134.77549004086958,TalChhapar_TC,2014-02-01,2015-11-01,Feb14→Nov15
2.9945306650033934,444464.72450861253,3075100.2289657225,444467.52006412385,3075099.155614295,TRUE,87.55124893497998,TalChhapar_TC,2014-02-01,2015-11-01,Feb14→Nov15
6.431440712221753,444387.6954438001,3075180.651164711,444391.2789538399,3075185.991753202,TRUE,108.33517110835834,TalChhapar_TC,2014-02-01,2015-11-01,Feb14→Nov15
8.561559908696275,444462.6042125139,3075043.2040626477,444464.94453609025,3075051.4395464603,TRUE,142.75737562552737,TalChhapar_TC,2014-02-01,2015-11-01,Feb14→Nov15
13.350321890898092,444403.236554372,3075191.928661834,444391.2789538399,3075185.991753202,FALSE,93.31597048478925,TalChhapar_TC,2014-02-01,2015-11-01,Feb14→Nov15
7.000152737266662,444448.65161166736,3075173.6860634093,444441.6514793892,3075173.6691390565,TRUE,48.09383884146064,TalChhapar_TC,2014-02-01,2015-11-01,Feb14→Nov15
3.4090424345216466,444551.2541170526,3075113.5144894016,444552.1712222364,3075110.2311239936,FALSE,87.97797774532141,TalChhapar_TC,2014-02-01,2015-11-01,Feb14→Nov15
0.987166062099122,444464.1288968238,3075163.0386577058,444464.691532711,3075162.227524121,FALSE,37.10158593336046,TalChhapar_TC,2014-02-01,2015-11-01,Feb14→Nov15
9.996606594011585,444578.27872298774,3075211.520327118,444569.0934114466,3075207.5754322796,FALSE,87.39492070082389,TalChhapar_TC,2014-02-01,2015-11-01,Feb14→Nov15
3.68228924940079,444492.01861510857,3075208.9770491193,444491.70987700816,3075212.646372613,TRUE,27.27755197613877,TalChhapar_TC,2014-02-01,2015-11-01,Feb14→Nov15
7.854535068665259,444602.50998428627,3075220.753843512,444605.7184617738,3075227.9231805354,FALSE,113.32204300677884,TalChhapar_TC,2014-02-01,2015-11-01,Feb14→Nov15
8.2065320263774435,444577.62244674517,3075123.4543895996,444572.5095769405,3075117.03522063,TRUE,100.4269899609643,TalChhapar_TC,2014-02-01,2015-11-01,Feb14→Nov15
8.876760947862095,444389.834560807,3075091.9871262033,444384.0340860566,3075098.7066036826,FALSE,139.20213409333618,TalChhapar_TC,2014-02-01,2015-11-01,Feb14→Nov15
8.255702556276853,444424.36800206895,3075244.953438185,444429.39928756724,3075238.407997716,FALSE,95.38401949308218,TalChhapar_TC,2014-02-01,2015-11-01,Feb14→Nov15
4.961854861373546,444628.5529240589,3075122.01671035,444626.95477018866,3075117.3192740413,FALSE,145.47080994859024,TalChhapar_TC,2014-02-01,2015-11-01,Feb14→Nov15
11.165258158744752,444554.3069041547,3075226.540956032,444560.5516823843,3075217.2853774647,FALSE,73.35834638303052,TalChhapar_TC,2014-02-01,2015-11-01,Feb14→Nov15
14.94612953333594,444377.3766915733,3075080.7406171467,444364.34584744397,3075088.0607188744,FALSE,155.97823219334785,TalChhapar_TC,2014-02-01,2015-11-01,Feb14→Nov15
5.556609465087119,444476.5546404882,3075107.9917589454,444481.923166643,3075109.425228747,TRUE,76.52095328300076,TalChhapar_TC,2014-02-01,2015-11-01,Feb14→Nov15
13.765244070298124,444351.1342900628,3075153.164916381,444364.2469716908,3075148.976894791,TRUE,147.72846295248502,TalChhapar_TC,2014-02-01,2015-11-01,Feb14→Nov15
12.129817879002694,444508.1538973035,3075019.0154202976,444496.496456077,3075022.3675160343,FALSE,163.43038936934252,TalChhapar_TC,2014-02-01,2015-11-01,Feb14→Nov15
9.39200897981139,444491.6498105884,3075295.150391869,444500.8379241887,3075297.0967734205,FALSE,113.23992313962792,TalChhapar_TC,2014-02-01,2015-11-01,Feb14→Nov15
6.151685833808352,444372.350539544,3075124.523573109,444370.6703242965,3075130.4413527027,FALSE,136.37321903463712,TalChhapar_TC,2014-02-01,2015-11-01,Feb14→Nov15
7.088277181771107,444419.6838318129,3075121.6498465966,444426.17757515353,3075124.491495912,TRUE,97.30922987641596,TalChhapar_TC,2014-02-01,2015-11-01,Feb14→Nov15
9.644537913886747,444451.45314899576,3075140.290773288,444460.8523504734,3075142.45228275,TRUE,61.03804587718619,TalChhapar_TC,2014-02-01,2015-11-01,Feb14→Nov15
0.7989835336067127,444601.20187730755,3075079.569033504,444600.87139123277,3075078.841604029,TRUE,146.81215525586558,TalChhapar_TC,2014-02-01,2015-11-01,Feb14→Nov15
11.651433164454382,444622.30995830585,3075185.0518103573,444628.65549392125,3075175.2799081607,TRUE,126.32466929556755,TalChhapar_TC,2014-02-01,2015-11-01,Feb14→Nov15
6.46115685952023,444386.5208882249,3075092.7431849535,444384.0340860566,3075098.7066036826,TRUE,141.2672166703392,TalChhapar_TC,2014-02-01,2015-11-01,Feb14→Nov15
8.49420437599634,444377.00760547677,3075093.9337556185,444384.0340860566,3075098.7066036826,TRUE,148.05154827410638,TalChhapar_TC,2014-02-01,2015-11-01,Feb14→Nov15
6.535649027556738,444363.56124894007,3075117.592623206,444359.26932973,3075112.6637148373,TRUE,147.28740717451623,TalChhapar_TC,2014-02-01,2015-11-01,Feb14→Nov15
11.557654514541516,444610.07073271525,3075146.272079565,444619.6963948452,3075152.669423267,TRUE,119.5122186919018,TalChhapar_TC,2014-02-01,2015-11-01,Feb14→Nov15
4.876819302729582,444471.6766002172,3075251.965662662,444476.4860512973,3075251.157858961,TRUE,74.08520460342983,TalChhapar_TC,2014-02-01,2015-11-01,Feb14→Nov15
3.041479368853325,444572.97559539945,3075134.9725264255,444572.32532009867,3075132.001375338,TRUE,90.18269094811026,TalChhapar_TC,2014-02-01,2015-11-01,Feb14→Nov15
13.489213272077595,444609.5564946294,3075143.7732837494,444619.6963948452,3075152.669423267,TRUE,119.79528735219036,TalChhapar_TC,2014-02-01,2015-11-01,Feb14→Nov15
11.241834620332124,444375.3997431002,3075086.013712169,444364.34584744397,3075088.0607188744,TRUE,154.1498885116047,TalChhapar_TC,2014-02-01,2015-11-01,Feb14→Nov15
3.6110453367173965,444582.78427524306,3075194.205737685,444580.4288356592,3075196.9428077955,TRUE,87.61705216434248,TalChhapar_TC,2014-02-01,2015-11-01,Feb14→Nov15
9.827153944142228,444629.51757286885,3075152.326761816,444619.6963948452,3075152.669423267,TRUE,136.75230295103196,TalChhapar_TC,2014-02-01,2015-11-01,Feb14→Nov15
9.027095304579294,444469.55300759163,3075140.046661136,444460.8523504734,3075142.45228275,TRUE,49.60119477285276,TalChhapar_TC,2014-02-01,2015-11-01,Feb14→Nov15
8.203287062852533,444425.10231137346,3075168.8663397357,444431.1043680805,3075163.2744497224,TRUE,72.12490271670339,TalChhapar_TC,2014-02-01,2015-11-01,Feb14→Nov15
12.657399986953065,444468.0454721991,3075083.0202995786,444480.70096428675,3075083.2400595592,TRUE,102.85269339990387,TalChhapar_TC,2014-02-01,2015-11-01,Feb14→Nov15
11.7349048826553,444423.14075502864,3075040.2158263028,444414.198838089,3075032.616476722,TRUE,159.41463895806848,TalChhapar_TC,2014-02-01,2015-11-01,Feb14→Nov15
11.739456144811614,444484.7798027876,3075021.6361705125,444496.496456077,3075022.3675160343,TRUE,160.75235799301572,TalChhapar_TC,2014-02-01,2015-11-01,Feb14→Nov15
13.575804127139783,444479.73187335447,3075020.2852342855,444479.2759117672,3075006.7170893596,TRUE,162.52814700887984,TalChhapar_TC,2014-02-01,2015-11-01,Feb14→Nov15
12.912760670299518,444517.1468274996,3075095.0101643563,444527.8591378089,3075087.800046745,TRUE,89.51309125514817,TalChhapar_TC,2014-02-01,2015-11-01,Feb14→Nov15
10.53797869119814,444493.1744878216,3075080.7511812802,444503.1137037041,3075084.2527498626,TRUE,101.28377839390295,TalChhapar_TC,2014-02-01,2015-11-01,Feb14→Nov15
2.472341184946584,444527.66370537586,3075290.940207974,444525.75564298336,3075292.512393981,TRUE,113.44715230258822,TalChhapar_TC,2014-02-01,2015-11-01,Feb14→Nov15
11.413345156652703,444346.85242919857,3075170.5360705084,444356.3587906481,3075176.852203792,TRUE,149.6093238817524,TalChhapar_TC,2014-02-01,2015-11-01,Feb14→Nov15
10.023050182224162,444426.5356352219,3075062.2324495353,444427.8818381413,3075072.1646835566,TRUE,138.46097761616437,TalChhapar_TC,2014-02-01,2015-11-01,Feb14→Nov15
15.506208573999034,444482.2326737093,3075284.07530859,444477.5466288522,3075269.2941216305,TRUE,103.00757154994263,TalChhapar_TC,2014-02-01,2015-11-01,Feb14→Nov15
1.7708944455217386,444580.9118739946,3075224.524318086,444579.14305385755,3075224.6100062407,TRUE,94.94731724867961,TalChhapar_TC,2014-02-01,2015-11-01,Feb14→Nov15
10.486633651779686,444527.6926047762,3075022.715443638,444527.53775957634,3075033.2009340087,TRUE,162.39753620008833,TalChhapar_TC,2014-02-01,2015-11-01,Feb14→Nov15
10.961637936781706,444436.39206632733,3075246.8494757544,444429.39928756724,3075238.407997716,TRUE,88.10151187800864,TalChhapar_TC,2014-02-01,2015-11-01,Feb14→Nov15
7.073300440068739,444475.23441625485,3075138.157871957,444481.0779960429,3075134.1723789666,TRUE,48.51620095261277,TalChhapar_TC,2014-02-01,2015-11-01,Feb14→Nov15
7.781750347821146,444522.3435897048,3075299.5062148897,444525.75564298336,3075292.512393981,TRUE,120.42307354227587,TalChhapar_TC,2014-02-01,2015-11-01,Feb14→Nov15
10.192225805303947,444524.2261538217,3075278.2886344283,444514.4727597459,3075281.247142645,TRUE,100.33911818590883,TalChhapar_TC,2014-02-01,2015-11-01,Feb14→Nov15
9.450851725926897,444614.33679854247,3075161.7334366026,444607.0448128394,3075167.74555294,TRUE,102.20229540620774,TalChhapar_TC,2015-11-01,2015-12-01,Nov15→Dec15
8.27833686889011,444429.3473828921,3075188.1586555354,444424.6565606091,3075194.9797293236,TRUE,85.70696789549183,TalChhapar_TC,2015-11-01,2015-12-01,Nov15→Dec15
7.75330787196657,444475.7558137517,3075001.676885196,444480.55145009496,3075007.769147093,TRUE,168.69133365327653,TalChhapar_TC,2015-11-01,2015-12-01,Nov15→Dec15
7.529276012036266,444516.59889261774,3075209.8164288783,444520.57419866323,3075203.422139308,TRUE,43.658956279724535,TalChhapar_TC,2015-11-01,2015-12-01,Nov15→Dec15
11.747109868842125,444516.38247357827,3075181.7615709514,444518.27351395856,3075170.167669255,TRUE,15.933859562495071,TalChhapar_TC,2015-11-01,2015-12-01,Nov15→Dec15
5.417445259901274,444572.55057525093,3075214.410220859,444570.9234391951,3075209.2429061406,TRUE,77.1018207503507,TalChhapar_TC,2015-11-01,2015-12-01,Nov15→Dec15
5.261201934266156,444585.82120438304,3075091.3220715323,444583.4131323187,3075086.644311948,TRUE,105.10580445386049,TalChhapar_TC,2015-11-01,2015-12-01,Nov15→Dec15
8.722535324375018,444506.05823700276,3075127.603481876,444514.72188301693,3075128.615341662,TRUE,39.26184210301036,TalChhapar_TC,2015-11-01,2015-12-01,Nov15→Dec15
10.275301155723104,444389.22954353224,3075219.255260822,444398.0701161441,3075224.492253254,TRUE,133.8948307368723,TalChhapar_TC,2015-11-01,2015-12-01,Nov15→Dec15
13.652767508122372,444418.5772582075,3075137.8341413112,444431.1194465461,3075143.2278016927,TRUE,97.91487131870024,TalChhapar_TC,2015-11-01,2015-12-01,Nov15→Dec15
6.762904485331204,444429.88592501683,3075190.6913001277,444424.6565606091,3075194.9797293236,TRUE,85.86875887195764,TalChhapar_TC,2015-11-01,2015-12-01,Nov15→Dec15
17.119754355709816,444502.31749260984,3075280.8912210683,444489.27976942604,3075269.7960075336,TRUE,114.94468271467626,TalChhapar_TC,2015-11-01,2015-12-01,Nov15→Dec15
14.421528804657967,444412.3982975817,3075236.7043369347,444425.9598587877,3075241.6099001765,TRUE,122.12490229435228,TalChhapar_TC,2015-11-01,2015-12-01,Nov15→Dec15
13.847989066307157,444595.936469543,3075080.7339121355,444583.4131323187,3075086.644311948,TRUE,119.74808005429202,TalChhapar_TC,2015-11-01,2015-12-01,Nov15→Dec15
7.676222909365733,444440.71621469193,3075195.6663186015,444443.95062151185,3075188.704780648,TRUE,77.28903583686349,TalChhapar_TC,2015-11-01,2015-12-01,Nov15→Dec15
2.5683984357616128,444569.7624167875,3075180.6039317567,444568.72672950436,3075178.253607869,TRUE,59.25601406636373,TalChhapar_TC,2015-11-01,2015-12-01,Nov15→Dec15
7.942292692150815,444467.3839228566,3075187.3287791894,444464.02756266034,3075180.1305252733,TRUE,49.50859945649199,TalChhapar_TC,2015-11-01,2015-12-01,Nov15→Dec15
6.614111507223246,444568.80422504205,3075215.5083193276,444570.9234391951,3075209.2429061406,TRUE,74.92353430759566,TalChhapar_TC,2015-11-01,2015-12-01,Nov15→Dec15
12.846122120843004,444422.11383909994,3075013.0900129797,444430.4194090718,3075022.8900313973,TRUE,177.81787778553263,TalChhapar_TC,2015-11-01,2015-12-01,Nov15→Dec15
7.092378930956139,444508.18464854185,3075140.922177673,444502.94185988395,3075145.698683298,TRUE,25.774467591706614,TalChhapar_TC,2015-11-01,2015-12-01,Nov15→Dec15
9.636627430554471,444524.79469962296,3075190.107508445,444530.8195345075,3075182.5864744172,TRUE,26.848159562379564,TalChhapar_TC,2015-11-01,2015-12-01,Nov15→Dec15
13.637428873546328,444556.32611101156,3075204.4426893624,444546.6120343728,3075214.0143235666,TRUE,58.24679167363112,TalChhapar_TC,2015-11-01,2015-12-01,Nov15→Dec15
3.872441853594514,444553.6460505254,3075178.538965737,444556.10156904306,3075175.544598572,TRUE,43.155641581483856,TalChhapar_TC,2015-11-01,2015-12-01,Nov15→Dec15
14.60314651744426,444418.56144917937,3075039.5927923936,444426.4020991545,3075051.912536554,TRUE,157.63740649043734,TalChhapar_TC,2015-11-01,2015-12-01,Nov15→Dec15
7.64447917175257,444494.52647553117,3075231.376993155,444486.92798660387,3075230.5397191085,TRUE,67.37171280606063,TalChhapar_TC,2015-11-01,2015-12-01,Nov15→Dec15
12.32478792738768,444470.5614386122,3075026.594860898,444473.2447391837,3075038.6240044874,TRUE,145.86212732183776,TalChhapar_TC,2015-11-01,2015-12-01,Nov15→Dec15
4.184623274055649,444532.41943763563,3075223.251586906,444530.9585630298,3075219.330245639,TRUE,60.34970253243738,TalChhapar_TC,2015-11-01,2015-12-01,Nov15→Dec15
11.836498406733629,444384.5275204247,3075198.089853396,444395.0547895536,3075203.5008883453,TRUE,131.5912859272137,TalChhapar_TC,2015-11-01,2015-12-01,Nov15→Dec15
11.643324384101074,444479.12659698987,3075089.986791309,444488.2632269737,3075082.7695206855,FALSE,83.25712404762186,TalChhapar_TC,2015-11-01,2015-12-01,Nov15→Dec15
6.3308866008916596,444431.0570336658,3075047.621649717,444426.4020991545,3075051.912536554,FALSE,143.8512273843704,TalChhapar_TC,2015-11-01,2015-12-01,Nov15→Dec15
7.775581856958959,444502.37383399555,3075250.2231646823,444496.1849434516,3075254.9303195607,FALSE,84.42601889140838,TalChhapar_TC,2015-11-01,2015-12-01,Nov15→Dec15
3.6920969856758226,444485.871597565,3075227.0019765585,444486.92798660387,3075230.5397191085,TRUE,66.11238664195912,TalChhapar_TC,2015-11-01,2015-12-01,Nov15→Dec15
18.670416789911265,444532.10080861754,3075268.7805528007,444517.48358887655,3075257.1649878058,TRUE,104.31310457860971,TalChhapar_TC,2015-11-01,2015-12-01,Nov15→Dec15
13.44252352556601,444561.3355847301,3075252.1010065167,444560.71408680984,3075238.6728577586,TRUE,98.78876875233738,TalChhapar_TC,2015-11-01,2015-12-01,Nov15→Dec15
17.408453755843706,444599.7853692682,3075080.7278840193,444583.4131323187,3075086.644311948,TRUE,122.47337675003007,TalChhapar_TC,2015-11-01,2015-12-01,Nov15→Dec15
6.831079371321541,444557.7640354269,3075105.3538559284,444553.9154115375,3075110.9975904664,TRUE,76.1320836327115,TalChhapar_TC,2015-11-01,2015-12-01,Nov15→Dec15
2.0190735879089723,444425.29555809626,3075123.635593397,444425.309999356,3075125.6546153394,TRUE,96.88159117623879,TalChhapar_TC,2015-11-01,2015-12-01,Nov15→Dec15
2.3804196302090612,444542.15125624044,3075120.445698607,444541.405351891,3075122.7062348966,TRUE,54.81095965515645,TalChhapar_TC,2015-11-01,2015-12-01,Nov15→Dec15
10.676261042231111,444412.3894672446,3075194.1901904712,444413.72661991976,3075183.5979965264,TRUE,103.65219011397042,TalChhapar_TC,2015-11-01,2015-12-01,Nov15→Dec15
7.703548089683153,444406.0106793765,3075146.1135855634,444400.9753940108,3075140.2834436735,TRUE,108.14441795420754,TalChhapar_TC,2015-11-01,2015-12-01,Nov15→Dec15
8.539718535663699,444564.1744147766,3075185.478787679,444568.72672950436,3075178.253607869,TRUE,55.336391783160806,TalChhapar_TC,2015-11-01,2015-12-01,Nov15→Dec15
9.705885651514958,444544.01895131374,3075106.639935231,444547.61090242944,3075097.6231673253,TRUE,67.66279661155842,TalChhapar_TC,2015-11-01,2015-12-01,Nov15→Dec15
10.366076183383539,444415.0449657116,3075089.6566501227,444406.8527247255,3075083.305057955,TRUE,123.82516374221689,TalChhapar_TC,2015-11-01,2015-12-01,Nov15→Dec15
12.752796325095023,444461.7798743322,3075201.9361966634,444474.5255879371,3075201.511227475,FALSE,61.73149746916638,TalChhapar_TC,2015-11-01,2015-12-01,Nov15→Dec15
4.2821901142093655,444493.46740404965,3075268.901095005,444489.27976942604,3075269.7960075336,FALSE,104.22995739004477,TalChhapar_TC,2015-11-01,2015-12-01,Nov15→Dec15
8.787229022306725,444434.8444712391,3075049.47496656,444426.4020991545,3075051.912536554,TRUE,140.19924009383976,TalChhapar_TC,2015-11-01,2015-12-01,Nov15→Dec15
12.211470188614042,444452.315328768,3075024.926821124,444459.51612280216,3075015.064338199,TRUE,153.61876657568976,TalChhapar_TC,2015-11-01,2015-12-01,Nov15→Dec15
13.281152619133808,444457.8005788373,3075198.534032534,444448.2464667687,3075207.7594299493,TRUE,63.22825948207762,TalChhapar_TC,2015-11-01,2015-12-01,Nov15→Dec15
20.202988591018784,444583.39058103,3075225.140425522,444570.9234391951,3075209.2429061406,TRUE,92.28060684926398,TalChhapar_TC,2015-11-01,2015-12-01,Nov15→Dec15
12.233677177600605,444480.21933964797,3075099.392733702,444468.55281094793,3075103.0744405584,TRUE,74.24303325453546,TalChhapar_TC,2015-11-01,2015-12-01,Nov15→Dec15
10.082288434519302,444496.87067329214,3075244.5305621848,444487.0268959906,3075246.7106054216,TRUE,79.65181505970295,TalChhapar_TC,2015-11-01,2015-12-01,Nov15→Dec15
4.6601980443786895,444547.6865502518,3075140.274854407,444551.63482256705,3075137.7992551792,TRUE,44.019412303626595,TalChhapar_TC,2015-11-01,2015-12-01,Nov15→Dec15
10.324593625406518,444576.26515477954,3075100.096170542,444569.6466036998,3075108.0203118287,TRUE,92.15306306142823,TalChhapar_TC,2015-11-01,2015-12-01,Nov15→Dec15
8.62930155558929,444484.17756093305,3075262.8366746753,444489.27976942604,3075269.7960075336,TRUE,100.46012062410313,TalChhapar_TC,2015-11-01,2015-12-01,Nov15→Dec15
7.792536248129377,444401.7012081754,3075066.209451049,444397.4923369243,3075072.7675776086,TRUE,149.17131549349165,TalChhapar_TC,2015-11-01,2015-12-01,Nov15→Dec15
12.651027216310318,444510.3701152105,3075056.534802827,444507.85564936674,3075044.1361758406,TRUE,109.85672596427506,TalChhapar_TC,2015-11-01,2015-12-01,Nov15→Dec15
14.010801090192674,444459.17165633646,3075235.8944921196,444462.47166155366,3075222.2778657842,TRUE,87.45925842513428,TalChhapar_TC,2015-11-01,2015-12-01,Nov15→Dec15
16.093457634203787,444622.5756453168,3075163.527422882,444607.0448128394,3075167.74555294,TRUE,110.3724158140342,TalChhapar_TC,2015-11-01,2015-12-01,Nov15→Dec15
13.152726549493142,444377.9923294175,3075179.0016664765,444388.76969773736,3075186.541066173,TRUE,134.84009113225943,TalChhapar_TC,2015-11-01,2015-12-01,Nov15→Dec15
10.015258533640017,444484.3210021921,3075152.0796809373,444484.1060033491,3075162.092631501,TRUE,31.366276417007395,TalChhapar_TC,2015-11-01,2015-12-01,Nov15→Dec15
6.498163899428049,444410.916790083,3075158.8355868217,444413.1218547012,3075164.94818235,TRUE,101.60335526777504,TalChhapar_TC,2015-11-01,2015-12-01,Nov15→Dec15
15.467077549704504,444381.40040951164,3075043.476233179,444395.85387800646,3075037.9691707683,TRUE,179.5083627637668,TalChhapar_TC,2015-11-01,2015-12-01,Nov15→Dec15
9.333378525606756,444423.49478925025,3075162.416617882,444432.435483055,3075165.0954140653,TRUE,88.83345871005211,TalChhapar_TC,2015-11-01,2015-12-01,Nov15→Dec15
21.60579087875672,444443.61878928373,3075092.3505917415,444444.11592283647,3075113.950662522,TRUE,100.93845855234277,TalChhapar_TC,2015-11-01,2015-12-01,Nov15→Dec15
3.8671434181143067,444471.95011494035,3075155.9757366553,444473.4201546169,3075152.3988970495,TRUE,41.61046822185563,TalChhapar_TC,2015-11-01,2015-12-01,Nov15→Dec15
9.32976889126662,444416.0193069593,3075198.5071131918,444424.6565606091,3075194.9797293236,TRUE,101.44383706426112,TalChhapar_TC,2015-11-01,2015-12-01,Nov15→Dec15
9.979695248692062,444477.2217884928,3075108.0184415276,444468.55281094793,3075103.0744405584,TRUE,68.0575761197719,TalChhapar_TC,2015-11-01,2015-12-01,Nov15→Dec15
5.547681558975636,444526.97166379314,3075215.472603204,444530.9585630298,3075219.330245639,TRUE,51.25950352835684,TalChhapar_TC,2015-11-01,2015-12-01,Nov15→Dec15
17.626304107962547,444459.8507420678,3075270.3865073565,444477.4177014652,3075268.94133123,TRUE,116.45985860110278,TalChhapar_TC,2015-11-01,2015-12-01,Nov15→Dec15
8.619819248540324,444396.3739694538,3075147.5723514054,444400.9753940108,3075140.2834436735,TRUE,117.38183932692722,TalChhapar_TC,2015-11-01,2015-12-01,Nov15→Dec15
17.58512676812926,444427.0231137916,3075004.7143624355,444426.0432070919,3074987.1565588624,TRUE,182.746478502716,TalChhapar_TC,2015-11-01,2015-12-01,Nov15→Dec15
7.051311458155907,444440.3879238091,3075223.791332178,444434.2668548724,3075220.2908310206,TRUE,91.97436245707095,TalChhapar_TC,2015-11-01,2015-12-01,Nov15→Dec15
17.59397037510573,444499.4713436707,3075107.279907557,444493.16625399934,3075123.70530368,FALSE,60.4594139211026,TalChhapar_TC,2015-11-01,2015-12-01,Nov15→Dec15
8.092842410692704,444495.0138898326,3075230.20465604,444486.92798660387,3075230.5397191085,TRUE,66.11266852561059,TalChhapar_TC,2015-11-01,2015-12-01,Nov15→Dec15
11.233507558033562,444548.5158904133,3075239.5398319024,444545.3778353272,3075228.7535302965,TRUE,81.66360321337953,TalChhapar_TC,2015-11-01,2015-12-01,Nov15→Dec15
11.620738684038292,444383.1594532623,3075171.0804518755,444394.1899695553,3075167.424049563,TRUE,129.16624606733131,TalChhapar_TC,2015-11-01,2015-12-01,Nov15→Dec15
10.576378985974019,444391.863355193,3075028.1745028244,444395.85387800646,3075037.9691707683,TRUE,183.27596711994204,TalChhapar_TC,2015-11-01,2015-12-01,Nov15→Dec15
4.310073573736693,444461.0767138146,3075019.081960618,444459.51612280216,3075015.064338199,TRUE,155.9265874166114,TalChhapar_TC,2015-11-01,2015-12-01,Nov15→Dec15
11.95625264770225,444541.1975817104,3075110.751787652,444541.405351891,3075122.7062348966,TRUE,62.7100668956144,TalChhapar_TC,2015-11-01,2015-12-01,Nov15→Dec15
10.802563544948802,444483.8721464898,3075260.2790267696,444477.4177014652,3075268.94133123,TRUE,98.09477639882644,TalChhapar_TC,2015-11-01,2015-12-01,Nov15→Dec15
10.135278128302707,444588.713121253,3075203.603835836,444580.4946871311,3075197.6724613477,TRUE,85.05340139475523,TalChhapar_TC,2015-11-01,2015-12-01,Nov15→Dec15
6.992192019292111,444439.4432787089,3075245.667428079,444442.52816546697,3075239.392539799,TRUE,107.64084809658361,TalChhapar_TC,2015-11-01,2015-12-01,Nov15→Dec15
25.22083409513497,444621.8569941712,3075146.2179396874,444596.7268826429,3075148.355219975,FALSE,111.45501594784876,TalChhapar_TC,2015-11-01,2015-12-01,Nov15→Dec15
5.673366995804302,444509.65020089224,3075230.4783456507,444509.3016732002,3075236.140997107,FALSE,64.15502450634155,TalChhapar_TC,2015-11-01,2015-12-01,Nov15→Dec15
6.501621145117201,444543.058679214,3075083.8163042683,444544.3224935915,3075077.438698861,FALSE,88.12395570572522,TalChhapar_TC,2015-11-01,2015-12-01,Nov15→Dec15
9.021900044647307,444453.619758618,3075078.4208452054,444449.30760959705,3075070.49619687,FALSE,105.6994432111773,TalChhapar_TC,2015-11-01,2015-12-01,Nov15→Dec15
9.879965375710219,444534.1255440548,3075154.209655956,444530.0742063108,3075163.220781208,TRUE,25.03973325857513,TalChhapar_TC,2015-11-01,2015-12-01,Nov15→Dec15
12.244382266648412,444542.0010295265,3075240.5230706306,444545.3778353272,3075228.7535302965,FALSE,79.89721577349357,TalChhapar_TC,2015-11-01,2015-12-01,Nov15→Dec15
5.644084559814387,444412.6680327053,3075178.0540734003,444413.72661991976,3075183.5979965264,FALSE,100.25447649411184,TalChhapar_TC,2015-11-01,2015-12-01,Nov15→Dec15
7.9106676095456665,444481.2217448003,3075086.3745436855,444488.2632269737,3075082.7695206855,FALSE,85.80386055024384,TalChhapar_TC,2015-11-01,2015-12-01,Nov15→Dec15
8.030809670663393,444478.3819943633,3075073.212230451,444478.50804140535,3075065.1824100227,TRUE,99.1250703673265,TalChhapar_TC,2015-11-01,2015-12-01,Nov15→Dec15
9.470661822577021,444510.97559462994,3075264.045354529,444517.48358887655,3075257.1649878058,FALSE,97.67792418186627,TalChhapar_TC,2015-11-01,2015-12-01,Nov15→Dec15
19.984135739938104,444406.9184639976,3075247.6754558575,444425.9598587877,3075241.6099001765,FALSE,133.04994179510436,TalChhapar_TC,2015-11-01,2015-12-01,Nov15→Dec15
10.2925336448772,444523.80926893995,3075190.1225493574,444530.8195345075,3075182.5864744172,TRUE,26.415246885847544,TalChhapar_TC,2015-11-01,2015-12-01,Nov15→Dec15
1.448671865464062,444544.04073300114,3075229.3110314566,444545.3778353272,3075228.7535302965,TRUE,70.51350466233292,TalChhapar_TC,2015-11-01,2015-12-01,Nov15→Dec15
10.251554112058004,444522.3385181547,3075248.135922327,444517.48358887655,3075257.1649878058,TRUE,82.38160214820437,TalChhapar_TC,2015-11-01,2015-12-01,Nov15→Dec15
12.268808312837,444595.7169916913,3075122.135382095,444586.92512892315,3075130.692648392,TRUE,94.47544023739559,TalChhapar_TC,2015-11-01,2015-12-01,Nov15→Dec15
15.91150849937824,444511.0923231238,3075190.644418894,444520.57419866323,3075203.422139308,TRUE,24.295925833508587,TalChhapar_TC,2015-11-01,2015-12-01,Nov15→Dec15
9.535535236841385,444405.15114971326,3075218.105908772,444398.0701161441,3075224.492253254,TRUE,118.92872649841284,TalChhapar_TC,2015-11-01,2015-12-01,Nov15→Dec15
9.603454517903511,444500.2509386196,3075136.479937102,444502.94185988395,3075145.698683298,TRUE,32.21007192503494,TalChhapar_TC,2015-11-01,2015-12-01,Nov15→Dec15
5.345348451122696,444496.22779689665,3075189.9402951,444495.0953261515,3075195.1643031472,TRUE,28.490074607180915,TalChhapar_TC,2015-11-01,2015-12-01,Nov15→Dec15
8.719585883013274,444523.244124847,3075130.4599478967,444514.72188301693,3075128.615341662,TRUE,37.56362840273534,TalChhapar_TC,2015-11-01,2015-12-01,Nov15→Dec15
4.14740157275469,444513.4982869912,3075256.0168115613,444517.48358887655,3075257.1649878058,TRUE,89.65002845309067,TalChhapar_TC,2015-11-01,2015-12-01,Nov15→Dec15
12.081803585933732,444462.6848878464,3075130.7805624693,444461.89631960716,3075142.836604026,TRUE,61.01405852557603,TalChhapar_TC,2015-11-01,2015-12-01,Nov15→Dec15
6.355618988168369,444526.6129337534,3075223.9680682872,444530.9585630298,3075219.330245639,TRUE,59.358844643212024,TalChhapar_TC,2015-11-01,2015-12-01,Nov15→Dec15
8.10797516945655,444548.0093384492,3075206.0276595154,444546.6120343728,3075214.0143235666,TRUE,53.40160449924578,TalChhapar_TC,2015-11-01,2015-12-01,Nov15→Dec15
13.768306024631144,444536.8203211078,3075223.552549262,444546.5390838504,3075213.8000161787,TRUE,82.34134346637639,TalChhapar_TC,2015-12-01,2018-01-01,Dec15→Jan18
3.234261226957469,444462.03245635255,3075013.5385297835,444459.0088927262,3075014.6867931164,TRUE,141.9397472928521,TalChhapar_TC,2015-12-01,2018-01-01,Dec15→Jan18
9.615703415288705,444429.4626143832,3075173.191506814,444431.94927267387,3075163.9028964383,TRUE,72.43830230952462,TalChhapar_TC,2015-12-01,2018-01-01,Dec15→Jan18
14.538545493537946,444453.03074497404,3075031.8383893217,444445.40133736015,3075044.214230486,TRUE,127.25690165505696,TalChhapar_TC,2015-12-01,2018-01-01,Dec15→Jan18
9.764602232300685,444583.9846919482,3075187.0108514964,444580.3976222435,3075196.0927228723,TRUE,93.0030094953259,TalChhapar_TC,2015-12-01,2018-01-01,Dec15→Jan18
8.065984007840346,444429.85371439304,3075098.818898863,444421.92484358384,3075097.3379850555,FALSE,85.95197703204343,TalChhapar_TC,2015-12-01,2018-01-01,Dec15→Jan18
12.692886002810953,444380.84225457406,3075150.3340062317,444368.35420560685,3075148.0628857873,TRUE,117.497600072768,TalChhapar_TC,2015-12-01,2018-01-01,Dec15→Jan18
9.242152218633024,444385.68306528084,3075169.5914809764,444394.1149451531,3075165.807200404,TRUE,114.21972150234923,TalChhapar_TC,2015-12-01,2018-01-01,Dec15→Jan18
17.767423657576543,444428.59013980656,3075080.8681590185,444421.92484358384,3075097.3379850555,TRUE,98.73839577713622,TalChhapar_TC,2015-12-01,2018-01-01,Dec15→Jan18
10.629134660822242,444566.91611822514,3075178.2512493143,444556.6042590356,3075175.67364118,TRUE,73.88355422081308,TalChhapar_TC,2015-12-01,2018-01-01,Dec15→Jan18
10.73524982003072,444595.12858023116,3075156.5777186723,444597.29602358356,3075146.063548329,FALSE,96.96439080770455,TalChhapar_TC,2015-12-01,2018-01-01,Dec15→Jan18
4.123280914657487,444519.7052767012,3075208.3672915655,444520.300016985,3075204.2871286403,TRUE,61.44541185561471,TalChhapar_TC,2015-12-01,2018-01-01,Dec15→Jan18
10.500827960696062,444504.9566259744,3075190.723254964,444495.09982688463,3075194.344152583,TRUE,40.51108766865307,TalChhapar_TC,2015-12-01,2018-01-01,Dec15→Jan18
9.459951735481626,444426.2461006005,3075133.097161212,444425.5799082258,3075123.6606960604,TRUE,74.22429223727558,TalChhapar_TC,2015-12-01,2018-01-01,Dec15→Jan18
8.22450667223812,444443.96801225236,3075272.0325628896,444441.7040963127,3075264.1257813307,TRUE,132.90652245187732,TalChhapar_TC,2015-12-01,2018-01-01,Dec15→Jan18
10.639371297466615,444553.99233682663,3075193.290436667,444544.0674488474,3075189.4573151967,TRUE,70.04594915512402,TalChhapar_TC,2015-12-01,2018-01-01,Dec15→Jan18
12.981379167977085,444499.7780182496,3075007.5456238026,444499.15734537883,3074994.5790911014,TRUE,143.21791702315585,TalChhapar_TC,2015-12-01,2018-01-01,Dec15→Jan18
2.47537344842079,444476.06334766885,3075149.2427411163,444474.2488342317,3075150.9264913043,TRUE,22.327110175143492,TalChhapar_TC,2015-12-01,2018-01-01,Dec15→Jan18
9.918080442497418,444446.38370330876,3075146.991193134,444450.5306401278,3075156.0007011495,TRUE,52.091639659566034,TalChhapar_TC,2015-12-01,2018-01-01,Dec15→Jan18
21.759093294857376,444552.28434074705,3075064.630823445,444565.78327618574,3075081.6964873066,TRUE,101.62523931579406,TalChhapar_TC,2015-12-01,2018-01-01,Dec15→Jan18
7.844899545114562,444427.3382944271,3075103.0157485977,444421.92484358384,3075097.3379850555,TRUE,85.55860677806497,TalChhapar_TC,2015-12-01,2018-01-01,Dec15→Jan18
3.3435426760167766,444483.3659341539,3075231.4196884837,444486.70947136957,3075231.425731148,TRUE,82.04130574392505,TalChhapar_TC,2015-12-01,2018-01-01,Dec15→Jan18
6.806996601744215,444560.37214575446,3075085.82624156,444565.78327618574,3075081.6964873066,TRUE,89.79985168925487,TalChhapar_TC,2015-12-01,2018-01-01,Dec15→Jan18
9.14753296573992,444494.03461579775,3075236.904747343,444486.70947136957,3075231.425731148,TRUE,86.25590665448982,TalChhapar_TC,2015-12-01,2018-01-01,Dec15→Jan18
8.151452737748967,444441.079198312,3075065.0480859643,444448.3100855695,3075068.8111234615,TRUE,103.07568039353568,TalChhapar_TC,2015-12-01,2018-01-01,Dec15→Jan18
11.178745637692742,444498.1075595326,3075076.925298106,444487.9165739558,3075081.5196606303,TRUE,73.83137710044156,TalChhapar_TC,2015-12-01,2018-01-01,Dec15→Jan18
4.265296481953673,444524.83257394953,3075112.597626697,444520.6828453471,3075111.6114692017,TRUE,46.45416735145642,TalChhapar_TC,2015-12-01,2018-01-01,Dec15→Jan18
14.802719813639616,444532.83766653156,3075120.0601872024,444520.6828453471,3075111.6114692017,TRUE,46.17795442389602,TalChhapar_TC,2015-12-01,2018-01-01,Dec15→Jan18
12.206458838912914,444414.75758900633,3075244.919031914,444426.4169333808,3075241.3055396774,TRUE,125.9066561298538,TalChhapar_TC,2015-12-01,2018-01-01,Dec15→Jan18
13.675912483352956,444558.08146038855,3075137.2941015833,444570.0174194035,3075130.6185143697,TRUE,61.24035637562666,TalChhapar_TC,2015-12-01,2018-01-01,Dec15→Jan18
21.540965672923733,444614.43873847666,3075201.773473222,444597.97700774856,3075187.8801430394,TRUE,126.81434370861214,TalChhapar_TC,2015-12-01,2018-01-01,Dec15→Jan18
10.322855919170498,444389.58505611523,3075030.0477747135,444396.335957922,3075037.857171561,TRUE,162.47458922201136,TalChhapar_TC,2015-12-01,2018-01-01,Dec15→Jan18
12.091776977783029,444527.3918777722,3075139.543867668,444539.3190529306,3075137.555510753,TRUE,31.14133998448348,TalChhapar_TC,2015-12-01,2018-01-01,Dec15→Jan18
4.004354125124945,444392.33388559305,3075037.9923345493,444396.335957922,3075037.857171561,TRUE,154.76698362608985,TalChhapar_TC,2015-12-01,2018-01-01,Dec15→Jan18
9.392142843617982,444502.292711119,3075117.88654562,444493.9188875743,3075122.1399473688,TRUE,33.106685529672895,TalChhapar_TC,2015-12-01,2018-01-01,Dec15→Jan18
3.627741636422842,444563.5724836333,3075078.8202213817,444565.78327618574,3075081.6964873066,TRUE,97.10919654539781,TalChhapar_TC,2015-12-01,2018-01-01,Dec15→Jan18
4.855762515219553,444498.39102636866,3075120.248280324,444493.9188875743,3075122.1399473688,TRUE,30.50807602915183,TalChhapar_TC,2015-12-01,2018-01-01,Dec15→Jan18
10.125911556248354,444484.747354501,3075015.37719778,444480.218968949,3075006.3202772695,TRUE,136.0596929236182,TalChhapar_TC,2015-12-01,2018-01-01,Dec15→Jan18
5.952871796957962,444498.6114677395,3075028.324061719,444500.00946239004,3075022.5376730706,TRUE,122.43255340567825,TalChhapar_TC,2015-12-01,2018-01-01,Dec15→Jan18
11.99722021533512,444370.41592191905,3075136.244145637,444368.35420560685,3075148.0628857873,FALSE,128.74370421022573,TalChhapar_TC,2015-12-01,2018-01-01,Dec15→Jan18
11.953041459761266,444550.9859496921,3075224.89508645,444546.5390838504,3075213.8000161787,TRUE,90.92991304584193,TalChhapar_TC,2015-12-01,2018-01-01,Dec15→Jan18
19.585194673229154,444482.2117924142,3074984.759310803,444499.15734537883,3074994.5790911014,TRUE,166.77857887041523,TalChhapar_TC,2015-12-01,2018-01-01,Dec15→Jan18
7.052599296796192,444455.46961558826,3075142.943166172,444462.3369058608,3075141.3370898496,TRUE,43.57565349355129,TalChhapar_TC,2015-12-01,2018-01-01,Dec15→Jan18
4.895311381428834,444565.13035759784,3075104.141522761,444569.2377231844,3075106.804908099,TRUE,81.44943985543469,TalChhapar_TC,2015-12-01,2018-01-01,Dec15→Jan18
14.856590763449606,444484.0289090664,3075029.2313367757,444471.5618265551,3075037.3115683794,TRUE,122.36462349550833,TalChhapar_TC,2015-12-01,2018-01-01,Dec15→Jan18
20.81406723263731,444620.0537132742,3075182.067691104,444607.03555476206,3075165.827218706,TRUE,125.67756592447813,TalChhapar_TC,2015-12-01,2018-01-01,Dec15→Jan18
8.48395203557677,444500.7152484933,3075039.758850843,444508.2406365132,3075043.67624504,TRUE,111.02289187226879,TalChhapar_TC,2015-12-01,2018-01-01,Dec15→Jan18
15.880417019934585,444391.9898964348,3075010.332822189,444402.63996687654,3074998.553024045,TRUE,176.15024474575574,TalChhapar_TC,2015-12-01,2018-01-01,Dec15→Jan18
6.120229564303056,444473.4150023685,3075066.650514054,444478.9421749128,3075064.022287735,TRUE,87.72112461592873,TalChhapar_TC,2015-12-01,2018-01-01,Dec15→Jan18
11.74544083851513,444522.5563839867,3075279.7241471736,444533.99076099717,3075277.038927839,TRUE,131.22187134797016,TalChhapar_TC,2015-12-01,2018-01-01,Dec15→Jan18
8.637120059798395,444551.60179154965,3075220.797789659,444546.5390838504,3075213.8000161787,TRUE,87.99274593601247,TalChhapar_TC,2015-12-01,2018-01-01,Dec15→Jan18
12.577093581878124,444520.54179813614,3075230.931231757,444509.10670385836,3075236.167824335,TRUE,83.19241388204625,TalChhapar_TC,2015-12-01,2018-01-01,Dec15→Jan18
3.776950243320304,444583.50504270964,3075172.3801977583,444587.032011484,3075173.731435859,TRUE,87.86825908303678,TalChhapar_TC,2015-12-01,2018-01-01,Dec15→Jan18
12.087177505854108,444473.7225826299,3074984.986115518,444461.8179298068,3074982.893485302,TRUE,167.5879793126659,TalChhapar_TC,2015-12-01,2018-01-01,Dec15→Jan18
7.334422624799513,444450.5016397607,3075239.2434026985,444443.1823680583,3075239.714589483,TRUE,100.5901952777619,TalChhapar_TC,2015-12-01,2018-01-01,Dec15→Jan18
6.166338656350778,444494.4999126486,3074990.5377976466,444499.15734537883,3074994.5790911014,TRUE,160.26450548399757,TalChhapar_TC,2015-12-01,2018-01-01,Dec15→Jan18
12.1963370256784,444619.8488608686,3075140.2364154113,444620.08825074456,3075152.4304028368,TRUE,121.96430319003852,TalChhapar_TC,2015-12-01,2018-01-01,Dec15→Jan18
12.803299174057866,444561.24683168856,3075161.6140602226,444571.5821111275,3075154.0571780177,TRUE,63.837872278882315,TalChhapar_TC,2015-12-01,2018-01-01,Dec15→Jan18
8.815559407202432,444500.62846921076,3075233.7525345134,444509.10670385836,3075236.167824335,TRUE,83.0277914718094,TalChhapar_TC,2015-12-01,2018-01-01,Dec15→Jan18
11.247956404534488,444423.4776106909,3075135.2222361807,444431.9604022915,3075142.608627041,TRUE,76.45619306480846,TalChhapar_TC,2015-12-01,2018-01-01,Dec15→Jan18
15.491992436499054,444552.1193953781,3075251.4576505986,444559.8466412821,3075238.03038355,TRUE,114.1625165937737,TalChhapar_TC,2015-12-01,2018-01-01,Dec15→Jan18
22.43409414649943,444620.16896659473,3075184.0151837873,444607.03555476206,3075165.827218706,FALSE,126.2880436868754,TalChhapar_TC,2015-12-01,2018-01-01,Dec15→Jan18
3.7055201127349893,444537.6350543412,3075276.3681034744,444533.99076099717,3075277.038927839,FALSE,131.61494779070625,TalChhapar_TC,2015-12-01,2018-01-01,Dec15→Jan18
4.879321354801104,444459.9631598367,3075227.1619387274,444462.06761074305,3075222.75977298,FALSE,85.50165043571681,TalChhapar_TC,2015-12-01,2018-01-01,Dec15→Jan18
9.18351507931979,444492.18863267923,3075206.7373993555,444501.25953482604,3075205.3036338743,FALSE,56.31793959135976,TalChhapar_TC,2015-12-01,2018-01-01,Dec15→Jan18
17.104776119796302,444556.7603315106,3075145.427565321,444545.5013871245,3075158.3042705446,FALSE,58.66375655790226,TalChhapar_TC,2015-12-01,2018-01-01,Dec15→Jan18
11.660287832784782,444590.1401185909,3075155.26981446,444597.29602358356,3075146.063548329,FALSE,91.91191164473993,TalChhapar_TC,2015-12-01,2018-01-01,Dec15→Jan18
7.7809813173802604,444563.42960912804,3075179.4097175146,444556.6042590356,3075175.67364118,FALSE,71.11815924010318,TalChhapar_TC,2015-12-01,2018-01-01,Dec15→Jan18
4.814394978793038,444478.62266034074,3075200.5727012837,444474.18123739684,3075202.4307005424,FALSE,53.57621160636671,TalChhapar_TC,2015-12-01,2018-01-01,Dec15→Jan18
10.292055793623359,444498.6064758237,3075004.8563940157,444499.15734537883,3074994.5790911014,TRUE,145.9001631432059,TalChhapar_TC,2015-12-01,2018-01-01,Dec15→Jan18
11.16703929793029,444476.9620250669,3075225.9768728036,444486.70947136957,3075231.425731148,FALSE,78.19918090501037,TalChhapar_TC,2015-12-01,2018-01-01,Dec15→Jan18
13.20225175259951,444471.84332193853,3075231.633043063,444462.06761074305,3075222.75977298,FALSE,85.10623732070499,TalChhapar_TC,2015-12-01,2018-01-01,Dec15→Jan18
5.306989187254522,444476.4968679759,3075263.0902132345,444477.7041480145,3075268.258056996,FALSE,114.4377046465664,TalChhapar_TC,2015-12-01,2018-01-01,Dec15→Jan18
5.566482480854147,444401.89822845353,3075037.640668112,444396.335957922,3075037.857171561,FALSE,148.6471991243139,TalChhapar_TC,2015-12-01,2018-01-01,Dec15→Jan18
18.671516948750686,444386.8141739572,3075021.7960017626,444396.335957922,3075037.857171561,TRUE,170.49507274981482,TalChhapar_TC,2015-12-01,2018-01-01,Dec15→Jan18
6.804752659656393,444420.59981491935,3075119.023527806,444425.5799082258,3075123.6606960604,TRUE,83.96645391344602,TalChhapar_TC,2015-12-01,2018-01-01,Dec15→Jan18
3.3447378955527176,444442.87065356964,3075046.4012172585,444445.40133736015,3075044.214230486,FALSE,118.18093715182188,TalChhapar_TC,2015-12-01,2018-01-01,Dec15→Jan18
10.10975545938557,444410.3294650598,3075139.2691120217,444400.2198335861,3075139.319181115,TRUE,88.75613137592964,TalChhapar_TC,2015-12-01,2018-01-01,Dec15→Jan18
7.673919127037608,444427.5552394889,3075102.5521654054,444421.92484358384,3075097.3379850555,TRUE,85.63874162785022,TalChhapar_TC,2015-12-01,2018-01-01,Dec15→Jan18
17.404516965353157,444460.3660407073,3075242.4783921335,444443.1823680583,3075239.714589483,TRUE,99.27181303354723,TalChhapar_TC,2015-12-01,2018-01-01,Dec15→Jan18
10.333007012021646,444378.60357339936,3075083.376386677,444384.2234530733,3075092.04748732,FALSE,137.3923202517816,TalChhapar_TC,2015-12-01,2018-01-01,Dec15→Jan18
5.945669472362216,444502.68854979245,3075082.930971362,444508.11910257384,3075085.351731979,FALSE,67.96465702383419,TalChhapar_TC,2015-12-01,2018-01-01,Dec15→Jan18
15.634562214084202,444512.3712116316,3075012.9654898653,444500.00946239004,3075022.5376730706,TRUE,138.50346921331536,TalChhapar_TC,2015-12-01,2018-01-01,Dec15→Jan18
18.79502353349404,444363.5326085675,3075072.1912398203,444365.1285694331,3075053.464098593,TRUE,156.0296752892153,TalChhapar_TC,2015-12-01,2018-01-01,Dec15→Jan18
8.57924884675676,444418.5997566916,3075048.6826944924,444426.51650096354,3075051.9885485284,TRUE,129.52754769672785,TalChhapar_TC,2015-12-01,2018-01-01,Dec15→Jan18
9.061256417820005,444589.3434382355,3075185.1291713323,444597.97700774856,3075187.8801430394,TRUE,97.27941099582415,TalChhapar_TC,2015-12-01,2018-01-01,Dec15→Jan18
16.091962779689844,444557.8655634267,3075141.1676215557,444570.0174194035,3075130.6185143697,FALSE,60.29380850793914,TalChhapar_TC,2015-12-01,2018-01-01,Dec15→Jan18
20.065251272041348,444526.50133661786,3075246.169877113,444509.10670385836,3075236.167824335,FALSE,99.4829643205925,TalChhapar_TC,2015-12-01,2018-01-01,Dec15→Jan18
9.198722939605119,444472.70388013235,3075275.9790559486,444477.7041480145,3075268.258056996,FALSE,127.81979440467187,TalChhapar_TC,2015-12-01,2018-01-01,Dec15→Jan18
6.115546715996983,444592.6268532227,3075126.237142637,444587.58922897547,3075129.7044547917,FALSE,97.42366697943653,TalChhapar_TC,2015-12-01,2018-01-01,Dec15→Jan18
8.079304951618468,444557.4055035257,3075230.3286944525,444559.8466412821,3075238.03038355,FALSE,99.09896344006948,TalChhapar_TC,2015-12-01,2018-01-01,Dec15→Jan18
7.96757740715925,444546.8688206069,3075135.0092786793,444539.3190529306,3075137.555510753,FALSE,51.02061603269455,TalChhapar_TC,2015-12-01,2018-01-01,Dec15→Jan18
9.839862558073285,444497.25349806395,3075131.397553325,444493.9188875743,3075122.1399473688,FALSE,19.389173930852994,TalChhapar_TC,2015-12-01,2018-01-01,Dec15→Jan18
17.451326119576688,444506.30202671874,3075253.392300219,444509.10670385836,3075236.167824335,FALSE,102.94442343227547,TalChhapar_TC,2015-12-01,2018-01-01,Dec15→Jan18
19.160652330296724,444432.01096627914,3075081.0468608863,444421.92484358384,3075097.3379850555,FALSE,96.22280577942072,TalChhapar_TC,2015-12-01,2018-01-01,Dec15→Jan18
9.02905246190941,444466.138256752,3075188.417936795,444464.82077532395,3075179.485522169,FALSE,49.550903131066505,TalChhapar_TC,2015-12-01,2018-01-01,Dec15→Jan18
13.095557775743165,444400.5672281522,3075216.4418706233,444395.1600246491,3075204.514767717,FALSE,117.78765079600387,TalChhapar_TC,2015-12-01,2018-01-01,Dec15→Jan18
18.597833186983806,444605.62927675765,3075125.1838270403,444587.58922897547,3075129.7044547917,FALSE,110.29567054451321,TalChhapar_TC,2015-12-01,2018-01-01,Dec15→Jan18
10.914701408493437,444557.30699710594,3075212.0159895653,444546.5390838504,3075213.8000161787,FALSE,85.02918010663255,TalChhapar_TC,2015-12-01,2018-01-01,Dec15→Jan18
10.931779081541492,444526.95651776425,3075257.1643853653,444528.6568420468,3075267.963120996,FALSE,110.18908697526275,TalChhapar_TC,2015-12-01,2018-01-01,Dec15→Jan18
11.350975554451267,444506.7429007783,3075119.358229182,444514.65246390074,3075127.4996944834,FALSE,32.5032852761536,TalChhapar_TC,2015-12-01,2018-01-01,Dec15→Jan18
13.691899710012368,444420.6537044975,3075223.547589627,444434.04753428086,3075220.7062094337,FALSE,106.45933536446576,TalChhapar_TC,2015-12-01,2018-01-01,Dec15→Jan18
18.321808386330826,444554.07494453224,3075067.6038072053,444565.78327618574,3075081.6964873066,TRUE,100.10406546009702,TalChhapar_TC,2015-12-01,2018-01-01,Dec15→Jan18
21.258214586417452,444594.4993403314,3075088.9635947896,444607.48922770045,3075105.791384708,TRUE,114.302810823213,TalChhapar_TC,2015-12-01,2018-01-01,Dec15→Jan18
8.900895530482945,444576.26693298435,3075114.1994538545,444584.9538641505,3075116.139342552,TRUE,86.07642946044109,TalChhapar_TC,2015-12-01,2018-01-01,Dec15→Jan18
10.499848841422123,444578.2827546188,3075162.141001525,444571.5821111275,3075154.0571780177,TRUE,80.75023064543527,TalChhapar_TC,2015-12-01,2018-01-01,Dec15→Jan18
12.736135895123097,444533.82545697124,3075213.0431482135,444546.5390838504,3075213.8000161787,TRUE,71.68634305518124,TalChhapar_TC,2015-12-01,2018-01-01,Dec15→Jan18
6.763769963776176,444399.3697780693,3075209.8087794534,444395.1600246491,3075204.514767717,FALSE,115.24807907873856,TalChhapar_TC,2015-12-01,2018-01-01,Dec15→Jan18
5.476860941225285,444559.57498253393,3075243.5005030455,444559.8466412821,3075238.03038355,FALSE,111.1364871548432,TalChhapar_TC,2015-12-01,2018-01-01,Dec15→Jan18
4.882106655693546,444502.6685041904,3075279.475578963,444502.2114794507,3075284.336247002,FALSE,128.7920549768408,TalChhapar_TC,2015-12-01,2018-01-01,Dec15→Jan18
7.572166883043238,444476.2701713467,3075012.781291803,444480.218968949,3075006.3202772695,FALSE,139.72882188170698,TalChhapar_TC,2015-12-01,2018-01-01,Dec15→Jan18
5.821310821108271,444466.6537420284,3075226.3451682874,444462.06761074305,3075222.75977298,FALSE,81.96119087891717,TalChhapar_TC,2015-12-01,2018-01-01,Dec15→Jan18
13.871360179836666,444543.02454362385,3075172.8441602075,444556.6042590356,3075175.67364118,FALSE,49.84638688471577,TalChhapar_TC,2015-12-01,2018-01-01,Dec15→Jan18
18.87473752482893,444540.3263276994,3075063.2426581727,444527.79580895766,3075049.12735383,FALSE,97.06475818847623,TalChhapar_TC,2015-12-01,2018-01-01,Dec15→Jan18
9.386597930652897,444404.43246181286,3075203.055271312,444395.1600246491,3075204.514767717,FALSE,107.48784592550501,TalChhapar_TC,2015-12-01,2018-01-01,Dec15→Jan18
12.390259071974807,444398.71586843743,3075177.3115484864,444394.1149451531,3075165.807200404,FALSE,103.10173612454999,TalChhapar_TC,2015-12-01,2018-01-01,Dec15→Jan18
17.523225313185307,444408.89543648047,3075241.551652959,444426.4169333808,3075241.3055396774,FALSE,127.45180301134126,TalChhapar_TC,2015-12-01,2018-01-01,Dec15→Jan18
12.15447597596784,444505.06027579354,3075185.515532725,444499.17596634,3075174.880393398,FALSE,35.40307438812599,TalChhapar_TC,2015-12-01,2018-01-01,Dec15→Jan18
9.435559851388733,444500.53437419544,3075115.412011097,444493.9188875743,3075122.1399473688,FALSE,35.4124111694991,TalChhapar_TC,2015-12-01,2018-01-01,Dec15→Jan18
14.890713882992547,444529.46730819176,3075125.9984454773,444514.65246390074,3075127.4996944834,FALSE,39.77332741651567,TalChhapar_TC,2015-12-01,2018-01-01,Dec15→Jan18
11.541675362111869,444419.99213766464,3075250.8936714125,444426.4169333808,3075241.3055396774,FALSE,127.14454984945645,TalChhapar_TC,2015-12-01,2018-01-01,Dec15→Jan18
17.57603853204366,444499.5395837589,3075250.9118856303,444509.10670385836,3075236.167824335,FALSE,100.16276788138128,TalChhapar_TC,2015-12-01,2018-01-01,Dec15→Jan18
4.872626289961812,444502.197812754,3075068.8113400633,444502.8190125244,3075063.978473646,FALSE,82.03577358832757,TalChhapar_TC,2015-12-01,2018-01-01,Dec15→Jan18
7.300609951406391,444540.0321122872,3075217.1103374227,444546.5390838504,3075213.8000161787,FALSE,78.36558108772323,TalChhapar_TC,2015-12-01,2018-01-01,Dec15→Jan18
14.764013740845655,444620.96007837285,3075170.73473783,444607.03555476206,3075165.827218706,FALSE,124.23784800871822,TalChhapar_TC,2015-12-01,2018-01-01,Dec15→Jan18
7.248275403778581,444518.01361048187,3075197.408913637,444520.300016985,3075204.2871286403,FALSE,50.63152926710356,TalChhapar_TC,2015-12-01,2018-01-01,Dec15→Jan18
12.402023284577819,444489.9729617573,3075270.070897556,444477.7041480145,3075268.258056996,FALSE,119.60753524308616,TalChhapar_TC,2015-12-01,2018-01-01,Dec15→Jan18
14.40217164819901,444548.95166612626,3075082.442937671,444547.8214788226,3075096.8006960214,FALSE,85.019700163886,TalChhapar_TC,2015-12-01,2018-01-01,Dec15→Jan18
9.806536516942357,444494.18236875546,3075165.289425225,444495.76222344284,3075155.6109843575,FALSE,15.115877566454467,TalChhapar_TC,2015-12-01,2018-01-01,Dec15→Jan18
11.909812427925127,444480.7515163684,3075120.8881583535,444469.25406976277,3075117.781334635,FALSE,34.66164391890722,TalChhapar_TC,2015-12-01,2018-01-01,Dec15→Jan18
11.876193973694305,444582.15286821703,3075212.3250475815,444570.83695720794,3075208.720308848,FALSE,103.99739247334256,TalChhapar_TC,2015-12-01,2018-01-01,Dec15→Jan18
10.561139620519564,444531.09677316545,3075194.094409441,444531.9316660316,3075183.566322056,FALSE,54.32546463331727,TalChhapar_TC,2015-12-01,2018-01-01,Dec15→Jan18
17.726709855895592,444541.5467763953,3075037.940435718,444527.79580895766,3075049.12735383,FALSE,120.80697680676406,TalChhapar_TC,2015-12-01,2018-01-01,Dec15→Jan18
7.295777871868091,444575.0282745008,3075160.487755967,444571.5821111275,3075154.0571780177,FALSE,77.30414697730839,TalChhapar_TC,2015-12-01,2018-01-01,Dec15→Jan18
22.110727084713798,444585.85156662273,3075090.978080443,444565.78327618574,3075081.6964873066,FALSE,105.98051495043255,TalChhapar_TC,2015-12-01,2018-01-01,Dec15→Jan18
7.786393966459939,444468.1228567712,3075136.126456197,444462.3369058608,3075141.3370898496,TRUE,33.57162167519007,TalChhapar_TC,2015-12-01,2018-01-01,Dec15→Jan18
14.765941631285111,444467.5770145496,3075087.27317177,444468.5393603454,3075102.007720383,TRUE,70.54370809254978,TalChhapar_TC,2015-12-01,2018-01-01,Dec15→Jan18
25.957189134191516,444418.9995894392,3075189.1307981173,444413.9207344355,3075163.6753291646,TRUE,88.1326184259309,TalChhapar_TC,2015-12-01,2018-01-01,Dec15→Jan18
3.717026564137328,444382.85441935464,3075121.4839264457,444385.65427227435,3075119.0391135477,TRUE,119.13682487629903,TalChhapar_TC,2015-12-01,2018-01-01,Dec15→Jan18
15.424405656271567,444472.78924574197,3075078.5069822604,444487.9165739558,3075081.5196606303,TRUE,76.63393833300091,TalChhapar_TC,2015-12-01,2018-01-01,Dec15→Jan18
2.6531625449751286,444509.1376840905,3075041.1793315182,444508.2406365132,3075043.67624504,TRUE,110.10778444860914,TalChhapar_TC,2015-12-01,2018-01-01,Dec15→Jan18
16.082919748620196,444537.19690046954,3075226.891384225,444546.5390838504,3075213.8000161787,TRUE,85.47793977738063,TalChhapar_TC,2015-12-01,2018-01-01,Dec15→Jan18
9.63677736640284,444403.84306681284,3075200.334784847,444395.1600246491,3075204.514767717,TRUE,106.71234434093934,TalChhapar_TC,2015-12-01,2018-01-01,Dec15→Jan18
12.543748248107475,444491.65127060714,3075242.95500868,444486.70947136957,3075231.425731148,TRUE,92.44093598451218,TalChhapar_TC,2015-12-01,2018-01-01,Dec15→Jan18
9.225979302265403,444404.8141965315,3075052.1623441624,444410.09966602124,3075059.724255717,TRUE,135.8958325108565,TalChhapar_TC,2015-12-01,2018-01-01,Dec15→Jan18
8.83362202860458,444467.22428912687,3075170.985169262,444464.82077532395,3075179.485522169,TRUE,37.112502603915594,TalChhapar_TC,2015-12-01,2018-01-01,Dec15→Jan18
13.03854938756563,444466.98393756436,3074994.8649569736,444461.8179298068,3074982.893485302,TRUE,159.01339743449017,TalChhapar_TC,2015-12-01,2018-01-01,Dec15→Jan18
12.12562549319497,444414.6285678367,3075244.145474782,444426.4169333808,3075241.3055396774,TRUE,125.41526292920369,TalChhapar_TC,2015-12-01,2018-01-01,Dec15→Jan18
12.44227799624535,444575.2051139537,3075253.1766877417,444583.686017932,3075244.0725925397,TRUE,128.05591783877546,TalChhapar_TC,2015-12-01,2018-01-01,Dec15→Jan18
20.36814672926306,444545.47689878265,3075256.4762984333,444528.6568420468,3075267.963120996,FALSE,115.75270180732693,TalChhapar_TC,2015-12-01,2018-01-01,Dec15→Jan18
18.19189743684871,444516.27506628295,3075014.390571601,444500.00946239004,3075022.5376730706,FALSE,137.54022770325227,TalChhapar_TC,2015-12-01,2018-01-01,Dec15→Jan18
26.600366082379296,444425.4408663647,3075194.060823468,444443.2022832375,3075174.2590168235,FALSE,84.79052154567422,TalChhapar_TC,2015-12-01,2018-01-01,Dec15→Jan18
6.498014045291108,444456.85708246357,3075157.4840466604,444450.5306401278,3075156.0007011495,FALSE,42.02403878538821,TalChhapar_TC,2015-12-01,2018-01-01,Dec15→Jan18
10.180612626324198,444450.46487652324,3075246.8286561053,444443.1823680583,3075239.714589483,FALSE,107.33981617416734,TalChhapar_TC,2015-12-01,2018-01-01,Dec15→Jan18
28.922778899522694,444356.69424694806,3075100.9170955066,444384.2234530733,3075092.04748732,FALSE,150.1572865409201,TalChhapar_TC,2015-12-01,2018-01-01,Dec15→Jan18
11.62543446388563,444488.6830482377,3075264.4351685117,444477.7041480145,3075268.258056996,FALSE,114.08821865388427,TalChhapar_TC,2015-12-01,2018-01-01,Dec15→Jan18
15.404139630185314,444598.2974614515,3075203.2809490953,444597.97700774856,3075187.8801430394,FALSE,112.91816667082735,TalChhapar_TC,2015-12-01,2018-01-01,Dec15→Jan18
5.5403482194487585,444473.91665876034,3075156.456872652,444474.2488342317,3075150.9264913043,FALSE,25.078911804410797,TalChhapar_TC,2015-12-01,2018-01-01,Dec15→Jan18
9.613923177625114,444426.7407214453,3075042.3772403947,444426.51650096354,3075051.9885485284,FALSE,129.89361183378756,TalChhapar_TC,2015-12-01,2018-01-01,Dec15→Jan18
9.52110314038228,444540.06557988026,3075166.1211372195,444545.5013871245,3075158.3042705446,FALSE,44.465462205787965,TalChhapar_TC,2015-12-01,2018-01-01,Dec15→Jan18
12.949979533283308,444481.322702624,3075243.2021776577,444486.70947136957,3075231.425731148,FALSE,93.99891319959768,TalChhapar_TC,2015-12-01,2018-01-01,Dec15→Jan18
5.303343016990977,444480.6058496895,3075158.313274343,444484.19930421846,3075162.213598907,FALSE,19.276298723609436,TalChhapar_TC,2015-12-01,2018-01-01,Dec15→Jan18
2.679070432347844,444432.8065523225,3075140.066689098,444431.9604022915,3075142.608627041,FALSE,66.39866177847462,TalChhapar_TC,2015-12-01,2018-01-01,Dec15→Jan18
8.051818615146717,444482.5149566482,3075238.2987093427,444486.70947136957,3075231.425731148,FALSE,88.96108521640757,TalChhapar_TC,2015-12-01,2018-01-01,Dec15→Jan18
9.356296852628274,444480.0773968395,3075015.675502982,444480.218968949,3075006.3202772695,FALSE,136.30962788109383,TalChhapar_TC,2015-12-01,2018-01-01,Dec15→Jan18
9.400340390860768,444596.91956697346,3075128.559381734,444587.58922897547,3075129.7044547917,FALSE,101.04856768696197,TalChhapar_TC,2015-12-01,2018-01-01,Dec15→Jan18
10.54287019643505,444575.8351594514,3075251.1093626153,444583.686017932,3075244.0725925397,FALSE,126.79264422535977,TalChhapar_TC,2015-12-01,2018-01-01,Dec15→Jan18
5.969748216122602,444558.7675395352,3075113.8542492203,444553.7023347582,3075110.6948830923,FALSE,70.80507799660514,TalChhapar_TC,2015-12-01,2018-01-01,Dec15→Jan18
6.60938497972138,444420.4036552751,3075162.388586301,444413.9207344355,3075163.6753291646,FALSE,78.79874795957424,TalChhapar_TC,2015-12-01,2018-01-01,Dec15→Jan18
11.095737927291482,444408.0261018673,3075147.204456993,444400.2198335861,3075139.319181115,FALSE,90.3828110578667,TalChhapar_TC,2015-12-01,2018-01-01,Dec15→Jan18
13.930183942136349,444511.6981454922,3075274.1356003517,444502.2114794507,3075284.336247002,FALSE,124.10041485248625,TalChhapar_TC,2015-12-01,2018-01-01,Dec15→Jan18
9.826957864376423,444491.61425719934,3075207.1845167447,444501.25953482604,3075205.3036338743,FALSE,56.82750853592009,TalChhapar_TC,2015-12-01,2018-01-01,Dec15→Jan18
11.379126049376858,444448.05396413914,3075196.2972888835,444449.07671504805,3075207.6303595277,FALSE,67.84228047484028,TalChhapar_TC,2015-12-01,2018-01-01,Dec15→Jan18
8.06049806642721,444408.4218573721,3075089.9250126635,444407.1471273015,3075081.9659491302,FALSE,108.56130411408358,TalChhapar_TC,2015-12-01,2018-01-01,Dec15→Jan18
19.429650003011233,444461.2251852708,3075246.9234761014,444443.1823680583,3075239.714589483,FALSE,103.08038499488129,TalChhapar_TC,2015-12-01,2018-01-01,Dec15→Jan18
8.592508876868004,444500.5769752751,3075213.868989749,444501.25953482604,3075205.3036338743,FALSE,63.15234103283012,TalChhapar_TC,2015-12-01,2018-01-01,Dec15→Jan18
15.729924811396176,444510.19750941964,3075218.247479699,444501.25953482604,3075205.3036338743,FALSE,68.5250295277788,TalChhapar_TC,2015-12-01,2018-01-01,Dec15→Jan18
7.899499255531945,444579.3100845652,3075155.694405868,444571.5821111275,3075154.0571780177,TRUE,81.12142628921029,TalChhapar_TC,2015-12-01,2018-01-01,Dec15→Jan18
16.02513537796509,444366.51860375004,3075069.4288337454,444365.1285694331,3075053.464098593,TRUE,154.8896408709794,TalChhapar_TC,2015-12-01,2018-01-01,Dec15→Jan18
16.422387222519376,444460.12232888,3075239.0665409174,444462.06761074305,3075222.75977298,TRUE,96.22482929139369,TalChhapar_TC,2015-12-01,2018-01-01,Dec15→Jan18
8.414778747664908,444425.347831239,3075089.650875268,444421.92484358384,3075097.3379850555,TRUE,95.19243199176265,TalChhapar_TC,2015-12-01,2018-01-01,Dec15→Jan18
14.799827723008015,444572.2604616598,3075174.645884557,444587.032011484,3075173.731435859,FALSE,77.68577740580362,TalChhapar_TC,2015-12-01,2018-01-01,Dec15→Jan18
3.8921617991578787,444430.2663298261,3075241.880926919,444426.4169333808,3075241.3055396774,FALSE,113.74355750144629,TalChhapar_TC,2015-12-01,2018-01-01,Dec15→Jan18
9.06204239884127,444434.32443365606,3075126.0384865133,444425.5799082258,3075123.6606960604,TRUE,68.62104534562394,TalChhapar_TC,2015-12-01,2018-01-01,Dec15→Jan18
12.249348445385197,444454.41273326,3074992.6510260496,444461.8179298068,3074982.893485302,TRUE,164.0938963336618,TalChhapar_TC,2015-12-01,2018-01-01,Dec15→Jan18
10.178486793255903,444429.71874144097,3075153.9718177547,444431.94927267387,3075163.9028964383,TRUE,68.695651233504,TalChhapar_TC,2015-12-01,2018-01-01,Dec15→Jan18
13.252657564832909,444437.03047512105,3075130.33283592,444425.5799082258,3075123.6606960604,TRUE,64.62093578665386,TalChhapar_TC,2015-12-01,2018-01-01,Dec15→Jan18
9.445070121483328,444494.58917789726,3075226.2180853616,444486.70947136957,3075231.425731148,TRUE,75.55488799002212,TalChhapar_TC,2015-12-01,2018-01-01,Dec15→Jan18
9.055925313883627,444387.6471260579,3075035.3049207646,444396.335957922,3075037.857171561,TRUE,159.94291457549895,TalChhapar_TC,2015-12-01,2018-01-01,Dec15→Jan18
9.769206053187665,444436.410195342,3075106.349822426,444444.0888759975,3075112.389296766,TRUE,76.20449483305055,TalChhapar_TC,2015-12-01,2018-01-01,Dec15→Jan18
24.12407078645582,444547.8345868281,3075062.559337033,444527.79580895766,3075049.12735383,TRUE,101.13609672214793,TalChhapar_TC,2015-12-01,2018-01-01,Dec15→Jan18
21.624099600177754,444489.0735556509,3074975.4500851617,444499.15734537883,3074994.5790911014,TRUE,175.55091414046146,TalChhapar_TC,2015-12-01,2018-01-01,Dec15→Jan18
18.354940120244432,444615.1664861992,3075134.7476411583,444620.08825074456,3075152.4304028368,TRUE,117.91911088528903,TalChhapar_TC,2015-12-01,2018-01-01,Dec15→Jan18
4.844605824183221,444499.97957363486,3075209.976096281,444501.25953482604,3075205.3036338743,TRUE,59.24250163239146,TalChhapar_TC,2015-12-01,2018-01-01,Dec15→Jan18
9.970435913013418,444372.1354851745,3075046.3709523175,444365.1285694331,3075053.464098593,TRUE,163.77928643315687,TalChhapar_TC,2015-12-01,2018-01-01,Dec15→Jan18
15.259059090961907,444382.07158000086,3075154.7466365364,444368.35420560685,3075148.0628857873,TRUE,116.3359699381386,TalChhapar_TC,2015-12-01,2018-01-01,Dec15→Jan18
16.697608289159586,444410.67108195473,3075029.2947921287,444396.335957922,3075037.857171561,FALSE,149.7951317154377,TalChhapar_TC,2015-12-01,2018-01-01,Dec15→Jan18
4.286922851819322,444490.9593252369,3075125.2413500044,444493.9188875743,3075122.1399473688,FALSE,26.560766291972197,TalChhapar_TC,2015-12-01,2018-01-01,Dec15→Jan18
9.006741319645332,444589.7246095236,3075141.1855284097,444597.29602358356,3075146.063548329,FALSE,91.88532001166435,TalChhapar_TC,2015-12-01,2018-01-01,Dec15→Jan18
10.265238288597716,444466.5500110408,3075028.352951166,444471.5618265551,3075037.3115683794,TRUE,126.4639422384106,TalChhapar_TC,2015-12-01,2018-01-01,Dec15→Jan18
6.121818380367014,444400.6608640544,3075042.189820546,444396.335957922,3075037.857171561,TRUE,146.04013161687803,TalChhapar_TC,2015-12-01,2018-01-01,Dec15→Jan18
5.567263133761061,444431.10894293914,3075124.311997787,444425.5799082258,3075123.6606960604,TRUE,72.24399771658955,TalChhapar_TC,2015-12-01,2018-01-01,Dec15→Jan18
3.3897714905350127,444569.96573150303,3075157.0367530994,444571.5821111275,3075154.0571780177,TRUE,71.90145263665599,TalChhapar_TC,2015-12-01,2018-01-01,Dec15→Jan18
13.608507593776817,444533.7315329204,3075115.47452907,444520.6828453471,3075111.6114692017,TRUE,49.97428166840371,TalChhapar_TC,2015-12-01,2018-01-01,Dec15→Jan18
7.76845298139168,444528.423925815,3075112.26303264,444520.6828453471,3075111.6114692017,TRUE,48.855189789370634,TalChhapar_TC,2015-12-01,2018-01-01,Dec15→Jan18
9.95951934644143,444564.4037640733,3075201.1172797345,444570.83695720794,3075208.720308848,TRUE,83.0708580636053,TalChhapar_TC,2015-12-01,2018-01-01,Dec15→Jan18
6.926463388947964,444484.7682399157,3075051.145893902,444490.5401051152,3075054.9749234393,TRUE,100.53061002485734,TalChhapar_TC,2015-12-01,2018-01-01,Dec15→Jan18
6.679413737588829,444465.2893380311,3075112.40588394,444469.25406976277,3075117.781334635,TRUE,50.6264933404547,TalChhapar_TC,2015-12-01,2018-01-01,Dec15→Jan18
1.841979139611319,444406.23881505587,3075114.891733521,444404.5677249788,3075114.1169141196,TRUE,98.83688430956467,TalChhapar_TC,2015-12-01,2018-01-01,Dec15→Jan18
15.310363707318798,444382.02481347695,3075075.212657164,444397.00684385025,3075072.058928776,TRUE,138.69338868324903,TalChhapar_TC,2015-12-01,2018-01-01,Dec15→Jan18
16.17207013318316,444517.8147468439,3075220.267093744,444520.300016985,3075204.2871286403,FALSE,72.187601037806715,TalChhapar_TC,2015-12-01,2018-01-01,Dec15→Jan18
1.6961642509993764,444485.2567929708,3075160.887442542,444484.19930421846,3075162.213598907,TRUE,16.54649353415299,TalChhapar_TC,2015-12-01,2018-01-01,Dec15→Jan18
13.0758199564023,444470.44919466827,3074992.7158238436,444461.8179298068,3074982.893485302,TRUE,160.48253028519082,TalChhapar_TC,2015-12-01,2018-01-01,Dec15→Jan18
25.26444655306474,444360.6539129754,3075122.682504078,444385.65427227435,3075119.0391135477,TRUE,140.51814206318514,TalChhapar_TC,2015-12-01,2018-01-01,Dec15→Jan18
22.706600612715565,444373.4113507801,3075175.1319465893,444394.1149451531,3075165.807200404,TRUE,127.28359285944823,TalChhapar_TC,2015-12-01,2018-01-01,Dec15→Jan18
5.450937510353311,444574.97835627827,3075195.5059723803,444580.3976222435,3075196.0927228723,TRUE,88.74744136220654,TalChhapar_TC,2015-12-01,2018-01-01,Dec15→Jan18
8.872498047661189,444492.53217718797,3075130.90340878,444493.9188875743,3075122.1399473688,TRUE,20.684730486910695,TalChhapar_TC,2015-12-01,2018-01-01,Dec15→Jan18
21.293183410672462,444618.43182911724,3075193.796217966,444597.97700774856,3075187.8801430394,TRUE,127.57232499917369,TalChhapar_TC,2015-12-01,2018-01-01,Dec15→Jan18
13.554999752205342,444577.4972493703,3075074.8758677957,444565.78327618574,3075081.6964873066,TRUE,109.65334069079829,TalChhapar_TC,2015-12-01,2018-01-01,Dec15→Jan18
9.254704373228632,444415.9498142695,3075104.4054158283,444421.92484358384,3075097.3379850555,TRUE,94.5325303223056,TalChhapar_TC,2015-12-01,2018-01-01,Dec15→Jan18
10.232468164227654,444577.28422996996,3075236.0900794254,444583.686017932,3075244.0725925397,TRUE,116.25053142846184,TalChhapar_TC,2015-12-01,2018-01-01,Dec15→Jan18
7.01809187921507,444501.1000704233,3075138.7478595297,444502.97843437124,3075145.5099126576,TRUE,12.321765934317433,TalChhapar_TC,2015-12-01,2018-01-01,Dec15→Jan18
9.176701279981057,444610.91256986046,3075152.5672483523,444620.08825074456,3075152.4304028368,TRUE,112.58803919033527,TalChhapar_TC,2015-12-01,2018-01-01,Dec15→Jan18
3.3836669952455996,444385.664186413,3075088.9858717695,444384.2234530733,3075092.04748732,TRUE,128.4960018600696,TalChhapar_TC,2015-12-01,2018-01-01,Dec15→Jan18
4.6165564802814645,444426.5204752219,3075128.180422541,444425.5799082258,3075123.6606960604,FALSE,75.2833649812465,TalChhapar_TC,2015-12-01,2018-01-01,Dec15→Jan18
2.8424194292041904,444493.0643020804,3075196.328084785,444495.09982688463,3075194.344152583,TRUE,45.87602760294163,TalChhapar_TC,2015-12-01,2018-01-01,Dec15→Jan18
15.415505187876898,444405.46359342086,3075215.9809907554,444395.1600246491,3075204.514767717,TRUE,113.49060589687336,TalChhapar_TC,2015-12-01,2018-01-01,Dec15→Jan18
21.67653926292343,444575.68898581987,3075062.415686725,444565.78327618574,3075081.6964873066,TRUE,117.41836142176707,TalChhapar_TC,2015-12-01,2018-01-01,Dec15→Jan18
21.444273288054546,444595.63511013385,3075226.2659630887,444583.686017932,3075244.0725925397,FALSE,123.15933502523063,TalChhapar_TC,2015-12-01,2018-01-01,Dec15→Jan18
22.336759934631356,444542.758816231,3075065.711661404,444527.79580895766,3075049.12735383,TRUE,95.94636101058146,TalChhapar_TC,2015-12-01,2018-01-01,Dec15→Jan18
9.817832389154477,444500.15201362566,3075079.614543947,444508.11910257384,3075085.351731979,FALSE,71.1648639084453,TalChhapar_TC,2015-12-01,2018-01-01,Dec15→Jan18
11.228069113640624,444415.6683265964,3075118.3852732694,444425.5799082258,3075123.6606960604,FALSE,88.78254460729266,TalChhapar_TC,2015-12-01,2018-01-01,Dec15→Jan18
3.90350094941501,444465.3154473059,3075224.9251545453,444462.06761074305,3075222.75977298,TRUE,81.18853697684257,TalChhapar_TC,2015-12-01,2018-01-01,Dec15→Jan18
15.801465261422228,444377.5627180179,3075135.2219511024,444368.35420560685,3075148.0628857873,TRUE,121.77130115707968,TalChhapar_TC,2015-12-01,2018-01-01,Dec15→Jan18
21.46570431116137,444472.24139139365,3075247.282941602,444486.70947136957,3075231.425731148,TRUE,99.99240153027895,TalChhapar_TC,2015-12-01,2018-01-01,Dec15→Jan18
9.249740006871113,444439.1114778044,3075069.782362556,444448.3100855695,3075068.8111234615,TRUE,100.32293475710897,TalChhapar_TC,2015-12-01,2018-01-01,Dec15→Jan18
2.00819477522648,444403.15293570963,3074996.6114501394,444402.63996687654,3074998.553024045,FALSE,181.16579021552727,TalChhapar_TC,2015-12-01,2018-01-01,Dec15→Jan18
6.0019044779100845,444411.77698376443,3075053.9614905342,444410.09966602124,3075059.724255717,FALSE,129.85467538670633,TalChhapar_TC,2015-12-01,2018-01-01,Dec15→Jan18
6.807464997989892,444485.39821298263,3075066.181257892,444478.9421749128,3075064.022287735,TRUE,85.55937265895008,TalChhapar_TC,2015-12-01,2018-01-01,Dec15→Jan18
14.929091974701471,444389.09581116715,3075050.9131304366,444396.335957922,3075037.857171561,TRUE,147.99579776734228,TalChhapar_TC,2015-12-01,2018-01-01,Dec15→Jan18
11.079500403569467,444473.6718078951,3075026.4348359685,444471.5618265551,3075037.3115683794,TRUE,126.7450374970497,TalChhapar_TC,2015-12-01,2018-01-01,Dec15→Jan18
5.607868164313022,444398.8313226017,3075114.9494778,444401.12349080027,3075109.831455692,TRUE,122.04036644415973,TalChhapar_TC,2018-01-01,2018-11-01,Jan18→Nov18
4.705309712733835,444556.754657371,3074890.190186257,444554.05848270893,3074886.333946938,TRUE,247.8104472729111,TalChhapar_TC,2018-01-01,2018-11-01,Jan18→Nov18
8.038397631597212,444407.38093116035,3075088.806213411,444405.9088948163,3075080.9037488913,TRUE,121.02853636936987,TalChhapar_TC,2018-01-01,2018-11-01,Jan18→Nov18
8.601592907266804,444529.374410707,3075226.019338834,444535.17387075844,3075219.666885477,TRUE,91.45114071123027,TalChhapar_TC,2018-01-01,2018-11-01,Jan18→Nov18
5.210905423151492,444405.62624435645,3075231.5036095413,444410.8309605169,3075231.757509164,TRUE,148.94074521813252,TalChhapar_TC,2018-01-01,2018-11-01,Jan18→Nov18
4.556835488244569,444636.79854699323,3075001.96841237,444632.3863357245,3075003.1073335204,TRUE,177.66694903104224,TalChhapar_TC,2018-01-01,2018-11-01,Jan18→Nov18
6.87511225297717,444572.0599559583,3074906.5591307906,444568.6468028958,3074912.5271752495,TRUE,234.6125184012009,TalChhapar_TC,2018-01-01,2018-11-01,Jan18→Nov18
9.556232252901085,444586.758717187,3074966.7504450665,444593.6689224189,3074960.149639167,TRUE,181.4373413391056,TalChhapar_TC,2018-01-01,2018-11-01,Jan18→Nov18
8.84285625871503,444605.44093149435,3075121.772959501,444608.9800883953,3075129.876691681,TRUE,87.27970537368998,TalChhapar_TC,2018-01-01,2018-11-01,Jan18→Nov18
5.989446606435176,444473.01963627385,3074975.1537134415,444477.07654668274,3074979.5599531746,TRUE,166.5124540978263,TalChhapar_TC,2018-01-01,2018-11-01,Jan18→Nov18
9.10476016865958,444471.4146839301,3075093.940023472,444471.1590625419,3075103.0411945744,TRUE,63.08497098978926,TalChhapar_TC,2018-01-01,2018-11-01,Jan18→Nov18
12.723548247498462,444389.2384386975,3075105.288965569,444401.12349080027,3075109.831455692,TRUE,133.33576280491195,TalChhapar_TC,2018-01-01,2018-11-01,Jan18→Nov18
15.384616608565963,444537.04240472557,3074861.992265171,444551.27884766716,3074867.8240848323,TRUE,273.7275009055371,TalChhapar_TC,2018-01-01,2018-11-01,Jan18→Nov18
3.308913353111666,444451.9351950831,3075159.2100779368,444448.7624305293,3075158.2706777747,TRUE,71.43373942271806,TalChhapar_TC,2018-01-01,2018-11-01,Jan18→Nov18
14.52122809825252,444609.26681855286,3075197.615967969,444598.49049634964,3075187.8826774023,TRUE,109.62379329900462,TalChhapar_TC,2018-01-01,2018-11-01,Jan18→Nov18
3.987698639439808,444527.87284350087,3075031.3626496494,444526.668615601,3075035.16417245,TRUE,104.13693974488044,TalChhapar_TC,2018-01-01,2018-11-01,Jan18→Nov18
17.339141286875993,444420.5521125742,3074918.778157925,444430.14649275964,3074933.220930838,TRUE,237.78282210301182,TalChhapar_TC,2018-01-01,2018-11-01,Jan18→Nov18
5.25869513182861,444583.982878144,3075189.79267048,444582.97687639797,3075194.954243397,TRUE,84.76616437483047,TalChhapar_TC,2018-01-01,2018-11-01,Jan18→Nov18
7.851280204101076,444578.3015082661,3075112.81009306,444584.59221718734,3075117.507920442,TRUE,63.18711006493427,TalChhapar_TC,2018-01-01,2018-11-01,Jan18→Nov18
7.967154994805713,444494.7323356845,3075085.8184662727,444496.08173952514,3075093.6705149217,TRUE,55.05013278182039,TalChhapar_TC,2018-01-01,2018-11-01,Jan18→Nov18
10.898965000514377,444627.79007270193,3075074.2277940633,444636.77111755236,3075080.4026034917,TRUE,124.51431702251254,TalChhapar_TC,2018-01-01,2018-11-01,Jan18→Nov18
15.741291683727255,444555.1196902401,3075206.639763337,444570.481199501,3075210.0766655905,TRUE,80.02221876806685,TalChhapar_TC,2018-01-01,2018-11-01,Jan18→Nov18
9.484885256958966,444457.74971477315,3075028.354596487,444459.2247068186,3075037.7240920337,TRUE,123.19677464448729,TalChhapar_TC,2018-01-01,2018-11-01,Jan18→Nov18
8.726943361787335,444488.78811931843,3075159.4631308797,444497.5079485071,3075159.8154366566,TRUE,38.93662291042708,TalChhapar_TC,2018-01-01,2018-11-01,Jan18→Nov18
10.31809757161985,444610.6718735743,3075140.0551493443,444608.9800883953,3075129.876691681,TRUE,91.61355101457654,TalChhapar_TC,2018-01-01,2018-11-01,Jan18→Nov18
7.928377624489983,444564.6917842085,3074975.667136994,444570.58703467133,3074980.968570172,TRUE,165.83429605554542,TalChhapar_TC,2018-01-01,2018-11-01,Jan18→Nov18
7.789140431646495,444574.9381335207,3074898.535960902,444578.43832040887,3074891.5775558827,TRUE,243.07995195081128,TalChhapar_TC,2018-01-01,2018-11-01,Jan18→Nov18
10.493170316337437,444517.555592575,3074994.132917658,444519.96483196487,3075004.3457619655,TRUE,141.01356955943191,TalChhapar_TC,2018-01-01,2018-11-01,Jan18→Nov18
10.21466713888329,444444.3431803772,3075062.7297465014,444448.011848026,3075072.2628625943,TRUE,104.13895771083419,TalChhapar_TC,2018-01-01,2018-11-01,Jan18→Nov18
9.980152950964479,444612.35117267724,3074998.2985952673,444603.6757346984,3075003.232177009,TRUE,165.54055664099891,TalChhapar_TC,2018-01-01,2018-11-01,Jan18→Nov18
9.584045601688429,444486.9072548039,3074903.5613678666,444492.8017165151,3074911.1184341777,TRUE,233.8150582681302,TalChhapar_TC,2018-01-01,2018-11-01,Jan18→Nov18
12.395974485557868,444453.1846424784,3074920.7258508285,444451.1864795056,3074908.491982749,TRUE,224.34105544119512,TalChhapar_TC,2018-01-01,2018-11-01,Jan18→Nov18
11.785391222643451,444493.14236619225,3074922.930825581,444481.66017757426,3074925.586911199,TRUE,213.79889236746126,TalChhapar_TC,2018-01-01,2018-11-01,Jan18→Nov18
20.71602463652084,444519.12319882243,3074904.8284348673,444538.07756523846,3074913.1881998465,TRUE,230.30858512773588,TalChhapar_TC,2018-01-01,2018-11-01,Jan18→Nov18
7.432611672427129,444436.7740567913,3075142.6063153716,444443.9060909229,3075144.698635954,TRUE,82.75414784986408,TalChhapar_TC,2018-01-01,2018-11-01,Jan18→Nov18
8.523465298062167,444439.2494094988,3075226.2257216154,444434.2285015315,3075219.338055547,TRUE,121.19290410741424,TalChhapar_TC,2018-01-01,2018-11-01,Jan18→Nov18
14.918759534022863,444627.4088098776,3075033.85792576,444616.73537653463,3075044.281322841,TRUE,148.21832148757736,TalChhapar_TC,2018-01-01,2018-11-01,Jan18→Nov18
17.45925460767806,444375.65259850357,3074974.869209312,444361.44982265064,3074985.023357702,TRUE,215.14849960199578,TalChhapar_TC,2018-01-01,2018-11-01,Jan18→Nov18
2.852998995898142,444415.27060957806,3075059.74400088,444412.81380547845,3075061.1944204355,TRUE,128.38782961734307,TalChhapar_TC,2018-01-01,2018-11-01,Jan18→Nov18
7.779124314869401,444524.7533519739,3074881.213810408,444517.08763911424,3074882.5372987757,TRUE,253.98412842471527,TalChhapar_TC,2018-01-01,2018-11-01,Jan18→Nov18
6.20471318649762,444387.6702295153,3075028.662182,444384.3390894569,3075033.896871259,TRUE,169.2171740751649,TalChhapar_TC,2018-01-01,2018-11-01,Jan18→Nov18
4.1403860083529676,444660.7703144395,3075118.791721924,444656.6415900027,3075118.481188797,TRUE,142.52028735984857,TalChhapar_TC,2018-01-01,2018-11-01,Jan18→Nov18
11.647994973995573,444664.5111860181,3075066.282644523,444652.8726197557,3075066.7512192437,TRUE,160.80748113153473,TalChhapar_TC,2018-01-01,2018-11-01,Jan18→Nov18
19.768613154840406,444654.5298816964,3075021.682255913,444634.8563185291,3075019.746028042,TRUE,176.60336527568714,TalChhapar_TC,2018-01-01,2018-11-01,Jan18→Nov18
4.464338211591132,444531.4759448292,3075056.7825023234,444528.09265406424,3075053.8698301367,TRUE,79.31180739525554,TalChhapar_TC,2018-01-01,2018-11-01,Jan18→Nov18
10.94530632401108,444419.13277639606,3075158.458924382,444423.4811520212,3075168.5033935043,TRUE,102.73969825407994,TalChhapar_TC,2018-01-01,2018-11-01,Jan18→Nov18
9.727773648014656,444516.241706028,3075038.818248357,444508.0839553155,3075044.1173693654,TRUE,96.36388767983212,TalChhapar_TC,2018-01-01,2018-11-01,Jan18→Nov18
12.22599735279566,444612.2281421654,3075062.9381187786,444621.14530838415,3075054.573959652,TRUE,117.76542754619382,TalChhapar_TC,2018-01-01,2018-11-01,Jan18→Nov18
8.673489032597395,444570.7065014435,3075185.1544255004,444569.7652324559,3075176.5321621844,TRUE,71.80283781766815,TalChhapar_TC,2018-01-01,2018-11-01,Jan18→Nov18
8.417472498293558,444484.35733649076,3075133.521009755,444483.78201166465,3075141.918797833,TRUE,34.87055800789332,TalChhapar_TC,2018-01-01,2018-11-01,Jan18→Nov18
8.886819921537015,444434.31068621884,3075007.539055237,444443.1949615703,3075007.751704707,TRUE,153.2508039157903,TalChhapar_TC,2018-01-01,2018-11-01,Jan18→Nov18
16.411265771176957,444396.8046863816,3074994.4504711377,444398.4115702464,3074978.1180626056,TRUE,186.46976256538576,TalChhapar_TC,2018-01-01,2018-11-01,Jan18→Nov18
13.828240730393269,444527.6733725226,3074873.6399682825,444517.08763911424,3074882.5372987757,TRUE,261.6345987194831,TalChhapar_TC,2018-01-01,2018-11-01,Jan18→Nov18
9.553248868604914,444499.52551415144,3075083.965816175,444508.99741832266,3075085.209840016,TRUE,54.81970435921353,TalChhapar_TC,2018-01-01,2018-11-01,Jan18→Nov18
13.03018655090267,444476.01905909093,3074998.290203017,444480.9964652835,3075010.332262191,TRUE,143.4950028455428,TalChhapar_TC,2018-01-01,2018-11-01,Jan18→Nov18
11.383150308413883,444423.27594606124,3074942.296816415,444430.14649275964,3074933.220930838,TRUE,215.37624854518893,TalChhapar_TC,2018-01-01,2018-11-01,Jan18→Nov18
14.401301779738818,444592.8934813526,3074891.2068211706,444595.34056715376,3074905.398694339,TRUE,254.82165721380687,TalChhapar_TC,2018-01-01,2018-11-01,Jan18→Nov18
17.84081773957883,444630.2457792039,3075098.1318024276,444614.30444517627,3075090.1212689225,TRUE,117.058430415355,TalChhapar_TC,2018-01-01,2018-11-01,Jan18→Nov18
4.0464403834158915,444542.62676319777,3074949.96049877,444545.6227904091,3074947.2406640826,TRUE,186.65369571199918,TalChhapar_TC,2018-01-01,2018-11-01,Jan18→Nov18
3.5055870564492784,444423.82853251055,3075103.3577093272,444422.17418927734,3075100.2670315574,TRUE,100.51773640688033,TalChhapar_TC,2018-01-01,2018-11-01,Jan18→Nov18
3.057023553039191,444533.2766128953,3075222.063926487,444535.17387075844,3075219.666885477,FALSE,88.06082752881146,TalChhapar_TC,2018-01-01,2018-11-01,Jan18→Nov18
7.776189782767124,444519.95422483154,3075163.4207609915,444512.66645488195,3075160.7082830286,FALSE,28.294061980783596,TalChhapar_TC,2018-01-01,2018-11-01,Jan18→Nov18
9.551505884690622,444588.3117156454,3075078.898511537,444583.343692816,3075087.0563307204,FALSE,89.10960076502735,TalChhapar_TC,2018-01-01,2018-11-01,Jan18→Nov18
6.36291155774045,444474.8976071083,3075097.8924153,444471.1590625419,3075103.0411945744,FALSE,57.87066571596879,TalChhapar_TC,2018-01-01,2018-11-01,Jan18→Nov18
1.4436724757684165,444461.5149221741,3075149.3630877114,444461.3970731684,3075147.9242333653,FALSE,59.404085804709084,TalChhapar_TC,2018-01-01,2018-11-01,Jan18→Nov18
6.699773926370265,444391.75573358824,3074978.884097229,444398.4115702464,3074978.1180626056,TRUE,201.62979564328012,TalChhapar_TC,2018-01-01,2018-11-01,Jan18→Nov18
12.441949931853097,444576.2055465748,3075072.91326838,444568.5680829498,3075082.7352471766,TRUE,84.395009542151,TalChhapar_TC,2018-01-01,2018-11-01,Jan18→Nov18
8.429138967796248,444501.45736239455,3075117.3009606064,444499.4438441051,3075109.115844368,TRUE,25.15126891928883,TalChhapar_TC,2018-01-01,2018-11-01,Jan18→Nov18
3.612804513385172,444454.1941732381,3075171.5300805042,444454.1042702808,3075167.9183947607,TRUE,74.49140135954052,TalChhapar_TC,2018-01-01,2018-11-01,Jan18→Nov18
9.656697809810609,444403.92976158846,3075064.9793348005,444412.81380547845,3075061.1944204355,TRUE,134.9337650429621,TalChhapar_TC,2018-01-01,2018-11-01,Jan18→Nov18
7.919829397387359,444499.0238039875,3074982.3976874757,444504.06544123444,3074976.289857128,TRUE,154.0649002191321,TalChhapar_TC,2018-01-01,2018-11-01,Jan18→Nov18
14.784523328859397,444535.1549027762,3075248.55652582,444549.27145579905,3075252.950278295,TRUE,114.53755252816433,TalChhapar_TC,2018-01-01,2018-11-01,Jan18→Nov18
7.469136908046035,444443.9283466167,3075066.008822109,444448.011848026,3075072.2628625943,TRUE,102.19142568825865,TalChhapar_TC,2018-01-01,2018-11-01,Jan18→Nov18
9.220842981394597,444542.92252491415,3075041.918451952,444543.8003396875,3075051.0974163003,TRUE,96.19205766719924,TalChhapar_TC,2018-01-01,2018-11-01,Jan18→Nov18
17.70672318727266,444601.59579224023,3075063.3036725037,444597.0865799163,3075046.1807332044,TRUE,109.31913023116611,TalChhapar_TC,2018-01-01,2018-11-01,Jan18→Nov18
9.479634536306019,444491.46283705556,3075219.8404555325,444483.12358345144,3075215.332648941,TRUE,89.12627574886575,TalChhapar_TC,2018-01-01,2018-11-01,Jan18→Nov18
4.185684340306717,444402.4753915145,3075159.9018446845,444405.31796528946,3075156.8294306938,TRUE,119.31344050752297,TalChhapar_TC,2018-01-01,2018-11-01,Jan18→Nov18
10.160426534804078,444378.2719501951,3075064.7696205745,444387.89600643207,3075068.027197729,TRUE,157.51059421065187,TalChhapar_TC,2018-01-01,2018-11-01,Jan18→Nov18
14.127839054130089,444613.1512188055,3074972.2169936793,444600.95938292687,3074979.3552689785,TRUE,188.07328819300088,TalChhapar_TC,2018-01-01,2018-11-01,Jan18→Nov18
12.735902794403513,444494.39589860017,3074925.5188675458,444481.66017757426,3074925.586911199,TRUE,211.0794506285792,TalChhapar_TC,2018-01-01,2018-11-01,Jan18→Nov18
15.729624736942174,444649.3087864145,3075040.6282608164,444663.88732588827,3075046.534806438,TRUE,160.81881280149534,TalChhapar_TC,2018-01-01,2018-11-01,Jan18→Nov18
7.0310490152723055,444555.66692158545,3074973.972014964,444548.66238016234,3074973.362056189,TRUE,165.2413089067021,TalChhapar_TC,2018-01-01,2018-11-01,Jan18→Nov18
9.924750685552187,444418.7805367276,3075147.3214632315,444428.6084104322,3075148.704783374,TRUE,101.1464652536427,TalChhapar_TC,2018-01-01,2018-11-01,Jan18→Nov18
2.225092312969762,444450.9787663802,3075158.073469263,444448.7624305293,3075158.2706777747,TRUE,71.96465883179123,TalChhapar_TC,2018-01-01,2018-11-01,Jan18→Nov18
16.59906408416992,444434.6619289367,3074953.1173669384,444447.2503339429,3074942.297894314,TRUE,200.68935674164234,TalChhapar_TC,2018-01-01,2018-11-01,Jan18→Nov18
2.430033097559601,444383.2706746308,3075118.055474485,444385.6796743736,3075118.3745059795,TRUE,136.98889949817055,TalChhapar_TC,2018-01-01,2018-11-01,Jan18→Nov18
7.7093450548972,444497.78740932816,3074958.084399356,444504.6378170637,3074961.620769675,TRUE,178.34157189672237,TalChhapar_TC,2018-01-01,2018-11-01,Jan18→Nov18
15.099677525202377,444555.22944538324,3074901.388152589,444554.05848270893,3074886.333946938,TRUE,236.5107589571439,TalChhapar_TC,2018-01-01,2018-11-01,Jan18→Nov18
16.369275120999937,444514.2047212595,3075204.198263677,444511.2238848469,3075220.293846371,TRUE,69.24098511318448,TalChhapar_TC,2018-01-01,2018-11-01,Jan18→Nov18
6.388516853667369,444466.0895390603,3075143.589038855,444461.3970731684,3075147.9242333653,TRUE,53.76933455640163,TalChhapar_TC,2018-01-01,2018-11-01,Jan18→Nov18
2.7152437086013026,444547.6970249428,3075076.611586647,444548.45955815725,3075079.2175589213,TRUE,65.09878026542134,TalChhapar_TC,2018-01-01,2018-11-01,Jan18→Nov18
7.414024145222096,444567.4734664163,3074987.6971247527,444570.58703467133,3074980.968570172,TRUE,155.14435691790382,TalChhapar_TC,2018-01-01,2018-11-01,Jan18→Nov18
9.615018325427194,444397.8700731045,3075118.8793201195,444401.12349080027,3075109.831455692,TRUE,122.4048255854961,TalChhapar_TC,2018-01-01,2018-11-01,Jan18→Nov18
12.23977418657467,444633.34826736123,3075055.522571449,444621.14530838415,3075054.573959652,TRUE,139.1778388728946,TalChhapar_TC,2018-01-01,2018-11-01,Jan18→Nov18
2.0833330764429108,444598.83612442313,3075146.469944696,444598.81172584527,3075148.5531348977,TRUE,80.447946821401,TalChhapar_TC,2018-01-01,2018-11-01,Jan18→Nov18
7.585362330022952,444612.9935548457,3075037.683103981,444616.73537653463,3075044.281322841,TRUE,135.2637800224003,TalChhapar_TC,2018-01-01,2018-11-01,Jan18→Nov18
9.345714003637989,444373.58977995283,3075206.36204746,444370.00590858015,3075197.7308113826,TRUE,162.08810888270517,TalChhapar_TC,2018-01-01,2018-11-01,Jan18→Nov18
17.102580716976384,444472.2842592063,3074911.2834003735,444481.66017757426,3074925.586911199,TRUE,228.71516657688665,TalChhapar_TC,2018-01-01,2018-11-01,Jan18→Nov18
9.381444625664681,444419.8951172494,3075022.2347813784,444415.9675053308,3075030.754486061,TRUE,150.35448870842757,TalChhapar_TC,2018-01-01,2018-11-01,Jan18→Nov18
8.628044699043185,444611.7486012872,3075006.27716968,444603.6757346984,3075003.232177009,TRUE,158.65646436837233,TalChhapar_TC,2018-01-01,2018-11-01,Jan18→Nov18
11.73513811500022,444451.30071397586,3075226.6519005825,444462.9251371645,3075225.043717723,TRUE,113.94730632645674,TalChhapar_TC,2018-01-01,2018-11-01,Jan18→Nov18
9.150547252304591,444544.9214094199,3074886.8303406606,444554.05848270893,3074886.333946938,TRUE,249.6363063820656,TalChhapar_TC,2018-01-01,2018-11-01,Jan18→Nov18
6.048291369538255,444601.3785782705,3075008.827255278,444603.6757346984,3075003.232177009,TRUE,150.69520896950388,TalChhapar_TC,2018-01-01,2018-11-01,Jan18→Nov18
8.481084254400406,444560.19613935036,3074911.809487454,444568.6468028958,3074912.5271752495,TRUE,227.06089636969392,TalChhapar_TC,2018-01-01,2018-11-01,Jan18→Nov18
11.303297962870978,444359.17905349185,3075194.4836967043,444370.00590858015,3075197.7308113826,TRUE,170.6624434559476,TalChhapar_TC,2018-01-01,2018-11-01,Jan18→Nov18
2.4723693651611764,444412.24518732296,3075233.785457097,444410.8309605169,3075231.757509164,TRUE,145.49502009248334,TalChhapar_TC,2018-01-01,2018-11-01,Jan18→Nov18
20.066388139114025,444654.8028887382,3075021.935610158,444634.8563185291,3075019.746028042,TRUE,176.65020834344412,TalChhapar_TC,2018-01-01,2018-11-01,Jan18→Nov18
6.398997393938124,444432.53969727363,3075075.497545079,444426.278790832,3075074.175343061,TRUE,105.19132648577273,TalChhapar_TC,2018-01-01,2018-11-01,Jan18→Nov18
4.689068613624426,444544.4882701048,3075055.7357474877,444543.8003396875,3075051.0974163003,TRUE,83.33391424952994,TalChhapar_TC,2018-01-01,2018-11-01,Jan18→Nov18
0.5836330956652538,444548.26028911734,3075157.8480108,444547.9945544468,3075158.3676382387,TRUE,36.889650252179585,TalChhapar_TC,2018-01-01,2018-11-01,Jan18→Nov18
14.135745339294937,444443.95541023015,3074965.4525883268,444457.7213539239,3074962.2404098576,TRUE,185.61549268032275,TalChhapar_TC,2018-01-01,2018-11-01,Jan18→Nov18
4.437827906424192,444608.78979627107,3074932.748219598,444609.4744088211,3074928.3635163945,TRUE,221.33519626600201,TalChhapar_TC,2018-01-01,2018-11-01,Jan18→Nov18
8.807859371997088,444662.55049897643,3075081.431122662,444664.5791177529,3075090.002184007,TRUE,153.0896205382911,TalChhapar_TC,2018-01-01,2018-11-01,Jan18→Nov18
6.062860668839805,444579.63224292884,3075161.488855298,444585.2584723101,3075163.7480194,TRUE,65.93657990265652,TalChhapar_TC,2018-01-01,2018-11-01,Jan18→Nov18
4.3234461059304845,444437.72294751974,3075162.3417467345,444433.4552463283,3075163.033781973,TRUE,85.88974494808816,TalChhapar_TC,2018-01-01,2018-11-01,Jan18→Nov18
4.111891493590788,444567.8309105428,3075078.689974813,444568.5680829498,3075082.7352471766,TRUE,74.51284595494597,TalChhapar_TC,2018-01-01,2018-11-01,Jan18→Nov18
13.832516604736751,444556.84406110155,3075207.7599929995,444570.481199501,3075210.0766655905,TRUE,81.8039951168205,TalChhapar_TC,2018-01-01,2018-11-01,Jan18→Nov18
4.53631694172382,444539.27504116937,3075050.7814341527,444543.8003396875,3075051.0974163003,TRUE,86.71363698436151,TalChhapar_TC,2018-01-01,2018-11-01,Jan18→Nov18
7.3501417492471,444596.4414502017,3075092.633564489,444589.8061749612,3075095.7954794494,TRUE,88.17178186841222,TalChhapar_TC,2018-01-01,2018-11-01,Jan18→Nov18
18.343716368214402,444650.83255065547,3075010.732042395,444634.8563185291,3075019.746028042,TRUE,181.12494060994587,TalChhapar_TC,2018-01-01,2018-11-01,Jan18→Nov18
9.187206979411021,444560.27656256186,3074916.3145026495,444568.6468028958,3074912.5271752495,TRUE,222.64626685603565,TalChhapar_TC,2018-01-01,2018-11-01,Jan18→Nov18
4.582508198686267,444481.6811820645,3075145.991376424,444483.78201166465,3075141.918797833,TRUE,39.04818688131205,TalChhapar_TC,2018-01-01,2018-11-01,Jan18→Nov18
10.029988150993262,444661.1878027636,3075109.540684793,444656.6415900027,3075118.481188797,FALSE,144.28591729175955,TalChhapar_TC,2018-01-01,2018-11-01,Jan18→Nov18
13.559575429764934,444650.68011557404,3075043.463702149,444663.88732588827,3075046.534806438,TRUE,160.29202409362867,TalChhapar_TC,2018-01-01,2018-11-01,Jan18→Nov18
10.053606156900992,444494.6850698527,3074965.9694764805,444485.0141419512,3074963.222086759,TRUE,170.9332241052309,TalChhapar_TC,2018-01-01,2018-11-01,Jan18→Nov18
2.2142672329671647,444446.5544692406,3075070.5958213666,444448.011848026,3075072.2628625943,TRUE,97.16762709508666,TalChhapar_TC,2018-01-01,2018-11-01,Jan18→Nov18
8.33451242413114,444363.30696613813,3075202.689467199,444370.00590858015,3075197.7308113826,FALSE,169.89110792831556,TalChhapar_TC,2018-01-01,2018-11-01,Jan18→Nov18
10.483820291681637,444558.8684131444,3075074.6108523086,444555.9706145319,3075064.5354738487,TRUE,72.37235787674696,TalChhapar_TC,2018-01-01,2018-11-01,Jan18→Nov18
8.408152755332036,444583.49842165655,3075235.728217941,444585.5706983277,3075243.8770032586,FALSE,119.39057313011381,TalChhapar_TC,2018-01-01,2018-11-01,Jan18→Nov18
16.90038936236972,444542.83856104425,3075236.9833819456,444552.6120807484,3075223.1956528653,TRUE,104.55581080847486,TalChhapar_TC,2018-01-01,2018-11-01,Jan18→Nov18
6.460070969031972,444482.6829998013,3075035.8462562077,444478.667321246,3075040.906576619,TRUE,105.78963199372015,TalChhapar_TC,2018-01-01,2018-11-01,Jan18→Nov18
13.214535306374001,444555.7088906791,3074909.8374966746,444568.6468028958,3074912.5271752495,TRUE,228.23993691803818,TalChhapar_TC,2018-01-01,2018-11-01,Jan18→Nov18
15.318658909486334,444632.88260353444,3075160.052004481,444619.7362928696,3075152.1884285333,TRUE,116.39015169184876,TalChhapar_TC,2018-01-01,2018-11-01,Jan18→Nov18
4.964054141268629,444510.88615087565,3075089.8005396207,444508.99741832266,3075085.209840016,TRUE,46.09074314893906,TalChhapar_TC,2018-01-01,2018-11-01,Jan18→Nov18
10.96754486749272,444415.4166318797,3075086.370921502,444405.9088948163,3075080.9037488913,TRUE,114.66094560644972,TalChhapar_TC,2018-01-01,2018-11-01,Jan18→Nov18
11.519358926354887,444559.37408870336,3074919.3618223933,444568.6468028958,3074912.5271752495,TRUE,219.48498386929268,TalChhapar_TC,2018-01-01,2018-11-01,Jan18→Nov18
0.9034151137199923,444499.3120245458,3075108.2220980553,444499.4438441051,3075109.115844368,TRUE,33.45987854894589,TalChhapar_TC,2018-01-01,2018-11-01,Jan18→Nov18
3.2808226632045763,444370.4384856731,3075200.9829913294,444370.00590858015,3075197.7308113826,TRUE,162.67401139086596,TalChhapar_TC,2018-01-01,2018-11-01,Jan18→Nov18
4.6582365188362855,444459.30227764597,3075143.7635844755,444461.3970731684,3075147.9242333653,TRUE,60.506268262135464,TalChhapar_TC,2018-01-01,2018-11-01,Jan18→Nov18
5.053315806098876,444402.51972556545,3074981.0606907695,444398.4115702464,3074978.1180626056,TRUE,193.26553062108033,TalChhapar_TC,2018-01-01,2018-11-01,Jan18→Nov18
18.3048429728298,444584.8803125358,3074920.9853335023,444568.6468028958,3074912.5271752495,TRUE,224.00022628852668,TalChhapar_TC,2018-01-01,2018-11-01,Jan18→Nov18
13.84143420184657,444413.0015529579,3075044.2744131056,444415.9675053308,3075030.754486061,TRUE,139.7572503225705,TalChhapar_TC,2018-01-01,2018-11-01,Jan18→Nov18
6.939530390398266,444489.6124110502,3075138.1553519326,444483.78201166465,3075141.918797833,TRUE,29.731625480073614,TalChhapar_TC,2018-01-01,2018-11-01,Jan18→Nov18
18.334363681808867,444528.0284764347,3074897.853118959,444538.07756523846,3074913.1881998465,TRUE,237.44842831720305,TalChhapar_TC,2018-01-01,2018-11-01,Jan18→Nov18
4.73057291110356,444660.9047064702,3075087.022750874,444664.5791177529,3075090.002184007,TRUE,149.65934079575337,TalChhapar_TC,2018-01-01,2018-11-01,Jan18→Nov18
11.66575316259401,444604.8289109113,3075177.6435123845,444607.1328884753,3075166.207539132,TRUE,95.60728138040194,TalChhapar_TC,2018-01-01,2018-11-01,Jan18→Nov18
9.49049736414838,444619.1616455263,3074956.2349098823,444610.5725650814,3074952.19792619,TRUE,204.93951682082871,TalChhapar_TC,2018-01-01,2018-11-01,Jan18→Nov18
13.367880653910447,444626.42600058776,3075095.7575910906,444614.30444517627,3075090.1212689225,TRUE,114.23749991084611,TalChhapar_TC,2018-01-01,2018-11-01,Jan18→Nov18
11.530454503857815,444666.0804390081,3075068.9196114205,444676.97352402547,3075072.7000981444,TRUE,161.12547543770532,TalChhapar_TC,2018-01-01,2018-11-01,Jan18→Nov18
13.87850180289219,444651.3123738804,3075052.9606991266,444652.8726197557,3075066.7512192437,TRUE,155.59291219148548,TalChhapar_TC,2018-01-01,2018-11-01,Jan18→Nov18
9.108192092728387,444488.27973830217,3075180.538667812,444480.9675064277,3075185.9691768317,FALSE,54.925234062453846,TalChhapar_TC,2018-01-01,2018-11-01,Jan18→Nov18
8.415264305737901,444479.2708262514,3074891.2071858943,444470.955186796,3074889.9161344687,TRUE,247.17470317373213,TalChhapar_TC,2018-01-01,2018-11-01,Jan18→Nov18
4.495755942126447,444550.77913456253,3075083.068712877,444548.45955815725,3075079.2175589213,TRUE,60.90118127774632,TalChhapar_TC,2018-01-01,2018-11-01,Jan18→Nov18
14.04825902638015,444416.6425455077,3074929.3483360633,444430.14649275964,3074933.220930838,TRUE,229.9240023941119,TalChhapar_TC,2018-01-01,2018-11-01,Jan18→Nov18
10.253320095510682,444489.5886172291,3075254.7901881645,444483.90248588246,3075263.3223908865,TRUE,123.26049765558624,TalChhapar_TC,2018-01-01,2018-11-01,Jan18→Nov18
10.419773200147686,444422.17873184424,3075156.9042288917,444428.6084104322,3075148.704783374,TRUE,99.4237459766037,TalChhapar_TC,2018-01-01,2018-11-01,Jan18→Nov18
12.60983630382899,444479.69421429426,3074899.006644355,444470.955186796,3074889.9161344687,TRUE,239.41073632916846,TalChhapar_TC,2018-01-01,2018-11-01,Jan18→Nov18
4.329509217674828,444431.46262953605,3075177.767520406,444434.7850264132,3075180.5435479735,TRUE,97.53731215680243,TalChhapar_TC,2018-01-01,2018-11-01,Jan18→Nov18
2.97536689046152,444667.53491840744,3075089.66152197,444664.5791177529,3075090.002184007,TRUE,155.1583302976792,TalChhapar_TC,2018-01-01,2018-11-01,Jan18→Nov18
3.0492065443235026,444575.3689565034,3075028.016403422,444576.3634008679,3075030.8988920962,TRUE,57.065740622468475,TalChhapar_TC,2018-11-01,2019-10-01,Nov18→Oct19
12.605137575044598,444551.07408230257,3075181.7419163478,444540.3537690009,3075175.111352571,TRUE,114.06783274668231,TalChhapar_TC,2018-11-01,2019-10-01,Nov18→Oct19
2.8181044589395556,444493.1869551099,3074995.2666880083,444490.5269753329,3074996.197397591,TRUE,84.7535042095118,TalChhapar_TC,2018-11-01,2019-10-01,Nov18→Oct19
7.074174859426661,444622.75081069884,3075083.225584229,444624.7258426879,3075090.0184627487,TRUE,88.53328061775245,TalChhapar_TC,2018-11-01,2019-10-01,Nov18→Oct19
20.34353647196606,444522.5335839044,3074949.433424262,444527.7030571822,3074929.757651794,TRUE,120.01411134232136,TalChhapar_TC,2018-11-01,2019-10-01,Nov18→Oct19
17.628819284578913,444523.29384596506,3075201.0478240335,444506.0793595631,3075204.847393389,TRUE,132.8463525549794,TalChhapar_TC,2018-11-01,2019-10-01,Nov18→Oct19
8.815017437726624,444477.48407523194,3075018.4851911073,444481.4712925456,3075010.6234717965,TRUE,76.69581380280208,TalChhapar_TC,2018-11-01,2019-10-01,Nov18→Oct19
28.10783847597198,444629.3241336434,3075133.9011422927,444602.754077652,3075143.070804686,TRUE,114.2988976400018,TalChhapar_TC,2018-11-01,2019-10-01,Nov18→Oct19
12.879628487941405,444598.6612034726,3075155.282815615,444602.754077652,3075143.070804686,TRUE,107.18217099128684,TalChhapar_TC,2018-11-01,2019-10-01,Nov18→Oct19
8.162973244696799,444544.4558155442,3075030.623156726,444545.9163581504,3075022.591908536,TRUE,39.19051232370783,TalChhapar_TC,2018-11-01,2019-10-01,Nov18→Oct19
10.340589725708037,444542.26619693474,3075092.1670586965,444532.5927038856,3075088.5131117753,TRUE,24.395872926588225,TalChhapar_TC,2018-11-01,2019-10-01,Nov18→Oct19
20.190576609850655,444673.09910899797,3075038.956155202,444658.5598143953,3075052.9657339356,TRUE,140.87858091552005,TalChhapar_TC,2018-11-01,2019-10-01,Nov18→Oct19
11.598923366842117,444583.8061191162,3075101.289350008,444593.50986052694,3075094.9354200508,FALSE,58.31681123447782,TalChhapar_TC,2018-11-01,2019-10-01,Nov18→Oct19
9.011387142401176,444552.1953482335,3074953.497409574,444555.20718281245,3074961.9905804014,TRUE,116.473676802393,TalChhapar_TC,2018-11-01,2019-10-01,Nov18→Oct19
8.706453971872593,444582.4014986144,3075127.9788802085,444584.8910060723,3075119.6359374793,TRUE,75.60322162485078,TalChhapar_TC,2018-11-01,2019-10-01,Nov18→Oct19
11.336372859503317,444481.4436220964,3075205.981712985,444492.35214240145,3075209.0667631244,TRUE,147.45624975797648,TalChhapar_TC,2018-11-01,2019-10-01,Nov18→Oct19
7.302050648295861,444550.5983917625,3075086.502975976,444550.0133469904,3075079.2244001343,TRUE,23.360980874241804,TalChhapar_TC,2018-11-01,2019-10-01,Nov18→Oct19
9.436914902390392,444546.6018562731,3075036.309182159,444555.2256775199,3075032.4770717775,TRUE,34.32242741999076,TalChhapar_TC,2018-11-01,2019-10-01,Nov18→Oct19
19.61998510159845,444653.99153309653,3075105.978066483,444661.44526737905,3075124.127051596,FALSE,124.28829838797942,TalChhapar_TC,2018-11-01,2019-10-01,Nov18→Oct19
8.224365481772367,444547.61259092524,3075116.9686165643,444541.0343611918,3075112.032314188,FALSE,49.73433266689788,TalChhapar_TC,2018-11-01,2019-10-01,Nov18→Oct19
9.863217022725525,444616.8512400547,3075084.0792975374,444624.7258426879,3075090.0184627487,TRUE,82.8722779109598,TalChhapar_TC,2018-11-01,2019-10-01,Nov18→Oct19
10.880956152968512,444566.53176984005,3075015.3260439658,444557.3666782462,3075021.1908801,TRUE,61.833094826509665,TalChhapar_TC,2018-11-01,2019-10-01,Nov18→Oct19
4.086527673021605,444418.41712929273,3075063.4899443653,444414.3416661699,3075063.790458519,TRUE,117.10941713650409,TalChhapar_TC,2018-11-01,2019-10-01,Nov18→Oct19
8.84337840824103,444593.0467545205,3075123.054871366,444584.8910060723,3075119.6359374793,TRUE,79.18768343544761,TalChhapar_TC,2018-11-01,2019-10-01,Nov18→Oct19
3.7070878716456424,444503.3056611,3075202.3879021155,444506.0793595631,3075204.847393389,TRUE,137.43481163654727,TalChhapar_TC,2018-11-01,2019-10-01,Nov18→Oct19
4.70534175597678,444536.7960736072,3075109.9885041695,444541.0343611918,3075112.032314188,TRUE,41.256880127814696,TalChhapar_TC,2018-11-01,2019-10-01,Nov18→Oct19
10.89014118199853,444636.22447840864,3075040.7587416666,444646.38679351733,3075036.844341764,TRUE,104.63137495619418,TalChhapar_TC,2018-11-01,2019-10-01,Nov18→Oct19
6.030689432250562,444546.17799786205,3075108.8839468597,444541.0343611918,3075112.032314188,TRUE,41.549058006587636,TalChhapar_TC,2018-11-01,2019-10-01,Nov18→Oct19
6.987097374418368,444501.2242491492,3074995.8927267566,444507.0428599433,3074999.760969012,TRUE,80.48257833676708,TalChhapar_TC,2018-11-01,2019-10-01,Nov18→Oct19
8.311669728815795,444626.58116125246,3075081.916509484,444624.7258426879,3075090.0184627487,TRUE,92.11811423973077,TalChhapar_TC,2018-11-01,2019-10-01,Nov18→Oct19
21.90408895795175,444602.190194903,3075070.524026364,444581.48459075403,3075063.377903646,TRUE,66.80548847271663,TalChhapar_TC,2018-11-01,2019-10-01,Nov18→Oct19
12.602466689882293,444548.7684388258,3074951.1570794648,444555.20718281245,3074961.9905804014,TRUE,118.35439671237457,TalChhapar_TC,2018-11-01,2019-10-01,Nov18→Oct19
6.331496023616846,444481.5272386987,3074957.274676685,444482.68660838204,3074951.050232627,TRUE,123.81844820023808,TalChhapar_TC,2018-11-01,2019-10-01,Nov18→Oct19
6.702702667091365,444610.6032558591,3075003.169936358,444603.9015791995,3075003.052663202,TRUE,99.77827412868726,TalChhapar_TC,2018-11-01,2019-10-01,Nov18→Oct19
8.601619655547724,444509.9168421383,3075181.6902670586,444507.0979993154,3075189.816889102,TRUE,115.77644713323274,TalChhapar_TC,2018-11-01,2019-10-01,Nov18→Oct19
2.2062767959433844,444484.888714937,3074951.1858203136,444482.68660838204,3074951.050232627,TRUE,127.9637377802788,TalChhapar_TC,2018-11-01,2019-10-01,Nov18→Oct19
6.124173987500758,444547.95399130665,3075071.52961594,444543.164317737,3075067.713265049,TRUE,12.84901458580474,TalChhapar_TC,2018-11-01,2019-10-01,Nov18→Oct19
6.490069021078309,444609.7985600228,3075046.311914885,444616.26976432855,3075045.817434621,TRUE,77.70216610858316,TalChhapar_TC,2018-11-01,2019-10-01,Nov18→Oct19
12.272002262203491,444632.1643655623,3075099.7791193337,444624.7258426879,3075090.0184627487,TRUE,101.60839485134815,TalChhapar_TC,2018-11-01,2019-10-01,Nov18→Oct19
9.244350420908956,444503.94331037404,3075119.3354108157,444499.6616253202,3075111.1424145503,TRUE,59.568577172945545,TalChhapar_TC,2018-11-01,2019-10-01,Nov18→Oct19
5.279367691192172,444496.5125492003,3075164.748281459,444501.18797827244,3075167.200237048,TRUE,103.57403632792933,TalChhapar_TC,2018-11-01,2019-10-01,Nov18→Oct19
9.462385319176477,444474.11408256274,3075130.705693275,444473.50679964974,3075121.2628153563,TRUE,87.14844764125219,TalChhapar_TC,2018-11-01,2019-10-01,Nov18→Oct19
12.013629370297616,444475.4802597018,3074941.437957696,444482.68660838204,3074951.050232627,TRUE,140.7159315260577,TalChhapar_TC,2018-11-01,2019-10-01,Nov18→Oct19
11.969924091860044,444501.47312620643,3075010.3561164327,444507.0428599433,3074999.760969012,TRUE,67.54266501582129,TalChhapar_TC,2018-11-01,2019-10-01,Nov18→Oct19
5.343819941461309,444527.57520437555,3075090.3518913253,444532.5927038856,3075088.5131117753,TRUE,22.973495433997098,TalChhapar_TC,2018-11-01,2019-10-01,Nov18→Oct19
12.266663816644495,444471.5846056805,3075173.7496157736,444472.2390464598,3075185.9988095616,TRUE,122.87113936906486,TalChhapar_TC,2018-11-01,2019-10-01,Nov18→Oct19
9.41063797606203,444474.1071582193,3075016.482621286,444481.4712925456,3075010.6234717965,TRUE,80.56183150180895,TalChhapar_TC,2018-11-01,2019-10-01,Nov18→Oct19
15.200855427199054,444516.1104556529,3075216.268563073,444506.0793595631,3075204.847393389,TRUE,148.77048933842687,TalChhapar_TC,2018-11-01,2019-10-01,Nov18→Oct19
10.019592627585943,444531.9865531786,3075104.755592869,444522.01699581946,3075103.7555116294,TRUE,36.16284789645703,TalChhapar_TC,2018-11-01,2019-10-01,Nov18→Oct19
5.778759709831654,444602.3407055036,3075044.84192382,444597.2540101491,3075047.5841116607,TRUE,71.07603904454177,TalChhapar_TC,2018-11-01,2019-10-01,Nov18→Oct19
7.000326062285385,444521.9921005886,3075139.566878333,444521.51680397824,3075146.5510503035,TRUE,72.07159865356097,TalChhapar_TC,2018-11-01,2019-10-01,Nov18→Oct19
6.181103888355312,444429.195507059,3075131.2194853863,444426.2095504438,3075125.807451723,TRUE,123.21906022796092,TalChhapar_TC,2018-11-01,2019-10-01,Nov18→Oct19
5.207854195599626,444530.7423988323,3075116.813563675,444525.82923121867,3075118.5405637687,TRUE,48.28454049370633,TalChhapar_TC,2018-11-01,2019-10-01,Nov18→Oct19
11.14340827759527,444610.8916364552,3075135.4579415736,444602.754077652,3075143.070804686,TRUE,100.73254072297999,TalChhapar_TC,2018-11-01,2019-10-01,Nov18→Oct19
11.554763882929521,444538.8089496607,3075012.8066871255,444546.09729208803,3075003.8404932255,TRUE,56.05155367356991,TalChhapar_TC,2018-11-01,2019-10-01,Nov18→Oct19
12.22403445663192,444530.9141446607,3074965.03223368,444532.0758437862,3074977.200942467,TRUE,103.82005284885366,TalChhapar_TC,2018-11-01,2019-10-01,Nov18→Oct19
18.832038935091845,444603.09829528164,3075078.7271626056,444593.50986052694,3075094.9354200508,TRUE,68.42077550481784,TalChhapar_TC,2018-11-01,2019-10-01,Nov18→Oct19
8.661964648910653,444444.5505894903,3075016.380459107,444443.6697422928,3075007.763398135,TRUE,104.87222400635955,TalChhapar_TC,2018-11-01,2019-10-01,Nov18→Oct19
2.8517949955617654,444471.2375815693,3075183.328640509,444472.2390464598,3075185.9988095616,TRUE,131.32015886381274,TalChhapar_TC,2018-11-01,2019-10-01,Nov18→Oct19
9.304159730862898,444507.9057324438,3075080.160539646,444513.27593351615,3075087.758455725,TRUE,29.77362786137527,TalChhapar_TC,2018-11-01,2019-10-01,Nov18→Oct19
9.152081168506598,444571.1078427133,3074921.220853138,444567.45022311795,3074912.8314307136,TRUE,151.7919197360064,TalChhapar_TC,2018-11-01,2019-10-01,Nov18→Oct19
8.759662240580312,444623.20643879054,3075081.391580672,444624.7258426879,3075090.0184627487,TRUE,88.70302253480934,TalChhapar_TC,2018-11-01,2019-10-01,Nov18→Oct19
5.111193790203829,444511.79581529484,3075187.8032290055,444507.0979993154,3075189.816889102,TRUE,121.36732638882282,TalChhapar_TC,2018-11-01,2019-10-01,Nov18→Oct19
19.404477093265665,444475.70773972676,3074914.3619532282,444495.0006482399,3074916.439791616,TRUE,165.53350935096216,TalChhapar_TC,2018-11-01,2019-10-01,Nov18→Oct19
8.926284963140315,444654.0174892603,3075032.2128144004,444646.38679351733,3075036.844341764,TRUE,124.1108736456646,TalChhapar_TC,2018-11-01,2019-10-01,Nov18→Oct19
18.68501578102379,444627.930829653,3075108.447337833,444609.3083610365,3075106.919765456,TRUE,100.67737018532239,TalChhapar_TC,2018-11-01,2019-10-01,Nov18→Oct19
6.4839297700930425,444519.90289600164,3075109.885106006,444522.01699581946,3075103.7555116294,TRUE,43.95565847534153,TalChhapar_TC,2018-11-01,2019-10-01,Nov18→Oct19
4.87793116251328,444495.57192229416,3075205.402444652,444492.35214240145,3075209.0667631244,TRUE,142.3357094241617,TalChhapar_TC,2018-11-01,2019-10-01,Nov18→Oct19
4.634579415514343,444545.63584058214,3075077.7023081514,444550.0133469904,3075079.2244001343,TRUE,13.588993151723862,TalChhapar_TC,2018-11-01,2019-10-01,Nov18→Oct19
15.229805471761342,444510.22396062064,3074915.995117728,444495.0006482399,3074916.439791616,TRUE,154.82188829663764,TalChhapar_TC,2018-11-01,2019-10-01,Nov18→Oct19
2.6611020857004215,444642.6237545439,3075082.2199840522,444645.0065667572,3075083.4047499644,TRUE,108.05783572659521,TalChhapar_TC,2018-11-01,2019-10-01,Nov18→Oct19
12.701022189856012,444586.8811421274,3075159.193374025,444586.95516464213,3075171.894180509,TRUE,104.0604359602298,TalChhapar_TC,2018-11-01,2019-10-01,Nov18→Oct19
5.116536090810951,444510.3012189818,3075091.9213891868,444513.27593351615,3075087.758455725,TRUE,34.161964359703184,TalChhapar_TC,2018-11-01,2019-10-01,Nov18→Oct19
3.662298043515395,444494.17599259294,3074995.8857888696,444490.5269753329,3074996.197397591,TRUE,83.72579038418796,TalChhapar_TC,2018-11-01,2019-10-01,Nov18→Oct19
7.869896919191484,444492.99336019927,3074984.0386112873,444499.77060776146,3074980.0380871966,TRUE,94.74109753065937,TalChhapar_TC,2018-11-01,2019-10-01,Nov18→Oct19
9.427270460291549,444394.309656648,3075037.2315638815,444385.87468442693,3075041.44163181,TRUE,144.5769887348972,TalChhapar_TC,2018-11-01,2019-10-01,Nov18→Oct19
4.156348699426629,444508.2253397478,3075044.6598235504,444511.99022029346,3075046.420763353,TRUE,36.324656565225276,TalChhapar_TC,2018-11-01,2019-10-01,Nov18→Oct19
9.404222659954861,444490.77788302756,3075108.0572035825,444499.6616253202,3075111.1424145503,TRUE,59.46868309009864,TalChhapar_TC,2018-11-01,2019-10-01,Nov18→Oct19
9.763496490358476,444586.82185986347,3075109.2137686093,444595.51652754814,3075113.655459455,TRUE,65.42388795678939,TalChhapar_TC,2018-11-01,2019-10-01,Nov18→Oct19
18.091587283959136,444478.8598703857,3074924.6117449147,444495.0006482399,3074916.439791616,TRUE,154.83855248200777,TalChhapar_TC,2018-11-01,2019-10-01,Nov18→Oct19
15.765279988044066,444672.6493899592,3075045.8926926143,444658.5598143953,3075052.9657339356,TRUE,139.13247849109828,TalChhapar_TC,2018-11-01,2019-10-01,Nov18→Oct19
6.715627277531192,444564.2401551666,3075077.6075444673,444568.2138351366,3075083.021370954,TRUE,30.160461535384645,TalChhapar_TC,2018-11-01,2019-10-01,Nov18→Oct19
4.0356009004900555,444466.2838485673,3075018.7453184095,444462.85578527825,3075020.874744791,TRUE,85.31783324754885,TalChhapar_TC,2018-11-01,2019-10-01,Nov18→Oct19
3.006386008175194,444665.5376356405,3075058.4727812605,444667.0744799712,3075061.0566671584,TRUE,130.53509462160542,TalChhapar_TC,2018-11-01,2019-10-01,Nov18→Oct19
6.723767911274515,444544.4900977048,3075180.4122807705,444540.3537690009,3075175.111352571,TRUE,112.02604879326651,TalChhapar_TC,2018-11-01,2019-10-01,Nov18→Oct19
3.536819293510346,444472.0153687928,3075139.471129434,444474.63871097896,3075141.8432943714,TRUE,94.97061036943293,TalChhapar_TC,2018-11-01,2019-10-01,Nov18→Oct19
7.319275129761451,444505.2185649087,3075059.9334870838,444502.0039294976,3075066.5090408702,TRUE,31.452006607255594,TalChhapar_TC,2018-11-01,2019-10-01,Nov18→Oct19
15.01851534467381,444666.52538339654,3075088.1605602396,444657.51987160265,3075076.1415519407,TRUE,132.54550141392838,TalChhapar_TC,2018-11-01,2019-10-01,Nov18→Oct19
15.93300132711238,444447.957809991,3074982.005069402,444434.3390250146,3074990.2748473347,TRUE,123.17916007846402,TalChhapar_TC,2018-11-01,2019-10-01,Nov18→Oct19
6.6892451278066725,444544.365699184,3075074.293742463,444543.164317737,3075067.713265049,TRUE,10.531662352224371,TalChhapar_TC,2018-11-01,2019-10-01,Nov18→Oct19
7.2257321498340925,444533.24917782,3075173.7937831217,444540.3537690009,3075175.111352571,TRUE,105.06099144189487,TalChhapar_TC,2018-11-01,2019-10-01,Nov18→Oct19
19.540888803109887,444530.50348563545,3075197.8693775693,444532.9740823984,3075217.2534557483,TRUE,129.2075232146873,TalChhapar_TC,2018-11-01,2019-10-01,Nov18→Oct19
10.6542082499815,444641.2940752896,3075016.3556432584,444635.75903289334,3075025.459239202,TRUE,118.14196066237561,TalChhapar_TC,2018-11-01,2019-10-01,Nov18→Oct19
12.217155151098096,444449.76768729585,3074926.005100516,444458.52920318674,3074934.519483599,TRUE,166.4686552112458,TalChhapar_TC,2018-11-01,2019-10-01,Nov18→Oct19
1.1263653875164388,444625.49944155425,3075089.1997785727,444624.7258426879,3075090.0184627487,TRUE,92.38199903102725,TalChhapar_TC,2018-11-01,2019-10-01,Nov18→Oct19
12.99468167884738,444633.5537049847,3075068.65857531,444636.57130221464,3075081.2980317418,TRUE,98.14561904209751,TalChhapar_TC,2018-11-01,2019-10-01,Nov18→Oct19
11.504795595221719,444580.8027922244,3075051.8933282313,444581.48459075403,3075063.377903646,TRUE,48.42509940543169,TalChhapar_TC,2018-11-01,2019-10-01,Nov18→Oct19
8.256303937740062,444464.8922789501,3075034.5110898265,444472.0198670916,3075030.3440714683,TRUE,78.39087643160747,TalChhapar_TC,2018-11-01,2019-10-01,Nov18→Oct19
9.112942614690246,444430.37941911933,3075073.107400894,444422.4607288683,3075077.617397325,TRUE,105.11885841842103,TalChhapar_TC,2018-11-01,2019-10-01,Nov18→Oct19
7.055651055703947,444485.44753914844,3075207.614638564,444492.35214240145,3075209.0667631244,FALSE,147.57393615624198,TalChhapar_TC,2018-11-01,2019-10-01,Nov18→Oct19
7.305252952939253,444481.98819573276,3075063.1058477284,444481.8767764309,3075070.4102509515,TRUE,53.71780326405784,TalChhapar_TC,2018-11-01,2019-10-01,Nov18→Oct19
18.074281718314815,444656.28654925834,3075021.7223545965,444646.38679351733,3075036.844341764,TRUE,129.70604842827788,TalChhapar_TC,2018-11-01,2019-10-01,Nov18→Oct19
7.686738450357412,444594.57049794396,3075172.9394779336,444586.95516464213,3075171.894180509,TRUE,119.81066592262242,TalChhapar_TC,2018-11-01,2019-10-01,Nov18→Oct19
11.783034467302924,444514.48363716656,3074990.6245180834,444507.0428599433,3074999.760969012,TRUE,80.88388663227339,TalChhapar_TC,2018-11-01,2019-10-01,Nov18→Oct19
14.051570254835092,444594.5926827694,3075078.4462516992,444583.7948627412,3075087.4381207633,TRUE,59.972758037973364,TalChhapar_TC,2018-11-01,2019-10-01,Nov18→Oct19
14.988585130356972,444394.3605234282,3075024.724641343,444401.729743801,3075011.6727343826,TRUE,147.76027438742017,TalChhapar_TC,2018-11-01,2019-10-01,Nov18→Oct19
6.875199516823304,444469.06588988303,3075135.9668974937,444462.2021895831,3075136.364372762,TRUE,94.43905729905048,TalChhapar_TC,2018-11-01,2019-10-01,Nov18→Oct19
8.543675551379453,444546.28759268037,3075086.9129075804,444550.0133469904,3075079.2244001343,TRUE,21.167736936578695,TalChhapar_TC,2018-11-01,2019-10-01,Nov18→Oct19
20.73047682631611,444474.6661097109,3074920.472062968,444495.0006482399,3074916.439791616,TRUE,160.24174225768184,TalChhapar_TC,2018-11-01,2019-10-01,Nov18→Oct19
8.84774435881392,444487.6010923569,3075187.1823823634,444491.4975043713,3075179.238796671,TRUE,127.71281670827945,TalChhapar_TC,2018-11-01,2019-10-01,Nov18→Oct19
8.097867529684606,444448.6017957755,3075039.9641538854,444448.74292236223,3075048.060791571,TRUE,91.45628308691217,TalChhapar_TC,2018-11-01,2019-10-01,Nov18→Oct19
10.609921195874746,444443.38970450946,3074995.8115998544,444434.3390250146,3074990.2748473347,TRUE,117.42285754698828,TalChhapar_TC,2018-11-01,2019-10-01,Nov18→Oct19
6.229051549822587,444528.3535930806,3075126.335546861,444534.5144948475,3075125.4166493537,TRUE,58.01110743956619,TalChhapar_TC,2018-11-01,2019-10-01,Nov18→Oct19
11.429999992686998,444409.3273516746,3075098.4200062216,444404.18848783534,3075088.21035499,TRUE,129.52365599643736,TalChhapar_TC,2018-11-01,2019-10-01,Nov18→Oct19
6.612224213327477,444561.83548623323,3075032.29836022,444555.2256775199,3075032.4770717775,TRUE,45.02765679017622,TalChhapar_TC,2018-11-01,2019-10-01,Nov18→Oct19
4.40507810089378,444439.69821053575,3074971.776117857,444437.1535016146,3074968.1804024093,TRUE,136.25449862069732,TalChhapar_TC,2018-11-01,2019-10-01,Nov18→Oct19
19.657122112338048,444637.91814514203,3075104.5912320702,444624.7258426879,3075090.0184627487,TRUE,108.5934607724545,TalChhapar_TC,2018-11-01,2019-10-01,Nov18→Oct19
8.519001279680797,444579.2690620349,3075094.6554963784,444583.7948627412,3075087.4381207633,TRUE,50.93739279952916,TalChhapar_TC,2018-11-01,2019-10-01,Nov18→Oct19
15.139912335934431,444487.1501130141,3074933.958542015,444500.52083040454,3074941.060715063,TRUE,143.17442282300104,TalChhapar_TC,2018-11-01,2019-10-01,Nov18→Oct19
6.485531802767782,444594.92120165285,3074969.7544228523,444591.475705082,3074964.2598185767,TRUE,115.51153616749032,TalChhapar_TC,2018-11-01,2019-10-01,Nov18→Oct19
7.724456222335985,444557.14389516594,3075082.1946706013,444550.0133469904,3075079.2244001343,TRUE,25.55520913647025,TalChhapar_TC,2018-11-01,2019-10-01,Nov18→Oct19
7.885870018669847,444469.4921269609,3075163.253127236,444462.6399957435,3075159.349892202,TRUE,115.21640649778455,TalChhapar_TC,2018-11-01,2019-10-01,Nov18→Oct19
11.55616450823395,444437.4536762157,3075045.5914071165,444448.74292236223,3075048.060791571,FALSE,100.65598154333519,TalChhapar_TC,2018-11-01,2019-10-01,Nov18→Oct19
22.1682901560118,444602.04389964987,3075071.669339358,444581.48459075403,3075063.377903646,FALSE,66.69946677393035,TalChhapar_TC,2018-11-01,2019-10-01,Nov18→Oct19
2.8544692792203605,444568.46261702606,3075107.181862833,444570.4603057926,3075109.2207925664,FALSE,50.68751784868805,TalChhapar_TC,2018-11-01,2019-10-01,Nov18→Oct19
5.528382155777808,444493.4412622669,3075081.796164383,444488.72519282834,3075084.6808997802,FALSE,43.94645420111186,TalChhapar_TC,2018-11-01,2019-10-01,Nov18→Oct19
19.013006002996445,444421.37120064674,3074949.351354275,444431.045143396,3074932.983421328,FALSE,165.11101440378695,TalChhapar_TC,2018-11-01,2019-10-01,Nov18→Oct19
6.163001555074296,444504.31095361523,3074967.2895111768,444505.4095652505,3074961.2252189144,FALSE,106.12386770720617,TalChhapar_TC,2018-11-01,2019-10-01,Nov18→Oct19
23.655847721773632,444667.46728590975,3075097.6042656563,444657.51987160265,3075076.1415519407,FALSE,135.1735967530474,TalChhapar_TC,2018-11-01,2019-10-01,Nov18→Oct19
7.13824176888615,444444.93987622834,3074936.787776368,444447.0258275744,3074943.6144375238,FALSE,159.99952351276693,TalChhapar_TC,2018-11-01,2019-10-01,Nov18→Oct19
12.809544734037596,444587.505425776,3075037.218679849,444576.3634008679,3075030.8988920962,TRUE,60.89881698290967,TalChhapar_TC,2018-11-01,2019-10-01,Nov18→Oct19
9.376143580905953,444467.39139423356,3075099.2136664465,444474.29801249015,3075105.5548566114,TRUE,74.52522100992894,TalChhapar_TC,2018-11-01,2019-10-01,Nov18→Oct19
5.6949868869205575,444438.87534531415,3075027.6113317492,444434.4205035702,3075024.063478782,TRUE,104.93511653217325,TalChhapar_TC,2018-11-01,2019-10-01,Nov18→Oct19
9.039549587113235,444601.5057708039,3075090.718919656,444593.50986052694,3075094.9354200508,TRUE,69.65136374276408,TalChhapar_TC,2018-11-01,2019-10-01,Nov18→Oct19
13.835590971280093,444420.21322321147,3075022.601269189,444420.47924476047,3075036.434302481,TRUE,124.09686552562165,TalChhapar_TC,2018-11-01,2019-10-01,Nov18→Oct19
2.471203752118253,444495.3936686343,3075054.384590866,444493.81170951924,3075052.4861037466,TRUE,42.51664818918588,TalChhapar_TC,2018-11-01,2019-10-01,Nov18→Oct19
1.1132633214206358,444594.79704101005,3075114.504985408,444595.51652754814,3075113.655459455,TRUE,74.96736388872748,TalChhapar_TC,2018-11-01,2019-10-01,Nov18→Oct19
14.968657039783647,444409.58333431196,3075049.5982433464,444414.3416661699,3075063.790458519,FALSE,127.27474405227335,TalChhapar_TC,2018-11-01,2019-10-01,Nov18→Oct19
8.055677219922272,444629.73925301625,3075063.5291329497,444622.8198520512,3075059.4041086156,TRUE,94.47576193569738,TalChhapar_TC,2018-11-01,2019-10-01,Nov18→Oct19
9.898905928913422,444543.36447255715,3075150.3874097,444547.1645722544,3075141.2469731197,TRUE,82.01925040012371,TalChhapar_TC,2018-11-01,2019-10-01,Nov18→Oct19
15.789312619495732,444552.75833721965,3075184.8801334724,444540.3537690009,3075175.111352571,TRUE,117.41414560990745,TalChhapar_TC,2018-11-01,2019-10-01,Nov18→Oct19
2.0152366390141143,444541.9184407633,3075053.2434435003,444542.61307327886,3075051.351707689,FALSE,16.822359188494158,TalChhapar_TC,2018-11-01,2019-10-01,Nov18→Oct19
11.866913771806164,444569.31965543405,3075155.328686314,444567.7166904234,3075143.5705340086,FALSE,92.97848414466642,TalChhapar_TC,2018-11-01,2019-10-01,Nov18→Oct19
6.006008299192532,444558.9492560699,3075093.7753998423,444563.2271020236,3075097.9911049656,FALSE,34.354126844313505,TalChhapar_TC,2018-11-01,2019-10-01,Nov18→Oct19
3.8153949349544507,444440.6154531079,3074966.5766161494,444437.1535016146,3074968.1804024093,FALSE,139.37743576421062,TalChhapar_TC,2018-11-01,2019-10-01,Nov18→Oct19
16.93452613292417,444616.13538119936,3075122.417183662,444609.3083610365,3075106.919765456,FALSE,96.93565392103079,TalChhapar_TC,2018-11-01,2019-10-01,Nov18→Oct19
10.831346093779153,444545.4027718469,3075040.6792375175,444535.76907968754,3075035.728476608,FALSE,29.80167673231781,TalChhapar_TC,2018-11-01,2019-10-01,Nov18→Oct19
6.945498013770115,444476.98543947557,3075180.928139389,444472.2390464598,3075185.9988095616,FALSE,126.47541088280082,TalChhapar_TC,2018-11-01,2019-10-01,Nov18→Oct19
11.369836318340242,444621.9315323515,3075078.9973463058,444624.7258426879,3075090.0184627487,FALSE,87.12751987087404,TalChhapar_TC,2018-11-01,2019-10-01,Nov18→Oct19
19.444063274482325,444624.92295925744,3074946.798512753,444607.8105667487,3074956.03093493,FALSE,151.28213110191652,TalChhapar_TC,2018-11-01,2019-10-01,Nov18→Oct19
0.8580147861292472,444564.0484773936,3075097.7430487727,444563.2271020236,3075097.9911049656,FALSE,40.750185611836,TalChhapar_TC,2018-11-01,2019-10-01,Nov18→Oct19
4.135500514291397,444541.3140173637,3075096.901843216,444545.44631012593,3075096.7389904265,FALSE,28.34686813695944,TalChhapar_TC,2019-10-01,2021-02-01,Oct19→Feb21
22.935576272414437,444404.0973576009,3075055.7917433837,444417.0536041411,3075036.866196244,FALSE,141.1744642859459,TalChhapar_TC,2019-10-01,2021-02-01,Oct19→Feb21
14.874302712951406,444513.9833797947,3075172.48266635,444500.0515107904,3075167.2723009842,FALSE,108.17316319075525,TalChhapar_TC,2019-10-01,2021-02-01,Oct19→Feb21
10.777804302597767,444616.5463461609,3074930.549852036,444612.7196929106,3074920.4742483078,FALSE,155.7757698263375,TalChhapar_TC,2019-10-01,2021-02-01,Oct19→Feb21
8.139303284838062,444585.9772326629,3075109.162830732,444584.3872031068,3075117.1453155563,FALSE,57.780936698860394,TalChhapar_TC,2019-10-01,2021-02-01,Oct19→Feb21
12.694083804369994,444599.3762457656,3075095.539854745,444586.81653772976,3075093.6977098845,FALSE,60.90659254358103,TalChhapar_TC,2019-10-01,2021-02-01,Oct19→Feb21
13.067376013483676,444443.5504376995,3075128.440236785,444453.1360218616,3075137.3212779486,FALSE,117.42481330204508,TalChhapar_TC,2019-10-01,2021-02-01,Oct19→Feb21
12.719925895929634,444674.7057920297,3075023.49039136,444672.24523023906,3075035.970060846,FALSE,137.68364990291585,TalChhapar_TC,2019-10-01,2021-02-01,Oct19→Feb21
11.552739890140058,444631.20394656947,3075057.5615005577,444639.7387201396,3075049.7753950437,FALSE,87.24955328840956,TalChhapar_TC,2019-10-01,2021-02-01,Oct19→Feb21
12.359752341063654,444539.17530159384,3074987.2031504572,444537.3689479816,3074999.4301928044,FALSE,81.7370869393929,TalChhapar_TC,2019-10-01,2021-02-01,Oct19→Feb21
4.51578087842676,444533.48112627363,3074981.1601347392,444532.3254604228,3074976.794735172,FALSE,88.30723614462855,TalChhapar_TC,2019-10-01,2021-02-01,Oct19→Feb21
9.42294674806858,444595.8953801715,3075091.1745084785,444586.81653772976,3075093.6977098845,FALSE,55.91173865764986,TalChhapar_TC,2019-10-01,2021-02-01,Oct19→Feb21
5.354515296162706,444464.61939944566,3074935.6425144793,444459.27427090204,3074935.325599808,FALSE,155.33154758982275,TalChhapar_TC,2019-10-01,2021-02-01,Oct19→Feb21
1.7919739513625632,444535.5949251606,3074999.683202039,444537.3689479816,3074999.4301928044,FALSE,69.66609619172138,TalChhapar_TC,2019-10-01,2021-02-01,Oct19→Feb21
13.392332523384287,444657.7432154795,3075103.4264738145,444664.3693908951,3075091.788245007,FALSE,118.26430255437464,TalChhapar_TC,2019-10-01,2021-02-01,Oct19→Feb21
6.395250382569869,444589.702177542,3075017.785095293,444583.33572179725,3075018.391287264,TRUE,68.00985352015356,TalChhapar_TC,2019-10-01,2021-02-01,Oct19→Feb21
1.812003050271325,444482.9192086758,3075010.4579149857,444481.5112070842,3075011.598479132,FALSE,84.92569504149073,TalChhapar_TC,2019-10-01,2021-02-01,Oct19→Feb21
10.680542525028677,444519.01567978243,3074965.7894626316,444508.4694621264,3074964.100888742,TRUE,106.11464542309533,TalChhapar_TC,2019-10-01,2021-02-01,Oct19→Feb21
13.485949386247702,444440.3855131927,3074980.9472376574,444428.0668084367,3074986.4354380895,TRUE,136.3326007078267,TalChhapar_TC,2019-10-01,2021-02-01,Oct19→Feb21
8.880149441504283,444619.4355792747,3074975.732934241,444611.1670718214,3074978.9715818907,TRUE,119.34062971776949,TalChhapar_TC,2019-10-01,2021-02-01,Oct19→Feb21
10.593078933684065,444555.6855381695,3075050.539573505,444565.84218391177,3075047.530276484,FALSE,21.284365643957244,TalChhapar_TC,2019-10-01,2021-02-01,Oct19→Feb21
17.107144788282252,444689.0408520432,3075039.2199056144,444672.24523023906,3075035.970060846,TRUE,147.35571345475046,TalChhapar_TC,2019-10-01,2021-02-01,Oct19→Feb21
9.24446273612836,444506.0357756921,3074988.9342936333,444498.40424400155,3074983.7170323464,FALSE,88.68123511503397,TalChhapar_TC,2019-10-01,2021-02-01,Oct19→Feb21
13.517101538548697,444662.6414351344,3075026.4580077766,444672.24523023906,3075035.970060846,TRUE,125.31967427890396,TalChhapar_TC,2019-10-01,2021-02-01,Oct19→Feb21
1.0517917342475032,444582.7090962108,3075017.546535095,444583.33572179725,3075018.391287264,TRUE,63.78767205386042,TalChhapar_TC,2019-10-01,2021-02-01,Oct19→Feb21
8.797152353395157,444529.78030197957,3074916.764053193,444535.80328336393,3074910.3520656093,TRUE,152.7190380569044,TalChhapar_TC,2019-10-01,2021-02-01,Oct19→Feb21
12.031818475658469,444452.7212339874,3075149.345944549,444453.1360218616,3075137.3212779486,TRUE,122.27212022152732,TalChhapar_TC,2019-10-01,2021-02-01,Oct19→Feb21
9.57235384262241,444611.83036652673,3075052.18224863,444603.43017769,3075047.5923918136,TRUE,69.16968867680946,TalChhapar_TC,2019-10-01,2021-02-01,Oct19→Feb21
9.742480324674386,444613.7286030239,3075114.882918091,444609.6802030623,3075106.021406898,FALSE,83.04295772181406,TalChhapar_TC,2019-10-01,2021-02-01,Oct19→Feb21
8.082266618567733,444609.8193002565,3075143.7866586647,444601.8476984926,3075142.453767442,FALSE,99.36539628334624,TalChhapar_TC,2019-10-01,2021-02-01,Oct19→Feb21
12.754781455379542,444451.58404229983,3075122.2068815907,444459.41713721136,3075112.1407465786,FALSE,107.34572949632818,TalChhapar_TC,2019-10-01,2021-02-01,Oct19→Feb21
11.313321353686206,444658.5522564005,3074985.356421818,444653.2251239031,3074995.337048021,FALSE,141.14977528894633,TalChhapar_TC,2019-10-01,2021-02-01,Oct19→Feb21
24.413713099955686,444529.4211322746,3075178.3794835373,444507.7851844615,3075189.6894415193,FALSE,110.68073426931278,TalChhapar_TC,2019-10-01,2021-02-01,Oct19→Feb21
18.332810603183372,444618.97351112496,3075148.995822646,444601.8476984926,3075142.453767442,FALSE,109.35631553513116,TalChhapar_TC,2019-10-01,2021-02-01,Oct19→Feb21
6.518396779625401,444586.69752716826,3074963.070904701,444582.80885947874,3074968.302325175,FALSE,113.73206619973219,TalChhapar_TC,2019-10-01,2021-02-01,Oct19→Feb21
11.694851845095073,444447.17471876385,3075127.2598453937,444453.1360218616,3075137.3212779486,TRUE,113.70664476193681,TalChhapar_TC,2019-10-01,2021-02-01,Oct19→Feb21
22.306485563110854,444413.3041371672,3074955.3776536305,444431.7040797715,3074967.98802279,FALSE,173.5304704735254,TalChhapar_TC,2019-10-01,2021-02-01,Oct19→Feb21
10.05693708311044,444554.781978933,3074916.412903534,444564.7544487531,3074917.713606875,FALSE,152.67694774261096,TalChhapar_TC,2019-10-01,2021-02-01,Oct19→Feb21
7.872582811965199,444602.2885938864,3075108.730959245,444609.6802030623,3075106.021406898,FALSE,70.12389126563149,TalChhapar_TC,2019-10-01,2021-02-01,Oct19→Feb21
8.19074238889991,444433.44033589226,3075098.0059711174,444441.20296008536,3075100.619383928,TRUE,115.01677497932687,TalChhapar_TC,2019-10-01,2021-02-01,Oct19→Feb21
7.572955542328319,444534.00959234114,3074984.1780511835,444532.3254604228,3074976.794735172,TRUE,85.24679256786943,TalChhapar_TC,2019-10-01,2021-02-01,Oct19→Feb21
7.37285293552448,444556.1756511563,3075071.1444423,444554.58313382225,3075063.9456334435,TRUE,11.745871209695144,TalChhapar_TC,2019-10-01,2021-02-01,Oct19→Feb21
7.209882691089634,444488.39840312756,3075113.1193465786,444493.7896750412,3075108.3322184654,TRUE,71.66098561175232,TalChhapar_TC,2019-10-01,2021-02-01,Oct19→Feb21
11.314826441257665,444651.65722886944,3075006.542716344,444653.2251239031,3074995.337048021,TRUE,123.75572158818298,TalChhapar_TC,2019-10-01,2021-02-01,Oct19→Feb21
14.163033637794738,444452.5452342037,3075151.471984354,444453.1360218616,3075137.3212779486,TRUE,123.81465761144185,TalChhapar_TC,2019-10-01,2021-02-01,Oct19→Feb21
11.39406382734605,444443.0893034862,3075062.076184667,444444.7854376228,3075073.3432969633,TRUE,101.8054015336224,TalChhapar_TC,2019-10-01,2021-02-01,Oct19→Feb21
9.582746255912,444467.54147721484,3075123.04191292,444476.92191563617,3075121.083239688,TRUE,94.32238519094429,TalChhapar_TC,2019-10-01,2021-02-01,Oct19→Feb21
3.2032232539451684,444527.2083962427,3075136.516495958,444526.17486874724,3075133.4845889458,TRUE,69.9765635294506,TalChhapar_TC,2019-10-01,2021-02-01,Oct19→Feb21
6.2813722030150645,444601.4533358971,3074946.493350277,444604.86618964624,3074951.766685658,TRUE,134.80222607826545,TalChhapar_TC,2019-10-01,2021-02-01,Oct19→Feb21
8.11891007659565,444441.3504699757,3075025.7851900957,444433.2869968172,3075026.732344494,TRUE,111.90371852827055,TalChhapar_TC,2019-10-01,2021-02-01,Oct19→Feb21
3.2775155096377775,444511.28926329676,3075090.7002692455,444509.99429940886,3075087.6894261003,TRUE,39.952840895718595,TalChhapar_TC,2019-10-01,2021-02-01,Oct19→Feb21
16.074058324892903,444605.69356489874,3074934.931387589,444612.7196929106,3074920.4742483078,TRUE,147.07810975777704,TalChhapar_TC,2019-10-01,2021-02-01,Oct19→Feb21
2.8504976216434055,444584.18683044804,3075015.6708184155,444583.33572179725,3075018.391287264,TRUE,66.1746294726351,TalChhapar_TC,2019-10-01,2021-02-01,Oct19→Feb21
12.151203723313131,444526.38047177583,3075056.938095774,444520.75414222304,3075067.7082474763,TRUE,21.779412478413033,TalChhapar_TC,2019-10-01,2021-02-01,Oct19→Feb21
3.9394754873443096,444478.2091278687,3075041.579253104,444474.9864137697,3075043.844993811,TRUE,71.80727202617638,TalChhapar_TC,2019-10-01,2021-02-01,Oct19→Feb21
27.56147013615821,444400.483728219,3075058.890588358,444417.0536041411,3075036.866196244,TRUE,144.52869008778106,TalChhapar_TC,2019-10-01,2021-02-01,Oct19→Feb21
11.81212580302853,444513.49094191316,3075129.172112083,444506.2798316672,3075119.8165680044,TRUE,67.99044201635202,TalChhapar_TC,2019-10-01,2021-02-01,Oct19→Feb21
10.606158836841967,444668.9453732377,3075046.04982022,444672.24523023906,3075035.970060846,TRUE,126.32716336452015,TalChhapar_TC,2019-10-01,2021-02-01,Oct19→Feb21
7.468486876330266,444511.32574611704,3075007.370960544,444518.78872545896,3075007.084193105,TRUE,69.85840233712318,TalChhapar_TC,2019-10-01,2021-02-01,Oct19→Feb21
12.152981582688904,444513.8047750443,3075129.3596381876,444506.2798316672,3075119.8165680044,TRUE,68.01411629397481,TalChhapar_TC,2019-10-01,2021-02-01,Oct19→Feb21
10.264536555876113,444406.7349703898,3074983.7409347943,444398.6963823466,3074977.358003416,TRUE,162.0337848675629,TalChhapar_TC,2019-10-01,2021-02-01,Oct19→Feb21
17.99196296605159,444618.10458881356,3074937.6414736947,444612.7196929106,3074920.4742483078,TRUE,150.27507291995312,TalChhapar_TC,2019-10-01,2021-02-01,Oct19→Feb21
4.829204021245471,444467.83169661806,3074990.425965024,444464.7498106615,3074986.7080098833,TRUE,109.72870048164164,TalChhapar_TC,2019-10-01,2021-02-01,Oct19→Feb21
8.901875816235412,444591.45721462625,3075065.6528849504,444587.75739479525,3075073.7494722726,FALSE,46.884558638276395,TalChhapar_TC,2019-10-01,2021-02-01,Oct19→Feb21
17.893021146209133,444415.38198707736,3074960.656618025,444431.7040797715,3074967.98802279,TRUE,168.52904764709774,TalChhapar_TC,2019-10-01,2021-02-01,Oct19→Feb21
6.572749815442996,444571.9816194161,3075025.7496080776,444576.59676137555,3075030.429512439,TRUE,50.94204312202522,TalChhapar_TC,2019-10-01,2021-02-01,Oct19→Feb21
3.3850392538857568,444428.36924680177,3074968.5688668434,444431.7040797715,3074967.98802279,FALSE,153.50692556396893,TalChhapar_TC,2019-10-01,2021-02-01,Oct19→Feb21
1.8047834121164263,444581.58214642614,3075017.9644189207,444583.33572179725,3075018.391287264,TRUE,62.78367018354025,TalChhapar_TC,2019-10-01,2021-02-01,Oct19→Feb21
3.892156654939396,444565.2547998024,3074996.584700387,444567.6021643221,3074999.6893361527,TRUE,75.04705720267714,TalChhapar_TC,2019-10-01,2021-02-01,Oct19→Feb21
11.823427333659076,444610.4887269547,3075150.523839377,444601.8476984926,3075142.453767442,TRUE,104.96447902157036,TalChhapar_TC,2019-10-01,2021-02-01,Oct19→Feb21
13.80744007055738,444544.75592816895,3075142.8604608295,444537.5476709505,3075154.6369810784,TRUE,74.10552779376947,TalChhapar_TC,2019-10-01,2021-02-01,Oct19→Feb21
9.465173686008773,444619.0623107923,3075018.3875721595,444613.64758518955,3075026.1509644305,TRUE,89.83478745242331,TalChhapar_TC,2019-10-01,2021-02-01,Oct19→Feb21
10.375792399406874,444486.7651530419,3074959.1982513457,444484.0612758837,3074949.180960483,TRUE,123.92042586398581,TalChhapar_TC,2019-10-01,2021-02-01,Oct19→Feb21
8.668565736748908,444526.1510926791,3074997.7151794825,444524.2768304994,3074989.2516593393,TRUE,73.41527424834406,TalChhapar_TC,2019-10-01,2021-02-01,Oct19→Feb21
20.083864743956884,444521.3303593482,3075174.860757817,444507.7851844615,3075189.6894415193,TRUE,108.64357940956127,TalChhapar_TC,2019-10-01,2021-02-01,Oct19→Feb21
3.604126787905478,444574.1395658989,3075061.371397971,444577.73864437186,3075061.1807043715,FALSE,30.37523234357617,TalChhapar_TC,2019-10-01,2021-02-01,Oct19→Feb21
12.468662002579638,444539.6229992041,3074922.2212400977,444535.80328336393,3074910.3520656093,TRUE,146.62081254375593,TalChhapar_TC,2019-10-01,2021-02-01,Oct19→Feb21
13.173072740473195,444641.3829979508,3075001.107134533,444653.2251239031,3074995.337048021,TRUE,118.0194538233974,TalChhapar_TC,2019-10-01,2021-02-01,Oct19→Feb21
9.72881276748944,444487.9160987741,3075097.9366220534,444496.6289688824,3075093.608147456,TRUE,63.82151568410067,TalChhapar_TC,2019-10-01,2021-02-01,Oct19→Feb21
7.513648113480019,444562.57004695584,3075030.0164414505,444555.89252760174,3075033.461095751,TRUE,42.671920188568045,TalChhapar_TC,2019-10-01,2021-02-01,Oct19→Feb21
11.191872983757976,444439.18887725065,3074987.6834790274,444428.0668084367,3074986.4354380895,TRUE,133.04131947442988,TalChhapar_TC,2019-10-01,2021-02-01,Oct19→Feb21
5.870078951033997,444646.4586359253,3074945.229016033,444647.3308270316,3074951.0339371837,TRUE,160.05777578387756,TalChhapar_TC,2019-10-01,2021-02-01,Oct19→Feb21
3.4958617549343867,444633.7877537196,3074971.7102469653,444634.73515146156,3074975.0752858846,TRUE,131.752390789494,TalChhapar_TC,2019-10-01,2021-02-01,Oct19→Feb21
10.751743569525022,444502.40700583946,3075049.9911036957,444512.5643107372,3075046.4656041567,TRUE,46.246075072760284,TalChhapar_TC,2019-10-01,2021-02-01,Oct19→Feb21
3.536498516028305,444407.1386767297,3074996.4997166237,444404.46508371417,3074994.184825235,TRUE,155.3614201028546,TalChhapar_TC,2019-10-01,2021-02-01,Oct19→Feb21
11.945756781844533,444512.38499894744,3074988.1178835984,444524.2768304994,3074989.2516593393,TRUE,86.86201889661002,TalChhapar_TC,2019-10-01,2021-02-01,Oct19→Feb21
9.97511397085599,444565.3720773877,3075136.174999635,444568.37228486914,3075126.6617639186,TRUE,70.5252595703156,TalChhapar_TC,2019-10-01,2021-02-01,Oct19→Feb21
7.891729021234106,444520.03118785395,3075043.9111701553,444512.5643107372,3075046.4656041567,TRUE,34.99359312556329,TalChhapar_TC,2019-10-01,2021-02-01,Oct19→Feb21
9.09801026634349,444462.2326413181,3075032.030830788,444462.4423361998,3075022.935237412,TRUE,90.25225843028296,TalChhapar_TC,2019-10-01,2021-02-01,Oct19→Feb21
12.03531911606462,444630.6716419264,3075068.840290311,444642.6330383613,3075070.1721692663,TRUE,85.99629156735175,TalChhapar_TC,2019-10-01,2021-02-01,Oct19→Feb21
8.865863894450836,444524.6139321971,3074958.218976751,444529.10795842035,3074950.5765117756,TRUE,112.34175315906698,TalChhapar_TC,2019-10-01,2021-02-01,Oct19→Feb21
17.139159416986857,444650.75830198004,3075022.8009020067,444634.1231278095,3075018.67515773,TRUE,115.6086529462098,TalChhapar_TC,2019-10-01,2021-02-01,Oct19→Feb21
23.155048757051073,444682.2921755995,3075115.591745813,444697.4985017288,3075098.1296746703,TRUE,145.36871009165893,TalChhapar_TC,2019-10-01,2021-02-01,Oct19→Feb21
12.572324095722843,444418.73589357286,3075024.4069332066,444417.0536041411,3075036.866196244,TRUE,133.51968545861243,TalChhapar_TC,2019-10-01,2021-02-01,Oct19→Feb21
16.48630919778322,444522.99444672134,3075183.3273088206,444507.7851844615,3075189.6894415193,TRUE,116.60567174356251,TalChhapar_TC,2019-10-01,2021-02-01,Oct19→Feb21
5.386128158375815,444482.30573514104,3075121.24092316,444476.92191563617,3075121.083239688,TRUE,81.51532829334955,TalChhapar_TC,2019-10-01,2021-02-01,Oct19→Feb21
8.249001741265797,444592.15856109426,3075087.4121060073,444586.81653772976,3075093.6977098845,TRUE,51.017053553549346,TalChhapar_TC,2019-10-01,2021-02-01,Oct19→Feb21
12.789756211186509,444435.8626614599,3074946.3401786373,444432.3786785517,3074934.0340936775,TRUE,163.78520471498678,TalChhapar_TC,2019-10-01,2021-02-01,Oct19→Feb21
18.69711562513406,444409.43945930194,3075053.942698552,444417.0536041411,3075036.866196244,TRUE,136.04470317761255,TalChhapar_TC,2019-10-01,2021-02-01,Oct19→Feb21
15.176559658359656,444474.4228926932,3074936.2460458367,444459.27427090204,3074935.325599808,TRUE,149.98010047447198,TalChhapar_TC,2019-10-01,2021-02-01,Oct19→Feb21
10.354160003620853,444536.04421543644,3075121.8235171945,444546.0154512561,3075124.613335398,TRUE,53.765855339972816,TalChhapar_TC,2019-10-01,2021-02-01,Oct19→Feb21
11.420393065626344,444426.86654180696,3074944.036179774,444432.3786785517,3074934.0340936775,TRUE,171.56253575392736,TalChhapar_TC,2019-10-01,2021-02-01,Oct19→Feb21
11.669022975321186,444459.0833881651,3074955.965107927,444461.5228435407,3074967.376293434,TRUE,141.58935608358132,TalChhapar_TC,2019-10-01,2021-02-01,Oct19→Feb21
7.518497772641157,444396.9680370486,3074994.752363825,444404.46508371417,3074994.184825235,TRUE,165.20850351445668,TalChhapar_TC,2019-10-01,2021-02-01,Oct19→Feb21
11.42049732983665,444541.9953310928,3074970.718440208,444532.3254604228,3074976.794735172,TRUE,98.07316267213022,TalChhapar_TC,2019-10-01,2021-02-01,Oct19→Feb21
5.005151647070337,444500.40393432166,3075021.5716745486,444503.17595195235,3075025.739103164,TRUE,64.70105127449638,TalChhapar_TC,2019-10-01,2021-02-01,Oct19→Feb21
3.80041342010661,444643.95598170534,3074949.2864929964,444647.3308270316,3074951.0339371837,TRUE,155.33626099368033,TalChhapar_TC,2019-10-01,2021-02-01,Oct19→Feb21
11.503539076494219,444621.41476922034,3075081.1474168273,444616.9344990728,3075091.7426322894,TRUE,77.73354798370065,TalChhapar_TC,2019-10-01,2021-02-01,Oct19→Feb21
1.436388795607308,444495.23629201186,3075093.9598062485,444496.6289688824,3075093.608147456,TRUE,55.493315834010076,TalChhapar_TC,2019-10-01,2021-02-01,Oct19→Feb21
7.775108896618231,444548.7215604488,3075086.9172254875,444550.1322299389,3075079.2711591823,TRUE,18.607491800867102,TalChhapar_TC,2019-10-01,2021-02-01,Oct19→Feb21
10.239436973992557,444624.4842634984,3075022.1303515504,444634.1231278095,3075018.67515773,TRUE,92.43003592547781,TalChhapar_TC,2019-10-01,2021-02-01,Oct19→Feb21
4.2015528354838505,444643.11301340273,3075137.4745783233,444646.6968313942,3075135.2815678734,TRUE,120.05144234035187,TalChhapar_TC,2019-10-01,2021-02-01,Oct19→Feb21
6.699391564008129,444537.8075726534,3075061.427376388,444539.20113848126,3075067.9802247467,TRUE,10.04294178198949,TalChhapar_TC,2019-10-01,2021-02-01,Oct19→Feb21
14.013683135615743,444506.55291721295,3074911.6106352103,444492.56973196025,3074912.534672663,TRUE,161.70240328565723,TalChhapar_TC,2019-10-01,2021-02-01,Oct19→Feb21
14.901750224299398,444493.94239847077,3075037.4354124046,444503.17595195235,3075025.739103164,TRUE,59.621739448772466,TalChhapar_TC,2019-10-01,2021-02-01,Oct19→Feb21
5.44414038688912,444566.04031623906,3074994.4740418065,444567.6021643221,3074999.6893361527,TRUE,77.29241399983317,TalChhapar_TC,2019-10-01,2021-02-01,Oct19→Feb21
5.535563781769736,444549.5013710051,3075066.1406626124,444554.58313382225,3075063.9456334435,TRUE,5.488597769893675,TalChhapar_TC,2019-10-01,2021-02-01,Oct19→Feb21
12.777956754163196,444655.9438394296,3075007.8224300616,444653.2251239031,3074995.337048021,TRUE,126.85993258080582,TalChhapar_TC,2019-10-01,2021-02-01,Oct19→Feb21
12.652121885409164,444509.58437458856,3074920.6717943302,444502.4372586601,3074931.1118576494,TRUE,152.18412689926262,TalChhapar_TC,2019-10-01,2021-02-01,Oct19→Feb21
11.088070796978412,444627.1078080989,3075125.155476089,444631.93846073723,3075115.174989674,TRUE,99.88052579267332,TalChhapar_TC,2019-10-01,2021-02-01,Oct19→Feb21
14.888201270021604,444680.5065236438,3075060.1324790027,444665.6637958305,3075061.295220641,TRUE,136.104531915368,TalChhapar_TC,2019-10-01,2021-02-01,Oct19→Feb21
12.38755427741573,444463.27613112313,3075123.911883608,444459.41713721136,3075112.1407465786,TRUE,98.3266197448548,TalChhapar_TC,2019-10-01,2021-02-01,Oct19→Feb21
7.168192437965777,444565.7587471931,3075119.987005223,444568.37228486914,3075126.6617639186,TRUE,55.400618897754306,TalChhapar_TC,2019-10-01,2021-02-01,Oct19→Feb21
9.561502384867714,444671.49284091825,3075053.7160016033,444665.6637958305,3075061.295220641,TRUE,127.70605292340628,TalChhapar_TC,2019-10-01,2021-02-01,Oct19→Feb21
5.792578557738662,444575.99443416763,3075044.290896023,444581.7755459517,3075043.926598222,TRUE,39.741333747262026,TalChhapar_TC,2019-10-01,2021-02-01,Oct19→Feb21
8.399501420068228,444523.3835698295,3075037.140544851,444530.91519232484,3075033.42217334,TRUE,38.11579761039647,TalChhapar_TC,2019-10-01,2021-02-01,Oct19→Feb21
3.936684783606344,444532.1136519042,3074926.896375514,444528.5750441914,3074928.6214095834,TRUE,142.4136934753646,TalChhapar_TC,2019-10-01,2021-02-01,Oct19→Feb21
11.802599774733801,444646.03815617505,3075123.497361986,444646.6968313942,3075135.2815678734,TRUE,115.20042777728968,TalChhapar_TC,2019-10-01,2021-02-01,Oct19→Feb21
5.174788825453879,444437.26988341607,3075030.036138333,444433.2869968172,3075026.732344494,TRUE,114.17132683676044,TalChhapar_TC,2019-10-01,2021-02-01,Oct19→Feb21
13.736272655531513,444493.40454595035,3075153.021416222,444500.4092817346,3075141.205373608,TRUE,98.63839281648477,TalChhapar_TC,2019-10-01,2021-02-01,Oct19→Feb21
11.368066032896877,444509.0899633079,3074979.8378148694,444498.40424400155,3074983.7170323464,TRUE,95.77361050272447,TalChhapar_TC,2019-10-01,2021-02-01,Oct19→Feb21
13.436173492059027,444486.9125571731,3074924.7218434396,444492.56973196025,3074912.534672663,TRUE,155.1840477314594,TalChhapar_TC,2019-10-01,2021-02-01,Oct19→Feb21
4.645837318004624,444642.08049887605,3075135.8043283033,444646.6968313942,3075135.2815678734,TRUE,118.25130126551889,TalChhapar_TC,2019-10-01,2021-02-01,Oct19→Feb21
5.0323526611434115,444569.38119514135,3075095.2926923754,444564.8318449928,3075097.4439679347,FALSE,36.25778569492374,TalChhapar_TC,2019-10-01,2021-02-01,Oct19→Feb21
8.794200867324781,444596.6763777896,3074954.970581825,444604.86618964624,3074951.766685658,TRUE,125.1039207695793,TalChhapar_TC,2019-10-01,2021-02-01,Oct19→Feb21
17.828524401334327,444452.2944685352,3074952.1220029853,444461.5228435407,3074967.376293434,TRUE,148.78671219418877,TalChhapar_TC,2019-10-01,2021-02-01,Oct19→Feb21
11.780426221971146,444437.09373652074,3075082.2660866687,444444.7854376228,3075073.3432969633,TRUE,108.42676252341309,TalChhapar_TC,2019-10-01,2021-02-01,Oct19→Feb21
9.927436413655853,444504.5502869927,3075150.227904805,444500.4092817346,3075141.205373608,TRUE,90.8177411320033,TalChhapar_TC,2019-10-01,2021-02-01,Oct19→Feb21
10.029975038882132,444452.3914169766,3074942.6212643506,444459.27427090204,3074935.325599808,TRUE,156.28834117332178,TalChhapar_TC,2019-10-01,2021-02-01,Oct19→Feb21
0.2662561084328658,444550.2513332398,3075079.5092909085,444550.1322299389,3075079.2711591823,TRUE,12.113892238167072,TalChhapar_TC,2019-10-01,2021-02-01,Oct19→Feb21
11.765774661024867,444536.1398267779,3075166.318223656,444537.5476709505,3075154.6369810784,TRUE,97.9359128351065,TalChhapar_TC,2019-10-01,2021-02-01,Oct19→Feb21
25.168516886573812,444553.8093759953,3075173.8466450865,444537.5476709505,3075154.6369810784,TRUE,105.48785899360337,TalChhapar_TC,2019-10-01,2021-02-01,Oct19→Feb21
10.343277966882802,444518.4054957603,3075126.6566871824,444526.17486874724,3075133.4845889458,TRUE,63.58235250073184,TalChhapar_TC,2019-10-01,2021-02-01,Oct19→Feb21
2.773621853087004,444453.54527158395,3075134.5780147733,444453.1360218616,3075137.3212779486,TRUE,112.41606334879265,TalChhapar_TC,2019-10-01,2021-02-01,Oct19→Feb21
6.183507044354851,444713.7540980295,3075057.7584386207,444718.61709520285,3075061.577734087,TRUE,169.4359243357454,TalChhapar_TC,2019-10-01,2021-02-01,Oct19→Feb21
9.019126269995134,444597.72086728545,3075003.790977921,444606.0659696862,3075000.369880934,TRUE,83.86980103975787,TalChhapar_TC,2019-10-01,2021-02-01,Oct19→Feb21
2.6007631628050447,444434.1515542395,3074967.108342304,444431.7040797715,3074967.98802279,TRUE,150.15844021179697,TalChhapar_TC,2019-10-01,2021-02-01,Oct19→Feb21
21.705598401054154,444552.25099980517,3075170.6039821287,444537.5476709505,3075154.6369810784,TRUE,102.13035645845216,TalChhapar_TC,2019-10-01,2021-02-01,Oct19→Feb21
5.773133022520778,444472.6205162687,3075099.98795767,444473.0497266958,3075105.7451135046,TRUE,78.53282312775585,TalChhapar_TC,2019-10-01,2021-02-01,Oct19→Feb21
10.407602058140492,444593.6301463438,3075112.36136521,444584.3872031068,3075117.1453155563,TRUE,65.55978200800334,TalChhapar_TC,2019-10-01,2021-02-01,Oct19→Feb21
13.343899308389569,444671.89787980204,3075022.630683183,444672.24523023906,3075035.970060846,TRUE,135.325576635216,TalChhapar_TC,2019-10-01,2021-02-01,Oct19→Feb21
7.965776081354785,444447.05730437103,3075012.554111773,444441.8985201462,3075006.4844714296,TRUE,112.64026098163261,TalChhapar_TC,2019-10-01,2021-02-01,Oct19→Feb21
3.1404082196982683,444405.94650020904,3074996.9538627854,444404.46508371417,3074994.184825235,TRUE,156.2085323495179,TalChhapar_TC,2019-10-01,2021-02-01,Oct19→Feb21
3.768133924226274,444557.3158372541,3075066.5400823685,444554.58313382225,3075063.9456334435,TRUE,12.8330275630685,TalChhapar_TC,2019-10-01,2021-02-01,Oct19→Feb21
9.259457713124144,444565.4712908103,3075076.25956671,444570.0339356576,3075084.3168509384,TRUE,22.10855601165645,TalChhapar_TC,2019-10-01,2021-02-01,Oct19→Feb21
4.6375375744530904,444477.7668543501,3075014.334640194,444481.5112070842,3075011.598479132,TRUE,86.24572764527888,TalChhapar_TC,2019-10-01,2021-02-01,Oct19→Feb21
3.684189665687299,444636.8596578157,3075078.34617391,444636.7488223972,3075082.028696008,TRUE,92.68187417824772,TalChhapar_TC,2019-10-01,2021-02-01,Oct19→Feb21
11.193327521628428,444639.4506529545,3075028.519346718,444634.1231278095,3075018.67515773,FALSE,102.96240036301505,TalChhapar_TC,2019-10-01,2021-02-01,Oct19→Feb21
10.072284963110247,444588.5671654275,3075141.8679392454,444586.41134062334,3075132.0290702153,TRUE,85.27598133763854,TalChhapar_TC,2019-10-01,2021-02-01,Oct19→Feb21
11.675468018307738,444407.48180430837,3075030.1805996806,444417.0536041411,3075036.866196244,TRUE,142.51337922961596,TalChhapar_TC,2019-10-01,2021-02-01,Oct19→Feb21
10.040051952423639,444608.31861847354,3075038.822797187,444603.43017769,3075047.5923918136,TRUE,70.33061613545031,TalChhapar_TC,2019-10-01,2021-02-01,Oct19→Feb21
24.22012911782294,444622.0166933187,3075155.8637004094,444601.8476984926,3075142.453767442,TRUE,116.48865401510828,TalChhapar_TC,2019-10-01,2021-02-01,Oct19→Feb21
3.6745184550905203,444501.3714603236,3074934.628412751,444502.4372586601,3074931.1118576494,TRUE,140.9438389578148,TalChhapar_TC,2019-10-01,2021-02-01,Oct19→Feb21
8.869965872457021,444576.9364772789,3074984.4600578477,444582.8942138887,3074991.0313339084,TRUE,147.5543484196534,TalChhapar_TC,2021-02-01,2022-03-01,Feb21→Mar22
9.122897327541748,444470.3982516608,3075201.800428551,444476.06071435136,3075208.9533141176,TRUE,101.96301647337043,TalChhapar_TC,2021-02-01,2022-03-01,Feb21→Mar22
2.7060615336197573,444571.1075775371,3074941.9371571043,444571.8168404929,3074939.3256986835,TRUE,187.97502989896788,TalChhapar_TC,2021-02-01,2022-03-01,Feb21→Mar22
12.653387303577857,444665.0632653157,3075031.0938315643,444652.87615430355,3075034.497143985,TRUE,157.7696671930022,TalChhapar_TC,2021-02-01,2022-03-01,Feb21→Mar22
8.024104135116495,444536.40806558053,3075183.285399393,444541.02570885577,3075176.7231118535,TRUE,56.07589517374487,TalChhapar_TC,2021-02-01,2022-03-01,Feb21→Mar22
19.149946989990745,444491.1325386366,3075230.3294359315,444485.7452606378,3075248.7059890763,TRUE,114.02429582301667,TalChhapar_TC,2021-02-01,2022-03-01,Feb21→Mar22
6.843375630929816,444668.17381848564,3075046.5349663594,444674.7267969715,3075048.507341321,TRUE,151.47684439487276,TalChhapar_TC,2021-02-01,2022-03-01,Feb21→Mar22
9.716626648076538,444403.9718808538,3075078.5172956586,444412.22480955283,3075073.3887479785,TRUE,144.55945186972886,TalChhapar_TC,2021-02-01,2022-03-01,Feb21→Mar22
8.508811551060534,444470.16872920154,3075168.7256385926,444475.1290579049,3075175.6390323443,TRUE,81.21612147042013,TalChhapar_TC,2021-02-01,2022-03-01,Feb21→Mar22
5.8467096846081805,444455.33413164166,3075062.2527624303,444460.76123334165,3075064.4277523784,TRUE,106.81800387327826,TalChhapar_TC,2021-02-01,2022-03-01,Feb21→Mar22
6.311804518948999,444672.10908566037,3075091.0950590004,444665.797281174,3075091.095700197,TRUE,136.94727926062689,TalChhapar_TC,2021-02-01,2022-03-01,Feb21→Mar22
7.243069357872997,444541.95146088785,3075082.540636667,444547.66981821216,3075078.0951397056,TRUE,44.827418629214094,TalChhapar_TC,2021-02-01,2022-03-01,Feb21→Mar22
5.699144425246449,444479.6716970592,3075143.2462628945,444484.2168259397,3075139.8079419904,TRUE,62.43361558079037,TalChhapar_TC,2021-02-01,2022-03-01,Feb21→Mar22
10.4784536023371,444586.3478798929,3075077.567698421,444596.7634925258,3075078.713562016,TRUE,67.97264378996306,TalChhapar_TC,2021-02-01,2022-03-01,Feb21→Mar22
16.713313234088965,444429.626080368,3075175.6443190114,444443.27024610166,3075165.9917763053,TRUE,120.52448536677954,TalChhapar_TC,2021-02-01,2022-03-01,Feb21→Mar22
12.285628106633677,444585.1018642794,3075074.847933397,444596.7634925258,3075078.713562016,TRUE,69.17010091861292,TalChhapar_TC,2021-02-01,2022-03-01,Feb21→Mar22
9.065350155205952,444630.3288943789,3075118.4315355415,444630.4021880128,3075109.366481682,TRUE,90.72431743681166,TalChhapar_TC,2021-02-01,2022-03-01,Feb21→Mar22
4.068250969220668,444419.26866539725,3075099.6578640435,444422.55297908525,3075097.257041362,TRUE,123.90214712503008,TalChhapar_TC,2021-02-01,2022-03-01,Feb21→Mar22
8.606405437700714,444504.65452104685,3075111.3618149008,444508.13927772455,3075103.492463882,TRUE,38.822100618225925,TalChhapar_TC,2021-02-01,2022-03-01,Feb21→Mar22
7.2175308901095585,444494.8745461542,3075143.2566665523,444501.79779951525,3075141.2167363944,TRUE,47.89384416416704,TalChhapar_TC,2021-02-01,2022-03-01,Feb21→Mar22
1.8102442720789504,444473.3393599821,3075175.910998647,444475.1290579049,3075175.6390323443,TRUE,82.5201829147849,TalChhapar_TC,2021-02-01,2022-03-01,Feb21→Mar22
8.745031486856961,444538.1798972264,3075160.469950575,444539.9068294404,3075151.897128354,TRUE,33.19484760342981,TalChhapar_TC,2021-02-01,2022-03-01,Feb21→Mar22
16.058016663861586,444492.5811040883,3075200.07346877,444504.15858249547,3075211.2009973773,TRUE,86.85914229826476,TalChhapar_TC,2021-02-01,2022-03-01,Feb21→Mar22
22.333195508011922,444638.94122005155,3075169.40136571,444616.6883195542,3075171.2934653517,TRUE,107.47708887391312,TalChhapar_TC,2021-02-01,2022-03-01,Feb21→Mar22
5.646374038007855,444500.7412945453,3075206.706146674,444504.15858249547,3075211.2009973773,TRUE,88.57493280205287,TalChhapar_TC,2021-02-01,2022-03-01,Feb21→Mar22
13.98394319282683,444395.6092298362,3075094.1022093263,444409.091711693,3075090.390962878,TRUE,148.2048150862527,TalChhapar_TC,2021-02-01,2022-03-01,Feb21→Mar22
14.322575153133345,444398.12760944804,3075034.2878653132,444386.55336663104,3075042.72427819,TRUE,169.6937665183232,TalChhapar_TC,2021-02-01,2022-03-01,Feb21→Mar22
7.5136347046404595,444448.3475947235,3075055.3902783627,444445.14983986504,3075048.5910820616,TRUE,116.54511611990739,TalChhapar_TC,2021-02-01,2022-03-01,Feb21→Mar22
13.349112675318413,444525.82371261896,3075004.8501780033,444535.77106870594,3075013.7523640324,TRUE,123.2996872217543,TalChhapar_TC,2021-02-01,2022-03-01,Feb21→Mar22
15.736114338908749,444511.0649365838,3074982.21661212,444506.6416040567,3074997.3182485825,TRUE,147.9756242931917,TalChhapar_TC,2021-02-01,2022-03-01,Feb21→Mar22
13.960998200238228,444464.10983521584,3075216.1703743665,444476.06071435136,3075208.9533141176,TRUE,116.87060793413275,TalChhapar_TC,2021-02-01,2022-03-01,Feb21→Mar22
11.677423807348676,444428.02195907064,3074974.066174742,444427.5979908911,3074985.7358995783,TRUE,189.83526313244627,TalChhapar_TC,2021-02-01,2022-03-01,Feb21→Mar22
10.487721815549962,444561.1060165858,3075077.6707395697,444569.94954205514,3075083.3085020827,FALSE,53.93962043411507,TalChhapar_TC,2021-02-01,2022-03-01,Feb21→Mar22
15.107756952900905,444508.41431067453,3074942.5267535606,444517.8298656951,3074954.341644326,TRUE,187.48749180300211,TalChhapar_TC,2021-02-01,2022-03-01,Feb21→Mar22
12.73189539624145,444559.1184035953,3074944.1844206504,444550.91384233773,3074934.448593261,FALSE,184.13379417192357,TalChhapar_TC,2021-02-01,2022-03-01,Feb21→Mar22
10.588953723778069,444593.24161432515,3074964.072786836,444582.93922333565,3074966.519556311,FALSE,171.70404648502563,TalChhapar_TC,2021-02-01,2022-03-01,Feb21→Mar22
20.916684873179317,444526.166560163,3075199.265707784,444546.3895065662,3075193.9234100706,TRUE,73.2642289991872,TalChhapar_TC,2021-02-01,2022-03-01,Feb21→Mar22
7.333635940788786,444505.42017145193,3075147.593305822,444501.79779951525,3075141.2167363944,FALSE,40.1168691790492,TalChhapar_TC,2021-02-01,2022-03-01,Feb21→Mar22
14.526097433551051,444555.5662658313,3075106.9194095326,444546.79862939904,3075095.3376973085,TRUE,25.641657477153895,TalChhapar_TC,2021-02-01,2022-03-01,Feb21→Mar22
5.063041541090833,444564.1115948098,3075144.9418128533,444568.2969091595,3075142.0926843127,TRUE,29.826595210873492,TalChhapar_TC,2021-02-01,2022-03-01,Feb21→Mar22
8.882279325296224,444608.745480115,3075090.4002819965,444617.57437724253,3075091.3726304546,TRUE,77.99878062111546,TalChhapar_TC,2021-02-01,2022-03-01,Feb21→Mar22
10.0920562823003,444609.7422099286,3074981.5520148114,444610.96044414636,3074971.5337562105,TRUE,161.58156867334122,TalChhapar_TC,2021-02-01,2022-03-01,Feb21→Mar22
9.935501866330226,444493.66130053095,3074945.1775619034,444483.91377102013,3074947.101065418,TRUE,187.96195346623404,TalChhapar_TC,2021-02-01,2022-03-01,Feb21→Mar22
9.626461396003045,444594.943980581,3075043.552894696,444603.7796840115,3075047.373772069,TRUE,100.16194087326241,TalChhapar_TC,2021-02-01,2022-03-01,Feb21→Mar22
2.107348629886012,444422.99262667395,3075095.1960638645,444422.55297908525,3075097.257041362,TRUE,121.3792422538563,TalChhapar_TC,2021-02-01,2022-03-01,Feb21→Mar22
5.687547903021051,444484.01893604815,3074941.41448987,444483.91377102013,3074947.101065418,TRUE,194.17042029779893,TalChhapar_TC,2021-02-01,2022-03-01,Feb21→Mar22
2.96553352780843,444529.719863284,3075107.9902466876,444528.99752926006,3075110.866463415,TRUE,21.91952402613304,TalChhapar_TC,2021-02-01,2022-03-01,Feb21→Mar22
10.2405404272341,444580.0153590924,3074956.7052969844,444582.93922333565,3074966.519556311,TRUE,175.24205117284583,TalChhapar_TC,2021-02-01,2022-03-01,Feb21→Mar22
4.602293896937753,444410.45503132296,3075062.7305988227,444414.6693011479,3075064.580203904,TRUE,144.79455263498357,TalChhapar_TC,2021-02-01,2022-03-01,Feb21→Mar22
9.67896350226993,444443.9165287832,3075206.164786583,444434.2382127401,3075206.2767376793,TRUE,124.31975147485012,TalChhapar_TC,2021-02-01,2022-03-01,Feb21→Mar22
15.141733747667026,444521.0456282741,3075001.986887274,444506.6416040567,3074997.3182485825,TRUE,126.77179116608748,TalChhapar_TC,2021-02-01,2022-03-01,Feb21→Mar22
14.91991606770418,444487.59670921945,3075183.834248398,444475.1290579049,3075175.6390323443,TRUE,77.09417741606613,TalChhapar_TC,2021-02-01,2022-03-01,Feb21→Mar22
7.040575757232506,444643.67786848446,3075132.9478707407,444650.69921925256,3075133.467813415,TRUE,103.78840259754087,TalChhapar_TC,2021-02-01,2022-03-01,Feb21→Mar22
4.77100903703662,444566.8207596164,3075182.0663050804,444566.785848225,3075186.8371863854,TRUE,60.938221645420455,TalChhapar_TC,2021-02-01,2022-03-01,Feb21→Mar22
15.239463334811449,444559.0652453313,3075219.622947642,444570.72937578394,3075209.815333074,TRUE,94.23570728416979,TalChhapar_TC,2021-02-01,2022-03-01,Feb21→Mar22
9.365843807258525,444565.54699502996,3075202.0139255123,444570.72937578394,3075209.815333074,TRUE,78.92148028245578,TalChhapar_TC,2021-02-01,2022-03-01,Feb21→Mar22
12.075189396350577,444465.68346774904,3075202.7789354515,444476.06071435136,3075208.9533141176,TRUE,105.93439681907644,TalChhapar_TC,2021-02-01,2022-03-01,Feb21→Mar22
17.35435216623401,444444.87746695586,3074989.23814662,444443.4058736103,3075006.529993026,TRUE,167.70472225904828,TalChhapar_TC,2021-02-01,2022-03-01,Feb21→Mar22
4.432080301189834,444522.46632627724,3075158.9465594105,444520.40730636084,3075155.021795369,TRUE,36.17554142762965,TalChhapar_TC,2021-02-01,2022-03-01,Feb21→Mar22
14.190353980845222,444517.80498911464,3075207.3097594655,444504.15858249547,3075211.2009973773,TRUE,83.01601330425116,TalChhapar_TC,2021-02-01,2022-03-01,Feb21→Mar22
7.6429761361919795,444578.77442485094,3075200.4672032557,444586.24400697206,3075202.0859766044,TRUE,82.76264788277902,TalChhapar_TC,2021-02-01,2022-03-01,Feb21→Mar22
4.910324581260033,444477.66127889574,3075064.527497088,444480.1639349792,3075068.7521864283,TRUE,88.51636840484262,TalChhapar_TC,2021-02-01,2022-03-01,Feb21→Mar22
2.9418476948486383,444571.4129492141,3074942.2396890223,444571.8168404929,3074939.3256986835,TRUE,187.72745397480946,TalChhapar_TC,2021-02-01,2022-03-01,Feb21→Mar22
6.116744558359733,444567.93759807025,3075192.844518263,444566.785848225,3075186.8371863854,TRUE,71.20867747329092,TalChhapar_TC,2021-02-01,2022-03-01,Feb21→Mar22
8.751940382691835,444485.8580167207,3074955.6343162125,444483.91377102013,3074947.101065418,TRUE,180.03993825752502,TalChhapar_TC,2021-02-01,2022-03-01,Feb21→Mar22
13.939376192839486,444429.4311232413,3075071.9339712122,444431.42024690664,3075058.1372471196,TRUE,123.70586508380819,TalChhapar_TC,2021-02-01,2022-03-01,Feb21→Mar22
8.787738781031493,444636.4470796418,3074991.051690954,444636.2032062907,3074999.8360451516,TRUE,166.92825655080117,TalChhapar_TC,2021-02-01,2022-03-01,Feb21→Mar22
4.494033523308038,444467.53499055805,3075125.3245664625,444468.1635142806,3075129.774431094,TRUE,72.53442786750628,TalChhapar_TC,2021-02-01,2022-03-01,Feb21→Mar22
23.086665911143747,444642.6018364449,3075155.0878627803,444650.69921925256,3075133.467813415,TRUE,106.25071401168492,TalChhapar_TC,2021-02-01,2022-03-01,Feb21→Mar22
13.262034968221377,444495.8423678455,3075153.2778037153,444485.0024381572,3075160.918320442,TRUE,51.2543861654118,TalChhapar_TC,2021-02-01,2022-03-01,Feb21→Mar22
6.465977049604503,444570.26913968043,3075135.934830305,444568.2969091595,3075142.0926843127,TRUE,31.42901304478222,TalChhapar_TC,2021-02-01,2022-03-01,Feb21→Mar22
5.011780862777711,444436.66668653296,3075030.406389684,444432.85971520585,3075027.1468012542,TRUE,141.7042016383259,TalChhapar_TC,2021-02-01,2022-03-01,Feb21→Mar22
1.9933641496221401,444503.50010071375,3075142.253882123,444501.79779951525,3075141.2167363944,TRUE,39.47270155469378,TalChhapar_TC,2021-02-01,2022-03-01,Feb21→Mar22
7.900723970599179,444480.3903747493,3075087.9796652235,444487.6837318524,3075084.941840109,TRUE,71.45998278071312,TalChhapar_TC,2021-02-01,2022-03-01,Feb21→Mar22
18.6695250026335,444558.8096752579,3075224.184463291,444570.72937578394,3075209.815333074,TRUE,98.65866989219951,TalChhapar_TC,2021-02-01,2022-03-01,Feb21→Mar22
13.496133743248107,444502.0484709191,3075038.815972116,444513.73291827133,3075045.5701794038,TRUE,96.32110819853419,TalChhapar_TC,2021-02-01,2022-03-01,Feb21→Mar22
12.346352204493266,444624.20289510407,3075002.738620591,444636.2032062907,3074999.8360451516,TRUE,150.35108894596368,TalChhapar_TC,2021-02-01,2022-03-01,Feb21→Mar22
6.603550881033038,444538.276926854,3075105.0979555133,444541.2233168201,3075111.0077499603,TRUE,22.2993505429872,TalChhapar_TC,2021-02-01,2022-03-01,Feb21→Mar22
12.267858846362177,444668.3538632803,3075103.094210463,444665.797281174,3075091.095700197,TRUE,130.58039891375472,TalChhapar_TC,2021-02-01,2022-03-01,Feb21→Mar22
10.375625344901596,444490.4252384998,3075004.8762693293,444481.44073838124,3075010.065908904,TRUE,132.1214173068511,TalChhapar_TC,2021-02-01,2022-03-01,Feb21→Mar22
9.337140936582145,444543.12190461723,3075019.509742974,444535.77106870594,3075013.7523640324,TRUE,107.8616041058136,TalChhapar_TC,2021-02-01,2022-03-01,Feb21→Mar22
13.2333959077963,444525.6191649305,3075000.4528821614,444538.79909892683,3074999.264561033,TRUE,127.69159822524,TalChhapar_TC,2021-02-01,2022-03-01,Feb21→Mar22
7.098720305320957,444528.0735975868,3075022.1669749664,444520.99927541456,3075022.755018993,TRUE,105.83923371887477,TalChhapar_TC,2021-02-01,2022-03-01,Feb21→Mar22
6.416964012725403,444489.96852950624,3075136.9627120835,444484.2168259397,3075139.8079419904,TRUE,50.991849701550066,TalChhapar_TC,2021-02-01,2022-03-01,Feb21→Mar22
8.843585451331336,444543.96025234193,3075017.090967784,444535.77106870594,3075013.7523640324,TRUE,110.30601321016862,TalChhapar_TC,2021-02-01,2022-03-01,Feb21→Mar22
8.016127229512893,444402.21952462324,3075086.2640583916,444409.091711693,3075090.390962878,TRUE,143.8094713819257,TalChhapar_TC,2021-02-01,2022-03-01,Feb21→Mar22
16.26590708912713,444531.2502481325,3074934.176687055,444528.96606012766,3074950.2814136464,TRUE,193.35064748241015,TalChhapar_TC,2021-02-01,2022-03-01,Feb21→Mar22
2.864334556163925,444562.1386596403,3075153.716077844,444562.42250654945,3075150.865842173,TRUE,34.41856060077702,TalChhapar_TC,2021-02-01,2022-03-01,Feb21→Mar22
4.851122512213613,444485.185438564,3075013.149836622,444481.44073838124,3075010.065908904,TRUE,126.6717134552953,TalChhapar_TC,2021-02-01,2022-03-01,Feb21→Mar22
14.027608368015665,444573.41185397864,3074980.694088286,444582.8942138887,3074991.0313339084,TRUE,150.38244282792616,TalChhapar_TC,2021-02-01,2022-03-01,Feb21→Mar22
5.878082461602692,444580.97167428175,3075199.4870611713,444586.24400697206,3075202.0859766044,TRUE,82.95950957066445,TalChhapar_TC,2021-02-01,2022-03-01,Feb21→Mar22
8.817141077403813,444474.49350008636,3074983.764047937,444465.9477650697,3074985.9348518904,TRUE,157.8195143454128,TalChhapar_TC,2021-02-01,2022-03-01,Feb21→Mar22
5.281962180747361,444466.58918744023,3075185.06988713,444471.871047033,3075185.10280705,TRUE,93.43168833941571,TalChhapar_TC,2021-02-01,2022-03-01,Feb21→Mar22
3.1854249188837858,444582.6553932603,3074994.2077936707,444582.8942138887,3074991.0313339084,TRUE,139.77388958989178,TalChhapar_TC,2021-02-01,2022-03-01,Feb21→Mar22
6.081148455482455,444537.1311089906,3075005.1124816984,444538.79909892683,3074999.264561033,TRUE,122.24953246684942,TalChhapar_TC,2021-02-01,2022-03-01,Feb21→Mar22
9.678232907232877,444623.2923185746,3074976.080138171,444632.8098721487,3074974.3239018056,TRUE,172.64523414847284,TalChhapar_TC,2021-02-01,2022-03-01,Feb21→Mar22
3.3383508226850593,444604.67661878245,3074956.4643198606,444604.02248981997,3074953.190682508,TRUE,182.67961789762865,TalChhapar_TC,2021-02-01,2022-03-01,Feb21→Mar22
10.795362271387338,444658.58296800836,3075072.6537942514,444656.9471807244,3075061.983084503,TRUE,130.54200853686336,TalChhapar_TC,2021-02-01,2022-03-01,Feb21→Mar22
3.5619843101008675,444565.0754035843,3075143.612432336,444568.2969091595,3075142.0926843127,TRUE,29.864473358598676,TalChhapar_TC,2021-02-01,2022-03-01,Feb21→Mar22
10.052003294834924,444464.2633155625,3074976.0249881125,444465.9477650697,3074985.9348518904,FALSE,169.2181449748545,TalChhapar_TC,2021-02-01,2022-03-01,Feb21→Mar22
11.358753488515028,444560.52524848713,3075073.729189198,444554.32026719686,3075064.2150161914,TRUE,57.378889894744056,TalChhapar_TC,2021-02-01,2022-03-01,Feb21→Mar22
4.651484157270113,444627.51879503555,3075135.5476779477,444629.406877202,3075131.2966250665,TRUE,87.8624195961202,TalChhapar_TC,2021-02-01,2022-03-01,Feb21→Mar22
6.4444728524671175,444409.15090220957,3075083.9467618545,444409.091711693,3075090.390962878,TRUE,137.89232632540305,TalChhapar_TC,2021-02-01,2022-03-01,Feb21→Mar22
17.400072369345484,444664.8725320568,3075108.471181702,444665.797281174,3075091.095700197,TRUE,126.24688644675794,TalChhapar_TC,2021-02-01,2022-03-01,Feb21→Mar22
8.042776784978857,444507.83670806646,3074972.5760315415,444507.74488683685,3074964.533778917,TRUE,158.06688132842385,TalChhapar_TC,2021-02-01,2022-03-01,Feb21→Mar22
14.819483534527189,444618.4405425969,3074990.4101312505,444606.5547557279,3074999.2614115383,TRUE,157.77419292563454,TalChhapar_TC,2021-02-01,2022-03-01,Feb21→Mar22
7.7423921240497435,444536.97380025,3075211.751546401,444534.06309279555,3075218.925974456,TRUE,84.47991347411953,TalChhapar_TC,2021-02-01,2022-03-01,Feb21→Mar22
1.3534850937244602,444531.92727965984,3075147.315978773,444533.1322766383,3075147.9323424487,TRUE,21.5728939223459,TalChhapar_TC,2021-02-01,2022-03-01,Feb21→Mar22
9.568109964240772,444567.3000154833,3075033.535437432,444575.8221149668,3075029.1854318366,TRUE,97.672600649055,TalChhapar_TC,2021-02-01,2022-03-01,Feb21→Mar22
9.406165483252387,444454.4358997665,3075078.2198563265,444447.2565747508,3075072.1425837954,TRUE,98.6909856822057,TalChhapar_TC,2021-02-01,2022-03-01,Feb21→Mar22
12.647557130945883,444613.33476753184,3075079.456825367,444617.57437724253,3075091.3726304546,TRUE,87.54114761061766,TalChhapar_TC,2021-02-01,2022-03-01,Feb21→Mar22
13.404697627222063,444596.0665677339,3075104.9780185414,444587.87990614475,3075094.3636654993,TRUE,60.318088291807705,TalChhapar_TC,2021-02-01,2022-03-01,Feb21→Mar22
7.121103792601683,444669.6683670579,3075097.07272398,444665.797281174,3075091.095700197,TRUE,133.11047831144126,TalChhapar_TC,2021-02-01,2022-03-01,Feb21→Mar22
19.238558152735,444546.68324767513,3075233.4467805843,444534.06309279555,3075218.925974456,TRUE,106.32704695775669,TalChhapar_TC,2021-02-01,2022-03-01,Feb21→Mar22
5.7926431839003225,444488.80802373396,3074944.002516495,444483.91377102013,3074947.101065418,TRUE,190.34939975892317,TalChhapar_TC,2021-02-01,2022-03-01,Feb21→Mar22
6.721648892766216,444546.77088496945,3075084.756407067,444547.66981821216,3075078.0951397056,FALSE,43.09950171242688,TalChhapar_TC,2021-02-01,2022-03-01,Feb21→Mar22
3.9288630747861077,444580.1865222,3074988.18451625,444582.8942138887,3074991.0313339084,TRUE,144.81827383196404,TalChhapar_TC,2021-02-01,2022-03-01,Feb21→Mar22
12.180086810131716,444464.5507022569,3075158.5477694375,444476.0468256986,3075154.523634684,TRUE,81.6921921915319,TalChhapar_TC,2021-02-01,2022-03-01,Feb21→Mar22
9.248990804952067,444399.3212160995,3075133.10739499,444398.4262308951,3075142.3129820107,TRUE,140.8392030958991,TalChhapar_TC,2021-02-01,2022-03-01,Feb21→Mar22
3.8384200181056642,444530.4671750483,3075145.169969963,444533.1322766383,3075147.9323424487,TRUE,20.24923438271279,TalChhapar_TC,2021-02-01,2022-03-01,Feb21→Mar22
11.765451035734213,444547.4356183028,3075205.6422619047,444546.3895065662,3075193.9234100706,TRUE,78.66316217140158,TalChhapar_TC,2021-02-01,2022-03-01,Feb21→Mar22
6.224614892036974,444635.0497819646,3075133.924068005,444629.406877202,3075131.2966250665,TRUE,95.23675885979945,TalChhapar_TC,2021-02-01,2022-03-01,Feb21→Mar22
6.915657787429633,444501.8593242971,3075185.1049435795,444507.2895151176,3075189.3873903435,FALSE,69.25422644966973,TalChhapar_TC,2021-02-01,2022-03-01,Feb21→Mar22
8.047164722558161,444609.886546518,3075097.420316838,444610.17166885,3075105.4624288324,TRUE,75.97845069344434,TalChhapar_TC,2021-02-01,2022-03-01,Feb21→Mar22
7.0339379106268085,444570.4453419839,3075024.6503910627,444575.8221149668,3075029.1854318366,TRUE,107.08378682662024,TalChhapar_TC,2021-02-01,2022-03-01,Feb21→Mar22
9.688194559636385,444606.8424185479,3075158.8889667518,444608.22232364095,3075168.4783867425,TRUE,73.88140940421353,TalChhapar_TC,2021-02-01,2022-03-01,Feb21→Mar22
9.720890436854843,444441.6380336928,3075115.207804703,444450.98358494276,3075117.882946329,TRUE,99.14725179812095,TalChhapar_TC,2021-02-01,2022-03-01,Feb21→Mar22
9.4090425056136,444476.2713123433,3075060.1861155736,444480.1639349792,3075068.7521864283,TRUE,92.59922769543162,TalChhapar_TC,2021-02-01,2022-03-01,Feb21→Mar22
22.802663481368562,444513.37817769387,3074931.977746281,444517.8298656951,3074954.341644326,TRUE,197.16089380614858,TalChhapar_TC,2021-02-01,2022-03-01,Feb21→Mar22
12.41355017092155,444678.0696676509,3075089.228949542,444665.797281174,3075091.095700197,TRUE,143.1893546512256,TalChhapar_TC,2021-02-01,2022-03-01,Feb21→Mar22
11.424990840835386,444472.9420436464,3074976.900999838,444465.9477650697,3074985.9348518904,FALSE,164.71327185307808,TalChhapar_TC,2021-02-01,2022-03-01,Feb21→Mar22
6.028207736363635,444622.23737897753,3075168.9382099453,444616.6883195542,3075171.2934653517,TRUE,92.1280749228467,TalChhapar_TC,2021-02-01,2022-03-01,Feb21→Mar22
1.2947666825252753,444464.99937645387,3075082.9272512314,444464.55922129285,3075081.709596027,TRUE,87.19363143650173,TalChhapar_TC,2021-02-01,2022-03-01,Feb21→Mar22
9.066369358935427,444562.8915166393,3075061.2598958304,444554.32026719686,3075064.2150161914,TRUE,69.90723108333023,TalChhapar_TC,2021-02-01,2022-03-01,Feb21→Mar22
0.7225496738614199,444551.6254187055,3074934.574040876,444550.91384233773,3074934.448593261,TRUE,193.10106888182636,TalChhapar_TC,2021-02-01,2022-03-01,Feb21→Mar22
7.781492830583324,444588.25160245533,3075124.070490743,444584.64035966195,3075130.963280901,TRUE,66.05283282948814,TalChhapar_TC,2022-03-01,2023-12-01,Mar22→Dec23
7.0061729874004754,444626.3357888108,3074977.532655283,444632.80868022965,3074974.8515852336,TRUE,129.8441509719252,TalChhapar_TC,2022-03-01,2023-12-01,Mar22→Dec23
7.753875667682012,444458.27035336464,3075029.56769602,444460.0082520049,3075022.011089891,TRUE,96.33037469498133,TalChhapar_TC,2022-03-01,2023-12-01,Mar22→Dec23
5.590301200975168,444639.16896439716,3075032.233224565,444638.7341702899,3075037.8065917343,TRUE,106.47781110967087,TalChhapar_TC,2022-03-01,2023-12-01,Mar22→Dec23
5.592152538019559,444575.7180954904,3075053.34195834,444576.3101905816,3075058.9026771253,TRUE,40.646645552530416,TalChhapar_TC,2022-03-01,2023-12-01,Mar22→Dec23
9.26100154628195,444518.4212005704,3075016.147196667,444523.2573692973,3075024.0451471405,TRUE,64.98664488052826,TalChhapar_TC,2022-03-01,2023-12-01,Mar22→Dec23
8.59671637494047,444476.66204140853,3075054.326574906,444475.22783347365,3075045.850338711,TRUE,69.35824315483939,TalChhapar_TC,2022-03-01,2023-12-01,Mar22→Dec23
8.001947988814347,444545.2163140539,3075171.595881096,444544.59332674963,3075179.573541056,TRUE,95.07421186854427,TalChhapar_TC,2022-03-01,2023-12-01,Mar22→Dec23
17.59604680373404,444614.279080339,3075079.303568078,444619.1721396871,3075062.4015317117,TRUE,71.97263698898901,TalChhapar_TC,2022-03-01,2023-12-01,Mar22→Dec23
3.818075818853599,444530.8727511109,3075217.334054682,444534.2324260764,3075219.1479695323,TRUE,141.23723221810494,TalChhapar_TC,2022-03-01,2023-12-01,Mar22→Dec23
18.311125860642715,444431.6221302003,3075061.386384692,444447.6618080125,3075070.21962113,TRUE,111.77182067450788,TalChhapar_TC,2022-03-01,2023-12-01,Mar22→Dec23
9.533672238691443,444443.0865004599,3075016.5554452296,444442.00474435184,3075007.083343558,TRUE,116.00020403479978,TalChhapar_TC,2022-03-01,2023-12-01,Mar22→Dec23
9.423249599810259,444422.4893742553,3075159.3363809027,444417.07811317366,3075151.6217268906,TRUE,145.67013791403065,TalChhapar_TC,2022-03-01,2023-12-01,Mar22→Dec23
8.606573218474757,444463.0789983726,3075124.897561017,444469.3851450578,3075130.7546606874,TRUE,92.85108590527437,TalChhapar_TC,2022-03-01,2023-12-01,Mar22→Dec23
4.103422311543199,444504.09427462396,3075140.80055221,444502.01475751406,3075144.338020691,TRUE,74.76905032613703,TalChhapar_TC,2022-03-01,2023-12-01,Mar22→Dec23
3.7699435614849732,444626.83815311553,3075179.0033530192,444627.03450009937,3075182.7681800164,TRUE,132.77985942286006,TalChhapar_TC,2022-03-01,2023-12-01,Mar22→Dec23
9.45612298216703,444527.36436119187,3075129.286462016,444532.05358415825,3075137.498005709,TRUE,54.812574628225775,TalChhapar_TC,2022-03-01,2023-12-01,Mar22→Dec23
4.745967257088831,444464.1592811616,3075108.861721054,444461.94803134655,3075113.0610757023,TRUE,84.60633683757858,TalChhapar_TC,2022-03-01,2023-12-01,Mar22→Dec23
4.538556990224668,444426.20918168273,3075025.1935293945,444430.3804774599,3075026.9820458447,TRUE,127.00264554332385,TalChhapar_TC,2022-03-01,2023-12-01,Mar22→Dec23
5.509890659401124,444574.45585230435,3075072.3110620934,444579.2761283772,3075074.980113172,TRUE,32.37789137349519,TalChhapar_TC,2022-03-01,2023-12-01,Mar22→Dec23
9.898067393017408,444624.6504434844,3075144.911308276,444618.23648896674,3075152.4500698163,TRUE,106.97298671747575,TalChhapar_TC,2022-03-01,2023-12-01,Mar22→Dec23
14.248335903608572,444547.59201672074,3075032.9719147943,444556.17678668175,3075021.60016028,TRUE,43.90573434548609,TalChhapar_TC,2022-03-01,2023-12-01,Mar22→Dec23
7.463611483767927,444529.98126868764,3075181.309171716,444522.52709853894,3075181.6844633026,TRUE,105.47330119606772,TalChhapar_TC,2022-03-01,2023-12-01,Mar22→Dec23
11.823328459083658,444534.5098478137,3075185.7472391697,444544.59332674963,3075179.573541056,TRUE,109.46435580539521,TalChhapar_TC,2022-03-01,2023-12-01,Mar22→Dec23
15.74762963876122,444661.01150179916,3075046.5963601028,444656.91881783004,3075061.802864539,TRUE,122.37897464165475,TalChhapar_TC,2022-03-01,2023-12-01,Mar22→Dec23
5.339298144185356,444528.33077119954,3074971.7479732144,444531.01090042555,3074976.3658744697,TRUE,105.75117225820425,TalChhapar_TC,2022-03-01,2023-12-01,Mar22→Dec23
4.583653695323001,444615.39880897425,3075107.2823971813,444610.93638419884,3075106.2351883566,TRUE,79.23671322325187,TalChhapar_TC,2022-03-01,2023-12-01,Mar22→Dec23
11.562213400051554,444619.7859390831,3075136.2620679787,444630.98531998217,3075133.388281942,TRUE,97.76901675126116,TalChhapar_TC,2022-03-01,2023-12-01,Mar22→Dec23
7.561063883446956,444498.99922661687,3075204.9616996264,444503.1937839754,3075211.2525958754,TRUE,135.5206308844923,TalChhapar_TC,2022-03-01,2023-12-01,Mar22→Dec23
5.474843608718197,444583.8877373898,3075199.3480493934,444578.56174733443,3075198.080081543,TRUE,129.61651019808983,TalChhapar_TC,2022-03-01,2023-12-01,Mar22→Dec23
11.69931349838727,444520.64802690054,3075140.1032312224,444532.05358415825,3075137.498005709,TRUE,67.14538069413283,TalChhapar_TC,2022-03-01,2023-12-01,Mar22→Dec23
6.3134274393345455,444526.879284529,3075103.138337562,444521.20231151674,3075100.3758489285,TRUE,30.753383105775615,TalChhapar_TC,2022-03-01,2023-12-01,Mar22→Dec23
14.82635852383105,444651.75117670844,3075087.2676044377,444637.42503263254,3075083.448900077,TRUE,109.91494165366431,TalChhapar_TC,2022-03-01,2023-12-01,Mar22→Dec23
3.9471968027005717,444556.0560211558,3075059.597842166,444553.4020880424,3075062.5196569497,TRUE,21.805773727853968,TalChhapar_TC,2022-03-01,2023-12-01,Mar22→Dec23
9.939441703950319,444615.7434835594,3074999.9837715905,444625.68273225054,3074999.921829344,FALSE,106.06588482769276,TalChhapar_TC,2022-03-01,2023-12-01,Mar22→Dec23
4.9876465230579985,444555.12603509007,3075131.3890363383,444559.9745145478,3075130.2190513867,FALSE,56.291417980424015,TalChhapar_TC,2022-03-01,2023-12-01,Mar22→Dec23
5.528565679435208,444488.70323742833,3075050.818073971,444494.2271476293,3075050.591237988,TRUE,59.512860684043396,TalChhapar_TC,2022-03-01,2023-12-01,Mar22→Dec23
11.298263466099524,444638.9451340766,3075125.3700454193,444630.98531998217,3075133.388281942,FALSE,108.21705798178839,TalChhapar_TC,2022-03-01,2023-12-01,Mar22→Dec23
14.681697667284023,444644.4428672231,3075139.2574103824,444630.98531998217,3075133.388281942,FALSE,119.79810988048744,TalChhapar_TC,2022-03-01,2023-12-01,Mar22→Dec23
7.36177060960499,444660.72031452693,3075068.107171747,444656.91881783004,3075061.802864539,TRUE,118.663512827811,TalChhapar_TC,2022-03-01,2023-12-01,Mar22→Dec23
9.807572997649958,444611.35739202914,3075030.365453397,444606.9076555284,3075021.625411453,TRUE,83.03734144938338,TalChhapar_TC,2022-03-01,2023-12-01,Mar22→Dec23
14.142832765998982,444459.94018067163,3075210.7892416385,444462.7354643017,3075224.6530833887,TRUE,157.50885420989331,TalChhapar_TC,2022-03-01,2023-12-01,Mar22→Dec23
10.034920456602052,444630.87022423244,3075031.5729747284,444638.7341702899,3075037.8065917343,TRUE,99.29028348034959,TalChhapar_TC,2022-03-01,2023-12-01,Mar22→Dec23
5.607082758555899,444451.48488878476,3075130.85718342,444454.9260947889,3075135.284087338,FALSE,105.85702129819161,TalChhapar_TC,2022-03-01,2023-12-01,Mar22→Dec23
10.67696606064977,444598.46066980076,3075163.385986414,444607.2969795512,3075169.3790852996,TRUE,103.37017479862756,TalChhapar_TC,2022-03-01,2023-12-01,Mar22→Dec23
7.734408836912692,444503.2246046748,3075083.6563055418,444510.8725657918,3075084.80946243,TRUE,39.77134330519632,TalChhapar_TC,2022-03-01,2023-12-01,Mar22→Dec23
12.902200076820579,444597.74948418594,3075213.064188262,444590.657670327,3075223.842543564,FALSE,147.31015755102857,TalChhapar_TC,2022-03-01,2023-12-01,Mar22→Dec23
7.5006236427394715,444532.320555075,3075095.068513196,444534.2636551631,3075087.8239485384,TRUE,21.05126305392692,TalChhapar_TC,2022-03-01,2023-12-01,Mar22→Dec23
4.746701110393493,444529.67277245317,3075089.030168823,444534.2636551631,3075087.8239485384,TRUE,17.785369589798567,TalChhapar_TC,2022-03-01,2023-12-01,Mar22→Dec23
10.348695739930054,444446.5691870115,3075177.7634449094,444441.7751922226,3075186.9347652877,TRUE,139.34420684368695,TalChhapar_TC,2022-03-01,2023-12-01,Mar22→Dec23
10.818158235858478,444517.0742099125,3074971.8754692487,444509.84889361914,3074963.8239257894,TRUE,107.69920694114346,TalChhapar_TC,2022-03-01,2023-12-01,Mar22→Dec23
5.068583548673697,444576.45858471823,3075105.6543385647,444575.97860254714,3075110.700144378,TRUE,44.82211221175861,TalChhapar_TC,2022-03-01,2023-12-01,Mar22→Dec23
9.762006513158228,444506.5507949264,3075199.7655690126,444509.8659619988,3075190.583715254,TRUE,128.2991396545356,TalChhapar_TC,2022-03-01,2023-12-01,Mar22→Dec23
8.029049639538938,444506.24988333153,3075041.8843713473,444512.87568575004,3075046.4191679717,TRUE,50.06553709747052,TalChhapar_TC,2022-03-01,2023-12-01,Mar22→Dec23
11.590698800016543,444552.48339096043,3075089.2422378683,444546.33103732276,3075099.065314952,TRUE,16.224476521223433,TalChhapar_TC,2022-03-01,2023-12-01,Mar22→Dec23
8.490555462936417,444547.74857976876,3075022.6272242023,444556.17678668175,3075021.60016028,TRUE,54.20604787314653,TalChhapar_TC,2022-03-01,2023-12-01,Mar22→Dec23
13.231379487769994,444468.47458956257,3075183.4571712473,444481.27472320816,3075186.8076908793,TRUE,129.94175452999207,TalChhapar_TC,2022-03-01,2023-12-01,Mar22→Dec23
8.57987494141575,444415.4518750366,3075124.5908231447,444424.0095098956,3075125.2081882153,TRUE,135.69018628706476,TalChhapar_TC,2022-03-01,2023-12-01,Mar22→Dec23
8.675446302453597,444466.5915122994,3075156.1549511324,444464.13756732654,3075164.4761002488,TRUE,109.88752335810317,TalChhapar_TC,2022-03-01,2023-12-01,Mar22→Dec23
6.2754292239528455,444524.67589133524,3075156.5387933943,444518.6459980162,3075154.8005763465,TRUE,81.90570533700581,TalChhapar_TC,2022-03-01,2023-12-01,Mar22→Dec23
8.627728194346886,444475.63509740704,3075147.0412201597,444480.35317441175,3075139.8178246166,TRUE,97.05139315132021,TalChhapar_TC,2022-03-01,2023-12-01,Mar22→Dec23
10.862488821929961,444595.264499704,3074976.1364715407,444602.6515585896,3074984.1004544906,TRUE,113.51145816959817,TalChhapar_TC,2022-03-01,2023-12-01,Mar22→Dec23
5.141238271330115,444637.34252001223,3075088.589476176,444637.42503263254,3075083.448900077,TRUE,95.74208192544283,TalChhapar_TC,2022-03-01,2023-12-01,Mar22→Dec23
9.144881405681037,444542.9985892332,3075090.5313056842,444534.2636551631,3075087.8239485384,TRUE,13.981334205662565,TalChhapar_TC,2022-03-01,2023-12-01,Mar22→Dec23
5.3540186541335215,444442.5482449524,3075068.633119135,444447.6618080125,3075070.21962113,TRUE,100.12497879396676,TalChhapar_TC,2022-03-01,2023-12-01,Mar22→Dec23
7.301817082016934,444551.8181826371,3075180.6308915676,444544.59332674963,3075179.573541056,TRUE,104.49531750762047,TalChhapar_TC,2022-03-01,2023-12-01,Mar22→Dec23
17.742429243037567,444611.40094385756,3075088.498842065,444610.93638419884,3075106.2351883566,FALSE,70.06620995358058,TalChhapar_TC,2022-03-01,2023-12-01,Mar22→Dec23
1.288134689780999,444592.5108213618,3075031.8777222056,444593.2392527129,3075030.815329272,FALSE,67.17266602924202,TalChhapar_TC,2022-03-01,2023-12-01,Mar22→Dec23
8.411517639660564,444449.1659838668,3075182.918569591,444441.7751922226,3075186.9347652877,FALSE,141.40728590637949,TalChhapar_TC,2022-03-01,2023-12-01,Mar22→Dec23
7.2383383065559475,444662.14478463645,3075066.8111389303,444656.91881783004,3075061.802864539,FALSE,120.18263554274651,TalChhapar_TC,2022-03-01,2023-12-01,Mar22→Dec23
10.250325021021805,444627.4440558071,3075156.9544982947,444618.23648896674,3075152.4500698163,FALSE,117.05584070615016,TalChhapar_TC,2022-03-01,2023-12-01,Mar22→Dec23
8.411788241874893,444472.90037578467,3075074.227988077,444479.03879644204,3075068.4766427334,FALSE,69.49749431762677,TalChhapar_TC,2022-03-01,2023-12-01,Mar22→Dec23
6.746630481829078,444534.06582444196,3075066.7016553176,444540.6833836136,3075068.015022543,TRUE,12.885960756494486,TalChhapar_TC,2022-03-01,2023-12-01,Mar22→Dec23
8.868141885305008,444454.508341483,3075028.967735976,444460.0082520049,3075022.011089891,TRUE,99.91560506703378,TalChhapar_TC,2022-03-01,2023-12-01,Mar22→Dec23
17.957050969620404,444546.43964856834,3075205.97833026,444534.2324260764,3075219.1479695323,TRUE,129.47803492098697,TalChhapar_TC,2022-03-01,2023-12-01,Mar22→Dec23
5.553621143986393,444535.11614371353,3075170.880094822,444531.763469671,3075166.452648089,TRUE,94.59312963718442,TalChhapar_TC,2022-03-01,2023-12-01,Mar22→Dec23
6.246113991902482,444456.7836363438,3075069.193418232,444461.50189221895,3075065.1004973315,TRUE,85.89182347903262,TalChhapar_TC,2022-03-01,2023-12-01,Mar22→Dec23
3.994861361410996,444634.2423096249,3075085.8632719526,444637.42503263254,3075083.448900077,TRUE,92.35304516916989,TalChhapar_TC,2022-03-01,2023-12-01,Mar22→Dec23
8.689643926709055,444547.3879249213,3074995.6624868563,444554.1994535408,3074990.266841442,TRUE,81.05831690099676,TalChhapar_TC,2022-03-01,2023-12-01,Mar22→Dec23
3.0331626854526235,444620.0142008381,3075149.9924660283,444618.23648896674,3075152.4500698163,FALSE,106.87395947612171,TalChhapar_TC,2022-03-01,2023-12-01,Mar22→Dec23
11.223150313594866,444578.2979092246,3075121.681033208,444575.97860254714,3075110.700144378,FALSE,57.681241140617544,TalChhapar_TC,2022-03-01,2023-12-01,Mar22→Dec23
18.49212305916968,444457.01793256437,3075197.4046020634,444441.7751922226,3075186.9347652877,FALSE,147.93689572973955,TalChhapar_TC,2022-03-01,2023-12-01,Mar22→Dec23
10.684096567747979,444516.19146017195,3074955.22614881,444509.84889361914,3074963.8239257894,TRUE,124.12793612336827,TalChhapar_TC,2022-03-01,2023-12-01,Mar22→Dec23
9.250134641254304,444646.3462479391,3075081.0041284445,444637.42503263254,3075083.448900077,TRUE,104.08239380859852,TalChhapar_TC,2022-03-01,2023-12-01,Mar22→Dec23
5.545090820445845,444604.1237116722,3075136.092530357,444605.1742655938,3075130.647866119,FALSE,85.78171683629635,TalChhapar_TC,2022-03-01,2023-12-01,Mar22→Dec23
13.110432932306413,444589.17805225035,3075205.772774284,444578.56174733443,3075198.080081543,FALSE,137.42928475033574,TalChhapar_TC,2022-03-01,2023-12-01,Mar22→Dec23
5.229102608360867,444591.2775461234,3075072.5147526236,444595.15171328926,3075076.026780935,FALSE,49.08632139150754,TalChhapar_TC,2022-03-01,2023-12-01,Mar22→Dec23
13.920160933194161,444434.7681645276,3075134.0412075697,444424.0095098956,3075125.2081882153,FALSE,121.9805486885486,TalChhapar_TC,2022-03-01,2023-12-01,Mar22→Dec23
6.780620410295517,444444.83516540023,3075076.3829728714,444447.6618080125,3075070.21962113,TRUE,97.52358161166192,TalChhapar_TC,2022-03-01,2023-12-01,Mar22→Dec23
11.98975653948754,444627.1656820334,3075034.6562994723,444638.7341702899,3075037.8065917343,TRUE,94.59679119985331,TalChhapar_TC,2022-03-01,2023-12-01,Mar22→Dec23
17.87576588307526,444544.4495162056,3075204.479838254,444534.2324260764,3075219.1479695323,FALSE,127.93229886506447,TalChhapar_TC,2022-03-01,2023-12-01,Mar22→Dec23
8.652888129004086,444579.3249262502,3075096.8983885837,444587.3609677828,3075093.689882785,TRUE,42.18972320153688,TalChhapar_TC,2022-03-01,2023-12-01,Mar22→Dec23
10.259735849925153,444563.4986914154,3075003.4613180454,444560.8239252124,3075013.366256484,TRUE,76.09860903550631,TalChhapar_TC,2022-03-01,2023-12-01,Mar22→Dec23
3.672822539803299,444453.34389928135,3075138.5986435353,444454.9260947889,3075135.284087338,FALSE,108.49807421005649,TalChhapar_TC,2022-03-01,2023-12-01,Mar22→Dec23
9.549320682610983,444613.8137413348,3075126.57982182,444605.1742655938,3075130.647866119,FALSE,87.22018130010406,TalChhapar_TC,2022-03-01,2023-12-01,Mar22→Dec23
8.474214293130249,444515.7700838324,3075176.570261494,444522.52709853894,3075181.6844633026,TRUE,103.4798279220005,TalChhapar_TC,2022-03-01,2023-12-01,Mar22→Dec23
9.557037002168707,444572.1099937795,3075119.439184512,444575.97860254714,3075110.700144378,TRUE,52.185959468659505,TalChhapar_TC,2022-03-01,2023-12-01,Mar22→Dec23
11.43815001786104,444475.82744273904,3075026.7263329173,444487.2634264836,3075026.9489348605,TRUE,83.12789887655903,TalChhapar_TC,2022-03-01,2023-12-01,Mar22→Dec23
9.100473818550338,444422.4430452017,3075170.3496417594,444430.8532910769,3075166.8730934653,TRUE,152.23456838647985,TalChhapar_TC,2022-03-01,2023-12-01,Mar22→Dec23
3.0355576649782483,444573.2096807683,3075109.4560854887,444575.97860254714,3075110.700144378,FALSE,45.095881657711814,TalChhapar_TC,2022-03-01,2023-12-01,Mar22→Dec23
6.989839573790291,444488.04215882684,3075047.334894827,444494.2271476293,3075050.591237988,FALSE,61.6818503451447,TalChhapar_TC,2022-03-01,2023-12-01,Mar22→Dec23
10.344208835037422,444451.1954201636,3075027.4274218013,444460.0082520049,3075022.011089891,FALSE,103.56247547928407,TalChhapar_TC,2022-03-01,2023-12-01,Mar22→Dec23
8.456447987147214,444607.5841116946,3074990.969328665,444602.6515585896,3074984.1004544906,FALSE,107.61470856343685,TalChhapar_TC,2022-03-01,2023-12-01,Mar22→Dec23
11.502287868170814,444472.6057443508,3075206.628776583,444484.10779231694,3075206.5544880414,FALSE,147.58773858669184,TalChhapar_TC,2022-03-01,2023-12-01,Mar22→Dec23
6.46312495362559,444513.8241619377,3075150.49687085,444518.6459980162,3075154.8005763465,FALSE,79.24764636956137,TalChhapar_TC,2022-03-01,2023-12-01,Mar22→Dec23
8.903676727876228,444471.9932108545,3075075.8402823433,444466.18587986456,3075082.589383472,FALSE,70.3690951047023,TalChhapar_TC,2022-03-01,2023-12-01,Mar22→Dec23
18.581835852211277,444550.76605874026,3075205.0678496216,444568.787676104,3075209.5961971385,FALSE,128.77796301370734,TalChhapar_TC,2022-03-01,2023-12-01,Mar22→Dec23
12.955838915548611,444468.5081601859,3075189.0141882403,444481.27472320816,3075186.8076908793,TRUE,134.5317354121016,TalChhapar_TC,2022-03-01,2023-12-01,Mar22→Dec23
24.590463434659455,444421.8888457246,3075051.6524082036,444446.10705317336,3075047.389859682,TRUE,123.01859630909362,TalChhapar_TC,2022-03-01,2023-12-01,Mar22→Dec23
5.279156161508816,444618.7860408951,3075157.7005443145,444618.23648896674,3075152.4500698163,TRUE,111.4638688629573,TalChhapar_TC,2022-03-01,2023-12-01,Mar22→Dec23
6.654408573253574,444522.3709907456,3075106.926829185,444521.20231151674,3075100.3758489285,TRUE,36.35061088008267,TalChhapar_TC,2022-03-01,2023-12-01,Mar22→Dec23
3.806211722995495,444527.7447993986,3074978.320313459,444531.01090042555,3074976.3658744697,TRUE,99.32526273424655,TalChhapar_TC,2022-03-01,2023-12-01,Mar22→Dec23
9.057848505017933,444480.4062614256,3075148.875517552,444480.35317441175,3075139.8178246166,TRUE,95.22055600998213,TalChhapar_TC,2022-03-01,2023-12-01,Mar22→Dec23
11.947373037517867,444418.91729516024,3075167.3943649638,444430.8532910769,3075166.8730934653,TRUE,153.25727200762043,TalChhapar_TC,2022-03-01,2023-12-01,Mar22→Dec23
6.5595611178849245,444502.1772523642,3074998.2618069206,444508.489191864,3074996.476516521,TRUE,88.01062817231256,TalChhapar_TC,2022-03-01,2023-12-01,Mar22→Dec23
8.769735521482412,444522.99950328027,3075166.770695599,444531.763469671,3075166.452648089,TRUE,92.26000454173744,TalChhapar_TC,2022-03-01,2023-12-01,Mar22→Dec23
12.165113334533476,444573.3722848747,3074973.496342598,444583.75306708826,3074967.1536820303,FALSE,107.63327290310524,TalChhapar_TC,2022-03-01,2023-12-01,Mar22→Dec23
10.714803571571451,444614.57072507264,3075125.4987336835,444605.1742655938,3075130.647866119,TRUE,87.23038994327412,TalChhapar_TC,2022-03-01,2023-12-01,Mar22→Dec23
5.612451276378757,444532.99123254063,3074981.6173403645,444531.01090042555,3074976.3658744697,TRUE,95.4082519809141,TalChhapar_TC,2022-03-01,2023-12-01,Mar22→Dec23
0.6439981708738917,444533.5917578095,3075219.2133745463,444534.2324260764,3075219.1479695323,FALSE,142.91788581613636,TalChhapar_TC,2022-03-01,2023-12-01,Mar22→Dec23
30.56749199090497,444417.73051974305,3075058.754010204,444446.10705317336,3075047.389859682,TRUE,125.89428486225614,TalChhapar_TC,2022-03-01,2023-12-01,Mar22→Dec23
6.544575408384095,444589.034793351,3074963.2891206113,444583.75306708826,3074967.1536820303,TRUE,122.51534442921567,TalChhapar_TC,2022-03-01,2023-12-01,Mar22→Dec23
9.914969742578927,444483.08512493083,3074999.649259679,444479.75533451914,3075008.9883774538,TRUE,97.10466553794751,TalChhapar_TC,2022-03-01,2023-12-01,Mar22→Dec23
6.630514091171746,444430.45559837273,3075123.6552360402,444424.0095098956,3075125.2081882153,TRUE,121.40758706634207,TalChhapar_TC,2022-03-01,2023-12-01,Mar22→Dec23
12.80764171017972,444611.71241350943,3075196.090790072,444599.60420181113,3075191.916236725,TRUE,138.18993449179146,TalChhapar_TC,2022-03-01,2023-12-01,Mar22→Dec23
10.784783595298672,444589.93908752676,3075004.366412269,444579.64574132493,3075007.5848872443,TRUE,86.4666827545718,TalChhapar_TC,2022-03-01,2023-12-01,Mar22→Dec23
8.090422378294301,444641.1879151601,3075025.537581841,444635.28789316886,3075020.001818591,TRUE,111.22498520946495,TalChhapar_TC,2022-03-01,2023-12-01,Mar22→Dec23
14.375953920011344,444457.1049985494,3074950.466575284,444459.6637224944,3074936.320162916,FALSE,152.21330961622775,TalChhapar_TC,2022-03-01,2023-12-01,Mar22→Dec23
9.965991173840106,444586.93427721004,3075081.6654620185,444595.15171328926,3075076.026780935,TRUE,44.866596540725034,TalChhapar_TC,2022-03-01,2023-12-01,Mar22→Dec23
8.505814368817713,444479.641776788,3075088.322033596,444485.5985574402,3075082.250325242,TRUE,63.80935452050963,TalChhapar_TC,2022-03-01,2023-12-01,Mar22→Dec23
2.1788804481237056,444639.3194430131,3075084.525342977,444637.42503263254,3075083.448900077,TRUE,97.28711303935955,TalChhapar_TC,2022-03-01,2023-12-01,Mar22→Dec23
4.556584663231031,444533.0549184833,3075121.189364241,444532.67074893514,3075116.6490032915,FALSE,45.584264621681164,TalChhapar_TC,2022-03-01,2023-12-01,Mar22→Dec23
14.906206922657908,444545.88849583163,3074977.2889994634,444531.01090042555,3074976.3658744697,TRUE,99.33836469115565,TalChhapar_TC,2022-03-01,2023-12-01,Mar22→Dec23
10.95956990161107,444499.1476500136,3074961.4584326646,444509.84889361914,3074963.8239257894,FALSE,122.94966627663266,TalChhapar_TC,2022-03-01,2023-12-01,Mar22→Dec23
0.7311010484648713,444505.64319414686,3075026.0276973993,444505.06064652087,3075025.585942935,FALSE,62.46599660345702,TalChhapar_TC,2022-03-01,2023-12-01,Mar22→Dec23
4.599304694481384,444490.66068594233,3075047.6871108026,444494.2271476293,3075050.591237988,FALSE,59.21640830532463,TalChhapar_TC,2022-03-01,2023-12-01,Mar22→Dec23
3.2672712448256798,444621.2400456882,3075153.73603576,444618.23648896674,3075152.4500698163,FALSE,110.35267183243815,TalChhapar_TC,2022-03-01,2023-12-01,Mar22→Dec23
5.656793978157462,444536.27390697703,3075133.7312838696,444532.05358415825,3075137.498005709,FALSE,57.48956242145681,TalChhapar_TC,2022-03-01,2023-12-01,Mar22→Dec23
7.298050424820127,444652.93900439155,3075055.6854610867,444656.91881783004,3075061.802864539,FALSE,112.53430739379134,TalChhapar_TC,2022-03-01,2023-12-01,Mar22→Dec23
7.084057993876652,444558.20497316297,3075057.3123378525,444553.4020880424,3075062.5196569497,FALSE,24.935093997442408,TalChhapar_TC,2022-03-01,2023-12-01,Mar22→Dec23
5.908512485950122,444431.7913240321,3074988.934678866,444426.6251883891,3074986.0673521818,FALSE,141.0819816973015,TalChhapar_TC,2022-03-01,2023-12-01,Mar22→Dec23
2.490746878864421,444555.6521481318,3075061.4514577133,444553.4020880424,3075062.5196569497,TRUE,20.127764927159838,TalChhapar_TC,2022-03-01,2023-12-01,Mar22→Dec23
8.281779556688155,444508.94180415897,3074972.0558794662,444509.84889361914,3074963.8239257894,TRUE,109.72127978411139,TalChhapar_TC,2022-03-01,2023-12-01,Mar22→Dec23
2.650704790895042,444502.78389251407,3075068.2638393785,444505.17852827144,3075067.127197184,TRUE,40.43586039606537,TalChhapar_TC,2022-03-01,2023-12-01,Mar22→Dec23
13.696985674061501,444525.4445419289,3075229.6541823973,444534.2324260764,3075219.1479695323,TRUE,154.02109057591932,TalChhapar_TC,2022-03-01,2023-12-01,Mar22→Dec23
5.694907919406392,444575.1455369056,3075024.058177879,444576.64073334076,3075029.5532997004,TRUE,61.90243910426012,TalChhapar_TC,2022-03-01,2023-12-01,Mar22→Dec23
18.055117550878325,444549.59097862494,3075209.6557551757,444534.2324260764,3075219.1479695323,TRUE,133.2874930806086,TalChhapar_TC,2022-03-01,2023-12-01,Mar22→Dec23
15.000310664305367,444630.207379567,3075102.977518013,444643.00249643857,3075110.8065859186,TRUE,91.73359655529273,TalChhapar_TC,2022-03-01,2023-12-01,Mar22→Dec23
5.236960112413955,444617.9995410166,3075067.505526576,444619.1721396871,3075062.4015317117,TRUE,76.18151105453737,TalChhapar_TC,2022-03-01,2023-12-01,Mar22→Dec23
14.607349526042716,444523.0917722421,3075196.784731589,444509.8659619988,3075190.583715254,TRUE,121.75419153531624,TalChhapar_TC,2022-03-01,2023-12-01,Mar22→Dec23
14.586316784115947,444528.2847628118,3075205.829338258,444534.2324260764,3075219.1479695323,TRUE,130.0286031731373,TalChhapar_TC,2022-03-01,2023-12-01,Mar22→Dec23
6.625430237225298,444532.8344203137,3075130.918748857,444532.05358415825,3075137.498005709,TRUE,55.182244010380295,TalChhapar_TC,2022-03-01,2023-12-01,Mar22→Dec23
0.8626261714948461,444501.9469623963,3075143.4780627075,444502.01475751406,3075144.338020691,TRUE,78.16972838127069,TalChhapar_TC,2022-03-01,2023-12-01,Mar22→Dec23
3.287761178555721,444638.519164503,3075172.0286027608,444636.6451083967,3075169.327253602,TRUE,135.49992231650714,TalChhapar_TC,2022-03-01,2023-12-01,Mar22→Dec23
2.11513940404359,444577.9981382282,3075076.665508045,444579.2761283772,3075074.980113172,TRUE,35.63970317266662,TalChhapar_TC,2022-03-01,2023-12-01,Mar22→Dec23
3.0598549367095793,444472.4036214306,3075130.253150348,444469.3851450578,3075130.7546606874,TRUE,88.18250041764266,TalChhapar_TC,2022-03-01,2023-12-01,Mar22→Dec23
9.456554986726026,444545.7468664343,3075003.3219886366,444536.94924106373,3074999.853816199,TRUE,73.32097032171306,TalChhapar_TC,2022-03-01,2023-12-01,Mar22→Dec23
12.732586268942304,444519.59770886914,3074955.6337271156,444509.84889361914,3074963.8239257894,TRUE,123.05421525599773,TalChhapar_TC,2022-03-01,2023-12-01,Mar22→Dec23
12.130514345685956,444575.614827515,3075219.623129965,444568.787676104,3075209.5961971385,TRUE,146.87311935613351,TalChhapar_TC,2022-03-01,2023-12-01,Mar22→Dec23
8.974142791275215,444530.61880471895,3075157.5518065,444531.763469671,3075166.452648089,TRUE,81.83364460367936,TalChhapar_TC,2022-03-01,2023-12-01,Mar22→Dec23
4.287047766628031,444598.9481627715,3075153.1705240384,444595.9738012406,3075150.083138083,TRUE,95.2409810158725,TalChhapar_TC,2022-03-01,2023-12-01,Mar22→Dec23
3.6446392795352827,444478.0771060121,3075106.2703751475,444475.89290958975,3075103.352725157,TRUE,70.8134100679435,TalChhapar_TC,2022-03-01,2023-12-01,Mar22→Dec23
13.523961591896878,444544.15884407656,3074979.532752252,444531.01090042555,3074976.3658744697,TRUE,97.04857457866486,TalChhapar_TC,2022-03-01,2023-12-01,Mar22→Dec23
8.2936198878429,444609.9783179823,3075151.6840784093,444618.23648896674,3075152.4500698163,TRUE,101.07106965200053,TalChhapar_TC,2022-03-01,2023-12-01,Mar22→Dec23
7.043292793853003,444580.4037989648,3075177.8839162365,444584.8596037706,3075172.429213961,TRUE,108.22678533420384,TalChhapar_TC,2022-03-01,2023-12-01,Mar22→Dec23
2.0811065158409816,444464.1446367342,3075082.9947608435,444466.18587986456,3075082.589383472,TRUE,78.47781337951216,TalChhapar_TC,2022-03-01,2023-12-01,Mar22→Dec23
8.172122996706833,444542.7582424085,3075171.610120953,444544.59332674963,3075179.573541056,TRUE,95.04633345666895,TalChhapar_TC,2022-03-01,2023-12-01,Mar22→Dec23
1.1688043491845626,444619.3790078607,3075152.696553454,444618.23648896674,3075152.4500698163,TRUE,108.29689168394448,TalChhapar_TC,2022-03-01,2023-12-01,Mar22→Dec23
2.3020270039207706,444432.5724975343,3075168.4039943386,444430.8532910769,3075166.8730934653,TRUE,143.13438676914328,TalChhapar_TC,2022-03-01,2023-12-01,Mar22→Dec23
10.157772572420665,444562.1466191703,3075217.2823344283,444568.787676104,3075209.5961971385,TRUE,142.10221512480098,TalChhapar_TC,2022-03-01,2023-12-01,Mar22→Dec23
7.524738270088382,444549.01506631204,3074995.7206305005,444554.1994535408,3074990.266841442,TRUE,81.11757353170498,TalChhapar_TC,2022-03-01,2023-12-01,Mar22→Dec23
5.525526610962305,444602.59960854205,3075166.4694203823,444607.2969795512,3075169.3790852996,TRUE,108.22131727840826,TalChhapar_TC,2022-03-01,2023-12-01,Mar22→Dec23
6.935906626767033,444457.6798852467,3075118.5282257465,444461.94803134655,3075113.0610757023,TRUE,94.50621424813865,TalChhapar_TC,2022-03-01,2023-12-01,Mar22→Dec23
14.62117068301497,444466.9426782182,3075189.7009794144,444481.27472320816,3075186.8076908793,TRUE,135.96834916430086,TalChhapar_TC,2022-03-01,2023-12-01,Mar22→Dec23
3.3452032903475235,444547.3272613942,3075142.135146091,444543.99395009136,3075141.8533291076,TRUE,65.75850277694047,TalChhapar_TC,2022-03-01,2023-12-01,Mar22→Dec23
10.014755199232956,444477.0601735347,3075199.439265543,444484.10779231694,3075206.5544880414,TRUE,139.1476130155837,TalChhapar_TC,2022-03-01,2023-12-01,Mar22→Dec23
8.54355068950884,444477.56274852226,3075085.1517099836,444485.5985574402,3075082.250325242,TRUE,65.36235519260683,TalChhapar_TC,2022-03-01,2023-12-01,Mar22→Dec23
4.4366693233540095,444584.4658872121,3075097.051808301,444587.3609677828,3075093.689882785,TRUE,46.8268092973897,TalChhapar_TC,2022-03-01,2023-12-01,Mar22→Dec23
10.500335333235446,444596.47287851933,3075160.571606226,444595.9738012406,3075150.083138083,TRUE,99.92762363876996,TalChhapar_TC,2022-03-01,2023-12-01,Mar22→Dec23
7.016553778849664,444526.27295639855,3075162.083862109,444531.763469671,3075166.452648089,TRUE,87.01888677983769,TalChhapar_TC,2022-03-01,2023-12-01,Mar22→Dec23
18.226155625796185,444652.6259745491,3075025.621754796,444635.28789316886,3075020.001818591,TRUE,121.46635372638372,TalChhapar_TC,2022-03-01,2023-12-01,Mar22→Dec23
12.906640789130579,444454.8090186608,3075008.70566778,444442.00474435184,3075007.083343558,TRUE,110.76896570553883,TalChhapar_TC,2022-03-01,2023-12-01,Mar22→Dec23
7.8600617513187165,444642.7582626913,3075102.950319591,444643.00249643857,3075110.8065859186,TRUE,103.80896614687813,TalChhapar_TC,2022-03-01,2023-12-01,Mar22→Dec23
4.312861690613665,444560.64473274944,3075125.9585838625,444559.9745145478,3075130.2190513867,TRUE,52.670165737890436,TalChhapar_TC,2022-03-01,2023-12-01,Mar22→Dec23
11.610775006511664,444437.3946487726,3075091.8597440566,444448.153673464,3075096.2247737176,TRUE,106.0724610107111,TalChhapar_TC,2022-03-01,2023-12-01,Mar22→Dec23
14.498306653183825,444437.542157253,3075059.8372531766,444447.6618080125,3075070.21962113,TRUE,106.14276745839896,TalChhapar_TC,2022-03-01,2023-12-01,Mar22→Dec23
7.09901712670414,444504.21719400445,3075127.415964712,444510.52026420354,3075124.149873741,TRUE,63.56589987931725,TalChhapar_TC,2022-03-01,2023-12-01,Mar22→Dec23
3.3184102663221706,444563.27636573423,3075015.601739023,444560.8239252124,3075013.366256484,TRUE,64.45174673277641,TalChhapar_TC,2022-03-01,2023-12-01,Mar22→Dec23
4.319649479642424,444433.6785594352,3075029.7716742987,444430.3804774599,3075026.9820458447,TRUE,118.32551243947698,TalChhapar_TC,2022-03-01,2023-12-01,Mar22→Dec23
17.6163344945589,444447.559873569,3074990.3658144223,444442.00474435184,3075007.083343558,TRUE,128.12895751712216,TalChhapar_TC,2022-03-01,2023-12-01,Mar22→Dec23
7.656085380120464,444469.14038096706,3074962.525141714,444461.9937519933,3074965.27129132,TRUE,135.52087933169446,TalChhapar_TC,2022-03-01,2023-12-01,Mar22→Dec23
11.23725738000709,444442.5652169048,3075110.6321428404,444449.2135745973,3075119.691684408,TRUE,105.44814112533649,TalChhapar_TC,2022-03-01,2023-12-01,Mar22→Dec23
10.24223898542886,444622.8391246421,3074977.199226778,444632.80868022965,3074974.8515852336,TRUE,127.86946989916841,TalChhapar_TC,2022-03-01,2023-12-01,Mar22→Dec23
9.326271472817101,444470.56637260015,3075007.3939125165,444479.75533451914,3075008.9883774538,TRUE,99.69307188712266,TalChhapar_TC,2022-03-01,2023-12-01,Mar22→Dec23
12.133438065149189,444562.2055919027,3075199.4032345247,444568.787676104,3075209.5961971385,TRUE,124.4316168569899,TalChhapar_TC,2022-03-01,2023-12-01,Mar22→Dec23
8.950432100398483,444582.1141770907,3075117.2166587687,444575.97860254714,3075110.700144378,TRUE,56.860313891216606,TalChhapar_TC,2022-03-01,2023-12-01,Mar22→Dec23
10.530924545987846,444591.5552565591,3074974.226603015,444583.75306708826,3074967.1536820303,TRUE,113.54904011762893,TalChhapar_TC,2022-03-01,2023-12-01,Mar22→Dec23
4.305333049311418,444548.6575808623,3075180.9940097015,444544.59332674963,3075179.573541056,TRUE,104.61918202183816,TalChhapar_TC,2022-03-01,2023-12-01,Mar22→Dec23
12.715952030153884,444599.5603113252,3075064.0995138804,444595.15171328926,3075076.026780935,TRUE,58.54414897775878,TalChhapar_TC,2022-03-01,2023-12-01,Mar22→Dec23
10.703370193742433,444601.1426337091,3075181.324005572,444599.60420181113,3075191.916236725,TRUE,120.12531981327525,TalChhapar_TC,2022-03-01,2023-12-01,Mar22→Dec23
7.2375422761472965,444530.2922976504,3075022.344617439,444523.2573692973,3075024.0451471405,TRUE,55.54641877888433,TalChhapar_TC,2022-03-01,2023-12-01,Mar22→Dec23
12.334383423491861,444643.1078744185,3075135.6643944997,444630.98531998217,3075133.388281942,TRUE,116.80412316797458,TalChhapar_TC,2022-03-01,2023-12-01,Mar22→Dec23
1.8906647175222668,444440.9496130404,3075008.6522001447,444442.00474435184,3075007.083343558,TRUE,122.04866229276162,TalChhapar_TC,2022-03-01,2023-12-01,Mar22→Dec23
9.761050113953079,444450.6826538059,3075060.937779178,444447.6618080125,3075070.21962113,TRUE,92.99824430034452,TalChhapar_TC,2022-03-01,2023-12-01,Mar22→Dec23
7.40045824190145,444498.9223768058,3075172.4186008796,444505.9468269926,3075170.0896780035,TRUE,105.23634219042698,TalChhapar_TC,2022-03-01,2023-12-01,Mar22→Dec23
0.8538547018021387,444537.3189588865,3074999.084156155,444536.94924106373,3074999.853816199,TRUE,77.64419645343655,TalChhapar_TC,2022-03-01,2023-12-01,Mar22→Dec23
16.308633819605813,444433.1796214371,3075062.7204339034,444447.6618080125,3075070.21962113,TRUE,110.05319724181008,TalChhapar_TC,2022-03-01,2023-12-01,Mar22→Dec23
11.618584797999558,444448.6067194351,3075019.775789516,444460.0082520049,3075022.011089891,TRUE,109.61014142962972,TalChhapar_TC,2022-03-01,2023-12-01,Mar22→Dec23
15.240419534952212,444619.72820894915,3075093.7863247474,444610.93638419884,3075106.2351883566,TRUE,79.26314822088631,TalChhapar_TC,2022-03-01,2023-12-01,Mar22→Dec23
7.742418487390436,444600.3290183449,3075025.7078833566,444606.9076555284,3075021.625411453,TRUE,77.1166676360153,TalChhapar_TC,2022-03-01,2023-12-01,Mar22→Dec23
8.62152614024182,444576.7512371084,3075083.8636283814,444568.24031869596,3075085.2402113844,TRUE,35.15864647554174,TalChhapar_TC,2022-03-01,2023-12-01,Mar22→Dec23
11.954854146789243,444464.30657842616,3075212.8019172824,444462.7354643017,3075224.6530833887,FALSE,157.01182649973316,TalChhapar_TC,2022-03-01,2023-12-01,Mar22→Dec23
9.288356073986758,444524.50016138994,3075074.3809615495,444519.3347979783,3075066.6613385417,FALSE,17.991426734805675,TalChhapar_TC,2022-03-01,2023-12-01,Mar22→Dec23
13.810346424950495,444461.92281366343,3075042.148701745,444475.22783347365,3075045.850338711,FALSE,87.48924575107762,TalChhapar_TC,2022-03-01,2023-12-01,Mar22→Dec23
14.54016064257495,444472.9283603523,3075029.382481762,444487.2634264836,3075026.9489348605,TRUE,83.94468418039415,TalChhapar_TC,2022-03-01,2023-12-01,Mar22→Dec23
11.731016177409089,444608.6412511945,3075119.4408704736,444605.1742655938,3075130.647866119,FALSE,78.94152884002844,TalChhapar_TC,2022-03-01,2023-12-01,Mar22→Dec23
11.661783227897649,444550.20873311383,3075151.7211383902,444543.99395009136,3075141.8533291076,FALSE,75.56537583125244,TalChhapar_TC,2022-03-01,2023-12-01,Mar22→Dec23
8.113070886102927,444539.19108029763,3075057.9578260956,444543.4117661604,3075051.0290650195,FALSE,18.874483030772367,TalChhapar_TC,2022-03-01,2023-12-01,Mar22→Dec23
12.232580432139567,444519.9544560374,3075197.501685481,444509.8659619988,3075190.583715254,FALSE,122.9947828069874,TalChhapar_TC,2022-03-01,2023-12-01,Mar22→Dec23
14.36895471219354,444618.9367171231,3074978.5979833826,444632.80868022965,3074974.8515852336,FALSE,124.34498314322926,TalChhapar_TC,2022-03-01,2023-12-01,Mar22→Dec23
14.380297763854589,444417.38326200994,3075111.325693078,444422.4740801365,3075097.87665837,TRUE,129.71954835177164,TalChhapar_TC,2022-03-01,2023-12-01,Mar22→Dec23
13.478060070189146,444454.8626036853,3075003.0418640496,444442.00474435184,3075007.083343558,TRUE,114.28535461103614,TalChhapar_TC,2022-03-01,2023-12-01,Mar22→Dec23
11.56925888099432,444470.27889210236,3074975.7839951627,444465.3075831638,3074986.2307094065,TRUE,123.90406371886534,TalChhapar_TC,2022-03-01,2023-12-01,Mar22→Dec23
11.566569295198661,444628.795811705,3075031.88928205,444638.7341702899,3075037.8065917343,TRUE,97.29995846078221,TalChhapar_TC,2022-03-01,2023-12-01,Mar22→Dec23
8.777735922112653,444536.22389456595,3075033.4561393843,444528.1283334089,3075036.8488576855,FALSE,43.54280779689832,TalChhapar_TC,2022-03-01,2023-12-01,Mar22→Dec23
6.815626313252071,444545.3538997328,3075076.58628621,444552.13140103687,3075077.3061737814,FALSE,2.9954002055786395,TalChhapar_TC,2022-03-01,2023-12-01,Mar22→Dec23
6.750381591286058,444479.61224259174,3075079.130760182,444485.5985574402,3075082.250325242,FALSE,62.79878678176405,TalChhapar_TC,2022-03-01,2023-12-01,Mar22→Dec23
7.0550093134236835,444439.6461323543,3075044.5561944614,444446.10705317336,3075047.389859682,FALSE,107.58432162386767,TalChhapar_TC,2022-03-01,2023-12-01,Mar22→Dec23
12.716219715406137,444410.8210461491,3075137.8712266474,444399.63003416115,3075143.9097276647,FALSE,145.12278010290964,TalChhapar_TC,2022-03-01,2023-12-01,Mar22→Dec23
7.238704547208587,444590.07258734875,3075024.3060225504,444593.2392527129,3075030.815329272,FALSE,70.76431675172209,TalChhapar_TC,2022-03-01,2023-12-01,Mar22→Dec23
13.057065168953148,444569.13371522364,3074999.8399367556,444579.64574132493,3075007.5848872443,FALSE,81.26245255867659,TalChhapar_TC,2022-03-01,2023-12-01,Mar22→Dec23
3.499988611919514,444478.6973307908,3075005.652129802,444479.75533451914,3075008.9883774538,FALSE,95.29604789582784,TalChhapar_TC,2022-03-01,2023-12-01,Mar22→Dec23
3.7555490762898214,444540.39458527096,3075016.281074309,444536.703707335,3075015.5871226345,FALSE,60.315537685982974,TalChhapar_TC,2022-03-01,2023-12-01,Mar22→Dec23
7.159695098848855,444512.68758637004,3075069.321378343,444519.3347979783,3075066.6613385417,TRUE,30.542305031798833,TalChhapar_TC,2022-03-01,2023-12-01,Mar22→Dec23
7.909780729817704,444553.2130852684,3075011.2122493945,444560.8239252124,3075013.366256484,TRUE,66.2476693392476,TalChhapar_TC,2022-03-01,2023-12-01,Mar22→Dec23
1.1907667082118403,444566.21295837424,3075170.424087295,444567.33229063515,3075170.830314624,TRUE,96.84332507131505,TalChhapar_TC,2022-03-01,2023-12-01,Mar22→Dec23
7.960877058452354,444554.6163799621,3075119.52726118,444546.7329949633,3075120.6353245806,TRUE,44.67708116521619,TalChhapar_TC,2022-03-01,2023-12-01,Mar22→Dec23
3.4655029488441325,444563.5145917661,3075011.1822179803,444560.8239252124,3075013.366256484,FALSE,68.71998572035535,TalChhapar_TC,2022-03-01,2023-12-01,Mar22→Dec23
4.377669595132045,444615.234759919,3075105.405756471,444610.93638419884,3075106.2351883566,TRUE,78.37568895962181,TalChhapar_TC,2022-03-01,2023-12-01,Mar22→Dec23
3.7052055237469075,444523.0010605175,3075066.1255522347,444519.3347979783,3075066.6613385417,TRUE,21.992902828111326,TalChhapar_TC,2022-03-01,2023-12-01,Mar22→Dec23
4.440837206957408,444476.4708038952,3075064.853598519,444479.03879644204,3075068.4766427334,TRUE,66.92045248247966,TalChhapar_TC,2022-03-01,2023-12-01,Mar22→Dec23
5.003733930313451,444633.73729173624,3075015.244404541,444635.28789316886,3075020.001818591,FALSE,110.04653167550565,TalChhapar_TC,2022-03-01,2023-12-01,Mar22→Dec23
15.934265948140773,444619.6168037444,3075122.22326202,444630.98531998217,3075133.388281942,FALSE,89.74154195139498,TalChhapar_TC,2022-03-01,2023-12-01,Mar22→Dec23
9.456852330693936,444528.1232255363,3075189.307810247,444522.52709853894,3075181.6844633026,TRUE,113.6383317671541,TalChhapar_TC,2022-03-01,2023-12-01,Mar22→Dec23
11.811353846481712,444491.1599317398,3075005.915391622,444479.75533451914,3075008.9883774538,TRUE,87.2503061980879,TalChhapar_TC,2022-03-01,2023-12-01,Mar22→Dec23
17.776104170267647,444429.90590671095,3075071.0668805004,444447.6618080125,3075070.21962113,TRUE,112.58698178253768,TalChhapar_TC,2022-03-01,2023-12-01,Mar22→Dec23
13.161031410282986,444634.0983852796,3075070.7152374,444637.42503263254,3075083.448900077,TRUE,91.92609879045362,TalChhapar_TC,2022-03-01,2023-12-01,Mar22→Dec23
8.674251014052725,444545.1603505347,3075013.656367226,444536.703707335,3075015.5871226345,TRUE,62.970621536550816,TalChhapar_TC,2022-03-01,2023-12-01,Mar22→Dec23
11.691764333611124,444412.7414387787,3075122.0892258016,444424.0095098956,3075125.2081882153,TRUE,137.37937166987848,TalChhapar_TC,2022-03-01,2023-12-01,Mar22→Dec23
8.417481552738433,444533.97874618927,3075042.900854545,444528.1283334089,3075036.8488576855,TRUE,34.691082528271295,TalChhapar_TC,2022-03-01,2023-12-01,Mar22→Dec23
2.1084291385737397,444524.3638359196,3075022.2503755544,444523.2573692973,3075024.0451471405,TRUE,57.217556148841716,TalChhapar_TC,2022-03-01,2023-12-01,Mar22→Dec23
11.883265862352967,444449.98607520544,3074998.279346434,444442.00474435184,3075007.083343558,FALSE,121.08370871870407,TalChhapar_TC,2022-03-01,2023-12-01,Mar22→Dec23
4.831148443375295,444580.9462892914,3075049.3585563893,444581.5928182902,3075044.5708643007,FALSE,47.2142118072837,TalChhapar_TC,2022-03-01,2023-12-01,Mar22→Dec23
10.959192661705382,444565.4670114438,3075031.857440263,444560.18312088714,3075041.4587112404,FALSE,50.326258753505485,TalChhapar_TC,2022-03-01,2023-12-01,Mar22→Dec23
10.208769454098801,444627.9305684389,3075155.6506630355,444618.23648896674,3075152.4500698163,FALSE,116.52109915661485,TalChhapar_TC,2022-03-01,2023-12-01,Mar22→Dec23
12.37675971743021,444601.79794096167,3075065.5859074644,444595.15171328926,3075076.026780935,FALSE,60.444769743992246,TalChhapar_TC,2022-03-01,2023-12-01,Mar22→Dec23
13.788237008379046,444468.99232006865,3075180.5420661764,444481.27472320816,3075186.8076908793,FALSE,127.25531608747525,TalChhapar_TC,2022-03-01,2023-12-01,Mar22→Dec23
15.937169091942891,444465.41309458,3075147.284762071,444454.9260947889,3075135.284087338,FALSE,104.50810870979667,TalChhapar_TC,2022-03-01,2023-12-01,Mar22→Dec23
13.854705698443853,444433.78310410515,3075053.720195325,444446.10705317336,3075047.389859682,FALSE,110.95269978166313,TalChhapar_TC,2022-03-01,2023-12-01,Mar22→Dec23
14.387096109351063,444433.4247554683,3075068.147214482,444447.6618080125,3075070.21962113,FALSE,109.2585488688205,TalChhapar_TC,2022-03-01,2023-12-01,Mar22→Dec23
3.4710401020903796,444551.77890961635,3075065.587785237,444553.4020880424,3075062.5196569497,TRUE,14.464913524501373,TalChhapar_TC,2022-03-01,2023-12-01,Mar22→Dec23
11.57434289264647,444507.8636527949,3075014.3561357586,444505.06064652087,3075025.585942935,TRUE,71.13224538283025,TalChhapar_TC,2022-03-01,2023-12-01,Mar22→Dec23
3.6821045030147377,444483.5254979315,3074954.643113944,444483.93246064824,3074950.9835682185,TRUE,135.37424728224337,TalChhapar_TC,2022-03-01,2023-12-01,Mar22→Dec23
6.225353940692945,444486.72432343336,3074945.419349147,444483.93246064824,3074950.9835682185,FALSE,142.457903855675,TalChhapar_TC,2022-03-01,2023-12-01,Mar22→Dec23
11.877026198515614,444601.8135097065,3075113.840246694,444610.93638419884,3075106.2351883566,FALSE,70.1737891925682,TalChhapar_TC,2022-03-01,2023-12-01,Mar22→Dec23
10.220185418133823,444574.63035482954,3075128.901244714,444584.64035966195,3075130.963280901,FALSE,61.48649495965341,TalChhapar_TC,2022-03-01,2023-12-01,Mar22→Dec23
17.574203547323222,444459.3482035033,3075187.139472034,444441.7751922226,3075186.9347652877,FALSE,138.26611452809084,TalChhapar_TC,2022-03-01,2023-12-01,Mar22→Dec23
1.6341028495758174,444579.59625973366,3075146.16458196,444580.8023560886,3075145.0620286935,FALSE,78.93540761233027,TalChhapar_TC,2022-03-01,2023-12-01,Mar22→Dec23
12.214462831267952,444520.9671386295,3075142.624781284,444532.05358415825,3075137.498005709,FALSE,69.43729222482334,TalChhapar_TC,2022-03-01,2023-12-01,Mar22→Dec23
16.06118917539862,444449.22264389327,3074955.5316508943,444461.9937519933,3074965.27129132,TRUE,152.7196244263388,TalChhapar_TC,2022-03-01,2023-12-01,Mar22→Dec23
8.999070263073389,444536.59131362784,3074990.861866825,444536.94924106373,3074999.853816199,TRUE,85.8965923210893,TalChhapar_TC,2022-03-01,2023-12-01,Mar22→Dec23
5.824131903910727,444595.1726911445,3075188.137053527,444599.60420181113,3075191.916236725,TRUE,123.44122792424359,TalChhapar_TC,2022-03-01,2023-12-01,Mar22→Dec23
11.378763783894843,444565.9989066818,3074962.618804767,444555.07498600124,3074959.433805204,TRUE,116.37231514098413,TalChhapar_TC,2022-03-01,2023-12-01,Mar22→Dec23
15.294823040949373,444566.85365219426,3074973.9980693846,444577.4617302964,3074985.016249399,TRUE,105.45097235206848,TalChhapar_TC,2022-03-01,2023-12-01,Mar22→Dec23
9.33821184731061,444443.8352006979,3075196.042924574,444441.7751922226,3075186.9347652877,TRUE,154.8609674686741,TalChhapar_TC,2022-03-01,2023-12-01,Mar22→Dec23
7.057233959330302,444577.80885531614,3075129.1926596737,444584.64035966195,3075130.963280901,FALSE,63.454171765778526,TalChhapar_TC,2022-03-01,2023-12-01,Mar22→Dec23
4.578993532639546,444578.0166812508,3075025.1859264486,444576.64073334076,3075029.5532997004,FALSE,62.54015742307137,TalChhapar_TC,2022-03-01,2023-12-01,Mar22→Dec23
8.059215763763627,444523.8674215611,3075168.0661483128,444531.763469671,3075166.452648089,FALSE,93.35122451928288,TalChhapar_TC,2022-03-01,2023-12-01,Mar22→Dec23
9.320865452359385,444507.24355840875,3075093.394847581,444510.8725657918,3075084.80946243,TRUE,38.939965168828294,TalChhapar_TC,2022-03-01,2023-12-01,Mar22→Dec23
13.058756748532275,444553.86545024836,3075150.402282989,444543.99395009136,3075141.8533291076,FALSE,74.72889293356582,TalChhapar_TC,2022-03-01,2023-12-01,Mar22→Dec23
8.428582304150265,444580.8377239472,3075066.011997858,444576.3101905816,3075058.9026771253,FALSE,39.89990832436504,TalChhapar_TC,2022-03-01,2023-12-01,Mar22→Dec23
10.671607476591046,444476.8607657194,3075177.091715096,444481.27472320816,3075186.8076908793,TRUE,119.98190978098603,TalChhapar_TC,2022-03-01,2023-12-01,Mar22→Dec23
5.978697553753524,444644.00853793806,3075116.7000318496,444643.00249643857,3075110.8065859186,FALSE,109.28661880385819,TalChhapar_TC,2022-03-01,2023-12-01,Mar22→Dec23
13.173416762004656,444430.92477567086,3075113.995783993,444424.0095098956,3075125.2081882153,FALSE,117.55247219305734,TalChhapar_TC,2022-03-01,2023-12-01,Mar22→Dec23
6.095579333995254,192638.9312234122,2441080.1604215,192640.05720388546,2441074.169740788,TRUE,33.3471032014791,Velavadar_LEK1,2013-12-01,2014-02-01,Dec13→Feb14
4.771660119421648,192738.43922928584,2441145.359412445,192741.1935638066,2441149.2558700214,TRUE,105.12880422858791,Velavadar_LEK1,2013-12-01,2014-02-01,Dec13→Feb14
6.367039574113529,192734.90244763048,2441148.2755383444,192741.1935638066,2441149.2558700214,TRUE,102.7142624924918,Velavadar_LEK1,2013-12-01,2014-02-01,Dec13→Feb14
9.009927095055282,192739.67607462296,2441117.390717636,192743.22730537725,2441109.110165336,TRUE,101.49667135160105,Velavadar_LEK1,2013-12-01,2014-02-01,Dec13→Feb14
20.982228586175932,192763.68119557254,2441104.431245341,192743.22730537725,2441109.110165336,TRUE,125.75468542270139,Velavadar_LEK1,2013-12-01,2014-02-01,Dec13→Feb14
6.375724293385718,192643.9515646098,2441094.535366929,192637.65538495057,2441095.539349979,TRUE,19.80263457319709,Velavadar_LEK1,2013-12-01,2014-02-01,Dec13→Feb14
17.266955819971127,192747.00140754046,2441174.476514907,192730.0734960041,2441177.8814487252,TRUE,124.67581909875148,Velavadar_LEK1,2013-12-01,2014-02-01,Dec13→Feb14
11.757174195380331,192750.57209994417,2441118.2908590916,192743.22730537725,2441109.110165336,TRUE,112.4202233030451,Velavadar_LEK1,2013-12-01,2014-02-01,Dec13→Feb14
24.046603524509756,192580.2352301189,2441053.968938377,192556.9550488849,2441047.946289228,TRUE,83.12760942753076,Velavadar_LEK1,2013-12-01,2014-02-01,Dec13→Feb14
10.304216923587209,192547.6152230238,2441043.593756713,192556.9550488849,2441047.946289228,TRUE,114.46552859124918,Velavadar_LEK1,2013-12-01,2014-02-01,Dec13→Feb14
9.597528293172134,192599.3369841713,2441175.0548219075,192601.52200149372,2441165.709328414,TRUE,72.82478206011868,Velavadar_LEK1,2013-12-01,2014-02-01,Dec13→Feb14
8.512342266827606,192735.04084534428,2441155.138388733,192741.1935638066,2441149.2558700214,TRUE,105.36317761664145,Velavadar_LEK1,2013-12-01,2014-02-01,Dec13→Feb14
23.93453159394837,192717.52438375802,2441152.8099829135,192741.1935638066,2441149.2558700214,TRUE,88.4817557225468,Velavadar_LEK1,2013-12-01,2014-02-01,Dec13→Feb14
16.35458165015572,192574.99339372644,2441150.875769462,192576.67271121428,2441134.607633929,TRUE,73.47653592608452,Velavadar_LEK1,2013-12-01,2014-02-01,Dec13→Feb14
10.729579077063747,192729.2759029019,2441050.3866983172,192718.609500247,2441049.2240627017,TRUE,110.76263488391584,Velavadar_LEK1,2013-12-01,2014-02-01,Dec13→Feb14
12.063950750470228,192563.73137284874,2441178.8895905567,192566.11369513202,2441167.063202763,TRUE,99.14299096213684,Velavadar_LEK1,2013-12-01,2014-02-01,Dec13→Feb14
10.341738925183757,192660.0109475831,2441088.155496168,192670.18404574064,2441086.295485987,TRUE,33.402730183830734,Velavadar_LEK1,2013-12-01,2014-02-01,Dec13→Feb14
30.581516309147684,192645.58610271962,2441205.749348615,192615.00977057067,2441205.186274833,TRUE,92.53962943053315,Velavadar_LEK1,2013-12-01,2014-02-01,Dec13→Feb14
26.14737936064547,192636.89510895446,2441036.687746139,192662.79974760354,2441040.2423408963,TRUE,76.82491946959931,Velavadar_LEK1,2013-12-01,2014-02-01,Dec13→Feb14
14.128705955557557,192745.75302343356,2441095.2090473855,192743.22730537725,2441109.110165336,TRUE,109.04415317709032,Velavadar_LEK1,2013-12-01,2014-02-01,Dec13→Feb14
5.92979313619686,192718.98851006024,2441055.1417310094,192718.609500247,2441049.2240627017,TRUE,99.61841045963023,Velavadar_LEK1,2013-12-01,2014-02-01,Dec13→Feb14
12.01539727344694,192664.1830746793,2441132.4451178308,192675.1148096944,2441127.458441463,TRUE,32.112474570928796,Velavadar_LEK1,2013-12-01,2014-02-01,Dec13→Feb14
14.884427339714403,192628.6317844015,2441064.6300360314,192640.05720388546,2441074.169740788,TRUE,49.808866897068576,Velavadar_LEK1,2013-12-01,2014-02-01,Dec13→Feb14
7.774798053447935,192549.22988299825,2441048.823384887,192556.9550488849,2441047.946289228,TRUE,110.03834671607493,Velavadar_LEK1,2013-12-01,2014-02-01,Dec13→Feb14
20.642881735297156,192575.94753028848,2441106.8270447333,192590.0226829421,2441091.726758507,TRUE,62.662831215650364,Velavadar_LEK1,2013-12-01,2014-02-01,Dec13→Feb14
7.103490490919131,192684.8374380812,2441110.4622853077,192680.194674465,2441105.0860112114,TRUE,46.68244184791583,Velavadar_LEK1,2013-12-01,2014-02-01,Dec13→Feb14
18.112784937672316,192676.05113993105,2441197.0782274785,192677.72707440326,2441179.0431443946,TRUE,91.72697208783318,Velavadar_LEK1,2013-12-01,2014-02-01,Dec13→Feb14
5.950450552419626,192720.9711686368,2441076.346013898,192724.4227605873,2441081.193113524,TRUE,90.67855507500137,Velavadar_LEK1,2013-12-01,2014-02-01,Dec13→Feb14
18.111579848093953,192525.18443150705,2441102.1383650964,192543.26022325997,2441101.000350554,TRUE,113.63900666059459,Velavadar_LEK1,2013-12-01,2014-02-01,Dec13→Feb14
14.908115089390133,192558.63647532582,2441137.5038493956,192550.79390472872,2441124.82528552,TRUE,83.15708322960457,Velavadar_LEK1,2013-12-01,2014-02-01,Dec13→Feb14
27.916875267962848,192605.15723603175,2441039.9337612344,192600.671307437,2441067.487860192,TRUE,80.6689593979637,Velavadar_LEK1,2013-12-01,2014-02-01,Dec13→Feb14
16.452151117506844,192717.2291842053,2441188.1623499896,192730.0734960041,2441177.8814487252,TRUE,108.68050915975145,Velavadar_LEK1,2013-12-01,2014-02-01,Dec13→Feb14
16.325459226213518,192683.64057439473,2441077.051977155,192670.18404574064,2441086.295485987,TRUE,58.210382601734025,Velavadar_LEK1,2013-12-01,2014-02-01,Dec13→Feb14
18.956062372841178,192722.7136742141,2441120.129061594,192715.78508179187,2441102.4846033216,TRUE,84.71939644467278,Velavadar_LEK1,2013-12-01,2014-02-01,Dec13→Feb14
13.123329888631083,192606.00130926757,2441108.8129691235,192617.4058105948,2441115.305975888,TRUE,32.59154760956002,Velavadar_LEK1,2013-12-01,2014-02-01,Dec13→Feb14
3.540380720633704,192701.03687201094,2441078.0804334325,192700.62411718967,2441081.5966713517,TRUE,72.08525008658196,Velavadar_LEK1,2013-12-01,2014-02-01,Dec13→Feb14
19.45811403654439,192559.11277633175,2441148.9081666074,192566.11369513202,2441167.063202763,TRUE,86.70076286806183,Velavadar_LEK1,2013-12-01,2014-02-01,Dec13→Feb14
16.36660011598525,192653.4779075624,2441091.354451228,192637.65538495057,2441095.539349979,TRUE,26.87418852877251,Velavadar_LEK1,2013-12-01,2014-02-01,Dec13→Feb14
19.32595195920402,192520.7586570046,2441117.873580456,192505.41119888937,2441129.6187049136,TRUE,117.57666880693726,Velavadar_LEK1,2013-12-01,2014-02-01,Dec13→Feb14
23.23552598962742,192639.29616325148,2441184.7759798407,192633.4906199501,2441162.2774168868,TRUE,71.28295191089136,Velavadar_LEK1,2013-12-01,2014-02-01,Dec13→Feb14
24.50024832431316,192603.31604726278,2441043.130776639,192600.671307437,2441067.487860192,TRUE,78.56575373674157,Velavadar_LEK1,2013-12-01,2014-02-01,Dec13→Feb14
18.107652335062046,192703.43255614728,2441038.9508654135,192691.47966038575,2441052.5529004084,TRUE,99.02482995167345,Velavadar_LEK1,2013-12-01,2014-02-01,Dec13→Feb14
30.679128691038162,192536.09072581524,2441173.3743239506,192566.11369513202,2441167.063202763,TRUE,118.4153171551288,Velavadar_LEK1,2013-12-01,2014-02-01,Dec13→Feb14
13.850850347070338,192681.24807008804,2441139.8773452905,192675.1148096944,2441127.458441463,TRUE,50.44028306234603,Velavadar_LEK1,2013-12-01,2014-02-01,Dec13→Feb14
5.092526749798784,192640.89606811944,2441151.7650199835,192642.01834739716,2441146.797694957,TRUE,38.35548051326691,Velavadar_LEK1,2013-12-01,2014-02-01,Dec13→Feb14
6.867851272673853,192552.71015105725,2441042.547379751,192556.9550488849,2441047.946289228,TRUE,111.14005795226926,Velavadar_LEK1,2013-12-01,2014-02-01,Dec13→Feb14
10.750972520713923,192631.86575719703,2441067.2067233897,192640.05720388546,2441074.169740788,TRUE,46.732608775392535,Velavadar_LEK1,2013-12-01,2014-02-01,Dec13→Feb14
8.437153629028288,192609.88159139926,2441198.4864733624,192615.00977057067,2441205.186274833,TRUE,89.59678023655685,Velavadar_LEK1,2013-12-01,2014-02-01,Dec13→Feb14
14.247601396907015,192701.7779951142,2441148.828504403,192701.00329143292,2441134.601980591,TRUE,72.68671296059667,Velavadar_LEK1,2013-12-01,2014-02-01,Dec13→Feb14
34.65628797234647,192686.06205576696,2441014.5533682634,192662.79974760354,2441040.2423408963,FALSE,109.89165680196527,Velavadar_LEK1,2013-12-01,2014-02-01,Dec13→Feb14
11.416079339901138,192566.4521522791,2441204.735969467,192569.00684769114,2441193.6094067073,TRUE,116.10075919103504,Velavadar_LEK1,2013-12-01,2014-02-01,Dec13→Feb14
38.54250183141188,192595.15589277766,2441029.3420262313,192600.671307437,2441067.487860192,TRUE,94.55219934881596,Velavadar_LEK1,2013-12-01,2014-02-01,Dec13→Feb14
14.075396707293148,192621.0929129904,2441168.9417739157,192633.4906199501,2441162.2774168868,TRUE,58.03637412549594,Velavadar_LEK1,2013-12-01,2014-02-01,Dec13→Feb14
28.50529152563149,192530.08010206724,2441057.448335245,192556.9550488849,2441047.946289228,TRUE,121.83369451330337,Velavadar_LEK1,2013-12-01,2014-02-01,Dec13→Feb14
6.279468954852621,192593.78946509756,2441096.7510079583,192590.0226829421,2441091.726758507,TRUE,47.51466436383736,Velavadar_LEK1,2013-12-01,2014-02-01,Dec13→Feb14
17.942122911571044,192578.8796184767,2441154.4556266386,192566.11369513202,2441167.063202763,TRUE,72.12922400216233,Velavadar_LEK1,2013-12-01,2014-02-01,Dec13→Feb14
8.71682191712117,192732.07976950347,2441169.3986513694,192730.0734960041,2441177.8814487252,TRUE,109.21477014471014,Velavadar_LEK1,2013-12-01,2014-02-01,Dec13→Feb14
18.053919728101434,192599.001679532,2441147.8321923246,192601.52200149372,2441165.709328414,TRUE,52.147847125995966,Velavadar_LEK1,2013-12-01,2014-02-01,Dec13→Feb14
15.00939761290814,192720.18314279403,2441189.171396913,192730.0734960041,2441177.8814487252,TRUE,111.52780109929203,Velavadar_LEK1,2013-12-01,2014-02-01,Dec13→Feb14
12.342708261168516,192646.87290884746,2441105.0653070468,192657.26424605818,2441111.725829413,FALSE,12.05988907218228,Velavadar_LEK1,2013-12-01,2014-02-01,Dec13→Feb14
18.74862360503648,192576.33306552537,2441115.862087047,192576.67271121428,2441134.607633929,FALSE,61.96592470436922,Velavadar_LEK1,2013-12-01,2014-02-01,Dec13→Feb14
17.730558360984446,192730.1810113216,2441035.7900450137,192718.609500247,2441049.2240627017,FALSE,120.37240991553023,Velavadar_LEK1,2013-12-01,2014-02-01,Dec13→Feb14
18.422579254997512,192552.9677567145,2441073.424223845,192566.26884311356,2441086.170695004,FALSE,94.23300514926908,Velavadar_LEK1,2013-12-01,2014-02-01,Dec13→Feb14
23.619707429339243,192722.81268692602,2441125.533306638,192701.00329143292,2441134.601980591,FALSE,85.41053871390024,Velavadar_LEK1,2013-12-01,2014-02-01,Dec13→Feb14
18.99319246158236,192583.97530364944,2441158.4392008604,192601.52200149372,2441165.709328414,TRUE,70.46735513855698,Velavadar_LEK1,2013-12-01,2014-02-01,Dec13→Feb14
10.081277712240182,192742.91122333537,2441119.1864867113,192743.22730537725,2441109.110165336,FALSE,104.81158206991509,Velavadar_LEK1,2013-12-01,2014-02-01,Dec13→Feb14
20.56234600535074,192730.48065781634,2441125.245004945,192743.22730537725,2441109.110165336,FALSE,92.97144927750138,Velavadar_LEK1,2013-12-01,2014-02-01,Dec13→Feb14
13.690360235182894,192621.55025042812,2441082.5138481488,192622.90521270764,2441096.1369917137,FALSE,35.202218949402514,Velavadar_LEK1,2013-12-01,2014-02-01,Dec13→Feb14
10.675063057430972,192575.93824357458,2441185.4907416455,192569.00684769114,2441193.6094067073,FALSE,95.21462345391802,Velavadar_LEK1,2013-12-01,2014-02-01,Dec13→Feb14
26.991793470945844,192640.9896498406,2441197.8648823495,192615.00977057067,2441205.186274833,FALSE,84.40857847135385,Velavadar_LEK1,2013-12-01,2014-02-01,Dec13→Feb14
22.49053614615418,192664.7675570801,2441197.424524291,192677.72707440326,2441179.0431443946,FALSE,88.01242559546691,Velavadar_LEK1,2013-12-01,2014-02-01,Dec13→Feb14
16.37248172008057,192678.47952644076,2441035.5303674997,192662.79974760354,2441040.2423408963,TRUE,87.73516515398768,Velavadar_LEK1,2013-12-01,2014-02-01,Dec13→Feb14
15.404976560304043,192657.91660546057,2441076.9775885954,192670.18404574064,2441086.295485987,TRUE,41.47954556648268,Velavadar_LEK1,2013-12-01,2014-02-01,Dec13→Feb14
7.993872174346261,192614.7800468336,2441144.900983106,192615.38969677367,2441136.930392206,TRUE,46.75468584126096,Velavadar_LEK1,2014-02-01,2014-10-01,Feb14→Oct14
10.493622847285142,192722.9193720751,2441065.40788985,192723.88284369418,2441075.85718853,TRUE,88.61094897668067,Velavadar_LEK1,2014-02-01,2014-10-01,Feb14→Oct14
16.650744974616657,192589.48741888066,2441031.361026195,192576.35478722246,2441041.597299635,TRUE,114.83823945880516,Velavadar_LEK1,2014-02-01,2014-10-01,Feb14→Oct14
30.579872063240074,192587.68063134837,2441214.7168293432,192614.33120406925,2441229.7126804045,TRUE,113.72964864925008,Velavadar_LEK1,2014-02-01,2014-10-01,Feb14→Oct14
17.52781003118077,192596.9170351028,2441227.7199828117,192614.33120406925,2441229.7126804045,TRUE,119.41826903863263,Velavadar_LEK1,2014-02-01,2014-10-01,Feb14→Oct14
29.673252248400946,192747.50115469564,2441134.675387422,192742.6470816253,2441105.4018520424,TRUE,91.27967558744567,Velavadar_LEK1,2014-02-01,2014-10-01,Feb14→Oct14
11.481895433039497,192730.92606106072,2441066.789277422,192723.88284369418,2441075.85718853,TRUE,93.88130435104488,Velavadar_LEK1,2014-02-01,2014-10-01,Feb14→Oct14
11.343103597750476,192669.29283269536,2441186.254664514,192659.64942756738,2441180.2821661453,TRUE,63.10128958322728,Velavadar_LEK1,2014-02-01,2014-10-01,Feb14→Oct14
4.546985968591403,192667.25338613888,2441077.389771949,192669.18142689345,2441081.507749638,TRUE,48.160188730852845,Velavadar_LEK1,2014-02-01,2014-10-01,Feb14→Oct14
19.446767238624446,192678.44805218527,2441244.3139637923,192697.39212073386,2441239.9208984775,TRUE,121.850019394442,Velavadar_LEK1,2014-02-01,2014-10-01,Feb14→Oct14
6.348555988975465,192644.41693737244,2441233.5288194534,192642.07511901192,2441227.6279678275,TRUE,109.82719686404421,Velavadar_LEK1,2014-02-01,2014-10-01,Feb14→Oct14
19.654078208023705,192724.03574367007,2441193.0200951244,192727.59899756062,2441173.691721889,TRUE,96.06705597683111,Velavadar_LEK1,2014-02-01,2014-10-01,Feb14→Oct14
20.105741976278313,192640.78907861095,2441030.2919902084,192660.24550090055,2441035.3603718146,TRUE,95.46261766830882,Velavadar_LEK1,2014-02-01,2014-10-01,Feb14→Oct14
7.116314209945857,192575.33814039495,2441123.5415568473,192575.77766720875,2441130.644284782,TRUE,81.46784029643541,Velavadar_LEK1,2014-02-01,2014-10-01,Feb14→Oct14
22.277977330563807,192644.5459096147,2441019.554325269,192660.24550090055,2441035.3603718146,TRUE,105.56162731554052,Velavadar_LEK1,2014-02-01,2014-10-01,Feb14→Oct14
11.745659798816233,192603.39963436502,2441106.836417523,192600.69946982054,2441118.2674995167,TRUE,56.21660009288881,Velavadar_LEK1,2014-02-01,2014-10-01,Feb14→Oct14
14.935160974883804,192741.49010601637,2441168.2057270645,192727.59899756062,2441173.691721889,TRUE,95.34635417408313,Velavadar_LEK1,2014-02-01,2014-10-01,Feb14→Oct14
11.058938879255097,192664.59718457962,2441051.0287296465,192653.9448100609,2441053.999764188,TRUE,73.78636424471803,Velavadar_LEK1,2014-02-01,2014-10-01,Feb14→Oct14
7.324924719098533,192557.35148645582,2441081.6806650353,192564.62359557464,2441082.558703249,TRUE,108.2377694583939,Velavadar_LEK1,2014-02-01,2014-10-01,Feb14→Oct14
2.26142392726842,192640.86874848025,2441071.1558875274,192638.81437370804,2441070.2105926136,TRUE,55.57887525091122,Velavadar_LEK1,2014-02-01,2014-10-01,Feb14→Oct14
17.088970170122888,192600.84385141352,2441240.2066891626,192614.33120406925,2441229.7126804045,TRUE,128.61551362929615,Velavadar_LEK1,2014-02-01,2014-10-01,Feb14→Oct14
9.061961580889017,192596.130589689,2441084.2165516126,192587.83536917513,2441087.86462841,TRUE,72.77246127577091,Velavadar_LEK1,2014-02-01,2014-10-01,Feb14→Oct14
13.520746346704572,192585.23628523256,2441165.7209513015,192598.59583853948,2441163.6393852537,TRUE,82.63665569744306,Velavadar_LEK1,2014-02-01,2014-10-01,Feb14→Oct14
11.157601974746349,192628.11196518724,2441167.6767614367,192635.03360208927,2441176.4279341823,TRUE,51.92090744741713,Velavadar_LEK1,2014-02-01,2014-10-01,Feb14→Oct14
7.3298654709561974,192560.2865038639,2441167.953377675,192565.8877106288,2441163.225438314,TRUE,105.885997186664,Velavadar_LEK1,2014-02-01,2014-10-01,Feb14→Oct14
12.42270392815132,192718.8964445031,2441182.556773675,192727.59899756062,2441173.691721889,TRUE,85.07499247347882,Velavadar_LEK1,2014-02-01,2014-10-01,Feb14→Oct14
23.057401597087868,192713.54330537823,2441213.574572961,192694.79284279677,2441200.1557830977,FALSE,105.69468700500147,Velavadar_LEK1,2014-02-01,2014-10-01,Feb14→Oct14
13.777159538618047,192630.62255637304,2441124.021597204,192640.2964316195,2441114.2120986097,FALSE,26.181644411243834,Velavadar_LEK1,2014-02-01,2014-10-01,Feb14→Oct14
15.574291466006438,192685.25304872793,2441186.0327843684,192676.32961564616,2441173.2683456144,FALSE,67.88102508147988,Velavadar_LEK1,2014-02-01,2014-10-01,Feb14→Oct14
11.894282870829809,192707.4920029457,2441120.9751631785,192700.5358964922,2441130.6233002017,TRUE,50.80627559804052,Velavadar_LEK1,2014-02-01,2014-10-01,Feb14→Oct14
11.60334396126385,192625.15446378695,2441143.198319795,192615.38969677367,2441136.930392206,TRUE,36.80798944991235,Velavadar_LEK1,2014-02-01,2014-10-01,Feb14→Oct14
13.90080886480076,192623.49875987027,2441168.6703635524,192635.03360208927,2441176.4279341823,FALSE,55.39626278324613,Velavadar_LEK1,2014-02-01,2014-10-01,Feb14→Oct14
10.297748445564507,192642.0470566223,2441256.639326463,192649.5577671937,2441249.594267928,TRUE,133.0577750130122,Velavadar_LEK1,2014-02-01,2014-10-01,Feb14→Oct14
10.979195772252742,192687.17758108448,2441164.9775192947,192689.22399682458,2441154.190725405,TRUE,50.6860292984266,Velavadar_LEK1,2014-02-01,2014-10-01,Feb14→Oct14
13.930005256300126,192602.22769467192,2441204.433457191,192615.50447643758,2441200.2177588637,TRUE,96.86748027139737,Velavadar_LEK1,2014-02-01,2014-10-01,Feb14→Oct14
3.1248406281992414,192698.31939169095,2441181.8565947474,192701.36309048976,2441182.5640737745,TRUE,70.885526056093,Velavadar_LEK1,2014-02-01,2014-10-01,Feb14→Oct14
3.203798338929245,192632.24248842572,2441079.0744817453,192631.26124591712,2441082.1243156646,TRUE,51.55323770103181,Velavadar_LEK1,2014-02-01,2014-10-01,Feb14→Oct14
5.669325238308148,192623.52772092918,2441119.0082414867,192621.99506335618,2441113.5500174696,TRUE,55.55854875233489,Velavadar_LEK1,2014-10-01,2015-05-01,Oct14→May15
23.669018092944373,192606.55873077488,2441131.4927612375,192621.99506335618,2441113.5500174696,TRUE,73.28856634899805,Velavadar_LEK1,2014-10-01,2015-05-01,Oct14→May15
14.20336039191729,192649.08557566255,2441193.4819481955,192639.93516585598,2441182.618916998,TRUE,78.64887088938816,Velavadar_LEK1,2014-10-01,2015-05-01,Oct14→May15
23.20794592023138,192628.3843329494,2441202.7481746348,192639.93516585598,2441182.618916998,TRUE,96.37717804846602,Velavadar_LEK1,2014-10-01,2015-05-01,Oct14→May15
10.762286813051674,192729.43216148665,2441150.718644602,192740.19380457437,2441150.6009352193,TRUE,58.60495713344027,Velavadar_LEK1,2014-10-01,2015-05-01,Oct14→May15
11.947931006633903,192724.50050687356,2441061.366671192,192719.19575395505,2441050.660941333,TRUE,74.78996722679776,Velavadar_LEK1,2014-10-01,2015-05-01,Oct14→May15
11.105484476112586,192707.86655630803,2441116.568041774,192702.9815938956,2441106.5946307387,TRUE,29.11276170064066,Velavadar_LEK1,2014-10-01,2015-05-01,Oct14→May15
15.734967884787272,192671.748251122,2441029.4892140627,192659.31258115714,2441039.1299260105,TRUE,91.57132906729122,Velavadar_LEK1,2014-10-01,2015-05-01,Oct14→May15
4.788997467497198,192718.17523683602,2441045.981941274,192719.19575395505,2441050.660941333,TRUE,84.3986171516286,Velavadar_LEK1,2014-10-01,2015-05-01,Oct14→May15
7.893479122253656,192668.9286392261,2441208.47840155,192676.82190573495,2441208.420466468,TRUE,88.29311900678415,Velavadar_LEK1,2014-10-01,2015-05-01,Oct14→May15
27.079308417448463,192621.22936867087,2441053.0454265694,192598.1737669148,2441067.248530879,TRUE,89.05381337661215,Velavadar_LEK1,2014-10-01,2015-05-01,Oct14→May15
3.0522953713616388,192679.97063098024,2441156.7899136557,192683.02214637003,2441156.7209146707,TRUE,36.03317006259854,Velavadar_LEK1,2014-10-01,2015-05-01,Oct14→May15
4.697630964307857,192684.98397067064,2441074.2718427666,192682.1906540756,2441070.494923509,TRUE,46.87251289723743,Velavadar_LEK1,2014-10-01,2015-05-01,Oct14→May15
10.26967924496506,192651.0353652707,2441108.766786099,192660.80611161393,2441111.9288783954,TRUE,30.484844701799087,Velavadar_LEK1,2014-10-01,2015-05-01,Oct14→May15
27.34269919011397,192781.7316475951,2441099.066424079,192782.92201252974,2441126.3831996997,FALSE,104.94174642777308,Velavadar_LEK1,2014-10-01,2015-05-01,Oct14→May15
23.529881482666415,192598.5711314354,2441111.3196058576,192621.99506335618,2441113.5500174696,FALSE,81.03996260875508,Velavadar_LEK1,2014-10-01,2015-05-01,Oct14→May15
21.55704636645192,192609.21336443638,2441130.9090042133,192621.99506335618,2441113.5500174696,FALSE,70.57733915193275,Velavadar_LEK1,2014-10-01,2015-05-01,Oct14→May15
22.702996823936452,192600.8560784698,2441134.597270759,192578.1533948211,2441134.7165181255,FALSE,79.41562338867722,Velavadar_LEK1,2014-10-01,2015-05-01,Oct14→May15
5.959062479387215,192676.2892782293,2441135.048405336,192675.45765591867,2441129.1476570815,TRUE,14.546118186202321,Velavadar_LEK1,2014-10-01,2015-05-01,Oct14→May15
11.760473542776602,192675.0333091815,2441114.905839339,192682.44374286826,2441105.773796275,TRUE,7.111230000821284,Velavadar_LEK1,2014-10-01,2015-05-01,Oct14→May15
8.802984841489293,192675.69770191057,2441081.4522487884,192676.16364292672,2441090.242893878,TRUE,39.45941614031538,Velavadar_LEK1,2014-10-01,2015-05-01,Oct14→May15
12.885472639593193,192745.16102602432,2441138.7113550664,192740.19380457437,2441150.6009352193,TRUE,68.49461830520941,Velavadar_LEK1,2014-10-01,2015-05-01,Oct14→May15
4.590443815357124,192642.5068404775,2441071.1063850527,192639.7955788104,2441074.810603539,TRUE,61.66295850589827,Velavadar_LEK1,2014-10-01,2015-05-01,Oct14→May15
18.363791364718313,192663.69376929695,2441228.8454772513,192649.37743176264,2441217.3445506413,TRUE,109.16386367652738,Velavadar_LEK1,2014-10-01,2015-05-01,Oct14→May15
4.482287715375062,192665.59977745477,2441142.1481500547,192667.44980682008,2441146.230832324,TRUE,25.263261456547944,Velavadar_LEK1,2014-10-01,2015-05-01,Oct14→May15
8.30684477086473,192656.454416216,2441104.853115736,192660.80611161393,2441111.9288783954,TRUE,27.644750598046933,Velavadar_LEK1,2014-10-01,2015-05-01,Oct14→May15
23.680906551575926,192690.02300994194,2441181.573887683,192669.12953567173,2441192.7205494265,TRUE,61.78627158531363,Velavadar_LEK1,2014-10-01,2015-05-01,Oct14→May15
16.846029048713785,192713.88795907123,2441070.5763856987,192703.40141592704,2441083.760509014,TRUE,61.09277251393174,Velavadar_LEK1,2014-10-01,2015-05-01,Oct14→May15
8.717315516395345,192653.65609422704,2441144.363976221,192645.0174861339,2441145.5327533707,TRUE,34.670341754099866,Velavadar_LEK1,2014-10-01,2015-05-01,Oct14→May15
7.814376951515003,192651.27409476103,2441114.707686991,192644.1273665325,2441117.8681873893,TRUE,28.43761035748846,Velavadar_LEK1,2014-10-01,2015-05-01,Oct14→May15
6.9649146337131,192675.92593702977,2441103.318548241,192682.44374286826,2441105.773796275,TRUE,17.728672233010894,Velavadar_LEK1,2014-10-01,2015-05-01,Oct14→May15
22.801800374755533,192592.7807604937,2441117.2247408056,192578.1533948211,2441134.7165181255,TRUE,86.35036251593952,Velavadar_LEK1,2014-10-01,2015-05-01,Oct14→May15
6.001947104403884,192654.81889325246,2441112.349098976,192660.80611161393,2441111.9288783954,TRUE,25.6600028848127,Velavadar_LEK1,2014-10-01,2015-05-01,Oct14→May15
21.59559859441152,192619.51045152603,2441147.957072637,192635.81211829698,2441162.121307143,TRUE,65.4613322121253,Velavadar_LEK1,2014-10-01,2015-05-01,Oct14→May15
25.01794635449927,192779.84018887999,2441096.5091365916,192761.10365021444,2441079.930844803,TRUE,103.66040148849501,Velavadar_LEK1,2014-10-01,2015-05-01,Oct14→May15
8.83413801306503,192736.92534084094,2441158.808196593,192740.19380457437,2441150.6009352193,TRUE,69.250407489276,Velavadar_LEK1,2014-10-01,2015-05-01,Oct14→May15
15.457129131511083,192640.87556995705,2441204.4355930216,192649.37743176264,2441217.3445506413,TRUE,91.96817048854909,Velavadar_LEK1,2014-10-01,2015-05-01,Oct14→May15
6.032438998187755,192654.75115200665,2441052.612593128,192654.3708345284,2441058.6330315573,TRUE,72.3604931404029,Velavadar_LEK1,2014-10-01,2015-05-01,Oct14→May15
8.304564870312248,192705.27718868924,2441114.575610768,192702.9815938956,2441106.5946307387,TRUE,26.940212050446306,Velavadar_LEK1,2014-10-01,2015-05-01,Oct14→May15
12.813260687345975,192623.07293100993,2441160.745532195,192635.81211829698,2441162.121307143,FALSE,68.79353612447706,Velavadar_LEK1,2014-10-01,2015-05-01,Oct14→May15
7.021548174445812,192764.67268829435,2441171.7168717845,192757.70282450807,2441170.866496828,FALSE,99.62713861233499,Velavadar_LEK1,2014-10-01,2015-05-01,Oct14→May15
26.4089959562247,192618.3414824863,2441197.8224661215,192639.93516585598,2441182.618916998,TRUE,98.10141555727449,Velavadar_LEK1,2014-10-01,2015-05-01,Oct14→May15
9.013603338877656,192734.69321659836,2441127.9512836207,192728.04620428797,2441121.8634044747,TRUE,56.09661250727757,Velavadar_LEK1,2014-10-01,2015-05-01,Oct14→May15
3.533105912028785,192674.18522519743,2441087.3156595733,192676.16364292672,2441090.242893878,TRUE,33.80571497923549,Velavadar_LEK1,2014-10-01,2015-05-01,Oct14→May15
19.823724873962487,192696.64321845543,2441208.1112255985,192676.82190573495,2441208.420466468,TRUE,89.09553446866343,Velavadar_LEK1,2014-10-01,2015-05-01,Oct14→May15
1.7427714118022222,192728.4261643969,2441081.120543234,192726.92314427643,2441082.0026898836,TRUE,63.317626238225245,Velavadar_LEK1,2014-10-01,2015-05-01,Oct14→May15
16.783025867884135,192783.58649585198,2441143.1530661033,192782.92201252974,2441126.3831996997,TRUE,106.89810194721976,Velavadar_LEK1,2014-10-01,2015-05-01,Oct14→May15
6.9911473703099665,192662.2513803941,2441191.4687021794,192669.12953567173,2441192.7205494265,TRUE,72.67064899416766,Velavadar_LEK1,2014-10-01,2015-05-01,Oct14→May15
32.64551304911523,192618.36532704573,2441207.1475469996,192649.37743176264,2441217.3445506413,FALSE,105.56998954425045,Velavadar_LEK1,2014-10-01,2015-05-01,Oct14→May15
13.72929608060542,192641.78004026943,2441196.223695911,192639.93516585598,2441182.618916998,FALSE,84.16170591372357,Velavadar_LEK1,2014-10-01,2015-05-01,Oct14→May15
4.070866117407934,192682.72918544637,2441101.7129498753,192682.44374286826,2441105.773796275,FALSE,19.405692102000927,Velavadar_LEK1,2014-10-01,2015-05-01,Oct14→May15
8.511759610315387,192675.50697986336,2441098.7292856486,192676.16364292672,2441090.242893878,TRUE,22.32331337445436,Velavadar_LEK1,2014-10-01,2015-05-01,Oct14→May15
6.938604557510936,192664.05843715635,2441044.1916533876,192659.31258115714,2441039.1299260105,FALSE,78.0319175278648,Velavadar_LEK1,2014-10-01,2015-05-01,Oct14→May15
21.1766087480196,192696.3870084853,2441200.3176575457,192676.82190573495,2441208.420466468,FALSE,81.41487954718517,Velavadar_LEK1,2014-10-01,2015-05-01,Oct14→May15
15.102051695583754,192728.07872118222,2441062.8742479556,192719.19575395505,2441050.660941333,FALSE,75.8598306147996,Velavadar_LEK1,2014-10-01,2015-05-01,Oct14→May15
17.39017250916876,192624.92214430176,2441065.799552223,192639.7955788104,2441074.810603539,FALSE,77.15111751659143,Velavadar_LEK1,2014-10-01,2015-05-01,Oct14→May15
14.038697780074852,192689.4089389213,2441127.583451871,192675.45765591867,2441129.1476570815,FALSE,12.392754886708516,Velavadar_LEK1,2014-10-01,2015-05-01,Oct14→May15
20.601307768615815,192639.2371961667,2441043.75516106,192659.31258115714,2441039.1299260105,FALSE,86.69918980405139,Velavadar_LEK1,2014-10-01,2015-05-01,Oct14→May15
18.437361353681638,192610.1715141831,2441081.248186381,192598.1737669148,2441067.248530879,FALSE,79.4181319714046,Velavadar_LEK1,2014-10-01,2015-05-01,Oct14→May15
17.303221405813517,192621.5980752653,2441152.2540658005,192635.81211829698,2441162.121307143,FALSE,65.52130174613072,Velavadar_LEK1,2014-10-01,2015-05-01,Oct14→May15
7.0827398504692916,192734.70254143435,2441119.4429955045,192728.04620428797,2441121.8634044747,TRUE,55.659937597007264,Velavadar_LEK1,2014-10-01,2015-05-01,Oct14→May15
26.51759074745577,192615.1044822563,2441191.9258913198,192639.93516585598,2441182.618916998,TRUE,95.673953393912,Velavadar_LEK1,2014-10-01,2015-05-01,Oct14→May15
11.83463775900251,192638.1135259531,2441220.9754013405,192649.37743176264,2441217.3445506413,TRUE,108.2494617226411,Velavadar_LEK1,2014-10-01,2015-05-01,Oct14→May15
8.231869556405988,192741.77641380462,2441117.8250323893,192746.29736253992,2441110.9457374453,FALSE,62.78705301978795,Velavadar_LEK1,2014-10-01,2015-05-01,Oct14→May15
19.11584749024115,192620.95035746554,2441071.6054112306,192639.7955788104,2441074.810603539,TRUE,76.11525284027054,Velavadar_LEK1,2014-10-01,2015-05-01,Oct14→May15
9.18804671484358,192685.11930818873,2441114.563651373,192682.44374286826,2441105.773796275,FALSE,8.67366004755982,Velavadar_LEK1,2014-10-01,2015-05-01,Oct14→May15
9.745443269557926,192721.23356350252,2441074.090526138,192726.92314427643,2441082.0026898836,TRUE,62.90913827035644,Velavadar_LEK1,2014-10-01,2015-05-01,Oct14→May15
14.677161474923247,192626.72614165596,2441099.656279057,192621.99506335618,2441113.5500174696,TRUE,56.4303175590941,Velavadar_LEK1,2014-10-01,2015-05-01,Oct14→May15
23.518055448427894,192783.3693197343,2441087.5030897083,192761.10365021444,2441079.930844803,FALSE,109.48673452076963,Velavadar_LEK1,2014-10-01,2015-05-01,Oct14→May15
12.670133750517307,192636.87595596493,2441219.4049855797,192649.37743176264,2441217.3445506413,FALSE,107.2779304392907,Velavadar_LEK1,2014-10-01,2015-05-01,Oct14→May15
10.421082056059152,192776.92097986257,2441134.902974236,192782.92201252974,2441126.3831996997,FALSE,98.87809085569886,Velavadar_LEK1,2014-10-01,2015-05-01,Oct14→May15
23.98746656895641,192772.3161775163,2441104.867744416,192782.92201252974,2441126.3831996997,FALSE,94.60361235362001,Velavadar_LEK1,2014-10-01,2015-05-01,Oct14→May15
4.680832883051752,192723.61676765725,2441049.12313955,192719.19575395505,2441050.660941333,FALSE,84.37107064522377,Velavadar_LEK1,2014-10-01,2015-05-01,Oct14→May15
3.8925042063031663,192746.31677102018,2441114.838193265,192746.29736253992,2441110.9457374453,FALSE,67.51930603693386,Velavadar_LEK1,2014-10-01,2015-05-01,Oct14→May15
17.53150505145137,192743.8432317064,2441076.8597501614,192761.10365021444,2441079.930844803,FALSE,78.26261311758586,Velavadar_LEK1,2014-10-01,2015-05-01,Oct14→May15
13.974446998463401,192643.04409148742,2441204.8876662045,192649.37743176264,2441217.3445506413,FALSE,91.50463493538828,Velavadar_LEK1,2014-10-01,2015-05-01,Oct14→May15
3.433724501364325,192673.30495850524,2441088.3406879664,192676.16364292672,2441090.242893878,TRUE,32.93404740759464,Velavadar_LEK1,2014-10-01,2015-05-01,Oct14→May15
5.925045754529868,192701.9142742863,2441089.4958884204,192703.40141592704,2441083.760509014,TRUE,38.73441629438285,Velavadar_LEK1,2014-10-01,2015-05-01,Oct14→May15
13.532574655181024,192745.66514829584,2441047.7124983845,192759.15533242607,2441046.6422138754,FALSE,98.86157071952488,Velavadar_LEK1,2014-10-01,2015-05-01,Oct14→May15
14.741422170227084,192743.76877377622,2441182.1671468196,192729.31634028791,2441179.262548075,TRUE,89.20344034059046,Velavadar_LEK1,2014-10-01,2015-05-01,Oct14→May15
19.918633435936712,192624.0444969243,2441145.507534821,192643.89145935304,2441147.1957410607,TRUE,60.3204598032687,Velavadar_LEK1,2014-10-01,2015-05-01,Oct14→May15
16.694439482965883,192641.40592297906,2441199.248444446,192639.93516585598,2441182.618916998,FALSE,87.04505726472136,Velavadar_LEK1,2014-10-01,2015-05-01,Oct14→May15
5.32856612919495,192645.10433597607,2441074.3515672125,192639.7955788104,2441074.810603539,FALSE,57.50991067401309,Velavadar_LEK1,2014-10-01,2015-05-01,Oct14→May15
4.224777931088996,192605.2448304534,2441175.6729450305,192608.47409965086,2441178.3970171693,TRUE,89.87290251154043,Velavadar_LEK1,2015-05-01,2015-11-01,May15→Nov15
7.792389206423569,192762.29388523812,2441084.4065685207,192759.9975993075,2441076.960200247,TRUE,92.34604739550507,Velavadar_LEK1,2015-05-01,2015-11-01,May15→Nov15
6.439136268309121,192573.3069320979,2441188.7032194096,192566.87533186987,2441189.014658631,TRUE,123.76591410650404,Velavadar_LEK1,2015-05-01,2015-11-01,May15→Nov15
7.394944623007644,192653.4311029442,2441099.0093953433,192656.31522125885,2441092.200058553,TRUE,36.076970645783156,Velavadar_LEK1,2015-05-01,2015-11-01,May15→Nov15
3.7214800290710324,192631.92900328577,2441020.42379843,192630.7563831173,2441023.9557066318,TRUE,114.16071606426136,Velavadar_LEK1,2015-05-01,2015-11-01,May15→Nov15
8.95001127672071,192566.24438807915,2441046.5511098076,192574.53204168275,2441043.172130731,TRUE,137.06851168327984,Velavadar_LEK1,2015-05-01,2015-11-01,May15→Nov15
7.570731476651704,192636.78086393033,2441233.2949177152,192640.82939339138,2441226.897622639,TRUE,116.8119469636276,Velavadar_LEK1,2015-05-01,2015-11-01,May15→Nov15
4.04536409910468,192581.24056567132,2441089.393489911,192585.05614411517,2441088.0494914614,TRUE,103.89383774745379,Velavadar_LEK1,2015-05-01,2015-11-01,May15→Nov15
17.881210334605395,192774.48719357996,2441087.438241135,192759.9975993075,2441076.960200247,TRUE,102.33760659433678,Velavadar_LEK1,2015-05-01,2015-11-01,May15→Nov15
7.514853862670463,192700.70403030099,2441004.831614768,192703.30690234847,2441011.881301689,TRUE,121.5139448493054,Velavadar_LEK1,2015-05-01,2015-11-01,May15→Nov15
9.573619709143308,192545.9157892593,2441106.1220324454,192540.5535476125,2441098.1910451893,TRUE,134.3916367715908,Velavadar_LEK1,2015-05-01,2015-11-01,May15→Nov15
7.507660072942069,192611.16127924467,2441041.7677901248,192608.88209445588,2441034.614449893,TRUE,106.95068344280827,Velavadar_LEK1,2015-05-01,2015-11-01,May15→Nov15
8.445358382454971,192693.08644251572,2441077.2730622,192701.4909928089,2441078.1022862815,TRUE,49.17249379171963,Velavadar_LEK1,2015-05-01,2015-11-01,May15→Nov15
2.2705686319155824,192651.53722397,2441057.0626480477,192652.80527893046,2441055.1791623086,TRUE,72.74625914217806,Velavadar_LEK1,2015-05-01,2015-11-01,May15→Nov15
20.263259367784112,192568.28717927847,2441111.4990301705,192549.4266555453,2441118.907155758,TRUE,111.52017510885698,Velavadar_LEK1,2015-05-01,2015-11-01,May15→Nov15
10.129792739222994,192624.74185929092,2441117.406987884,192618.06816129858,2441109.786328067,TRUE,54.76510469367651,Velavadar_LEK1,2015-05-01,2015-11-01,May15→Nov15
5.470176934321352,192553.93015399776,2441115.802105455,192549.4266555453,2441118.907155758,TRUE,125.42341952378757,Velavadar_LEK1,2015-05-01,2015-11-01,May15→Nov15
3.5478196349607956,192627.51245686086,2441025.392357809,192630.7563831173,2441023.9557066318,TRUE,111.62398874255686,Velavadar_LEK1,2015-05-01,2015-11-01,May15→Nov15
14.295329824009695,192620.31178788637,2441213.4054666837,192614.2645771248,2441200.4521776503,TRUE,106.64313847018403,Velavadar_LEK1,2015-05-01,2015-11-01,May15→Nov15
6.5093085148727345,192646.58888101813,2441243.983145925,192647.50617200963,2441250.427498071,TRUE,123.91082003171984,Velavadar_LEK1,2015-05-01,2015-11-01,May15→Nov15
19.851096033407547,192567.5750307318,2441014.3687498844,192578.1565956365,2441031.1644784454,TRUE,156.63933023604034,Velavadar_LEK1,2015-05-01,2015-11-01,May15→Nov15
12.963751440207488,192585.23506099088,2441069.3433220023,192597.02007091156,2441063.9421746638,TRUE,108.78550813224294,Velavadar_LEK1,2015-05-01,2015-11-01,May15→Nov15
8.967848092721288,192689.29634770553,2441153.72459756,192685.7626340891,2441161.9668768253,TRUE,31.05839363207614,Velavadar_LEK1,2015-05-01,2015-11-01,May15→Nov15
6.812930781214112,192686.231735812,2441020.9484082973,192682.15252554615,2441015.491662982,TRUE,103.70210527331024,Velavadar_LEK1,2015-05-01,2015-11-01,May15→Nov15
21.68183835938084,192603.37972593852,2441013.6424195827,192608.88209445588,2441034.614449893,TRUE,134.1453304737477,Velavadar_LEK1,2015-05-01,2015-11-01,May15→Nov15
19.79355008363846,192762.64484720645,2441109.2688973625,192743.09492096124,2441106.172930838,TRUE,84.94534193368037,Velavadar_LEK1,2015-05-01,2015-11-01,May15→Nov15
5.767788335222741,192686.9722452812,2441232.5316364784,192683.7242746282,2441227.7652889336,FALSE,108.41873624529606,Velavadar_LEK1,2015-05-01,2015-11-01,May15→Nov15
10.242226635232436,192534.52810153904,2441064.526581107,192526.1665435048,2441058.611553323,FALSE,156.44194541813184,Velavadar_LEK1,2015-05-01,2015-11-01,May15→Nov15
14.68032221684215,192743.31353939604,2441165.347476855,192757.50813574914,2441169.092512871,TRUE,76.19217506066319,Velavadar_LEK1,2015-05-01,2015-11-01,May15→Nov15
7.09438085121581,192642.56258125952,2441245.3391633574,192647.50617200963,2441250.427498071,TRUE,126.32384185551297,Velavadar_LEK1,2015-05-01,2015-11-01,May15→Nov15
10.528290301173639,192675.2311166834,2441165.076596725,192675.09498110856,2441175.604006842,TRUE,40.85414725625425,Velavadar_LEK1,2015-05-01,2015-11-01,May15→Nov15
5.812271876484968,192721.19272437153,2441130.038451256,192725.62534085504,2441133.7980277585,TRUE,42.509656543319096,Velavadar_LEK1,2015-05-01,2015-11-01,May15→Nov15
11.849677738897679,192642.98157882472,2441124.981009133,192639.582339085,2441113.6293558744,TRUE,36.081449523415515,Velavadar_LEK1,2015-05-01,2015-11-01,May15→Nov15
2.8694894351346982,192778.77818108728,2441150.793377396,192780.35194911045,2441153.192798957,TRUE,103.1529765550355,Velavadar_LEK1,2015-05-01,2015-11-01,May15→Nov15
15.404308738620445,192569.58032638323,2441018.368372264,192578.1565956365,2441031.1644784454,TRUE,152.40931720453253,Velavadar_LEK1,2015-05-01,2015-11-01,May15→Nov15
14.729164642136185,192585.25877520666,2441167.6590790343,192599.1651951098,2441162.805237614,TRUE,103.2934241762785,Velavadar_LEK1,2015-05-01,2015-11-01,May15→Nov15
13.387300639891373,192643.7196632587,2441166.3096267013,192631.29489325878,2441161.3251599423,TRUE,54.81846985044028,Velavadar_LEK1,2015-05-01,2015-11-01,May15→Nov15
20.756539642126842,192745.6471582645,2441128.0076920865,192738.00208823662,2441147.305019419,TRUE,66.68631805576237,Velavadar_LEK1,2015-05-01,2015-11-01,May15→Nov15
13.840129461723272,192737.70668082332,2441119.4662030595,192724.01920056873,2441117.4163084775,TRUE,58.8556364361969,Velavadar_LEK1,2015-05-01,2015-11-01,May15→Nov15
11.295586752354678,192606.20106280336,2441129.123028,192614.9408646935,2441136.2788747703,FALSE,73.01011082685449,Velavadar_LEK1,2015-05-01,2015-11-01,May15→Nov15
13.30680561363667,192676.11939724575,2441047.7615622357,192689.25575062993,2441049.8846014263,TRUE,76.69688484591573,Velavadar_LEK1,2015-05-01,2015-11-01,May15→Nov15
18.23127188262916,192627.33682350567,2441242.270381008,192614.71710178186,2441229.1128015164,TRUE,128.71692857301224,Velavadar_LEK1,2015-05-01,2015-11-01,May15→Nov15
13.755390950841024,192611.32779580783,2441067.1072998773,192609.5686399592,2441080.7497392087,TRUE,88.71374508319258,Velavadar_LEK1,2015-05-01,2015-11-01,May15→Nov15
18.069050312155174,192760.75770145448,2441102.3628436434,192743.09492096124,2441106.172930838,FALSE,84.61978479896366,Velavadar_LEK1,2015-05-01,2015-11-01,May15→Nov15
10.12767700229775,192713.38914972928,2441012.8394922833,192703.30690234847,2441011.881301689,TRUE,116.72540642215112,Velavadar_LEK1,2015-05-01,2015-11-01,May15→Nov15
4.871342719795214,192719.8622475573,2441073.0427556694,192721.84627759364,2441077.4917560862,TRUE,65.5952679360872,Velavadar_LEK1,2015-05-01,2015-11-01,May15→Nov15
9.70266085714165,192653.00562297908,2441258.4210996837,192647.50617200963,2441250.427498071,TRUE,136.52777855747775,Velavadar_LEK1,2015-05-01,2015-11-01,May15→Nov15
15.567871443345071,192675.36211851749,2441001.4827731736,192682.15252554615,2441015.491662982,TRUE,122.97490496908001,Velavadar_LEK1,2015-05-01,2015-11-01,May15→Nov15
1.417124331202288,192565.27511954156,2441085.6819139235,192565.6013399837,2441087.0609794017,FALSE,119.27654797859425,Velavadar_LEK1,2015-11-01,2016-01-01,Nov15→Jan16
28.629005991964636,192680.54830034418,2441017.187322958,192662.17795976833,2441039.1452502557,FALSE,89.07333637118481,Velavadar_LEK1,2015-11-01,2016-01-01,Nov15→Jan16
24.538385906036403,192742.542808114,2441137.502086746,192724.7573023864,2441120.596224778,FALSE,67.4596049065341,Velavadar_LEK1,2015-11-01,2016-01-01,Nov15→Jan16
19.688102288379554,192667.08377297662,2441171.587588684,192681.225071772,2441157.889229655,TRUE,67.21021675256137,Velavadar_LEK1,2015-11-01,2016-01-01,Nov15→Jan16
11.961767296797026,192689.93836189635,2441194.1122751944,192696.09358100488,2441204.3688416076,TRUE,88.17132609925704,Velavadar_LEK1,2015-11-01,2016-01-01,Nov15→Jan16
17.357535620253223,192547.20962953384,2441107.3940365016,192549.96580099728,2441124.5313513926,TRUE,135.56321802497365,Velavadar_LEK1,2015-11-01,2016-01-01,Nov15→Jan16
0.7027642649114203,192671.67389990936,2441085.3950879816,192672.33321404393,2441085.151813478,TRUE,23.6070944058962,Velavadar_LEK1,2015-11-01,2016-01-01,Nov15→Jan16
18.35447364294285,192774.58753198528,2441095.065536504,192762.8212573721,2441080.9786104932,TRUE,92.49627860849309,Velavadar_LEK1,2015-11-01,2016-01-01,Nov15→Jan16
18.96803601401658,192760.33458468143,2441118.7187135536,192744.0818675054,2441108.9393692696,TRUE,78.56517918805025,Velavadar_LEK1,2015-11-01,2016-01-01,Nov15→Jan16
13.15292155706574,192715.06907313116,2441136.135770421,192702.12409886596,2441133.806181024,TRUE,44.01753053318599,Velavadar_LEK1,2015-11-01,2016-01-01,Nov15→Jan16
8.46639950513945,192701.3286575774,2441211.0227046856,192696.09358100488,2441204.3688416076,TRUE,106.42079060549717,Velavadar_LEK1,2015-11-01,2016-01-01,Nov15→Jan16
20.0331572963257,192691.4851539157,2441029.8463143837,192692.08507132472,2441049.870487035,TRUE,76.88248694651224,Velavadar_LEK1,2015-11-01,2016-01-01,Nov15→Jan16
34.95461578834988,192703.252027874,2441006.1775080212,192692.80678244482,2440972.820019914,FALSE,102.13080889001475,Velavadar_LEK1,2015-11-01,2016-01-01,Nov15→Jan16
4.654349360862792,192643.19765621293,2441140.4407353336,192643.03793586878,2441145.0923433765,FALSE,52.30651361142363,Velavadar_LEK1,2015-11-01,2016-01-01,Nov15→Jan16
19.664433084200823,192726.37392683956,2441021.6669578813,192716.9759783707,2441038.9403042016,FALSE,95.14674621449913,Velavadar_LEK1,2015-11-01,2016-01-01,Nov15→Jan16
20.8958516570179,192742.896605596,2441130.9693774106,192724.7573023864,2441120.596224778,FALSE,65.018093632628,Velavadar_LEK1,2015-11-01,2016-01-01,Nov15→Jan16
11.668558930503794,192616.602984979,2441138.3802895737,192627.89714461286,2441135.44818697,FALSE,73.56113735093473,Velavadar_LEK1,2015-11-01,2016-01-01,Nov15→Jan16
3.1984355288768134,192601.55837503655,2441071.870551987,192600.56446280476,2441068.8304650956,FALSE,88.18027482927774,Velavadar_LEK1,2015-11-01,2016-01-01,Nov15→Jan16
18.919838173182864,192716.58814923526,2441166.058921879,192730.10136029363,2441179.3010290903,TRUE,68.72373494278804,Velavadar_LEK1,2015-11-01,2016-01-01,Nov15→Jan16
12.994889765121085,192757.31216729878,2441183.689951629,192761.5847994117,2441171.417552726,TRUE,107.50084027563908,Velavadar_LEK1,2015-11-01,2016-01-01,Nov15→Jan16
19.204891469584506,192590.6866949701,2441052.360566524,192600.56446280476,2441068.8304650956,TRUE,106.6826274466358,Velavadar_LEK1,2015-11-01,2016-01-01,Nov15→Jan16
9.38915168285048,192710.51505317327,2441073.187172553,192702.15038938937,2441068.9223666834,TRUE,43.15011733491615,Velavadar_LEK1,2015-11-01,2016-01-01,Nov15→Jan16
2.7535273247167487,192761.9194541302,2441083.5802760446,192762.8212573721,2441080.9786104932,TRUE,82.3293284382075,Velavadar_LEK1,2015-11-01,2016-01-01,Nov15→Jan16
24.69240519469903,192677.48554291946,2441187.7335549127,192687.5660687571,2441165.192528469,TRUE,81.67155786001511,Velavadar_LEK1,2015-11-01,2016-01-01,Nov15→Jan16
19.660655097370924,192604.97319156997,2441142.0863834852,192619.6785335397,2441155.1360684014,TRUE,85.65907958606593,Velavadar_LEK1,2015-11-01,2016-01-01,Nov15→Jan16
9.762017821366879,192566.5197733477,2441077.3422617856,192565.6013399837,2441087.0609794017,TRUE,119.78437326008549,Velavadar_LEK1,2015-11-01,2016-01-01,Nov15→Jan16
16.258797231647186,192612.03416092225,2441139.013889685,192627.89714461286,2441135.44818697,TRUE,77.96053533823013,Velavadar_LEK1,2015-11-01,2016-01-01,Nov15→Jan16
18.3737571472339,192581.12938214446,2441096.8831409947,192565.6013399837,2441087.0609794017,TRUE,102.06764046663689,Velavadar_LEK1,2015-11-01,2016-01-01,Nov15→Jan16
18.310296040300294,192607.11488711834,2441051.7319598277,192600.56446280476,2441068.8304650956,TRUE,93.2402173475845,Velavadar_LEK1,2015-11-01,2016-01-01,Nov15→Jan16
15.223855513900492,192709.9646147189,2441055.8570056395,192702.15038938937,2441068.9223666834,TRUE,57.24861137591179,Velavadar_LEK1,2015-11-01,2016-01-01,Nov15→Jan16
16.931059255951446,192591.71479104453,2441054.39633619,192600.56446280476,2441068.8304650956,TRUE,104.77453890587174,Velavadar_LEK1,2015-11-01,2016-01-01,Nov15→Jan16
5.738991467683772,192697.24594547035,2441098.4694652995,192697.68824598775,2441104.1913874694,TRUE,16.428237585636662,Velavadar_LEK1,2015-11-01,2016-01-01,Nov15→Jan16
30.173155687821236,192611.80029205143,2441031.3526329915,192581.84849499958,2441035.0008075386,TRUE,103.16718177105484,Velavadar_LEK1,2015-11-01,2016-01-01,Nov15→Jan16
27.06657324058906,192793.86076374445,2441096.297974287,192813.18168244255,2441077.3427246804,TRUE,111.53624768184594,Velavadar_LEK1,2015-11-01,2016-01-01,Nov15→Jan16
2.952051670994718,192708.48857029216,2441118.208057813,192705.69258852594,2441117.2609068053,TRUE,28.37174873617891,Velavadar_LEK1,2015-11-01,2016-01-01,Nov15→Jan16
30.395090328076773,192654.80844369612,2441185.534036056,192636.2709834961,2441161.4461950283,TRUE,84.08557563077746,Velavadar_LEK1,2015-11-01,2016-01-01,Nov15→Jan16
5.836373427500303,192765.27191135826,2441075.681672715,192762.8212573721,2441080.9786104932,TRUE,87.97897227268886,Velavadar_LEK1,2015-11-01,2016-01-01,Nov15→Jan16
22.79454900748456,192796.95079163808,2441093.347400502,192813.18168244255,2441077.3427246804,TRUE,114.90768907561423,Velavadar_LEK1,2015-11-01,2016-01-01,Nov15→Jan16
17.616764767801023,192730.95786202338,2441196.8969605993,192730.10136029363,2441179.3010290903,TRUE,102.67535440490714,Velavadar_LEK1,2015-11-01,2016-01-01,Nov15→Jan16
20.24750603267232,192677.12370939396,2441197.2903197557,192696.09358100488,2441204.3688416076,TRUE,91.23207742938853,Velavadar_LEK1,2015-11-01,2016-01-01,Nov15→Jan16
4.507272107562698,192694.1466150419,2441101.4034936237,192697.68824598775,2441104.1913874694,TRUE,12.361223667059603,Velavadar_LEK1,2015-11-01,2016-01-01,Nov15→Jan16
25.50230997868394,192662.6600297907,2441013.6474969676,192662.17795976833,2441039.1452502557,TRUE,94.74387040090905,Velavadar_LEK1,2015-11-01,2016-01-01,Nov15→Jan16
14.708591155339459,192592.10531285618,2441137.8905527503,192577.4276467528,2441136.937257658,TRUE,96.03072883644616,Velavadar_LEK1,2015-11-01,2016-01-01,Nov15→Jan16
8.463819062955833,192569.28051267428,2441134.64369287,192577.4276467528,2441136.937257658,TRUE,116.98952504309189,Velavadar_LEK1,2015-11-01,2016-01-01,Nov15→Jan16
7.723283455451616,192709.93690110798,2441102.8992895028,192716.11828058143,2441098.268991981,TRUE,27.372789001906025,Velavadar_LEK1,2015-11-01,2016-01-01,Nov15→Jan16
16.796397101050804,192757.42769051198,2441119.1377987494,192744.0818675054,2441108.9393692696,TRUE,75.76689100790207,Velavadar_LEK1,2015-11-01,2016-01-01,Nov15→Jan16
15.331124494041566,192748.47742250699,2441163.4651915086,192761.5847994117,2441171.417552726,TRUE,87.13936085644403,Velavadar_LEK1,2015-11-01,2016-01-01,Nov15→Jan16
9.764591585429937,192711.88287957894,2441068.131238666,192702.15038938937,2441068.9223666834,TRUE,47.95234855945188,Velavadar_LEK1,2015-11-01,2016-01-01,Nov15→Jan16
20.826316484500165,192577.5717791191,2441116.111439927,192577.4276467528,2441136.937257658,TRUE,105.65889586545478,Velavadar_LEK1,2015-11-01,2016-01-01,Nov15→Jan16
27.73545592559015,192730.7367555724,2441011.839384743,192757.24431369384,2441020.0005658977,TRUE,105.88280404854564,Velavadar_LEK1,2015-11-01,2016-01-01,Nov15→Jan16
12.999079048885354,192709.7484425475,2441058.3750616093,192702.15038938937,2441068.9223666834,TRUE,54.9393605156541,Velavadar_LEK1,2015-11-01,2016-01-01,Nov15→Jan16
13.779027350099183,192721.3826078488,2441067.1383788297,192724.72223422036,2441080.506568326,TRUE,54.949859067076424,Velavadar_LEK1,2015-11-01,2016-01-01,Nov15→Jan16
27.192471738765565,192565.27624859844,2441166.0295832823,192569.45480118948,2441192.899086767,TRUE,131.83290065714084,Velavadar_LEK1,2015-11-01,2016-01-01,Nov15→Jan16
10.145820556875048,192695.5871039581,2441141.5653931196,192702.12409886596,2441133.806181024,TRUE,37.586042148514196,Velavadar_LEK1,2015-11-01,2016-01-01,Nov15→Jan16
11.734878811176925,192793.59442938177,2441151.5717869666,192782.39079170453,2441155.0626154514,TRUE,119.7419331554114,Velavadar_LEK1,2015-11-01,2016-01-01,Nov15→Jan16
6.016242797339489,192725.59999310627,2441126.5531576923,192724.7573023864,2441120.596224778,TRUE,47.4077954238537,Velavadar_LEK1,2015-11-01,2016-01-01,Nov15→Jan16
6.410989165444967,192667.1493171374,2441088.9238149286,192672.33321404393,2441085.151813478,TRUE,23.314100523441834,Velavadar_LEK1,2015-11-01,2016-01-01,Nov15→Jan16
12.124909398666865,192647.52655000912,2441087.2411037195,192637.60366318573,2441094.2088684267,TRUE,40.03302615829116,Velavadar_LEK1,2015-11-01,2016-01-01,Nov15→Jan16
13.555271999099087,192578.712008614,2441083.6177589563,192565.6013399837,2441087.0609794017,TRUE,106.48508166570683,Velavadar_LEK1,2015-11-01,2016-01-01,Nov15→Jan16
12.004429081249226,192795.88893045648,2441122.8050790457,192784.43245310348,2441126.390528003,TRUE,114.32850401093415,Velavadar_LEK1,2015-11-01,2016-01-01,Nov15→Jan16
25.342326849967247,192557.41470236488,2441152.48446278,192577.4276467528,2441136.937257658,TRUE,133.61368110494115,Velavadar_LEK1,2015-11-01,2016-01-01,Nov15→Jan16
13.046259769738878,192563.3210628638,2441099.9064155654,192565.6013399837,2441087.0609794017,TRUE,119.61424143451858,Velavadar_LEK1,2015-11-01,2016-01-01,Nov15→Jan16
10.829798158267415,192610.09275071227,2441160.175641373,192619.6785335397,2441155.1360684014,TRUE,90.50680776881535,Velavadar_LEK1,2015-11-01,2016-01-01,Nov15→Jan16
19.190741369112303,192586.22588659418,2441081.5854557483,192600.56446280476,2441068.8304650956,TRUE,99.63863265635318,Velavadar_LEK1,2015-11-01,2016-01-01,Nov15→Jan16
11.890562853566408,192687.6470177991,2441195.999788197,192696.09358100488,2441204.3688416076,TRUE,89.8992889438913,Velavadar_LEK1,2015-11-01,2016-01-01,Nov15→Jan16
26.373027032566913,192774.59073525097,2441057.377425241,192762.8212573721,2441080.9786104932,TRUE,104.01108024989973,Velavadar_LEK1,2015-11-01,2016-01-01,Nov15→Jan16
7.219512532087768,192699.305147761,2441197.902992849,192696.09358100488,2441204.3688416076,TRUE,93.14971184697649,Velavadar_LEK1,2015-11-01,2016-01-01,Nov15→Jan16
22.24609935835569,192664.08298669895,2441207.130790265,192644.20283135812,2441217.114194508,TRUE,102.61329834488889,Velavadar_LEK1,2015-11-01,2016-01-01,Nov15→Jan16
24.526685159975454,192763.00454920135,2441043.8412448275,192757.24431369384,2441020.0005658977,TRUE,101.63982979321197,Velavadar_LEK1,2015-11-01,2016-01-01,Nov15→Jan16
8.88750061873801,192657.8041382905,2441118.41539274,192657.8092130199,2441109.5278935703,TRUE,27.777668271282135,Velavadar_LEK1,2015-11-01,2016-01-01,Nov15→Jan16
6.542568168127753,192718.53502123148,2441082.6334424797,192724.72223422036,2441080.506568326,TRUE,42.851229365852774,Velavadar_LEK1,2015-11-01,2016-01-01,Nov15→Jan16
7.875935698627818,192697.75853329853,2441062.384632886,192702.15038938937,2441068.9223666834,FALSE,46.34003867835883,Velavadar_LEK1,2015-11-01,2016-01-01,Nov15→Jan16
36.17110910752244,192616.58127946165,2441024.9021532927,192581.84849499958,2441035.0008075386,FALSE,104.85882061618648,Velavadar_LEK1,2015-11-01,2016-01-01,Nov15→Jan16
21.807058526837405,192590.31299898014,2441088.077680246,192600.56446280476,2441068.8304650956,FALSE,94.22059156500929,Velavadar_LEK1,2015-11-01,2016-01-01,Nov15→Jan16
12.681213023813052,192738.42876203175,2441169.7371625057,192730.10136029363,2441179.3010290903,FALSE,84.44473242969745,Velavadar_LEK1,2015-11-01,2016-01-01,Nov15→Jan16
10.14583680454397,192621.3031013645,2441143.15899744,192627.89714461286,2441135.44818697,FALSE,71.70388902873482,Velavadar_LEK1,2015-11-01,2016-01-01,Nov15→Jan16
28.97455912533856,192592.7259327061,2441165.7700885637,192619.6785335397,2441155.1360684014,FALSE,107.94543206155235,Velavadar_LEK1,2015-11-01,2016-01-01,Nov15→Jan16
14.592382252638759,192688.3831805974,2441179.7620153525,192687.5660687571,2441165.192528469,FALSE,73.7431192374491,Velavadar_LEK1,2015-11-01,2016-01-01,Nov15→Jan16
24.417202332998585,192745.0056034798,2441153.4918719293,192761.5847994117,2441171.417552726,FALSE,78.14688524835012,Velavadar_LEK1,2015-11-01,2016-01-01,Nov15→Jan16
21.684679574205532,192782.2251154567,2441071.297927683,192762.8212573721,2441080.9786104932,FALSE,105.41442923661793,Velavadar_LEK1,2015-11-01,2016-01-01,Nov15→Jan16
11.791557262409517,192621.19195983338,2441124.3854336394,192619.8815862335,2441112.6669122437,FALSE,64.19582713653644,Velavadar_LEK1,2015-11-01,2016-01-01,Nov15→Jan16
28.864587530400442,192593.95305942377,2441099.983225446,192619.8815862335,2441112.6669122437,FALSE,89.03443864372342,Velavadar_LEK1,2015-11-01,2016-01-01,Nov15→Jan16
7.513064627212455,192722.21817266854,2441113.5252304794,192724.7573023864,2441120.596224778,TRUE,40.118606065285846,Velavadar_LEK1,2015-11-01,2016-01-01,Nov15→Jan16
29.099467720119087,192741.06915152795,2441144.693996442,192724.7573023864,2441120.596224778,TRUE,69.84473467740432,Velavadar_LEK1,2015-11-01,2016-01-01,Nov15→Jan16
17.698323514769076,192603.32755102922,2441106.4063552646,192619.8815862335,2441112.6669122437,FALSE,79.4405137203734,Velavadar_LEK1,2015-11-01,2016-01-01,Nov15→Jan16
4.15927796054086,192691.50612943328,2441163.8600439397,192687.5660687571,2441165.192528469,FALSE,58.285788867165365,Velavadar_LEK1,2015-11-01,2016-01-01,Nov15→Jan16
6.206360062008164,192625.48845126954,2441110.0057152035,192619.8815862335,2441112.6669122437,FALSE,57.4035349618911,Velavadar_LEK1,2015-11-01,2016-01-01,Nov15→Jan16
11.270545811805016,192671.00128412174,2441073.9602467613,192672.33321404393,2441085.151813478,TRUE,34.35088538500492,Velavadar_LEK1,2015-11-01,2016-01-01,Nov15→Jan16
16.43590541236275,192656.80216516333,2441076.2436904446,192640.4646348399,2441074.448115424,TRUE,39.6683356437475,Velavadar_LEK1,2015-11-01,2016-01-01,Nov15→Jan16
23.28381835757681,192585.7049367356,2441098.807536129,192565.6013399837,2441087.0609794017,FALSE,97.34655426249252,Velavadar_LEK1,2015-11-01,2016-01-01,Nov15→Jan16
30.50947429919182,192776.90384923844,2441053.9137138864,192762.8212573721,2441080.9786104932,TRUE,107.69813978370897,Velavadar_LEK1,2015-11-01,2016-01-01,Nov15→Jan16
5.644182432441116,192624.83594072802,2441115.370829194,192619.8815862335,2441112.6669122437,FALSE,58.64817973780069,Velavadar_LEK1,2015-11-01,2016-01-01,Nov15→Jan16
18.46752770564235,192602.6469891464,2441119.301536785,192619.8815862335,2441112.6669122437,FALSE,81.17969623013661,Velavadar_LEK1,2015-11-01,2016-01-01,Nov15→Jan16
30.74214077000802,192695.0015645722,2441003.483714253,192692.80678244482,2440972.820019914,FALSE,103.47501643686182,Velavadar_LEK1,2015-11-01,2016-01-01,Nov15→Jan16
0.8914909035536706,192717.64259371805,2441039.5322332596,192716.9759783707,2441038.9403042016,TRUE,75.26777763951206,Velavadar_LEK1,2015-11-01,2016-01-01,Nov15→Jan16
10.317103875653792,192738.18864613975,2441172.8949038945,192730.10136029363,2441179.3010290903,FALSE,86.69066347863262,Velavadar_LEK1,2015-11-01,2016-01-01,Nov15→Jan16
27.22032077354991,192563.68352623034,2441160.432895851,192577.4276467528,2441136.937257658,FALSE,130.83849162877416,Velavadar_LEK1,2015-11-01,2016-01-01,Nov15→Jan16
9.890065115850394,192711.96731433275,2441070.1229384854,192702.15038938937,2441068.9223666834,TRUE,46.43860269993987,Velavadar_LEK1,2015-11-01,2016-01-01,Nov15→Jan16
10.550688562253338,192653.19880914924,2441048.4032718968,192656.25944153807,2441058.500279301,TRUE,64.95080625451752,Velavadar_LEK1,2015-11-01,2016-01-01,Nov15→Jan16
20.133512209123918,192729.4102250981,2441159.179382885,192730.10136029363,2441179.3010290903,TRUE,70.56081167985202,Velavadar_LEK1,2015-11-01,2016-01-01,Nov15→Jan16
11.19242517624396,192690.99126086713,2441132.6527949576,192702.12409886596,2441133.806181024,FALSE,27.67001246544904,Velavadar_LEK1,2015-11-01,2016-01-01,Nov15→Jan16
27.563886526709396,192789.38909230914,2441099.275964237,192784.43245310348,2441126.390528003,FALSE,106.84794901779607,Velavadar_LEK1,2015-11-01,2016-01-01,Nov15→Jan16
16.790473373894706,192634.6527445901,2441196.9095446686,192636.82233932812,2441180.259834317,TRUE,92.10473218229023,Velavadar_LEK1,2016-01-01,2016-11-01,Jan16→Nov16
10.184413090124508,192772.496279295,2441217.7906519175,192768.4619015357,2441227.141912051,TRUE,129.66337718007742,Velavadar_LEK1,2016-01-01,2016-11-01,Jan16→Nov16
5.954192286450955,192573.2776623197,2441192.5713092727,192567.5673529911,2441190.8846637392,TRUE,134.0516553030519,Velavadar_LEK1,2016-01-01,2016-11-01,Jan16→Nov16
20.720900632069437,192664.27551766083,2441015.5348745272,192659.58924354805,2441035.718891916,TRUE,107.54996277154143,Velavadar_LEK1,2016-01-01,2016-11-01,Jan16→Nov16
10.301260321627254,192786.60564488437,2441114.3196568647,192782.32101427618,2441123.687575778,TRUE,100.33572110666609,Velavadar_LEK1,2016-01-01,2016-11-01,Jan16→Nov16
10.767039775512666,192726.51228810765,2441163.2281077625,192725.30975864513,2441152.528431673,TRUE,58.357782415866886,Velavadar_LEK1,2016-01-01,2016-11-01,Jan16→Nov16
12.456763982293301,192751.98677944226,2441086.920672418,192761.64833884576,2441079.0577697223,TRUE,73.7369956969911,Velavadar_LEK1,2016-01-01,2016-11-01,Jan16→Nov16
15.808987583153225,192741.49913244808,2441198.5987145393,192752.47636650183,2441209.975199978,TRUE,95.31510465301751,Velavadar_LEK1,2016-01-01,2016-11-01,Jan16→Nov16
14.79403858685904,192641.19672596484,2441163.043039725,192642.25453168713,2441148.286867296,TRUE,61.947483106510425,Velavadar_LEK1,2016-01-01,2016-11-01,Jan16→Nov16
11.377633259840124,192611.78765030022,2441220.7218652735,192616.2705090706,2441231.179136229,TRUE,124.77688242390104,Velavadar_LEK1,2016-01-01,2016-11-01,Jan16→Nov16
24.869577182887554,192604.77871934604,2441090.8712438797,192619.58930940926,2441110.8497896534,TRUE,86.997141257125,Velavadar_LEK1,2016-01-01,2016-11-01,Jan16→Nov16
11.634920386181271,192648.91731748116,2441124.968622637,192659.1652558471,2441130.477808751,TRUE,37.79418066977151,Velavadar_LEK1,2016-01-01,2016-11-01,Jan16→Nov16
3.973958558019978,192727.00997589726,2441138.966235797,192726.93095546518,2441134.99306296,TRUE,44.43036686270567,Velavadar_LEK1,2016-01-01,2016-11-01,Jan16→Nov16
25.14395481736984,192544.5007218802,2441123.7217383,192542.6115361618,2441098.6488557137,TRUE,142.00736112487897,Velavadar_LEK1,2016-01-01,2016-11-01,Jan16→Nov16
11.96954774372145,192762.72844873133,2441185.058976175,192774.1425156028,2441188.663022601,TRUE,99.73725177964404,Velavadar_LEK1,2016-01-01,2016-11-01,Jan16→Nov16
15.765882953724228,192754.5784791173,2441064.3588115643,192738.84453921532,2441063.3557161195,TRUE,88.42958253112715,Velavadar_LEK1,2016-01-01,2016-11-01,Jan16→Nov16
18.71000587551146,192623.6431710886,2441092.584233945,192619.58930940926,2441110.8497896534,TRUE,68.86564724694733,Velavadar_LEK1,2016-01-01,2016-11-01,Jan16→Nov16
14.859249860708342,192757.0963460609,2441236.713821744,192768.4619015357,2441227.141912051,TRUE,135.7586307320373,Velavadar_LEK1,2016-01-01,2016-11-01,Jan16→Nov16
11.967307010622287,192646.10672075886,2441126.6001255168,192641.19100017846,2441115.6890243688,TRUE,40.78969664177365,Velavadar_LEK1,2016-01-01,2016-11-01,Jan16→Nov16
17.62756140165106,192603.82893831376,2441215.920092801,192614.51965290465,2441201.9044036455,TRUE,126.03423252277057,Velavadar_LEK1,2016-01-01,2016-11-01,Jan16→Nov16
19.84953963073327,192779.2873260364,2441041.196847618,192798.67710101185,2441036.949395446,TRUE,122.25098533624849,Velavadar_LEK1,2016-01-01,2016-11-01,Jan16→Nov16
4.754220028402169,192572.3096925243,2441135.850776035,192577.0266244968,2441135.256502659,TRUE,115.15962487047943,Velavadar_LEK1,2016-01-01,2016-11-01,Jan16→Nov16
20.057532274178364,192662.47034918232,2441227.0720991655,192642.61582877662,2441229.918609378,TRUE,108.98089786764875,Velavadar_LEK1,2016-01-01,2016-11-01,Jan16→Nov16
5.304874567605764,192646.18085123133,2441117.489879901,192641.19100017846,2441115.6890243688,TRUE,40.42965718737696,Velavadar_LEK1,2016-01-01,2016-11-01,Jan16→Nov16
9.111724186618382,192665.11152351875,2441042.9665081846,192659.58924354805,2441035.718891916,TRUE,80.6821975374919,Velavadar_LEK1,2016-01-01,2016-11-01,Jan16→Nov16
11.657763471690036,192745.62627042463,2441157.825340023,192739.5953144207,2441147.8488166383,TRUE,69.79840613994257,Velavadar_LEK1,2016-01-01,2016-11-01,Jan16→Nov16
4.377097175237183,192694.99949547034,2441206.2370378193,192694.88999726408,2441201.8613104713,TRUE,85.89256663888725,Velavadar_LEK1,2016-01-01,2016-11-01,Jan16→Nov16
24.110421607732235,192590.60832944998,2441198.8123103823,192614.51965290465,2441201.9044036455,TRUE,123.61933914747249,Velavadar_LEK1,2016-01-01,2016-11-01,Jan16→Nov16
15.354211817624185,192772.19821697075,2441067.9019688955,192761.64833884576,2441079.0577697223,TRUE,100.71202679363584,Velavadar_LEK1,2016-01-01,2016-11-01,Jan16→Nov16
8.048014227575884,192755.77945010486,2441052.8999929307,192756.72192037723,2441044.9073536424,TRUE,96.99940658240013,Velavadar_LEK1,2016-01-01,2016-11-01,Jan16→Nov16
3.997298898772514,192672.53950667728,2441127.125014635,192676.18238501728,2441128.770564964,TRUE,15.319003266874777,Velavadar_LEK1,2016-01-01,2016-11-01,Jan16→Nov16
15.25157943639184,192730.69893374227,2440997.5012413915,192717.98863679223,2440989.071589753,TRUE,130.9592035211863,Velavadar_LEK1,2016-01-01,2016-11-01,Jan16→Nov16
6.998489576049117,192607.12203747968,2441160.172345415,192601.04332016804,2441163.640493652,TRUE,88.59993044040475,Velavadar_LEK1,2016-01-01,2016-11-01,Jan16→Nov16
10.692014888567952,192703.75936793492,2441155.1562307086,192709.98900329223,2441163.8459272333,TRUE,38.48633277282018,Velavadar_LEK1,2016-01-01,2016-11-01,Jan16→Nov16
22.752076331065766,192657.86276141167,2441013.032414957,192659.58924354805,2441035.718891916,TRUE,111.47114014976184,Velavadar_LEK1,2016-01-01,2016-11-01,Jan16→Nov16
6.215186408924007,192573.77650311272,2441190.610808185,192567.5673529911,2441190.8846637392,TRUE,132.5875622084824,Velavadar_LEK1,2016-01-01,2016-11-01,Jan16→Nov16
32.91767689676461,192749.4139929274,2441012.8111288073,192756.72192037723,2441044.9073536424,TRUE,124.963067301412,Velavadar_LEK1,2016-01-01,2016-11-01,Jan16→Nov16
13.305640061633097,192708.25271876552,2441027.16922909,192716.86221228068,2441037.314014887,TRUE,96.0986509676639,Velavadar_LEK1,2016-01-01,2016-11-01,Jan16→Nov16
4.560123918246994,192660.48644615905,2441040.189882592,192659.58924354805,2441035.718891916,TRUE,84.66645263760904,Velavadar_LEK1,2016-01-01,2016-11-01,Jan16→Nov16
10.770700571795228,192760.9146863485,2441034.9862294965,192756.72192037723,2441044.9073536424,TRUE,113.57586421679498,Velavadar_LEK1,2016-01-01,2016-11-01,Jan16→Nov16
8.736721812388735,192673.32335759685,2441184.5621716483,192676.3881221533,2441176.3806359586,TRUE,65.13591106592067,Velavadar_LEK1,2016-01-01,2016-11-01,Jan16→Nov16
14.53669096129001,192585.13635980518,2441070.127317642,192598.64636058442,2441064.7611958534,TRUE,113.28948822084895,Velavadar_LEK1,2016-01-01,2016-11-01,Jan16→Nov16
28.611322196455156,192693.47520612815,2441003.8262322396,192717.98863679223,2440989.071589753,TRUE,117.15124984466269,Velavadar_LEK1,2016-01-01,2016-11-01,Jan16→Nov16
7.021061907766884,192593.4823341049,2441118.100792475,192600.25655299216,2441119.946129512,TRUE,93.03328282178913,Velavadar_LEK1,2016-01-01,2016-11-01,Jan16→Nov16
10.454286041103288,192769.3828572122,2441179.3550825156,192774.1425156028,2441188.663022601,TRUE,101.51715223196584,Velavadar_LEK1,2016-01-01,2016-11-01,Jan16→Nov16
12.373317613974423,192640.23333177948,2441131.276792642,192628.01331476402,2441133.218485954,TRUE,47.42298347844975,Velavadar_LEK1,2016-01-01,2016-11-01,Jan16→Nov16
13.258763972294258,192658.7391219088,2441216.572284104,192645.54543567664,2441215.2602377324,TRUE,99.7387334191183,Velavadar_LEK1,2016-01-01,2016-11-01,Jan16→Nov16
6.858612943285319,192704.3850571903,2441219.0620200583,192707.11161560292,2441225.3553856704,TRUE,99.91167165856784,Velavadar_LEK1,2016-01-01,2016-11-01,Jan16→Nov16
4.527793823544949,192604.2836077276,2441143.855085906,192607.0600187193,2441140.278431196,TRUE,85.37455168987577,Velavadar_LEK1,2016-01-01,2016-11-01,Jan16→Nov16
10.964387643195769,192647.07935441984,2441204.403677979,192645.54543567664,2441215.2602377324,TRUE,92.45042460917458,Velavadar_LEK1,2016-01-01,2016-11-01,Jan16→Nov16
6.836551226452297,192619.94639097122,2441117.6770091043,192619.58930940926,2441110.8497896534,TRUE,66.60275380968446,Velavadar_LEK1,2016-01-01,2016-11-01,Jan16→Nov16
2.2934990921937968,192640.57159645832,2441072.6607383927,192638.75108708424,2441071.265789037,TRUE,66.49568850590371,Velavadar_LEK1,2016-01-01,2016-11-01,Jan16→Nov16
11.52969683209088,192662.59455079655,2441076.394881523,192672.02777261875,2441083.024228029,TRUE,50.392346280302675,Velavadar_LEK1,2016-01-01,2016-11-01,Jan16→Nov16
7.121072959788648,192570.06034917492,2441158.847332531,192565.11210941605,2441163.9683288587,TRUE,122.4864698613353,Velavadar_LEK1,2016-01-01,2016-11-01,Jan16→Nov16
6.935805345586426,192624.66192486853,2441049.8815952996,192623.82472463837,2441056.766687279,TRUE,94.05356352475631,Velavadar_LEK1,2016-01-01,2016-11-01,Jan16→Nov16
12.735967923841349,192641.64070502916,2441058.2233511796,192654.08516282443,2441055.514043309,TRUE,76.95580560373247,Velavadar_LEK1,2016-01-01,2016-11-01,Jan16→Nov16
12.99451952231741,192695.63399028507,2441219.2626313935,192707.11161560292,2441225.3553856704,TRUE,98.91904990008005,Velavadar_LEK1,2016-01-01,2016-11-01,Jan16→Nov16
16.1587572579926,192791.09823628946,2441051.220563781,192798.67710101185,2441036.949395446,TRUE,125.62807380175782,Velavadar_LEK1,2016-01-01,2016-11-01,Jan16→Nov16
6.450076350819454,192726.42422646357,2441158.8814975796,192725.30975864513,2441152.528431673,TRUE,55.2120270917353,Velavadar_LEK1,2016-01-01,2016-11-01,Jan16→Nov16
15.403308466548559,192550.6795287477,2441158.58664446,192565.11210941605,2441163.9683288587,TRUE,140.96552979884535,Velavadar_LEK1,2016-01-01,2016-11-01,Jan16→Nov16
21.678144373592342,192698.15737167024,2441026.356328944,192716.86221228068,2441037.314014887,TRUE,95.1317059431885,Velavadar_LEK1,2016-01-01,2016-11-01,Jan16→Nov16
13.424305257624647,192677.18887373793,2441189.781037764,192676.3881221533,2441176.3806359586,TRUE,69.63501303194056,Velavadar_LEK1,2016-01-01,2016-11-01,Jan16→Nov16
7.374352299236411,192566.3453482129,2441171.2388304854,192565.11210941605,2441163.9683288587,TRUE,130.30340401956778,Velavadar_LEK1,2016-01-01,2016-11-01,Jan16→Nov16
7.115746488408739,192702.38516232136,2441125.777961891,192702.7535246716,2441132.8841674374,TRUE,16.67797146177977,Velavadar_LEK1,2016-01-01,2016-11-01,Jan16→Nov16
8.868874302632372,192732.7690047987,2441056.8946935264,192738.84453921532,2441063.3557161195,TRUE,78.88442458554513,Velavadar_LEK1,2016-01-01,2016-11-01,Jan16→Nov16
6.3822986229322245,192746.75302040673,2441207.150833644,192752.47636650183,2441209.975199978,TRUE,105.33326969746342,Velavadar_LEK1,2016-01-01,2016-11-01,Jan16→Nov16
4.581039749608302,192587.34478495162,2441172.904283107,192591.58343486278,2441174.6420322596,TRUE,112.00638505319094,Velavadar_LEK1,2016-01-01,2016-11-01,Jan16→Nov16
7.908710974533907,192539.87350192436,2441051.707038867,192538.32726021402,2441043.950954426,TRUE,162.0560091495043,Velavadar_LEK1,2016-01-01,2016-11-01,Jan16→Nov16
32.57338102126246,192689.54508350737,2441004.9457646194,192717.98863679223,2440989.071589753,TRUE,115.86314762752384,Velavadar_LEK1,2016-01-01,2016-11-01,Jan16→Nov16
16.192092626452162,192782.4854458974,2441036.8303648713,192798.67710101185,2441036.949395446,TRUE,127.52696574232655,Velavadar_LEK1,2016-01-01,2016-11-01,Jan16→Nov16
9.683882866173676,192677.86463885248,2441119.233919359,192676.18238501728,2441128.770564964,TRUE,8.748336397576871,Velavadar_LEK1,2016-01-01,2016-11-01,Jan16→Nov16
34.89953454659077,192600.84571261992,2441025.076083872,192635.7366966122,2441025.8485782854,TRUE,128.412534980239,Velavadar_LEK1,2016-01-01,2016-11-01,Jan16→Nov16
8.898729490703598,192719.5764959422,2441140.891197558,192712.8494616187,2441146.7165212194,TRUE,38.73607644898277,Velavadar_LEK1,2016-01-01,2016-11-01,Jan16→Nov16
6.658590033813704,192620.07735978495,2441225.716105122,192616.2705090706,2441231.179136229,TRUE,124.18938852571976,Velavadar_LEK1,2016-01-01,2016-11-01,Jan16→Nov16
21.14615018944938,192560.02745085742,2441110.6424199524,192542.6115361618,2441098.6488557137,TRUE,126.85469881843906,Velavadar_LEK1,2016-01-01,2016-11-01,Jan16→Nov16
4.236611727865369,192740.5535582305,2441105.3468853296,192742.8391668112,2441108.9140792335,TRUE,56.2321462196156,Velavadar_LEK1,2016-01-01,2016-11-01,Jan16→Nov16
11.652693047375859,192642.53982667014,2441204.001837768,192645.54543567664,2441215.2602377324,TRUE,94.11870387975998,Velavadar_LEK1,2016-01-01,2016-11-01,Jan16→Nov16
9.591670589048396,192632.81297220988,2441063.7332638013,192638.75108708424,2441071.265789037,TRUE,78.3125905351037,Velavadar_LEK1,2016-01-01,2016-11-01,Jan16→Nov16
24.816087667875852,192618.42438733747,2441085.5017816103,192638.75108708424,2441071.265789037,TRUE,76.64812377361747,Velavadar_LEK1,2016-01-01,2016-11-01,Jan16→Nov16
1.6636251013803913,192740.13368614798,2441149.422920943,192739.5953144207,2441147.8488166383,TRUE,60.828350938594745,Velavadar_LEK1,2016-01-01,2016-11-01,Jan16→Nov16
23.531298019114374,192794.0843599076,2441176.1712320093,192774.1425156028,2441188.663022601,TRUE,121.0320228509626,Velavadar_LEK1,2016-01-01,2016-11-01,Jan16→Nov16
16.769426748488325,192585.51482912822,2441149.7190078227,192577.0266244968,2441135.256502659,TRUE,105.03131889980979,Velavadar_LEK1,2016-01-01,2016-11-01,Jan16→Nov16
13.670787027287677,192773.6604405554,2441072.530915161,192761.64833884576,2441079.0577697223,TRUE,99.63800947172608,Velavadar_LEK1,2016-01-01,2016-11-01,Jan16→Nov16
8.96143767049196,192667.27525510397,2441090.621658015,192672.02777261875,2441083.024228029,TRUE,35.74270146144636,Velavadar_LEK1,2016-01-01,2016-11-01,Jan16→Nov16
10.91177168928569,192695.3230154976,2441057.367418648,192691.16481973935,2441047.27900106,FALSE,64.01496990794278,Velavadar_LEK1,2016-01-01,2016-11-01,Jan16→Nov16
12.462582924807625,192703.764953994,2441237.3602109184,192707.11161560292,2441225.3553856704,TRUE,117.8666024476381,Velavadar_LEK1,2016-01-01,2016-11-01,Jan16→Nov16
5.83063021306082,192652.65913062528,2441082.495020903,192647.59985584096,2441079.5967477383,TRUE,51.07363778506549,Velavadar_LEK1,2016-01-01,2016-11-01,Jan16→Nov16
31.84954001536526,192749.7511955591,2441010.1310549546,192752.29725649935,2440978.383444448,TRUE,127.45264151372525,Velavadar_LEK1,2016-01-01,2016-11-01,Jan16→Nov16
5.997110715866122,192641.94315559082,2441081.588500539,192647.59985584096,2441079.5967477383,TRUE,59.31569887061667,Velavadar_LEK1,2016-01-01,2016-11-01,Jan16→Nov16
18.229237534408746,192798.58853654,2441148.0277421554,192780.88404489588,2441152.3701005825,TRUE,115.37760566317122,Velavadar_LEK1,2016-01-01,2016-11-01,Jan16→Nov16
6.542836413173286,192609.73890938194,2441231.562429637,192616.2705090706,2441231.179136229,TRUE,134.77437288384294,Velavadar_LEK1,2016-01-01,2016-11-01,Jan16→Nov16
25.759681311986288,192782.58875314833,2441057.0672045792,192798.67710101185,2441036.949395446,TRUE,115.30493142239062,Velavadar_LEK1,2016-01-01,2016-11-01,Jan16→Nov16
15.575925641350654,192629.81433365514,2441194.170165588,192636.82233932812,2441180.259834317,TRUE,92.72828179636974,Velavadar_LEK1,2016-01-01,2016-11-01,Jan16→Nov16
13.735023264411032,192645.69472138784,2441016.388736498,192635.7366966122,2441025.8485782854,TRUE,112.06389255776782,Velavadar_LEK1,2016-01-01,2016-11-01,Jan16→Nov16
2.8473216515872988,192644.93734643143,2441080.6058484428,192647.59985584096,2441079.5967477383,TRUE,57.78057866457523,Velavadar_LEK1,2016-01-01,2016-11-01,Jan16→Nov16
17.89878725461769,192754.46973951528,2441027.1508262074,192756.72192037723,2441044.9073536424,TRUE,115.70303717891586,Velavadar_LEK1,2016-01-01,2016-11-01,Jan16→Nov16
8.293715715343685,192707.8612354654,2441095.977207733,192716.12433742423,2441096.6891532256,FALSE,32.73939125622953,Velavadar_LEK1,2016-01-01,2016-11-01,Jan16→Nov16
19.889411194384433,192615.98109440223,2441028.1518062335,192635.7366966122,2441025.8485782854,FALSE,116.39389197696534,Velavadar_LEK1,2016-01-01,2016-11-01,Jan16→Nov16
18.214168802234354,192799.97550610904,2441128.168073884,192782.32101427618,2441123.687575778,TRUE,113.73910640229526,Velavadar_LEK1,2016-01-01,2016-11-01,Jan16→Nov16
10.885080325597476,192630.04591858466,2441150.7503784914,192619.4974278169,2441153.436326409,TRUE,63.90175133201928,Velavadar_LEK1,2016-01-01,2016-11-01,Jan16→Nov16
10.955681854954479,192646.95161582823,2441184.43412737,192636.82233932812,2441180.259834317,TRUE,74.9374637187596,Velavadar_LEK1,2016-01-01,2016-11-01,Jan16→Nov16
6.90020025879016,192716.06365833222,2441074.2495562807,192709.68443280912,2441071.6193005256,TRUE,55.130223135324336,Velavadar_LEK1,2016-01-01,2016-11-01,Jan16→Nov16
5.192282297076964,192738.69152041484,2441096.0561727723,192736.10725228,2441100.559655165,TRUE,54.00973888337402,Velavadar_LEK1,2016-11-01,2018-10-01,Nov16→Oct18
5.454350755125643,192627.66471241176,2441081.669941525,192633.11903881142,2441081.6536416505,TRUE,65.22263808459813,Velavadar_LEK1,2016-11-01,2018-10-01,Nov16→Oct18
12.309396917373615,192589.5202925872,2441120.5109433536,192601.46834826784,2441123.471554426,FALSE,97.53958975353326,Velavadar_LEK1,2016-11-01,2018-10-01,Nov16→Oct18
3.7501724086800525,192646.07073083209,2441130.59908677,192648.89043232566,2441133.0715504363,TRUE,45.415008276207075,Velavadar_LEK1,2016-11-01,2018-10-01,Nov16→Oct18
14.822170972811087,192676.90177444267,2441174.9197218986,192688.2413851666,2441165.3745670556,TRUE,65.7538707522637,Velavadar_LEK1,2016-11-01,2018-10-01,Nov16→Oct18
14.382929423567946,192710.04009441234,2441040.0328870327,192719.61731649208,2441050.763473039,TRUE,73.70197318523671,Velavadar_LEK1,2016-11-01,2018-10-01,Nov16→Oct18
4.439717954131617,192677.17731136022,2441118.0516904565,192681.60749413213,2441118.342510194,TRUE,12.388828731621011,Velavadar_LEK1,2016-11-01,2018-10-01,Nov16→Oct18
4.842691529611204,192649.13352484332,2441128.2349641114,192648.89043232566,2441133.0715504363,TRUE,41.61671692814038,Velavadar_LEK1,2016-11-01,2018-10-01,Nov16→Oct18
5.217643472884148,192706.41788664332,2441099.954579946,192711.6034994615,2441100.5318347514,TRUE,22.26829361706834,Velavadar_LEK1,2016-11-01,2018-10-01,Nov16→Oct18
8.206698539470061,192570.98140759312,2441099.009242222,192574.26303542178,2441091.487219907,TRUE,116.00518837770963,Velavadar_LEK1,2016-11-01,2018-10-01,Nov16→Oct18
7.374043590427982,192625.5198641258,2441150.2382607483,192620.00670551194,2441155.135362031,TRUE,73.1140894822781,Velavadar_LEK1,2016-11-01,2018-10-01,Nov16→Oct18
9.098521794745022,192708.36247952707,2441059.5771958525,192700.42007149226,2441064.0158052584,TRUE,54.84528085144522,Velavadar_LEK1,2016-11-01,2018-10-01,Nov16→Oct18
10.496646018839067,192749.53551230757,2441063.2764656497,192739.32348291553,2441065.704228682,TRUE,78.4027496944915,Velavadar_LEK1,2016-11-01,2018-10-01,Nov16→Oct18
7.1311086380971265,192706.02149756515,2441126.6733091385,192713.08561535017,2441127.648475959,TRUE,25.776558833888863,Velavadar_LEK1,2016-11-01,2018-10-01,Nov16→Oct18
20.374106043061428,192774.50840193962,2441132.205590198,192761.08895746502,2441147.536040519,TRUE,90.8211626501347,Velavadar_LEK1,2016-11-01,2018-10-01,Nov16→Oct18
10.601916907893461,192760.2733626975,2441065.351614274,192770.82500464225,2441066.3828729186,TRUE,86.18267143819102,Velavadar_LEK1,2016-11-01,2018-10-01,Nov16→Oct18
4.945962735381062,192749.2305093312,2441099.363757411,192751.3100759366,2441103.8512901533,TRUE,63.626026672869436,Velavadar_LEK1,2016-11-01,2018-10-01,Nov16→Oct18
23.364509786714713,192750.5642577561,2441045.2214237335,192739.32348291553,2441065.704228682,TRUE,91.02833248800036,Velavadar_LEK1,2016-11-01,2018-10-01,Nov16→Oct18
7.353058011025887,192619.81091325832,2441080.928311095,192613.34341207234,2441084.426723667,TRUE,72.67636192015382,Velavadar_LEK1,2016-11-01,2018-10-01,Nov16→Oct18
6.993807691213018,192725.8339177823,2441139.835998106,192730.19153299445,2441134.3656657864,TRUE,49.46806536574413,Velavadar_LEK1,2016-11-01,2018-10-01,Nov16→Oct18
8.562455418479878,192753.18413757443,2441114.663704016,192745.74557008757,2441110.423025233,TRUE,66.87901982389113,Velavadar_LEK1,2016-11-01,2018-10-01,Nov16→Oct18
8.156806524777664,192662.74349455308,2441164.1512899757,192654.82059311576,2441162.211927839,TRUE,59.24609663840862,Velavadar_LEK1,2016-11-01,2018-10-01,Nov16→Oct18
21.79518562701287,192554.40132164684,2441103.5480295974,192533.08377774607,2441099.0101403794,TRUE,132.2271111807105,Velavadar_LEK1,2016-11-01,2018-10-01,Nov16→Oct18
11.49850309025279,192638.44198116852,2441071.4613966583,192633.11903881142,2441081.6536416505,TRUE,61.50101734647968,Velavadar_LEK1,2016-11-01,2018-10-01,Nov16→Oct18
2.476000826056542,192580.48434643628,2441136.344249522,192578.61675967055,2441137.969887785,TRUE,109.25005487470341,Velavadar_LEK1,2016-11-01,2018-10-01,Nov16→Oct18
14.22603427670746,192765.40231444905,2441118.7897527567,192774.50086320448,2441107.8537360327,TRUE,79.42774063026671,Velavadar_LEK1,2016-11-01,2018-10-01,Nov16→Oct18
7.456566645991138,192672.16710721757,2441027.6183136827,192669.72763124458,2441020.5720846825,TRUE,83.48413598205363,Velavadar_LEK1,2016-11-01,2018-10-01,Nov16→Oct18
4.617160752278201,192741.53276467844,2441061.649941136,192739.32348291553,2441065.704228682,TRUE,73.18445590304229,Velavadar_LEK1,2016-11-01,2018-10-01,Nov16→Oct18
6.237428909026367,192620.7286159612,2441063.385186705,192625.5885175662,2441059.475343257,TRUE,80.51981657710655,Velavadar_LEK1,2016-11-01,2018-10-01,Nov16→Oct18
7.468886495815812,192633.73517746216,2441140.03611972,192628.0677489079,2441135.1715006116,TRUE,60.761212763491166,Velavadar_LEK1,2016-11-01,2018-10-01,Nov16→Oct18
16.467844049213422,192622.45043812465,2441171.420878865,192620.00670551194,2441155.135362031,TRUE,88.81637978101705,Velavadar_LEK1,2016-11-01,2018-10-01,Nov16→Oct18
1.2041377697967552,192662.37405640856,2441114.7478923295,192662.0840709345,2441113.5791938254,TRUE,24.592568259929784,Velavadar_LEK1,2016-11-01,2018-10-01,Nov16→Oct18
8.659747592687152,192689.76093283828,2441064.9454058157,192681.16138265404,2441063.926109491,TRUE,45.04126554738191,Velavadar_LEK1,2016-11-01,2018-10-01,Nov16→Oct18
14.020083486411266,192649.92373112967,2441175.3490311597,192654.82059311576,2441162.211927839,TRUE,74.99391824653702,Velavadar_LEK1,2016-11-01,2018-10-01,Nov16→Oct18
17.30774927664474,192687.6351031207,2441189.1305468082,192692.5369550659,2441172.5314494674,TRUE,79.27217753180206,Velavadar_LEK1,2016-11-01,2018-10-01,Nov16→Oct18
11.326320997336593,192559.17986706516,2441080.982522099,192565.2491733993,2441071.419621495,TRUE,130.53335355715038,Velavadar_LEK1,2016-11-01,2018-10-01,Nov16→Oct18
10.041774739468742,192673.42650595683,2441108.7481969083,192672.19052023924,2441118.713616078,TRUE,13.098713738688613,Velavadar_LEK1,2016-11-01,2018-10-01,Nov16→Oct18
14.592134752592367,192627.70555520046,2441180.6084766136,192637.00635580166,2441191.85238629,TRUE,91.97014355140409,Velavadar_LEK1,2016-11-01,2018-10-01,Nov16→Oct18
5.327383075713298,192691.39047399448,2441073.1021912904,192687.2914776607,2441076.505019451,TRUE,37.09146568631815,Velavadar_LEK1,2016-11-01,2018-10-01,Nov16→Oct18
8.94132556695903,192699.1758486457,2441125.536700062,192691.6735152722,2441120.6723093656,TRUE,20.169195704208605,Velavadar_LEK1,2016-11-01,2018-10-01,Nov16→Oct18
15.750107657432595,192735.06525699727,2441174.5477451617,192741.41199452494,2441160.1330022234,TRUE,80.89749459265023,Velavadar_LEK1,2016-11-01,2018-10-01,Nov16→Oct18
12.721167754860483,192630.13010199022,2441040.9170761374,192636.35513630818,2441029.8230661866,TRUE,89.04539285820078,Velavadar_LEK1,2016-11-01,2018-10-01,Nov16→Oct18
3.793625903815897,192694.93126571746,2441105.949695949,192698.59184221458,2441104.9538158323,TRUE,9.317311499073478,Velavadar_LEK1,2016-11-01,2018-10-01,Nov16→Oct18
10.499400079757589,192687.43075333713,2441154.2570051295,192692.3674915922,2441144.9906133055,TRUE,44.400418238835876,Velavadar_LEK1,2016-11-01,2018-10-01,Nov16→Oct18
9.39434873904096,192632.2074519733,2441021.393920151,192636.35513630818,2441029.8230661866,TRUE,103.79151396478042,Velavadar_LEK1,2016-11-01,2018-10-01,Nov16→Oct18
8.33739954351897,192593.51520489392,2441163.90183166,192601.6697649483,2441165.638317038,TRUE,107.52555818484716,Velavadar_LEK1,2016-11-01,2018-10-01,Nov16→Oct18
9.997373628180684,192776.77395804148,2441098.1182073196,192774.50086320448,2441107.8537360327,TRUE,91.05769783061595,Velavadar_LEK1,2016-11-01,2018-10-01,Nov16→Oct18
5.8428821224859435,192701.84871610103,2441100.102832016,192698.59184221458,2441104.9538158323,TRUE,18.210269299909886,Velavadar_LEK1,2016-11-01,2018-10-01,Nov16→Oct18
11.43989624023559,192630.39474032508,2441150.3437069193,192620.00670551194,2441155.135362031,TRUE,69.16385677626666,Velavadar_LEK1,2016-11-01,2018-10-01,Nov16→Oct18
14.34479217224116,192562.66894121555,2441099.934115313,192574.26303542178,2441091.487219907,TRUE,124.2062196809786,Velavadar_LEK1,2016-11-01,2018-10-01,Nov16→Oct18
4.628722795071281,192742.27007983834,2441164.6814925564,192741.41199452494,2441160.1330022234,TRUE,78.21428709412008,Velavadar_LEK1,2016-11-01,2018-10-01,Nov16→Oct18
17.909525417001255,192583.21240291043,2441155.2797452044,192578.61675967055,2441137.969887785,TRUE,112.80951310022643,Velavadar_LEK1,2016-11-01,2018-10-01,Nov16→Oct18
14.225510265198835,192736.77541814002,2441051.1554378914,192726.72775580164,2441061.2256724387,TRUE,77.31054768754925,Velavadar_LEK1,2016-11-01,2018-10-01,Nov16→Oct18
23.108404651631776,192747.32803926745,2441044.026464887,192739.32348291553,2441065.704228682,TRUE,89.65353967726634,Velavadar_LEK1,2016-11-01,2018-10-01,Nov16→Oct18
5.290624667374567,192600.00943057076,2441118.3860585284,192601.46834826784,2441123.471554426,TRUE,86.88660080400406,Velavadar_LEK1,2016-11-01,2018-10-01,Nov16→Oct18
16.229833994988947,192617.71752616137,2441171.202943349,192620.00670551194,2441155.135362031,TRUE,92.14138741772432,Velavadar_LEK1,2016-11-01,2018-10-01,Nov16→Oct18
6.697716623153041,192703.51325138393,2441111.8668265566,192699.98034615198,2441106.1766606024,TRUE,17.15288214089291,Velavadar_LEK1,2016-11-01,2018-10-01,Nov16→Oct18
11.71648709133332,192759.2484593501,2441068.1883282242,192770.82500464225,2441066.3828729186,TRUE,83.86136697692297,Velavadar_LEK1,2016-11-01,2018-10-01,Nov16→Oct18
8.642075122917317,192630.65354555118,2441023.3286589566,192636.35513630818,2441029.8230661866,TRUE,102.98132369333122,Velavadar_LEK1,2016-11-01,2018-10-01,Nov16→Oct18
3.9862642284329626,192720.61663393117,2441140.2070059846,192718.20461404393,2441137.033291668,TRUE,45.672926281362514,Velavadar_LEK1,2016-11-01,2018-10-01,Nov16→Oct18
4.743392119896127,192637.8030949717,2441082.401563231,192633.11903881142,2441081.6536416505,TRUE,55.888507793780114,Velavadar_LEK1,2016-11-01,2018-10-01,Nov16→Oct18
0.8471483694134679,192745.10854356605,2441109.8645831407,192745.74557008757,2441110.423025233,FALSE,58.631176554689965,Velavadar_LEK1,2016-11-01,2018-10-01,Nov16→Oct18
8.217693485055603,192709.49042781442,2441160.1650862037,192713.97477823694,2441153.2787891217,TRUE,55.31289326874939,Velavadar_LEK1,2016-11-01,2018-10-01,Nov16→Oct18
9.902231705377465,192653.71768369866,2441104.5160265155,192659.14737348858,2441112.7968876744,TRUE,14.33085024635043,Velavadar_LEK1,2018-10-01,2018-11-01,Oct18→Nov18
18.087540662523114,192717.23577775175,2441135.620678946,192722.64136171347,2441152.8815824348,TRUE,59.66111485988546,Velavadar_LEK1,2018-10-01,2018-11-01,Oct18→Nov18
10.29596628132469,192693.68129637258,2441068.2404793785,192687.41273978673,2441076.40822815,TRUE,59.083802593493154,Velavadar_LEK1,2018-10-01,2018-11-01,Oct18→Nov18
25.076543950496408,192618.80689382105,2441191.4266422675,192637.23415276612,2441174.4187269257,TRUE,85.19714336041785,Velavadar_LEK1,2018-10-01,2018-11-01,Oct18→Nov18
20.90760474347791,192716.3810609979,2441120.5838828036,192696.13062887848,2441125.7846457367,FALSE,55.97651590978357,Velavadar_LEK1,2018-10-01,2018-11-01,Oct18→Nov18
3.0418498741031796,192697.39888150262,2441137.687715465,192698.02169902856,2441134.710309046,TRUE,42.22744480513778,Velavadar_LEK1,2018-10-01,2018-11-01,Oct18→Nov18
10.540424063059051,192575.42945241346,2441102.837279219,192585.4837571882,2441106.0013738647,FALSE,86.27437026079603,Velavadar_LEK1,2018-10-01,2018-11-01,Oct18→Nov18
13.871593428796933,192641.76266115322,2441187.5303140166,192637.23415276612,2441174.4187269257,FALSE,72.849655626742,Velavadar_LEK1,2018-10-01,2018-11-01,Oct18→Nov18
11.247774755019295,192643.61510871004,2441042.870309471,192643.83463843085,2441054.115941674,FALSE,76.16189473307678,Velavadar_LEK1,2018-10-01,2018-11-01,Oct18→Nov18
5.766275609820455,192707.16248040862,2441035.2163672238,192702.54350795865,2441031.7645520614,TRUE,94.27058398872538,Velavadar_LEK1,2018-10-01,2018-11-01,Oct18→Nov18
8.147438154738957,192730.35125726057,2441074.841833162,192738.46899243887,2441074.1467618993,TRUE,81.64765076311514,Velavadar_LEK1,2018-10-01,2018-11-01,Oct18→Nov18
6.826565865047433,192627.256881045,2441142.650358848,192627.5657835753,2441135.8307854934,TRUE,41.915297324063935,Velavadar_LEK1,2018-10-01,2018-11-01,Oct18→Nov18
29.129373212786184,192661.15716388,2441191.038291391,192637.23415276612,2441174.4187269257,TRUE,73.90664679377132,Velavadar_LEK1,2018-10-01,2018-11-01,Oct18→Nov18
21.070440304527075,192701.998306169,2441157.9094853867,192714.21558971732,2441175.0763557283,TRUE,58.17047807780007,Velavadar_LEK1,2018-10-01,2018-11-01,Oct18→Nov18
7.536631189911822,192606.74333608322,2441151.64756974,192599.21464710822,2441151.301662223,TRUE,63.8913756019056,Velavadar_LEK1,2018-10-01,2018-11-01,Oct18→Nov18
6.928120234209506,192620.6443730401,2441136.135623455,192627.5657835753,2441135.8307854934,TRUE,44.16317413193272,Velavadar_LEK1,2018-10-01,2018-11-01,Oct18→Nov18
7.199489631976398,192629.96877364075,2441117.136080735,192624.01195804134,2441113.092691207,FALSE,30.54215329720763,Velavadar_LEK1,2018-10-01,2018-11-01,Oct18→Nov18
9.024850251653541,192650.88796784842,2441129.4301616787,192649.9098921052,2441138.4018554934,TRUE,15.613627861258879,Velavadar_LEK1,2018-10-01,2018-11-01,Oct18→Nov18
16.400169726692894,192686.41342268616,2441028.8004474468,192702.54350795865,2441031.7645520614,TRUE,92.05345635221575,Velavadar_LEK1,2018-10-01,2018-11-01,Oct18→Nov18
9.55134939515374,192729.39775149222,2441159.6328395344,192722.64136171347,2441152.8815824348,TRUE,80.94137395164732,Velavadar_LEK1,2018-10-01,2018-11-01,Oct18→Nov18
9.607349264254724,192737.86748156336,2441159.1576460055,192747.13080011896,2441161.705603859,FALSE,88.03399271154242,Velavadar_LEK1,2018-10-01,2018-11-01,Oct18→Nov18
13.358160467899312,192731.85037321306,2441136.4474952165,192744.3158674725,2441131.6462553814,FALSE,73.90743903288991,Velavadar_LEK1,2018-10-01,2018-11-01,Oct18→Nov18
9.381188280464153,192664.17685258057,2441099.694524266,192656.75392202212,2441093.958079768,FALSE,17.82107510501477,Velavadar_LEK1,2018-10-01,2018-11-01,Oct18→Nov18
10.816302112387751,192654.06878591448,2441035.5323593426,192663.9314187803,2441039.9731773236,TRUE,81.85600553475406,Velavadar_LEK1,2018-10-01,2018-11-01,Oct18→Nov18
13.484786387239364,192744.9817269166,2441085.954545499,192738.46899243887,2441074.1467618993,TRUE,90.04167783486186,Velavadar_LEK1,2018-10-01,2018-11-01,Oct18→Nov18
8.937286677213576,192586.01255634413,2441097.0797448317,192585.4837571882,2441106.0013738647,TRUE,77.15049718490614,Velavadar_LEK1,2018-10-01,2018-11-01,Oct18→Nov18
12.688926173477,192583.49409246584,2441125.5503935115,192591.49665297387,2441115.7031668588,FALSE,77.4752899596216,Velavadar_LEK1,2018-10-01,2018-11-01,Oct18→Nov18
20.292651205140103,192724.41272542303,2441098.1800297773,192706.52253563277,2441088.602305507,TRUE,66.65366200539638,Velavadar_LEK1,2018-10-01,2018-11-01,Oct18→Nov18
8.143912918127121,192737.33221912372,2441066.0825778707,192738.46899243887,2441074.1467618993,TRUE,92.23777224276583,Velavadar_LEK1,2018-10-01,2018-11-01,Oct18→Nov18
9.189195698398617,192599.59589441266,2441142.1203786484,192599.21464710822,2441151.301662223,TRUE,65.84023704393104,Velavadar_LEK1,2018-10-01,2018-11-01,Oct18→Nov18
5.433629569738317,192627.22083774343,2441082.8326869626,192626.32568588085,2441077.4732995494,TRUE,47.800024627945064,Velavadar_LEK1,2018-10-01,2018-11-01,Oct18→Nov18
10.982499303955237,192649.69731549837,2441044.829160285,192643.83463843085,2441054.115941674,TRUE,73.1094522108833,Velavadar_LEK1,2018-10-01,2018-11-01,Oct18→Nov18
9.375097190875763,192658.97218311223,2441145.5792110227,192667.7189099494,2441142.204715953,TRUE,28.486330493736755,Velavadar_LEK1,2018-10-01,2018-11-01,Oct18→Nov18
14.263571230167408,192595.59807880266,2441137.504202387,192599.21464710822,2441151.301662223,TRUE,68.03384338362417,Velavadar_LEK1,2018-10-01,2018-11-01,Oct18→Nov18
4.410213121348806,192748.3222732241,2441133.4898097552,192744.3158674725,2441131.6462553814,TRUE,89.32149619753588,Velavadar_LEK1,2018-10-01,2018-11-01,Oct18→Nov18
5.758377155397232,192601.6134833831,2441098.588584656,192607.32697731967,2441099.306146152,TRUE,61.748349897173,Velavadar_LEK1,2018-10-01,2018-11-01,Oct18→Nov18
19.982746257011772,192661.32411378677,2441065.645584471,192670.84347552608,2441083.2152145198,TRUE,51.495306627215015,Velavadar_LEK1,2018-10-01,2018-11-01,Oct18→Nov18
13.89206249028385,192613.9396487515,2441051.8147360473,192625.40816205367,2441059.6545449016,TRUE,80.22188971824427,Velavadar_LEK1,2018-10-01,2018-11-01,Oct18→Nov18
9.0881664055842,192738.32411989957,2441163.94996393,192747.13080011896,2441161.705603859,TRUE,90.81070134400528,Velavadar_LEK1,2018-10-01,2018-11-01,Oct18→Nov18
12.826965554078361,192710.36078543117,2441073.045078499,192701.4939039232,2441082.3138139923,TRUE,66.54985227527852,Velavadar_LEK1,2018-10-01,2018-11-01,Oct18→Nov18
7.78910518708641,192715.7598322513,2441057.2437671283,192720.15318860015,2441050.811926054,TRUE,81.48213197974229,Velavadar_LEK1,2018-10-01,2018-11-01,Oct18→Nov18
9.822470051455113,192643.83272271862,2441086.1693287888,192639.89055294252,2441095.1660068072,TRUE,35.17104581916974,Velavadar_LEK1,2018-10-01,2018-11-01,Oct18→Nov18
13.2483979491713,192706.9500164044,2441051.905677483,192720.15318860015,2441050.811926054,TRUE,80.07112092383144,Velavadar_LEK1,2018-10-01,2018-11-01,Oct18→Nov18
12.930248885870364,192650.13801790378,2441173.593135768,192637.23415276612,2441174.4187269257,TRUE,57.403642590775995,Velavadar_LEK1,2018-10-01,2018-11-01,Oct18→Nov18
3.6461489176539783,192636.25082772458,2441095.3823451246,192639.89055294252,2441095.1660068072,TRUE,32.58385102817914,Velavadar_LEK1,2018-10-01,2018-11-01,Oct18→Nov18
11.246913102767351,192715.64611492035,2441095.1790338214,192706.52253563277,2441088.602305507,TRUE,59.3458518834557,Velavadar_LEK1,2018-10-01,2018-11-01,Oct18→Nov18
7.86434089101267,192648.93394401655,2441048.1288772686,192643.83463843085,2441054.115941674,TRUE,69.96998184250917,Velavadar_LEK1,2018-10-01,2018-11-01,Oct18→Nov18
13.033741922677287,192701.2783279525,2441176.6592917773,192714.21558971732,2441175.0763557283,TRUE,72.14697081698023,Velavadar_LEK1,2018-10-01,2018-11-01,Oct18→Nov18
8.236186719414558,192647.2623289715,2441108.2272970458,192639.78631175536,2441104.7712967186,TRUE,15.964431614156412,Velavadar_LEK1,2018-10-01,2018-11-01,Oct18→Nov18
6.363940929318627,192688.38160179817,2441068.810186897,192682.18491909897,2441070.2596239178,TRUE,55.78540002307479,Velavadar_LEK1,2018-10-01,2018-11-01,Oct18→Nov18
3.0036379440783856,192662.7705124481,2441159.113017319,192665.0763031516,2441161.0378991673,TRUE,42.03931687034338,Velavadar_LEK1,2018-10-01,2018-11-01,Oct18→Nov18
8.447520312673882,192631.39103431144,2441091.4969193907,192628.3286788087,2441099.369820902,TRUE,38.7975791087556,Velavadar_LEK1,2018-10-01,2018-11-01,Oct18→Nov18
18.605055968785997,192648.36708886726,2441072.1604699483,192643.83463843085,2441054.115941674,TRUE,46.58469149374755,Velavadar_LEK1,2018-10-01,2018-11-01,Oct18→Nov18
2.5881135194362233,192574.44773455767,2441093.420173809,192574.8768966847,2441090.867890232,TRUE,89.27060500866423,Velavadar_LEK1,2018-10-01,2018-11-01,Oct18→Nov18
10.826525558481823,192654.43256880683,2441021.28447122,192643.73811839108,2441019.5985335065,TRUE,96.04253589311999,Velavadar_LEK1,2018-10-01,2018-11-01,Oct18→Nov18
1.234564030868883,192642.50415300345,2441162.669640419,192643.44587347616,2441161.8713228772,TRUE,48.966270556824135,Velavadar_LEK1,2018-10-01,2018-11-01,Oct18→Nov18
9.496572676404215,192745.2710346353,2441080.7737608096,192738.46899243887,2441074.1467618993,TRUE,92.23002242209195,Velavadar_LEK1,2018-10-01,2018-11-01,Oct18→Nov18
8.724639544419084,192600.87780009917,2441105.182152309,192607.32697731967,2441099.306146152,TRUE,60.819139334501564,Velavadar_LEK1,2018-10-01,2018-11-01,Oct18→Nov18
9.263150133684636,192653.04499624434,2441055.1034938735,192643.83463843085,2441054.115941674,TRUE,62.47865329955821,Velavadar_LEK1,2018-10-01,2018-11-01,Oct18→Nov18
14.998600222041915,192648.0936950399,2441068.497125402,192643.83463843085,2441054.115941674,TRUE,50.197399686253426,Velavadar_LEK1,2018-10-01,2018-11-01,Oct18→Nov18
8.676553054220255,192582.77278592257,2441087.271015749,192574.8768966847,2441090.867890232,TRUE,83.27691433392697,Velavadar_LEK1,2018-10-01,2018-11-01,Oct18→Nov18
15.096798174067096,192705.5089387662,2441056.215228997,192691.75039259804,2441050.0010739905,TRUE,75.73621983659999,Velavadar_LEK1,2018-10-01,2018-11-01,Oct18→Nov18
17.067260040289792,192582.29796080885,2441149.039563655,192599.21464710822,2441151.301662223,TRUE,84.47013120627271,Velavadar_LEK1,2018-10-01,2018-11-01,Oct18→Nov18
13.6030958468996,192605.69985714968,2441163.259348761,192599.21464710822,2441151.301662223,TRUE,71.63628834987348,Velavadar_LEK1,2018-10-01,2018-11-01,Oct18→Nov18
14.173262845574603,192717.7322166752,2441064.776892027,192720.15318860015,2441050.811926054,TRUE,77.56024738190742,Velavadar_LEK1,2018-10-01,2018-11-01,Oct18→Nov18
6.980018220986742,192627.2058499745,2441070.548997019,192626.32568588085,2441077.4732995494,TRUE,57.26634649078458,Velavadar_LEK1,2018-10-01,2018-11-01,Oct18→Nov18
14.04829072248729,192719.62599741406,2441083.5373512553,192706.52253563277,2441088.602305507,TRUE,67.9952788766356,Velavadar_LEK1,2018-10-01,2018-11-01,Oct18→Nov18
10.681163845967228,192650.17879660457,2441152.5976847564,192642.39843138546,2441145.279681056,TRUE,36.93768425473776,Velavadar_LEK1,2018-10-01,2018-11-01,Oct18→Nov18
5.90711153555953,192648.51658875463,2441057.7177895135,192643.83463843085,2441054.115941674,TRUE,60.61522965366722,Velavadar_LEK1,2018-10-01,2018-11-01,Oct18→Nov18
8.89646716759763,192693.23353828277,2441058.7730410984,192691.75039259804,2441050.0010739905,TRUE,66.9090851676143,Velavadar_LEK1,2018-10-01,2018-11-01,Oct18→Nov18
4.6204111351479895,192625.74466399048,2441103.2001037216,192628.3286788087,2441099.369820902,TRUE,37.454767381584574,Velavadar_LEK1,2018-10-01,2018-11-01,Oct18→Nov18
15.001109560483279,192650.86836001222,2441067.365849174,192643.83463843085,2441054.115941674,TRUE,50.69412898702253,Velavadar_LEK1,2018-10-01,2018-11-01,Oct18→Nov18
11.296944328814496,192665.9524535166,2441100.5161259337,192656.75392202212,2441093.958079768,TRUE,17.486554007379098,Velavadar_LEK1,2018-10-01,2018-11-01,Oct18→Nov18
10.672627933286213,192726.76311944955,2441059.1912936415,192720.15318860015,2441050.811926054,TRUE,88.01570713953741,Velavadar_LEK1,2018-10-01,2018-11-01,Oct18→Nov18
19.072164389060376,192616.06314251586,2441175.8648981974,192619.8174110275,2441157.1658896026,TRUE,73.65370821612716,Velavadar_LEK1,2018-10-01,2018-11-01,Oct18→Nov18
7.519826059073522,192659.6988253587,2441100.877279743,192656.75392202212,2441093.958079768,TRUE,16.27746121311625,Velavadar_LEK1,2018-10-01,2018-11-01,Oct18→Nov18
9.42719844162031,192614.74937592188,2441111.338655022,192624.01195804134,2441113.092691207,TRUE,46.12711803942381,Velavadar_LEK1,2018-10-01,2018-11-01,Oct18→Nov18
3.7402665821324304,192710.03708820633,2441087.322651525,192706.52253563277,2441088.602305507,FALSE,57.80644578434845,Velavadar_LEK1,2018-10-01,2018-11-01,Oct18→Nov18
4.9427327708187985,192660.2244341365,2441120.1009618505,192662.96479732328,2441115.98744549,FALSE,2.980293957812806,Velavadar_LEK1,2018-10-01,2018-11-01,Oct18→Nov18
26.03124980893778,192595.10350264714,2441074.4816039577,192574.8768966847,2441090.867890232,TRUE,78.08583819967787,Velavadar_LEK1,2018-10-01,2018-11-01,Oct18→Nov18
13.713811750664194,192716.60391569498,2441079.305294763,192706.52253563277,2441088.602305507,TRUE,67.65700178569058,Velavadar_LEK1,2018-10-01,2018-11-01,Oct18→Nov18
22.505513091212382,192594.67470679546,2441173.344508261,192599.21464710822,2441151.301662223,TRUE,86.56775542763184,Velavadar_LEK1,2018-10-01,2018-11-01,Oct18→Nov18
3.1039716645125415,192669.89043260558,2441021.735096691,192668.5324387051,2441018.9439512882,TRUE,88.62943336533017,Velavadar_LEK1,2018-11-01,2021-03-01,Nov18→Mar21
8.006551815244578,192603.6655732039,2441190.091207772,192608.70022773364,2441196.3167298976,FALSE,98.3226627621006,Velavadar_LEK1,2018-11-01,2021-03-01,Nov18→Mar21
5.167911690471064,192739.6279374235,2441079.4006693866,192739.93508334167,2441074.2418931145,FALSE,84.78023308787505,Velavadar_LEK1,2018-11-01,2021-03-01,Nov18→Mar21
11.247026283268253,192709.1945230211,2441119.142489387,192697.95168326556,2441119.4493353544,TRUE,49.55936342362772,Velavadar_LEK1,2018-11-01,2021-03-01,Nov18→Mar21
4.52424061082986,192702.3332222208,2441120.5766638285,192697.95168326556,2441119.4493353544,TRUE,43.17180861079764,Velavadar_LEK1,2018-11-01,2021-03-01,Nov18→Mar21
2.3426811061658075,192628.11474965466,2441134.553974032,192630.09778864007,2441135.801255535,FALSE,40.730427006370874,Velavadar_LEK1,2018-11-01,2021-03-01,Nov18→Mar21
14.906256861954152,192666.9752797532,2441004.119250629,192668.5324387051,2441018.9439512882,TRUE,105.94497203329315,Velavadar_LEK1,2018-11-01,2021-03-01,Nov18→Mar21
10.089975096203705,192704.05725661307,2441183.9186123204,192711.45663632365,2441177.0588180567,FALSE,85.90663657794494,Velavadar_LEK1,2018-11-01,2021-03-01,Nov18→Mar21
2.986720679053822,192700.5217265471,2441117.9276987533,192697.95168326556,2441119.4493353544,TRUE,40.81472519854706,Velavadar_LEK1,2018-11-01,2021-03-01,Nov18→Mar21
6.579310547447812,192647.81141019682,2441155.2328136303,192645.56590257183,2441161.4170696717,TRUE,47.109985708803954,Velavadar_LEK1,2018-11-01,2021-03-01,Nov18→Mar21
19.648315990331238,192722.03460884478,2441100.78920936,192702.999573502,2441105.659912672,TRUE,62.189762223046294,Velavadar_LEK1,2018-11-01,2021-03-01,Nov18→Mar21
3.564479184442909,192708.98268987017,2441069.8717550347,192708.2127850518,2441073.3520938726,TRUE,62.84200295263236,Velavadar_LEK1,2018-11-01,2021-03-01,Nov18→Mar21
14.048366931494254,192578.8835475352,2441040.318676908,192592.91184721858,2441039.5680628694,TRUE,107.23793080684868,Velavadar_LEK1,2018-11-01,2021-03-01,Nov18→Mar21
15.595788373436086,192644.83975200748,2441003.627917454,192641.6707162088,2441018.8983407323,TRUE,107.38850475593989,Velavadar_LEK1,2018-11-01,2021-03-01,Nov18→Mar21
11.618109714790904,192656.9353729706,2441018.244995142,192668.5324387051,2441018.9439512882,FALSE,91.69157039205288,Velavadar_LEK1,2018-11-01,2021-03-01,Nov18→Mar21
6.81567280032746,192623.46797088184,2441150.274668688,192622.1864612092,2441156.968780181,FALSE,54.817647842635836,Velavadar_LEK1,2018-11-01,2021-03-01,Nov18→Mar21
8.182456116614278,192695.89856199798,2441082.087025228,192704.08089490538,2441082.131928378,TRUE,44.988908959952646,Velavadar_LEK1,2018-11-01,2021-03-01,Nov18→Mar21
20.578931530991465,192571.2144526008,2441139.1467044307,192580.5063351352,2441157.50844024,FALSE,93.97431419549461,Velavadar_LEK1,2018-11-01,2021-03-01,Nov18→Mar21
19.718056056547628,192721.92860749448,2441090.514105302,192704.08089490538,2441082.131928378,TRUE,64.39455881680853,Velavadar_LEK1,2018-11-01,2021-03-01,Nov18→Mar21
4.229651913753637,192671.21945909868,2441112.343588883,192673.54757590848,2441115.8748531654,TRUE,10.99122499976955,Velavadar_LEK1,2018-11-01,2021-03-01,Nov18→Mar21
8.342186146099895,192634.80139822417,2441014.164997292,192641.6707162088,2441018.8983407323,FALSE,99.09500224649699,Velavadar_LEK1,2018-11-01,2021-03-01,Nov18→Mar21
22.129591824591987,192722.2133292303,2441128.8464122787,192700.949476764,2441134.975638381,TRUE,64.55548954938727,Velavadar_LEK1,2018-11-01,2021-03-01,Nov18→Mar21
6.301425371248488,192666.63988799416,2441086.1027973336,192672.06090308074,2441082.890234939,TRUE,24.541660910188842,Velavadar_LEK1,2018-11-01,2021-03-01,Nov18→Mar21
5.88766021197737,192667.1904794198,2441136.821807515,192668.82272285916,2441142.4786904133,TRUE,27.770264069937884,Velavadar_LEK1,2018-11-01,2021-03-01,Nov18→Mar21
7.4771218204268495,192671.2031186739,2441149.566783703,192668.82272285916,2441142.4786904133,FALSE,41.114593244587354,Velavadar_LEK1,2018-11-01,2021-03-01,Nov18→Mar21
2.0898389435116465,192618.59170208307,2441091.716728438,192618.14658358198,2441089.674842954,FALSE,45.67983550964253,Velavadar_LEK1,2018-11-01,2021-03-01,Nov18→Mar21
9.4473028336559,192598.72268731907,2441096.3584098015,192607.69618698198,2441099.312700686,FALSE,63.24763869071055,Velavadar_LEK1,2018-11-01,2021-03-01,Nov18→Mar21
17.03823931633408,192581.90860535484,2441052.5769162965,192592.91184721858,2441039.5680628694,FALSE,97.26488810773513,Velavadar_LEK1,2018-11-01,2021-03-01,Nov18→Mar21
6.96834605974704,192637.6422321475,2441047.9474423537,192642.36446578905,2441053.0717331576,FALSE,66.00747687849936,Velavadar_LEK1,2018-11-01,2021-03-01,Nov18→Mar21
5.44561859685835,192638.9340067283,2441142.93284166,192635.70206105046,2441147.3156819534,FALSE,39.48322451340485,Velavadar_LEK1,2018-11-01,2021-03-01,Nov18→Mar21
20.96430195216323,192556.83270055917,2441115.163589625,192535.89756347553,2441116.269026928,FALSE,103.81344009309612,Velavadar_LEK1,2018-11-01,2021-03-01,Nov18→Mar21
19.43488520103236,192696.19923491465,2441165.020277239,192711.45663632365,2441177.0588180567,FALSE,65.69291248250643,Velavadar_LEK1,2018-11-01,2021-03-01,Nov18→Mar21
8.069185328948796,192620.56332878294,2441040.506255944,192618.6298115842,2441032.672146989,FALSE,80.04185764135556,Velavadar_LEK1,2018-11-01,2021-03-01,Nov18→Mar21
18.29364571145923,192585.96628424022,2441174.968292163,192580.5063351352,2441157.50844024,FALSE,98.97022241895853,Velavadar_LEK1,2018-11-01,2021-03-01,Nov18→Mar21
20.972742434174528,192629.46384501032,2441199.2710695527,192608.70022773364,2441196.3167298976,FALSE,94.64164222991462,Velavadar_LEK1,2018-11-01,2021-03-01,Nov18→Mar21
19.303148777123933,192576.35332732616,2441049.4890996944,192592.91184721858,2441039.5680628694,TRUE,103.5759196869479,Velavadar_LEK1,2018-11-01,2021-03-01,Nov18→Mar21
7.064929782865984,192643.42132410064,2441151.6091328766,192644.47144271055,2441144.6226828666,TRUE,45.10515366222237,Velavadar_LEK1,2018-11-01,2021-03-01,Nov18→Mar21
4.672682034935547,192688.08529589738,2441084.763118719,192685.30632609228,2441081.006619788,TRUE,37.289969656006946,Velavadar_LEK1,2018-11-01,2021-03-01,Nov18→Mar21
6.59462659658251,192661.69956925765,2441064.0974677405,192658.14192406042,2441058.544787253,TRUE,45.78478818314064,Velavadar_LEK1,2018-11-01,2021-03-01,Nov18→Mar21
13.88505099159448,192612.1319302412,2441141.871858152,192601.97638442676,2441151.340729798,TRUE,58.007323142947065,Velavadar_LEK1,2018-11-01,2021-03-01,Nov18→Mar21
4.4934576178693515,192717.63147471906,2441052.3651057915,192721.78196158668,2441050.643298565,TRUE,81.050629626721,Velavadar_LEK1,2018-11-01,2021-03-01,Nov18→Mar21
5.749008534111431,192593.0708507829,2441045.3148721573,192592.91184721858,2441039.5680628694,TRUE,93.35479812463679,Velavadar_LEK1,2018-11-01,2021-03-01,Nov18→Mar21
2.5778747626175442,192659.89878905713,2441131.333677971,192661.96949473018,2441132.8691310985,TRUE,21.475580056156822,Velavadar_LEK1,2018-11-01,2021-03-01,Nov18→Mar21
15.056045337024004,192601.90225224115,2441027.4909308124,192592.91184721858,2441039.5680628694,TRUE,101.0977967010958,Velavadar_LEK1,2018-11-01,2021-03-01,Nov18→Mar21
1.2254172184504548,192688.59753922996,2441146.582984813,192689.79553290398,2441146.32518932,TRUE,46.226986367086646,Velavadar_LEK1,2018-11-01,2021-03-01,Nov18→Mar21
17.23083353038243,192719.93656031962,2441102.4913007217,192702.999573502,2441105.659912672,TRUE,59.881585226325925,Velavadar_LEK1,2018-11-01,2021-03-01,Nov18→Mar21
0.86740655641378694,192668.6546758747,2441126.781873241,192669.22732649028,2441127.433383338,TRUE,18.773373257727744,Velavadar_LEK1,2018-11-01,2021-03-01,Nov18→Mar21
17.127603750313778,192620.52187144215,2441009.950139423,192605.08792481862,2441002.523962624,TRUE,107.62187687527432,Velavadar_LEK1,2018-11-01,2021-03-01,Nov18→Mar21
12.948419937352517,192672.4995867886,2441046.009459055,192661.41672492772,2441039.313807343,TRUE,64.97300211688538,Velavadar_LEK1,2018-11-01,2021-03-01,Nov18→Mar21
8.005187597108597,192669.61170655393,2441202.3443411165,192676.6899377716,2441206.0835484248,TRUE,92.92424544167183,Velavadar_LEK1,2018-11-01,2021-03-01,Nov18→Mar21
7.47001925007933,192666.05462540922,2441168.0175342676,192666.15728194505,2441160.548220428,TRUE,58.41436223866211,Velavadar_LEK1,2018-11-01,2021-03-01,Nov18→Mar21
16.44986328294505,192667.48435179103,2441192.4506767984,192676.6899377716,2441206.0835484248,TRUE,82.87774986827658,Velavadar_LEK1,2018-11-01,2021-03-01,Nov18→Mar21
2.713976474218974,192688.17348627775,2441118.4506427404,192685.73597950238,2441117.2572320723,TRUE,28.963755598824463,Velavadar_LEK1,2018-11-01,2021-03-01,Nov18→Mar21
2.764695303086785,192709.0465290217,2441178.413411321,192711.45663632365,2441177.0588180567,TRUE,83.99011446733998,Velavadar_LEK1,2018-11-01,2021-03-01,Nov18→Mar21
7.324045553976072,192704.36085394493,2441178.8730715425,192711.45663632365,2441177.0588180567,TRUE,81.75988211456911,Velavadar_LEK1,2018-11-01,2021-03-01,Nov18→Mar21
4.374984216340474,192662.7185962396,2441104.2243565037,192664.20944843884,2441108.3374875025,TRUE,6.058980247705058,Velavadar_LEK1,2018-11-01,2021-03-01,Nov18→Mar21
13.342088393774873,192666.65763178508,2441197.287858611,192676.6899377716,2441206.0835484248,TRUE,87.6368603977625,Velavadar_LEK1,2018-11-01,2021-03-01,Nov18→Mar21
10.552601482096488,192662.86640739208,2441010.0415085224,192668.5324387051,2441018.9439512882,TRUE,99.85310144325841,Velavadar_LEK1,2018-11-01,2021-03-01,Nov18→Mar21
13.755745462640897,192583.47479232197,2441049.5761859757,192592.91184721858,2441039.5680628694,TRUE,97.82395946207971,Velavadar_LEK1,2018-11-01,2021-03-01,Nov18→Mar21
7.317046578590719,192585.48205668593,2441152.1436135247,192580.5063351352,2441157.50844024,TRUE,86.12002270356051,Velavadar_LEK1,2018-11-01,2021-03-01,Nov18→Mar21
3.930528606923608,192747.59822202922,2441112.7642495567,192747.82775145053,2441108.8404285396,TRUE,87.13548100205541,Velavadar_LEK1,2018-11-01,2021-03-01,Nov18→Mar21
7.228741461714507,192686.0042183022,2441152.479914067,192689.79553290398,2441146.32518932,TRUE,49.65665478983828,Velavadar_LEK1,2018-11-01,2021-03-01,Nov18→Mar21
11.71586452922548,192581.19598300447,2441039.570780145,192592.91184721858,2441039.5680628694,FALSE,105.98298959950569,Velavadar_LEK1,2018-11-01,2021-03-01,Nov18→Mar21
10.438033313358055,192729.634406753,2441057.5201906217,192721.78196158668,2441050.643298565,TRUE,86.70770137381164,Velavadar_LEK1,2018-11-01,2021-03-01,Nov18→Mar21
4.027973802808404,192626.07774995614,2441135.5485463426,192630.09778864007,2441135.801255535,FALSE,42.9557277267023,Velavadar_LEK1,2018-11-01,2021-03-01,Nov18→Mar21
9.127612291318941,192598.88994759734,2441122.0948165986,192592.58048782923,2441115.4990586,FALSE,62.8225190231855,Velavadar_LEK1,2018-11-01,2021-03-01,Nov18→Mar21
7.2311712793391685,192665.92582579306,2441093.63533121,192658.6948732976,2441093.6915813596,TRUE,17.110887857058763,Velavadar_LEK1,2018-11-01,2021-03-01,Nov18→Mar21
12.870526135754641,192655.62144922774,2441169.4505262417,192645.56590257183,2441161.4170696717,FALSE,59.78398266291056,Velavadar_LEK1,2018-11-01,2021-03-01,Nov18→Mar21
7.232503533536978,192732.72325886964,2441074.788423212,192739.93508334167,2441074.2418931145,FALSE,80.28147407839823,Velavadar_LEK1,2018-11-01,2021-03-01,Nov18→Mar21
18.45292114194041,192555.32856779263,2441086.4340379275,192573.3026568438,2441090.6104504373,TRUE,83.40137338344147,Velavadar_LEK1,2021-03-01,2021-12-01,Mar21→Dec21
5.216499121488638,192671.3978717564,2441209.1551121455,192675.363340866,2441205.765876564,TRUE,118.55093916715703,Velavadar_LEK1,2021-03-01,2021-12-01,Mar21→Dec21
24.155500981859433,192621.11183327428,2440987.8148149466,192619.12377028842,2440963.7412644555,TRUE,108.87468706856829,Velavadar_LEK1,2021-03-01,2021-12-01,Mar21→Dec21
8.413512934261659,192650.55294804927,2441059.8052893835,192644.14925366855,2441054.3481932534,TRUE,37.59492709216398,Velavadar_LEK1,2021-03-01,2021-12-01,Mar21→Dec21
11.644919184762722,192638.41508134504,2441134.0107667837,192626.8395822983,2441132.7411350897,TRUE,38.67957072491707,Velavadar_LEK1,2021-03-01,2021-12-01,Mar21→Dec21
2.584929508813244,192702.25992149836,2441102.4453762784,192699.67512980133,2441102.4720680085,FALSE,64.40005873968771,Velavadar_LEK1,2021-03-01,2021-12-01,Mar21→Dec21
8.182742933874033,192680.171378891,2441167.19029851,192688.20082624594,2441165.613828689,TRUE,83.1910504126622,Velavadar_LEK1,2021-03-01,2021-12-01,Mar21→Dec21
27.723968089663558,192781.8349882939,2441029.32580933,192798.16642337438,2441006.922625743,TRUE,158.02614287052484,Velavadar_LEK1,2021-03-01,2021-12-01,Mar21→Dec21
13.876916304153292,192744.9922418797,2441054.1732286764,192737.7552109941,2441042.3328659255,TRUE,114.39870118335291,Velavadar_LEK1,2021-03-01,2021-12-01,Mar21→Dec21
7.876422888629705,192746.29492406346,2441106.0302554355,192747.2057098475,2441113.853842003,TRUE,108.56937265246982,Velavadar_LEK1,2021-03-01,2021-12-01,Mar21→Dec21
10.657061034778614,192596.44924015593,2441052.6201074435,192599.14746423927,2441062.929934634,TRUE,59.76539025449485,Velavadar_LEK1,2021-03-01,2021-12-01,Mar21→Dec21
2.5358175318828184,192563.39726803565,2441164.047484405,192565.45245579106,2441165.532938492,TRUE,101.61402083256856,Velavadar_LEK1,2021-03-01,2021-12-01,Mar21→Dec21
18.466045658296068,192744.59024144,2441070.387367205,192726.65662474983,2441074.7896659984,TRUE,109.22276419278303,Velavadar_LEK1,2021-03-01,2021-12-01,Mar21→Dec21
15.068026114582274,192595.20417516053,2441048.387036634,192599.14746423927,2441062.929934634,TRUE,63.69514223911686,Velavadar_LEK1,2021-03-01,2021-12-01,Mar21→Dec21
11.673174966726565,192661.54388915328,2441143.2278961902,192652.82971517806,2441135.460902838,TRUE,53.258630260701295,Velavadar_LEK1,2021-03-01,2021-12-01,Mar21→Dec21
26.779739441187107,192521.62028321004,2441116.061767727,192543.57040183933,2441100.720752875,TRUE,118.4616456733061,Velavadar_LEK1,2021-03-01,2021-12-01,Mar21→Dec21
22.426213897182212,192616.46634018817,2441187.3856181405,192637.7592243958,2441180.346573327,TRUE,94.59733624772957,Velavadar_LEK1,2021-03-01,2021-12-01,Mar21→Dec21
14.34962956327001,192579.99204498238,2441107.0345680704,192591.31621308357,2441115.847915075,TRUE,59.42570087383621,Velavadar_LEK1,2021-03-01,2021-12-01,Mar21→Dec21
16.728804183900422,192623.3025754305,2441188.764304026,192637.7592243958,2441180.346573327,TRUE,94.62149552024825,Velavadar_LEK1,2021-03-01,2021-12-01,Mar21→Dec21
8.005261155592244,192665.77062169393,2441014.1485348186,192670.69478025206,2441020.4601802984,FALSE,85.71956970429446,Velavadar_LEK1,2021-03-01,2021-12-01,Mar21→Dec21
13.500672693541093,192604.65142158096,2441131.823281806,192600.032883911,2441119.1371762976,TRUE,49.60624604123882,Velavadar_LEK1,2021-03-01,2021-12-01,Mar21→Dec21
5.010880965184544,192543.6787627962,2441057.426640277,192538.67796088097,2441057.1089796843,TRUE,101.88842991162376,Velavadar_LEK1,2021-03-01,2021-12-01,Mar21→Dec21
9.295779199444388,192546.52295036285,2441062.095727217,192538.67796088097,2441057.1089796843,TRUE,97.5663884563528,Velavadar_LEK1,2021-03-01,2021-12-01,Mar21→Dec21
8.086427666004688,192757.85327072308,2440997.587907282,192752.1184454767,2441003.288967867,TRUE,154.4597256973328,Velavadar_LEK1,2021-03-01,2021-12-01,Mar21→Dec21
11.594444490434878,192671.4172626656,2441061.413701171,192668.978454926,2441072.7487512305,FALSE,47.43651184328504,Velavadar_LEK1,2021-03-01,2021-12-01,Mar21→Dec21
7.172319843257619,192570.95753449417,2441128.6211125916,192571.85915316822,2441121.5056888023,TRUE,75.08000758444098,Velavadar_LEK1,2021-03-01,2021-12-01,Mar21→Dec21
4.327739689848893,192622.67349628825,2441131.569359437,192626.8395822983,2441132.7411350897,TRUE,39.445298645591414,Velavadar_LEK1,2021-03-01,2021-12-01,Mar21→Dec21
29.757382190449782,192605.03133964547,2441027.551346478,192597.34435909818,2440998.8039618162,FALSE,75.48441694761321,Velavadar_LEK1,2021-03-01,2021-12-01,Mar21→Dec21
7.087738251401327,192618.85264762776,2441080.040092773,192613.12079152447,2441084.2092484585,TRUE,24.703030741037402,Velavadar_LEK1,2021-03-01,2021-12-01,Mar21→Dec21
9.203568610472429,192582.2167370075,2441114.467621516,192591.31621308357,2441115.847915075,FALSE,59.21454498518777,Velavadar_LEK1,2021-03-01,2021-12-01,Mar21→Dec21
11.882564393625254,192574.49801360184,2441173.238340523,192565.45245579106,2441165.532938492,FALSE,100.6692301679725,Velavadar_LEK1,2021-03-01,2021-12-01,Mar21→Dec21
21.64102860080774,192683.71588026587,2441117.45054582,192697.8178000449,2441133.8660865496,TRUE,50.557248068103014,Velavadar_LEK1,2021-03-01,2021-12-01,Mar21→Dec21
7.916642059171602,192727.76028985248,2441054.4480992015,192721.2827540731,2441049.896753058,TRUE,64.29998401062194,Velavadar_LEK1,2021-12-01,2022-12-01,Dec21→Dec22
14.24237514460348,192581.44420080967,2441105.579814455,192592.87639405316,2441114.073942274,TRUE,94.92525493804952,Velavadar_LEK1,2021-12-01,2022-12-01,Dec21→Dec22
16.781757083370962,192741.93055006303,2441010.508072762,192756.43514756928,2441018.9486901555,TRUE,104.99940022328714,Velavadar_LEK1,2021-12-01,2022-12-01,Dec21→Dec22
8.419361869016512,192728.6301464673,2441083.979027733,192727.48127331713,2441075.638419556,TRUE,53.83744083473382,Velavadar_LEK1,2021-12-01,2022-12-01,Dec21→Dec22
22.129588426181513,192726.37004442516,2441097.7400904037,192727.48127331713,2441075.638419556,TRUE,51.377702386102655,Velavadar_LEK1,2021-12-01,2022-12-01,Dec21→Dec22
15.537006134452838,192568.9859815718,2441147.8621074767,192579.02275059454,2441136.0020135813,TRUE,120.28095683440235,Velavadar_LEK1,2021-12-01,2022-12-01,Dec21→Dec22
18.407786496289624,192594.1120633001,2441016.946554307,192596.94279844733,2440998.757724157,TRUE,110.39545961280379,Velavadar_LEK1,2021-12-01,2022-12-01,Dec21→Dec22
22.47846930084503,192789.1158162467,2441073.3801180487,192811.4695035803,2441075.7453336203,TRUE,115.23214400871584,Velavadar_LEK1,2021-12-01,2022-12-01,Dec21→Dec22
34.24528899260291,192634.44931480454,2440975.7749196,192656.5511342007,2440949.6167583964,FALSE,122.92627244270005,Velavadar_LEK1,2021-12-01,2022-12-01,Dec21→Dec22
15.599203391185991,192717.23897052713,2441127.7854685113,192729.610599713,2441137.286938804,TRUE,55.291093708564844,Velavadar_LEK1,2021-12-01,2022-12-01,Dec21→Dec22
31.66359697060061,192582.13880057473,2441040.219414583,192613.417464156,2441035.297161269,TRUE,106.48068377850615,Velavadar_LEK1,2021-12-01,2022-12-01,Dec21→Dec22
11.77082122470638,192652.18812082554,2441121.3859093175,192659.72987735237,2441112.348534655,FALSE,37.65382612777983,Velavadar_LEK1,2021-12-01,2022-12-01,Dec21→Dec22
33.60450794480945,192723.3102465381,2441033.870280495,192693.6354701483,2441049.639573454,TRUE,74.68211774608733,Velavadar_LEK1,2022-12-01,2024-05-01,Dec22→May24
18.139462908627728,192676.12821828236,2441054.386809146,192693.6354701483,2441049.639573454,TRUE,28.529231778184016,Velavadar_LEK1,2022-12-01,2024-05-01,Dec22→May24
12.529466093125828,192758.77971040894,2441110.0086062816,192746.75419129187,2441113.526334319,FALSE,127.53290120083048,Velavadar_LEK1,2022-12-01,2024-05-01,Dec22→May24
47.05418345756918,192775.8316353885,2441034.940396324,192763.68462028494,2441080.3996770587,TRUE,126.80686411053587,Velavadar_LEK1,2022-12-01,2024-05-01,Dec22→May24
33.70794125475423,192713.78488743742,2441120.5441906145,192746.75419129187,2441113.526334319,FALSE,99.6834024199074,Velavadar_LEK1,2022-12-01,2024-05-01,Dec22→May24
19.721024969236453,192802.90210839958,2441094.152357684,192811.8332759365,2441076.5696084034,FALSE,161.36236571202647,Velavadar_LEK1,2022-12-01,2024-05-01,Dec22→May24
49.388002290877864,192682.95974532372,2441097.8599391696,192693.6354701483,2441049.639573454,FALSE,63.08090663519982,Velavadar_LEK1,2022-12-01,2024-05-01,Dec22→May24
27.02006497120955,194037.65152689646,2441432.3560182597,194012.01415170508,2441440.8888316494,FALSE,394.3236804743001,Velavadar_LEK2,2014-02-01,2015-05-01,Feb14→May15
6.513233533938301,193895.36107306747,2441354.122397352,193901.83429384395,2441353.4015479595,TRUE,235.08727937244734,Velavadar_LEK2,2014-02-01,2015-05-01,Feb14→May15
60.907266820455654,193971.75165266622,2441382.618841592,193927.05756002583,2441423.9967733263,TRUE,316.2513273260634,Velavadar_LEK2,2014-02-01,2015-05-01,Feb14→May15
48.187043387476955,194111.44623835594,2441575.825620622,194081.85750019376,2441537.7927700267,TRUE,524.4871749436484,Velavadar_LEK2,2014-02-01,2015-05-01,Feb14→May15
78.42084338292369,193639.98726675578,2440992.881795505,193612.8847951215,2441066.4704135666,TRUE,305.0697756438025,Velavadar_LEK2,2014-02-01,2015-05-01,Feb14→May15
52.97422131374792,193938.68134616164,2441475.6799980677,193927.05756002583,2441423.9967733263,FALSE,325.00193363411773,Velavadar_LEK2,2014-02-01,2015-05-01,Feb14→May15
24.92254131047598,193841.8147935135,2441277.5396331213,193830.6783663525,2441255.2436008407,TRUE,175.47600541042186,Velavadar_LEK2,2014-02-01,2015-05-01,Feb14→May15
14.12460287720611,193939.50972559286,2441417.3298415635,193927.05756002583,2441423.9967733263,TRUE,297.6512538774015,Velavadar_LEK2,2014-02-01,2015-05-01,Feb14→May15
25.33310109262708,193906.5092809294,2441252.43199649,193911.33903480013,2441227.563552861,TRUE,243.18574678808156,Velavadar_LEK2,2014-02-01,2015-05-01,Feb14→May15
51.47942407500822,193831.31531561143,2441342.636443318,193862.0173945225,2441301.314373505,TRUE,170.2350612296493,Velavadar_LEK2,2014-02-01,2015-05-01,Feb14→May15
5.947531920318275,193674.83169895996,2441268.6370435366,193673.30632870214,2441262.8884453145,TRUE,29.05062883507859,Velavadar_LEK2,2014-02-01,2015-05-01,Feb14→May15
25.446233780508848,194016.60643084376,2441505.6949110073,193993.09711903456,2441515.4326249007,TRUE,406.968435257923,Velavadar_LEK2,2014-02-01,2015-05-01,Feb14→May15
41.39449231835118,193818.81102832552,2441188.311351581,193859.6794101796,2441194.890056539,TRUE,186.22675428934176,Velavadar_LEK2,2014-02-01,2015-05-01,Feb14→May15
50.48267431631486,193895.84774605196,2441159.6714267195,193859.6794101796,2441194.890056539,TRUE,266.4109583475756,Velavadar_LEK2,2014-02-01,2015-05-01,Feb14→May15
7.524304026290993,193759.24108063328,2441467.0654145367,193757.26508409856,2441459.805208701,TRUE,193.53226663476133,Velavadar_LEK2,2014-02-01,2015-05-01,Feb14→May15
33.2663945758033,193897.39381252942,2441439.053834545,193927.05756002583,2441423.9967733263,FALSE,270.4831536155659,Velavadar_LEK2,2014-02-01,2015-05-01,Feb14→May15
40.87656821591761,193678.9656690695,2441222.405539098,193673.30632870214,2441262.8884453145,FALSE,75.2089831979546,Velavadar_LEK2,2014-02-01,2015-05-01,Feb14→May15
9.903321666764644,194087.49802651638,2441545.932809513,194081.85750019376,2441537.7927700267,TRUE,488.46554350442665,Velavadar_LEK2,2014-02-01,2015-05-01,Feb14→May15
51.990912636219136,193963.12854713356,2441222.99174698,193911.33903480013,2441227.563552861,TRUE,304.7899201865332,Velavadar_LEK2,2014-02-01,2015-05-01,Feb14→May15
74.90749774098178,193723.03009326092,2441206.864517784,193673.30632870214,2441262.8884453145,FALSE,105.68600516589643,Velavadar_LEK2,2014-02-01,2015-05-01,Feb14→May15
23.67098406093373,193671.7373208688,2441318.5071955617,193672.96399454318,2441294.868017105,FALSE,22.21829161858742,Velavadar_LEK2,2014-02-01,2015-05-01,Feb14→May15
77.68537569150872,193981.69108581136,2441368.768198688,193927.05756002583,2441423.9967733263,FALSE,322.45363272832816,Velavadar_LEK2,2014-02-01,2015-05-01,Feb14→May15
42.075879186903954,194031.31823716767,2441591.9208376845,193990.89928154694,2441603.612186447,FALSE,468.6024511917224,Velavadar_LEK2,2014-02-01,2015-05-01,Feb14→May15
64.79917971935362,193565.88622579494,2441328.512835725,193630.66558514856,2441330.1154255155,FALSE,106.36685116201672,Velavadar_LEK2,2014-02-01,2015-05-01,Feb14→May15
17.661129704277545,193917.3911907667,2441438.777734316,193927.05756002583,2441423.9967733263,FALSE,287.5438333423896,Velavadar_LEK2,2014-02-01,2015-05-01,Feb14→May15
34.77659146873278,194091.2397239138,2441425.487529508,194125.93525034084,2441423.1143965293,FALSE,442.97864360524903,Velavadar_LEK2,2014-02-01,2015-05-01,Feb14→May15
57.45516167842913,193581.62096807064,2440975.7470209394,193558.65360349027,2441028.411959634,FALSE,332.2332446416007,Velavadar_LEK2,2014-02-01,2015-05-01,Feb14→May15
15.232935705357509,193772.38440170506,2441457.948177383,193757.26508409856,2441459.805208701,FALSE,192.40290108045087,Velavadar_LEK2,2014-02-01,2015-05-01,Feb14→May15
58.7248772177902,194079.2678329436,2441387.4666286088,194125.93525034084,2441423.1143965293,FALSE,421.7565517634121,Velavadar_LEK2,2014-02-01,2015-05-01,Feb14→May15
39.90415815796202,193624.96182045975,2441280.07551939,193646.42533364095,2441313.7156656473,FALSE,45.57560135486813,Velavadar_LEK2,2014-02-01,2015-05-01,Feb14→May15
38.96121106826953,193964.33893500565,2441435.3137980024,193927.05756002583,2441423.9967733263,FALSE,327.7001057735335,Velavadar_LEK2,2014-02-01,2015-05-01,Feb14→May15
8.934780263192563,193908.91255770315,2441236.1625357806,193911.33903480013,2441227.563552861,FALSE,248.99829034902442,Velavadar_LEK2,2014-02-01,2015-05-01,Feb14→May15
28.017080251829434,193948.9420361104,2441441.4903862276,193927.05756002583,2441423.9967733263,FALSE,316.5919816309346,Velavadar_LEK2,2014-02-01,2015-05-01,Feb14→May15
23.70240197850295,193945.40164476208,2441408.9868294643,193927.05756002583,2441423.9967733263,TRUE,299.82441214965905,Velavadar_LEK2,2014-02-01,2015-05-01,Feb14→May15
21.188310000429606,193441.085464323,2441073.1983644306,193435.47812935617,2441052.7654920127,TRUE,318.0800777125258,Velavadar_LEK2,2014-02-01,2015-05-01,Feb14→May15
67.8533112321835,193924.8262875829,2441619.0534077003,193990.89928154694,2441603.612186447,TRUE,412.52069042216635,Velavadar_LEK2,2014-02-01,2015-05-01,Feb14→May15
13.605391881258315,193549.18685081747,2441018.6402002187,193558.65360349027,2441028.411959634,TRUE,302.15798790250125,Velavadar_LEK2,2014-02-01,2015-05-01,Feb14→May15
72.84572586196585,193908.84520276968,2441518.4737688345,193972.97926333616,2441553.0182626303,TRUE,327.83543344444956,Velavadar_LEK2,2014-02-01,2015-05-01,Feb14→May15
19.476762430474455,194013.35574965726,2441631.7778243423,194026.45696279942,2441646.1897114143,TRUE,481.6192870088118,Velavadar_LEK2,2014-02-01,2015-05-01,Feb14→May15
15.404670430221268,193660.3441391497,2441303.702218875,193672.96399454318,2441294.868017105,TRUE,9.92061461396567,Velavadar_LEK2,2014-02-01,2015-05-01,Feb14→May15
59.68685906966091,194055.6325698656,2441400.1462894757,194012.01415170508,2441440.8888316494,TRUE,401.78305288948656,Velavadar_LEK2,2014-02-01,2015-05-01,Feb14→May15
40.17156920758394,194121.45845938343,2441544.539547321,194081.85750019376,2441537.7927700267,TRUE,517.294401070336,Velavadar_LEK2,2014-02-01,2015-05-01,Feb14→May15
19.963487387100304,193772.35379907384,2441472.8769916343,193757.26508409856,2441459.805208701,TRUE,205.05916358707228,Velavadar_LEK2,2014-02-01,2015-05-01,Feb14→May15
43.99613830105818,193632.3902213413,2441246.7164836572,193673.30632870214,2441262.8884453145,TRUE,61.034193970122566,Velavadar_LEK2,2014-02-01,2015-05-01,Feb14→May15
46.30562569030656,193944.62406272683,2441601.9343623435,193990.89928154694,2441603.612186447,TRUE,412.3293926910534,Velavadar_LEK2,2014-02-01,2015-05-01,Feb14→May15
64.04535340680523,193961.47601046244,2441267.4144118787,193911.33903480013,2441227.563552861,TRUE,295.5423771979463,Velavadar_LEK2,2014-02-01,2015-05-01,Feb14→May15
32.0061740906366,193869.84071692012,2441352.503652899,193901.83429384395,2441353.4015479595,TRUE,209.99592253873016,Velavadar_LEK2,2014-02-01,2015-05-01,Feb14→May15
56.44634600037096,193697.0512992337,2441345.916932172,193672.96399454318,2441294.868017105,TRUE,57.44816444242221,Velavadar_LEK2,2014-02-01,2015-05-01,Feb14→May15
75.95114363968325,193756.10763707384,2441217.8546260446,193729.44732640154,2441288.972866005,TRUE,118.70259359151136,Velavadar_LEK2,2014-02-01,2015-05-01,Feb14→May15
42.39826908399053,193903.94592978724,2441459.5420369916,193927.05756002583,2441423.9967733263,TRUE,287.1763445784495,Velavadar_LEK2,2014-02-01,2015-05-01,Feb14→May15
33.82327079287453,193728.4533573483,2441322.7815286913,193729.44732640154,2441288.972866005,TRUE,66.3929296972569,Velavadar_LEK2,2014-02-01,2015-05-01,Feb14→May15
64.25279886507697,193968.11479959506,2441374.5728394384,193927.05756002583,2441423.9967733263,TRUE,310.6392100382414,Velavadar_LEK2,2014-02-01,2015-05-01,Feb14→May15
67.2452782092985,193792.19903716535,2441313.1420661914,193729.44732640154,2441288.972866005,TRUE,125.8849922589358,Velavadar_LEK2,2014-02-01,2015-05-01,Feb14→May15
40.53498548101975,193696.26347690192,2441229.4810450193,193673.30632870214,2441262.8884453145,TRUE,73.17467817586119,Velavadar_LEK2,2014-02-01,2015-05-01,Feb14→May15
15.333612267959934,193736.000447532,2441302.8356315526,193729.44732640154,2441288.972866005,TRUE,68.88260365218474,Velavadar_LEK2,2014-02-01,2015-05-01,Feb14→May15
55.103025361988415,194088.53214591258,2441483.0954893944,194081.85750019376,2441537.7927700267,TRUE,460.54004467307936,Velavadar_LEK2,2014-02-01,2015-05-01,Feb14→May15
17.39427943615686,193628.88963521505,2441059.6582148992,193612.8847951215,2441066.4704135666,TRUE,240.16617387961392,Velavadar_LEK2,2014-02-01,2015-05-01,Feb14→May15
48.81180226942408,193523.74574319486,2441069.293851805,193561.4466031788,2441100.297677331,FALSE,268.98992964592105,Velavadar_LEK2,2014-02-01,2015-05-01,Feb14→May15
35.179041612402614,193943.93321551057,2441533.17154818,193972.97926333616,2441553.0182626303,TRUE,363.8492196657637,Velavadar_LEK2,2014-02-01,2015-05-01,Feb14→May15
16.52870998839324,193978.07042104786,2441508.548105927,193993.09711903456,2441515.4326249007,TRUE,376.02414676241074,Velavadar_LEK2,2014-02-01,2015-05-01,Feb14→May15
59.69268002236514,193931.86639532,2441612.462858284,193990.89928154694,2441603.612186447,TRUE,411.87661576017166,Velavadar_LEK2,2014-02-01,2015-05-01,Feb14→May15
5.263872024150625,194054.7619766887,2441550.4038814073,194054.77376408584,2441545.140022581,TRUE,463.04792860865854,Velavadar_LEK2,2014-02-01,2015-05-01,Feb14→May15
39.15753208246454,193943.67739875754,2441205.4831874804,193911.33903480013,2441227.563552861,TRUE,290.9614708665636,Velavadar_LEK2,2014-02-01,2015-05-01,Feb14→May15
19.864490785337047,193852.9921418426,2441319.0102150566,193862.0173945225,2441301.314373505,TRUE,186.93602643520447,Velavadar_LEK2,2014-02-01,2015-05-01,Feb14→May15
58.88468950069509,194092.40097381987,2441471.517484817,194125.93525034084,2441423.1143965293,TRUE,459.5531015395664,Velavadar_LEK2,2014-02-01,2015-05-01,Feb14→May15
49.938131395334345,193955.96704920047,2441205.1546863583,193911.33903480013,2441227.563552861,TRUE,302.7550387845754,Velavadar_LEK2,2014-02-01,2015-05-01,Feb14→May15
55.67463214848783,194092.04284692023,2441483.057741234,194081.85750019376,2441537.7927700267,TRUE,463.73742208786376,Velavadar_LEK2,2014-02-01,2015-05-01,Feb14→May15
45.927628175605996,194084.21329322466,2441403.9147787145,194125.93525034084,2441423.1143965293,TRUE,430.3867113429208,Velavadar_LEK2,2014-02-01,2015-05-01,Feb14→May15
63.14085617107341,193796.7654562447,2441201.983087831,193830.6783663525,2441255.2436008407,FALSE,160.35204291407615,Velavadar_LEK2,2014-02-01,2015-05-01,Feb14→May15
66.74472487597184,193642.14543659927,2441395.8654925073,193630.66558514856,2441330.1154255155,FALSE,102.3105199220449,Velavadar_LEK2,2014-02-01,2015-05-01,Feb14→May15
26.545516024100504,193708.71793912232,2441305.554691116,193729.44732640154,2441288.972866005,TRUE,42.26202124226531,Velavadar_LEK2,2014-02-01,2015-05-01,Feb14→May15
47.368205473945956,193955.09189617925,2441245.7138699647,193911.33903480013,2441227.563552861,TRUE,292.1880096406914,Velavadar_LEK2,2014-02-01,2015-05-01,Feb14→May15
36.46868579788728,193696.1807848846,2441322.9917737897,193672.96399454318,2441294.868017105,TRUE,38.97692888839295,Velavadar_LEK2,2014-02-01,2015-05-01,Feb14→May15
95.04314860828197,193794.83361495024,2441372.50225579,193757.26508409856,2441459.805208701,FALSE,148.27363637685696,Velavadar_LEK2,2014-02-01,2015-05-01,Feb14→May15
38.21857857972933,193600.4230002783,2441102.600226989,193612.8847951215,2441066.4704135666,FALSE,205.34466110645192,Velavadar_LEK2,2014-02-01,2015-05-01,Feb14→May15
49.43409299130097,193596.9776115695,2441134.667387726,193561.4466031788,2441100.297677331,FALSE,176.68736058565776,Velavadar_LEK2,2014-02-01,2015-05-01,Feb14→May15
27.02546502613841,194063.7832641743,2441626.5479666684,194057.76149763976,2441652.8940116786,TRUE,383.3058436593922,Velavadar_LEK2,2015-05-01,2015-11-01,May15→Nov15
47.006274661362234,193984.50899483883,2441477.8830444366,194010.73767104943,2441438.8747581146,FALSE,219.78468640736423,Velavadar_LEK2,2015-05-01,2015-11-01,May15→Nov15
25.04395889850315,193312.19562504266,2441127.61330859,193318.4446409201,2441151.865106005,TRUE,550.0358801993483,Velavadar_LEK2,2015-05-01,2015-11-01,May15→Nov15
34.33155445511105,193539.89988094007,2441129.159515723,193559.71641816862,2441101.1245289464,TRUE,346.8174242142203,Velavadar_LEK2,2015-05-01,2015-11-01,May15→Nov15
41.522629689878514,193706.7130555963,2441410.8935107626,193683.47143260803,2441445.3021686445,TRUE,145.0684742020132,Velavadar_LEK2,2015-05-01,2015-11-01,May15→Nov15
13.589445259638463,194047.69010296572,2441394.615808061,194036.1059773435,2441401.720810245,TRUE,232.8827072592083,Velavadar_LEK2,2015-05-01,2015-11-01,May15→Nov15
27.72176679896913,193436.12918441175,2440990.2229014263,193445.297178209,2441016.3847867595,TRUE,514.2158902296931,Velavadar_LEK2,2015-05-01,2015-11-01,May15→Nov15
15.621166446768393,193239.42383042746,2441111.49047043,193225.1659149821,2441117.872686997,TRUE,623.8101972690894,Velavadar_LEK2,2015-05-01,2015-11-01,May15→Nov15
22.393030267709214,193542.88184383375,2441442.6048966898,193525.98867301957,2441427.905625129,FALSE,304.88262731130214,Velavadar_LEK2,2015-05-01,2015-11-01,May15→Nov15
14.002909533567525,193598.3334127377,2441230.2649945677,193591.84328661166,2441242.6730459165,FALSE,246.27291299925105,Velavadar_LEK2,2015-05-01,2015-11-01,May15→Nov15
9.827105373165521,193915.36360280195,2441287.8577852827,193910.82768386992,2441296.5754363113,FALSE,98.47533142130888,Velavadar_LEK2,2015-05-01,2015-11-01,May15→Nov15
21.621236149558825,193468.83351897457,2441062.2402714356,193460.94639996713,2441082.3716202825,TRUE,443.58633258588907,Velavadar_LEK2,2015-05-01,2015-11-01,May15→Nov15
16.90898373165267,193255.32620713257,2441110.881914818,193245.97967358324,2441096.7909233184,TRUE,609.1250441117433,Velavadar_LEK2,2015-05-01,2015-11-01,May15→Nov15
23.717566012545753,193922.95441657928,2441350.6363747963,193899.38602924527,2441353.2923220913,FALSE,100.90870973123394,Velavadar_LEK2,2015-05-01,2015-11-01,May15→Nov15
11.845326657222268,193265.61033561378,2441119.8521506493,193275.45783361135,2441113.2689487836,TRUE,596.3480307692229,Velavadar_LEK2,2015-05-01,2015-11-01,May15→Nov15
23.24134011649395,193421.1680462331,2441033.8021639097,193433.1606683625,2441053.7103759055,TRUE,498.83895741927915,Velavadar_LEK2,2015-05-01,2015-11-01,May15→Nov15
46.125227179063046,193555.3609176094,2441279.426189735,193579.39014680288,2441318.7979146997,TRUE,273.6733423979592,Velavadar_LEK2,2015-05-01,2015-11-01,May15→Nov15
50.293289784117114,193199.8652226139,2441034.1380197625,193216.52636355348,2441081.591379811,TRUE,690.1561016864536,Velavadar_LEK2,2015-05-01,2015-11-01,May15→Nov15
38.95420875642796,194126.83127623395,2441550.82235518,194141.40614499518,2441586.947188473,TRUE,375.9705937792743,Velavadar_LEK2,2015-05-01,2015-11-01,May15→Nov15
60.60474980498322,193220.30783840112,2441133.3599611004,193278.49275405827,2441116.4055726156,TRUE,145.69906195121658,Velavadar_LEK2,2015-11-01,2016-01-01,Nov15→Jan16
50.67176380553696,193519.33882838357,2441144.5950351227,193505.0874726592,2441095.9686378967,TRUE,305.44713353459684,Velavadar_LEK2,2015-11-01,2016-01-01,Nov15→Jan16
37.8332957276623,193305.63005926716,2441086.221070774,193340.5975232158,2441071.7768771094,TRUE,107.19893022525096,Velavadar_LEK2,2015-11-01,2016-01-01,Nov15→Jan16
66.75343706294963,193856.6415671275,2441405.78613421,193901.72467120975,2441356.556721396,FALSE,730.4310936433927,Velavadar_LEK2,2015-11-01,2016-01-01,Nov15→Jan16
16.05918310451155,193768.9195604757,2441472.080478221,193774.6812774203,2441457.0904822294,TRUE,703.5100915075762,Velavadar_LEK2,2015-11-01,2016-01-01,Nov15→Jan16
25.25883175420967,193503.2226189813,2441070.778741066,193505.0874726592,2441095.9686378967,FALSE,260.625897850066,Velavadar_LEK2,2015-11-01,2016-01-01,Nov15→Jan16
68.18752213440573,193213.34499962765,2440904.5932025067,193228.78878410067,2440971.0087706815,FALSE,96.59133667295637,Velavadar_LEK2,2015-11-01,2016-01-01,Nov15→Jan16
47.342445055911135,193638.30332239257,2441020.8008833393,193647.02826414054,2441067.3324048636,TRUE,384.5503339409824,Velavadar_LEK2,2015-11-01,2016-01-01,Nov15→Jan16
41.63907137798224,193778.2986812402,2441130.7740169982,193742.9651919983,2441152.804831854,TRUE,541.5824101432347,Velavadar_LEK2,2015-11-01,2016-01-01,Nov15→Jan16
26.0010892303705,193681.1547873634,2441212.4138522665,193703.98894150904,2441199.9776934697,TRUE,480.0026989634903,Velavadar_LEK2,2015-11-01,2016-01-01,Nov15→Jan16
30.92836456603249,193835.2044730401,2441291.8850895804,193804.37272546068,2441294.3278494803,TRUE,653.3432557845327,Velavadar_LEK2,2015-11-01,2016-01-01,Nov15→Jan16
35.58256401883727,193800.36851834285,2441481.7133276365,193774.6812774203,2441457.0904822294,TRUE,733.208726761543,Velavadar_LEK2,2015-11-01,2016-01-01,Nov15→Jan16
39.85157882994949,193624.13828377935,2441034.710370373,193647.02826414054,2441067.3324048636,TRUE,371.7742875399688,Velavadar_LEK2,2015-11-01,2016-01-01,Nov15→Jan16
59.43875765729177,193673.9226608865,2441014.326203948,193647.02826414054,2441067.3324048636,TRUE,419.67984780018315,Velavadar_LEK2,2015-11-01,2016-01-01,Nov15→Jan16
60.16972802027546,193610.76897269167,2441196.768171223,193666.33628179203,2441173.688519376,TRUE,410.71478574998554,Velavadar_LEK2,2015-11-01,2016-01-01,Nov15→Jan16
33.97068013801696,193731.06946362273,2441220.4875065135,193703.98894150904,2441199.9776934697,TRUE,528.2796324188191,Velavadar_LEK2,2015-11-01,2016-01-01,Nov15→Jan16
39.094395323785946,193629.76019040222,2441405.474175127,193652.3675824133,2441437.3689642344,TRUE,558.2782577475155,Velavadar_LEK2,2015-11-01,2016-01-01,Nov15→Jan16
63.334096061386575,193773.24496949188,2441239.1710681,193804.37272546068,2441294.3278494803,TRUE,574.3883121861257,Velavadar_LEK2,2015-11-01,2016-01-01,Nov15→Jan16
43.26808020706332,193816.51993639232,2441446.0608231127,193774.6812774203,2441457.0904822294,TRUE,722.3687569406234,Velavadar_LEK2,2015-11-01,2016-01-01,Nov15→Jan16
33.244427756636746,193621.41896598806,2441088.5304195113,193647.02826414054,2441067.3324048636,TRUE,379.11613349479273,Velavadar_LEK2,2015-11-01,2016-01-01,Nov15→Jan16
52.45100880430624,193985.86107800822,2441404.492359264,194038.30840581312,2441405.1137534343,TRUE,839.4551527464396,Velavadar_LEK2,2015-11-01,2016-01-01,Nov15→Jan16
46.98202108828282,193743.3008905271,2441492.0559169324,193774.6812774203,2441457.0904822294,TRUE,699.1631727937607,Velavadar_LEK2,2015-11-01,2016-01-01,Nov15→Jan16
79.5132840067437,193160.97085444542,2441083.4801542433,193104.38280060078,2441027.6218111278,FALSE,131.20755660104268,Velavadar_LEK2,2015-11-01,2016-01-01,Nov15→Jan16
56.32022806595704,193718.61858300466,2441451.710669569,193774.6812774203,2441457.0904822294,TRUE,653.1378056571434,Velavadar_LEK2,2015-11-01,2016-01-01,Nov15→Jan16
11.831168795380615,193285.7874210186,2441107.0908322004,193278.49275405827,2441116.4055726156,TRUE,119.35684310539885,Velavadar_LEK2,2015-11-01,2016-01-01,Nov15→Jan16
68.56635114885984,193842.9239256595,2441391.82450886,193901.72467120975,2441356.556721396,TRUE,711.2262877241488,Velavadar_LEK2,2015-11-01,2016-01-01,Nov15→Jan16
34.56531502953115,193742.90363668377,2441187.3700920735,193742.9651919983,2441152.804831854,TRUE,525.7769747090347,Velavadar_LEK2,2015-11-01,2016-01-01,Nov15→Jan16
60.18268059886634,193489.64629474212,2440968.694691074,193490.24260312237,2441028.8744173977,TRUE,235.93471940554042,Velavadar_LEK2,2015-11-01,2016-01-01,Nov15→Jan16
43.333593066552595,193136.86771906755,2441056.3016012292,193104.38280060078,2441027.6218111278,TRUE,134.45360386659848,Velavadar_LEK2,2015-11-01,2016-01-01,Nov15→Jan16
7.661260061208791,193228.7791829498,2440963.3475166364,193228.78878410067,2440971.0087706815,TRUE,38.59888201090764,Velavadar_LEK2,2015-11-01,2016-01-01,Nov15→Jan16
40.63365587960261,193643.01712972388,2441140.4122344726,193666.33628179203,2441173.688519376,TRUE,415.6410159363479,Velavadar_LEK2,2015-11-01,2016-01-01,Nov15→Jan16
40.99291059735872,193770.7368506203,2441122.652656201,193742.9651919983,2441152.804831854,TRUE,532.2227452392505,Velavadar_LEK2,2015-11-01,2016-01-01,Nov15→Jan16
59.78604422362544,193676.32116610717,2441015.214298813,193647.02826414054,2441067.3324048636,TRUE,422.1232192920192,Velavadar_LEK2,2015-11-01,2016-01-01,Nov15→Jan16
38.23610032573834,193311.6740466579,2441135.405603919,193278.49275405827,2441116.4055726156,TRUE,154.42751805035846,Velavadar_LEK2,2015-11-01,2016-01-01,Nov15→Jan16
41.35909035117904,193874.87048543352,2441388.0118809245,193901.72467120975,2441356.556721396,TRUE,735.8001327448885,Velavadar_LEK2,2015-11-01,2016-01-01,Nov15→Jan16
16.28722010293429,193262.35295088871,2441118.5919605796,193278.49275405827,2441116.4055726156,TRUE,126.99996415509281,Velavadar_LEK2,2015-11-01,2016-01-01,Nov15→Jan16
19.446951303567214,193486.4940452082,2441090.270535526,193505.0874726592,2441095.9686378967,TRUE,251.70225396371308,Velavadar_LEK2,2015-11-01,2016-01-01,Nov15→Jan16
61.75037059728828,193374.80603319663,2441020.3678690097,193340.5975232158,2441071.7768771094,TRUE,123.31051636161591,Velavadar_LEK2,2015-11-01,2016-01-01,Nov15→Jan16
62.0703428683524,193774.55111743623,2441206.23756319,193742.9651919983,2441152.804831854,TRUE,562.2008476051258,Velavadar_LEK2,2015-11-01,2016-01-01,Nov15→Jan16
46.57102736381139,193857.10337350378,2441369.890902314,193901.72467120975,2441356.556721396,TRUE,711.0941124944628,Velavadar_LEK2,2015-11-01,2016-01-01,Nov15→Jan16
15.217283270582838,193650.3088232993,2441422.2915897598,193652.3675824133,2441437.3689642344,TRUE,584.5519477845369,Velavadar_LEK2,2015-11-01,2016-01-01,Nov15→Jan16
76.54700530294123,193807.0646427838,2441370.827507009,193804.37272546068,2441294.3278494803,TRUE,669.7727382813013,Velavadar_LEK2,2015-11-01,2016-01-01,Nov15→Jan16
66.60847079473405,193534.64550877005,2440972.113574051,193560.03792335402,2441033.692090298,TRUE,280.4911570606932,Velavadar_LEK2,2015-11-01,2016-01-01,Nov15→Jan16
25.42199023002934,193671.91527796764,2441072.520287864,193647.02826414054,2441067.3324048636,TRUE,424.80515504402274,Velavadar_LEK2,2015-11-01,2016-01-01,Nov15→Jan16
57.49076483844383,193226.28578528823,2441073.6474584755,193254.7214945244,2441023.6814852343,TRUE,86.67445328289791,Velavadar_LEK2,2015-11-01,2016-01-01,Nov15→Jan16
26.364886523021305,193246.5366376191,2440990.5054610893,193228.78878410067,2440971.0087706815,TRUE,8.412792008646989,Velavadar_LEK2,2015-11-01,2016-01-01,Nov15→Jan16
54.3386840204881,193138.0162006571,2441070.3006932796,193104.38280060078,2441027.6218111278,FALSE,140.7466051310562,Velavadar_LEK2,2015-11-01,2016-01-01,Nov15→Jan16
43.670236553978974,193243.99938179762,2440923.493392641,193259.0916537695,2440964.4728129325,TRUE,69.17641652194433,Velavadar_LEK2,2015-11-01,2016-01-01,Nov15→Jan16
27.67180907713037,193566.0156880474,2441060.71051636,193560.03792335402,2441033.692090298,TRUE,318.7046553721246,Velavadar_LEK2,2015-11-01,2016-01-01,Nov15→Jan16
73.42656713294704,193594.65404993028,2440968.9372870647,193560.03792335402,2441033.692090298,TRUE,340.5761987080713,Velavadar_LEK2,2015-11-01,2016-01-01,Nov15→Jan16
17.066317340645348,193965.78998061627,2441156.7467148984,193961.599133797,2441173.2904747645,TRUE,729.823721863441,Velavadar_LEK2,2015-11-01,2016-01-01,Nov15→Jan16
22.198343608121448,193628.63591421547,2441079.7617219477,193647.02826414054,2441067.3324048636,TRUE,383.99599497217525,Velavadar_LEK2,2015-11-01,2016-01-01,Nov15→Jan16
73.75385244780944,193263.48770023152,2440890.8500886797,193259.0916537695,2440964.4728129325,TRUE,101.33297412398817,Velavadar_LEK2,2015-11-01,2016-01-01,Nov15→Jan16
62.97007342814622,193821.79778244387,2441354.8389851223,193804.37272546068,2441294.3278494803,TRUE,673.2163735822846,Velavadar_LEK2,2015-11-01,2016-01-01,Nov15→Jan16
34.233932417726805,193460.67194435658,2441046.1237150338,193490.24260312237,2441028.8744173977,TRUE,212.86952899043476,Velavadar_LEK2,2015-11-01,2016-01-01,Nov15→Jan16
36.286473983403454,193651.30912357906,2441031.299330659,193647.02826414054,2441067.3324048636,TRUE,398.4234864122854,Velavadar_LEK2,2015-11-01,2016-01-01,Nov15→Jan16
30.55075546298546,193660.48093881307,2441466.8226924753,193652.3675824133,2441437.3689642344,TRUE,624.6375912639239,Velavadar_LEK2,2015-11-01,2016-01-01,Nov15→Jan16
70.67738502506258,193789.30559378729,2441363.380541659,193804.37272546068,2441294.3278494803,TRUE,650.9282926747824,Velavadar_LEK2,2015-11-01,2016-01-01,Nov15→Jan16
59.58494717140836,193433.04022223677,2441045.5553511376,193490.24260312237,2441028.8744173977,TRUE,186.12077541923725,Velavadar_LEK2,2015-11-01,2016-01-01,Nov15→Jan16
84.59842986878185,193212.80458856752,2440887.9341064966,193228.78878410067,2440971.0087706815,TRUE,112.06515661107541,Velavadar_LEK2,2015-11-01,2016-01-01,Nov15→Jan16
67.23205429957319,193657.33329121725,2441000.8947984776,193647.02826414054,2441067.3324048636,TRUE,402.58867663875924,Velavadar_LEK2,2015-11-01,2016-01-01,Nov15→Jan16
40.30376106068152,193242.9357128635,2441135.3816095334,193278.49275405827,2441116.4055726156,TRUE,144.0608874469683,Velavadar_LEK2,2015-11-01,2016-01-01,Nov15→Jan16
73.42045235793849,193573.02500547338,2441123.8084378163,193505.0874726592,2441095.9686378967,TRUE,344.47024491857576,Velavadar_LEK2,2015-11-01,2016-01-01,Nov15→Jan16
23.891294521521285,193721.04351879066,2441216.7089620307,193703.98894150904,2441199.9776934697,TRUE,517.6068985851955,Velavadar_LEK2,2015-11-01,2016-01-01,Nov15→Jan16
4.329541580769501,193806.11944947834,2441298.289400377,193804.37272546068,2441294.3278494803,TRUE,630.7364279847683,Velavadar_LEK2,2015-11-01,2016-01-01,Nov15→Jan16
69.68483857166768,193968.6388510176,2441406.573157886,194038.30840581312,2441405.1137534343,TRUE,825.5446142271879,Velavadar_LEK2,2015-11-01,2016-01-01,Nov15→Jan16
30.025025064417136,193724.75208934053,2441221.6662577894,193703.98894150904,2441199.9776934697,TRUE,523.1087998824619,Velavadar_LEK2,2015-11-01,2016-01-01,Nov15→Jan16
64.69088806430331,193316.5158350418,2440994.261643117,193259.0916537695,2440964.4728129325,TRUE,61.717348692677646,Velavadar_LEK2,2015-11-01,2016-01-01,Nov15→Jan16
62.179410974558664,193780.23182654363,2441202.579093263,193742.9651919983,2441152.804831854,TRUE,566.0840034166978,Velavadar_LEK2,2015-11-01,2016-01-01,Nov15→Jan16
32.308608423868,193753.4896895977,2441481.478241123,193774.6812774203,2441457.0904822294,TRUE,698.8673433307656,Velavadar_LEK2,2015-11-01,2016-01-01,Nov15→Jan16
58.33465402816235,193334.04353371728,2441134.2112666448,193278.49275405827,2441116.4055726156,FALSE,162.93884447757316,Velavadar_LEK2,2015-11-01,2016-01-01,Nov15→Jan16
28.675019814879736,194009.73829098084,2441402.663182102,194038.30840581312,2441405.1137534343,TRUE,859.4520653775419,Velavadar_LEK2,2015-11-01,2016-01-01,Nov15→Jan16
55.30819331056925,193187.54832374703,2440934.1547250813,193228.78878410067,2440971.0087706815,TRUE,88.62115386172142,Velavadar_LEK2,2015-11-01,2016-01-01,Nov15→Jan16
23.268750830658604,193301.23588169852,2441121.323388224,193278.49275405827,2441116.4055726156,FALSE,137.56673696996938,Velavadar_LEK2,2015-11-01,2016-01-01,Nov15→Jan16
48.63416536849542,193553.9733465765,2440985.4375262694,193560.03792335402,2441033.692090298,TRUE,299.1942613775518,Velavadar_LEK2,2015-11-01,2016-01-01,Nov15→Jan16
51.963798974506005,193643.8313351745,2441119.1977695017,193647.02826414054,2441067.3324048636,TRUE,409.31089254084765,Velavadar_LEK2,2015-11-01,2016-01-01,Nov15→Jan16
34.2235230320672,193202.30550504188,2440949.3319291444,193228.78878410067,2440971.0087706815,FALSE,67.56729266806964,Velavadar_LEK2,2015-11-01,2016-01-01,Nov15→Jan16
33.80156675323523,193625.3110977847,2441041.430462843,193647.02826414054,2441067.3324048636,FALSE,373.77187038950166,Velavadar_LEK2,2015-11-01,2016-01-01,Nov15→Jan16
32.83359168250872,193633.62226825533,2441097.304458799,193647.02826414054,2441067.3324048636,FALSE,393.1906794758215,Velavadar_LEK2,2015-11-01,2016-01-01,Nov15→Jan16
82.86617924803778,193588.34035921638,2441145.6985260793,193666.33628179203,2441173.688519376,TRUE,367.2849598930542,Velavadar_LEK2,2015-11-01,2016-01-01,Nov15→Jan16
17.59589142660574,193919.27340417774,2441355.269333997,193901.72467120975,2441356.556721396,TRUE,757.3388769278349,Velavadar_LEK2,2015-11-01,2016-01-01,Nov15→Jan16
71.97432615364643,193108.83988694992,2440955.7856224305,193104.38280060078,2441027.6218111278,TRUE,150.38661100651444,Velavadar_LEK2,2015-11-01,2016-01-01,Nov15→Jan16
32.76503589057763,193743.6517325095,2441467.6125979642,193774.6812774203,2441457.0904822294,TRUE,682.139528033122,Velavadar_LEK2,2015-11-01,2016-01-01,Nov15→Jan16
52.58874436865622,193453.98631343833,2441083.548993757,193505.0874726592,2441095.9686378967,TRUE,219.25272988902697,Velavadar_LEK2,2015-11-01,2016-01-01,Nov15→Jan16
38.289091620767806,193543.3763929605,2441095.8540983666,193505.0874726592,2441095.9686378967,TRUE,306.7140846982306,Velavadar_LEK2,2015-11-01,2016-01-01,Nov15→Jan16
68.30465247650802,193598.3289368643,2441167.3224699087,193666.33628179203,2441173.688519376,TRUE,385.72404262018557,Velavadar_LEK2,2015-11-01,2016-01-01,Nov15→Jan16
21.597643210577424,193673.17005501714,2441153.200529339,193666.33628179203,2441173.688519376,TRUE,448.3745722720752,Velavadar_LEK2,2015-11-01,2016-01-01,Nov15→Jan16
45.88377952907871,193614.77891673203,2441034.693458563,193647.02826414054,2441067.3324048636,TRUE,362.4770384813742,Velavadar_LEK2,2015-11-01,2016-01-01,Nov15→Jan16
14.991025000595833,193770.19793467372,2441471.395392868,193774.6812774203,2441457.0904822294,TRUE,703.97788279218,Velavadar_LEK2,2015-11-01,2016-01-01,Nov15→Jan16
33.50193539267855,193837.87445948346,2441294.2116921637,193804.37272546068,2441294.3278494803,TRUE,656.7840871239171,Velavadar_LEK2,2015-11-01,2016-01-01,Nov15→Jan16
62.16317170126277,193337.5001388986,2441135.9603277985,193278.49275405827,2441116.4055726156,TRUE,166.16166662513808,Velavadar_LEK2,2015-11-01,2016-01-01,Nov15→Jan16
35.59721323884268,193561.3736387622,2440998.119945933,193560.03792335402,2441033.692090298,TRUE,306.5914547373064,Velavadar_LEK2,2015-11-01,2016-01-01,Nov15→Jan16
79.76717562700418,193805.42909312953,2441214.567668971,193804.37272546068,2441294.3278494803,TRUE,593.9358507099404,Velavadar_LEK2,2015-11-01,2016-01-01,Nov15→Jan16
46.6892458194042,193537.93886776917,2441129.145007718,193505.0874726592,2441095.9686378967,TRUE,314.64390832913966,Velavadar_LEK2,2015-11-01,2016-01-01,Nov15→Jan16
21.653978679602048,193276.34242196413,2441024.877432266,193254.7214945244,2441023.6814852343,TRUE,39.43655912572201,Velavadar_LEK2,2015-11-01,2016-01-01,Nov15→Jan16
2.1339652777694478,193340.96260686094,2441069.674373426,193340.5975232158,2441071.7768771094,TRUE,116.09534441986023,Velavadar_LEK2,2015-11-01,2016-01-01,Nov15→Jan16
38.7731718068482,193874.8053268206,2441384.4620569004,193901.72467120975,2441356.556721396,TRUE,733.8397478813492,Velavadar_LEK2,2015-11-01,2016-01-01,Nov15→Jan16
61.00932452618707,193747.61240478596,2441242.628966966,193703.98894150904,2441199.9776934697,TRUE,552.9248169511617,Velavadar_LEK2,2015-11-01,2016-01-01,Nov15→Jan16
53.017143970612885,193292.56188034557,2440923.356374763,193259.0916537695,2440964.4728129325,TRUE,78.15916490669278,Velavadar_LEK2,2015-11-01,2016-01-01,Nov15→Jan16
70.65502953403667,193704.20847080016,2441485.3757917667,193652.3675824133,2441437.3689642344,TRUE,667.4795430981711,Velavadar_LEK2,2015-11-01,2016-01-01,Nov15→Jan16
82.18085004764173,193341.26958042846,2440963.779642978,193259.0916537695,2440964.4728129325,TRUE,90.85582141824221,Velavadar_LEK2,2015-11-01,2016-01-01,Nov15→Jan16
41.12606091103191,194004.3656837661,2441428.3353921813,194038.30840581312,2441405.1137534343,TRUE,867.3690822385416,Velavadar_LEK2,2015-11-01,2016-01-01,Nov15→Jan16
46.78749290825863,193274.1243872467,2441162.9886904163,193278.49275405827,2441116.4055726156,TRUE,172.25676173576116,Velavadar_LEK2,2015-11-01,2016-01-01,Nov15→Jan16
56.37532337540116,193692.81188500504,2441255.2339193053,193703.98894150904,2441199.9776934697,TRUE,511.0804832561105,Velavadar_LEK2,2015-11-01,2016-01-01,Nov15→Jan16
53.81132563261039,193677.60129552582,2441023.049806495,193647.02826414054,2441067.3324048636,TRUE,423.9066353929493,Velavadar_LEK2,2015-11-01,2016-01-01,Nov15→Jan16
58.49936263029528,193710.86136112126,2441436.5607064688,193652.3675824133,2441437.3689642344,TRUE,636.984062818627,Velavadar_LEK2,2015-11-01,2016-01-01,Nov15→Jan16
64.36064799470682,193608.71002378454,2440991.58128824,193560.03792335402,2441033.692090298,FALSE,353.86305927251834,Velavadar_LEK2,2015-11-01,2016-01-01,Nov15→Jan16
18.186700649544008,193919.42872154416,2441360.718774047,193901.72467120975,2441356.556721396,FALSE,760.1049566207313,Velavadar_LEK2,2015-11-01,2016-01-01,Nov15→Jan16
42.22615326946918,193791.26430817036,2441334.4678222765,193804.37272546068,2441294.3278494803,FALSE,636.5179721775723,Velavadar_LEK2,2015-11-01,2016-01-01,Nov15→Jan16
54.93487903869269,193227.626685972,2441137.153682227,193278.49275405827,2441116.4055726156,FALSE,147.86673736279337,Velavadar_LEK2,2015-11-01,2016-01-01,Nov15→Jan16
77.08726582172774,193414.10052223495,2441040.908953949,193490.24260312237,2441028.8744173977,FALSE,166.64929083920674,Velavadar_LEK2,2015-11-01,2016-01-01,Nov15→Jan16
44.488753924206,193317.94437847435,2441136.968124905,193278.49275405827,2441116.4055726156,FALSE,158.27506129336805,Velavadar_LEK2,2015-11-01,2016-01-01,Nov15→Jan16
49.71494852222732,193303.68154518603,2441015.0507526016,193254.7214945244,2441023.6814852343,FALSE,54.08100994857107,Velavadar_LEK2,2015-11-01,2016-01-01,Nov15→Jan16
76.88769288526095,193333.9053761926,2440946.7351621743,193259.0916537695,2440964.4728129325,FALSE,91.00726152376276,Velavadar_LEK2,2015-11-01,2016-01-01,Nov15→Jan16
78.16155165144731,193396.0676163963,2441016.7105814368,193340.5975232158,2441071.7768771094,FALSE,143.39836420170633,Velavadar_LEK2,2015-11-01,2016-01-01,Nov15→Jan16
25.270664350251298,193674.03909389628,2441450.367120517,193652.3675824133,2441437.3689642344,TRUE,621.2833048331743,Velavadar_LEK2,2015-11-01,2016-01-01,Nov15→Jan16
72.99991503663175,193165.72063654507,2440934.247427408,193228.78878410067,2440971.0087706815,FALSE,106.10101713329136,Velavadar_LEK2,2015-11-01,2016-01-01,Nov15→Jan16
19.09990913965231,193325.90720450075,2441016.340138899,193319.21974799444,2440998.4492346565,TRUE,247.21223182052807,Velavadar_LEK2,2016-01-01,2016-11-01,Jan16→Nov16
31.83914293615136,193286.15365750514,2441078.823509438,193258.62240774615,2441062.830970252,TRUE,284.62431856139597,Velavadar_LEK2,2016-01-01,2016-11-01,Jan16→Nov16
20.0694729546693,193162.4150454686,2441096.663356966,193181.7754930266,2441101.9507774175,FALSE,409.46598560760407,Velavadar_LEK2,2016-01-01,2016-11-01,Jan16→Nov16
14.188052587731258,193282.9322676007,2440969.4277754123,193269.1992819003,2440972.992314651,FALSE,299.78928425302126,Velavadar_LEK2,2016-01-01,2016-11-01,Jan16→Nov16
19.90356253267616,193276.8754613994,2441054.8951127795,193258.62240774615,2441062.830970252,TRUE,293.00743532146157,Velavadar_LEK2,2016-01-01,2016-11-01,Jan16→Nov16
9.706407959957087,193650.27183496076,2441015.3609110587,193658.9525257746,2441011.0181052284,TRUE,90.1841816739175,Velavadar_LEK2,2016-01-01,2016-11-01,Jan16→Nov16
41.05353056868027,193593.29841936906,2440983.7572992444,193587.17685078125,2441024.351865016,TRUE,76.16285934846739,Velavadar_LEK2,2016-01-01,2016-11-01,Jan16→Nov16
29.95054507478179,193689.75076991867,2441079.6515292167,193665.51976616296,2441062.047733965,TRUE,122.13756685146726,Velavadar_LEK2,2016-01-01,2016-11-01,Jan16→Nov16
50.78374130771334,193661.90894150067,2440960.320491998,193658.9525257746,2441011.0181052284,TRUE,132.92127563245424,Velavadar_LEK2,2016-01-01,2016-11-01,Jan16→Nov16
18.09651313690012,193382.46633396007,2440986.653440174,193399.8229529863,2440981.5317643066,TRUE,199.91193663746498,Velavadar_LEK2,2016-01-01,2016-11-01,Jan16→Nov16
16.131667204092548,193380.98524438834,2441025.7778045763,193392.0957029598,2441014.082147386,FALSE,191.33356949770933,Velavadar_LEK2,2016-01-01,2016-11-01,Jan16→Nov16
56.81944581102127,193722.33302568932,2441062.8861636054,193665.51976616296,2441062.047733965,FALSE,152.5983898145049,Velavadar_LEK2,2016-01-01,2016-11-01,Jan16→Nov16
5.528639183063741,193603.09589021327,2441108.4157190416,193603.49878066854,2441102.9017793885,FALSE,61.859610568385996,Velavadar_LEK2,2016-01-01,2016-11-01,Jan16→Nov16
39.54144538717078,193359.16588792662,2440934.7965181894,193358.84121530474,2440974.3366306196,FALSE,243.20066999152195,Velavadar_LEK2,2016-01-01,2016-11-01,Jan16→Nov16
2.136083112772676,193559.78928266163,2441033.282529883,193558.58799979166,2441031.5162426666,FALSE,25.068404109765154,Velavadar_LEK2,2016-01-01,2016-11-01,Jan16→Nov16
25.390230917154415,193281.43349565388,2441138.773583304,193278.04948085808,2441113.6098739216,FALSE,300.02446061336144,Velavadar_LEK2,2016-01-01,2016-11-01,Jan16→Nov16
43.07030206395497,193557.17951804656,2440984.1874844655,193519.70392588055,2441005.4155534236,FALSE,73.15382297286119,Velavadar_LEK2,2016-01-01,2016-11-01,Jan16→Nov16
8.131690331151372,193643.05720715044,2441025.155055899,193643.52076974564,2441033.2735223407,FALSE,79.50221823107204,Velavadar_LEK2,2016-01-01,2016-11-01,Jan16→Nov16
29.854757460342423,193353.5897496661,2440944.9473697976,193358.84121530474,2440974.3366306196,FALSE,243.23923317062602,Velavadar_LEK2,2016-01-01,2016-11-01,Jan16→Nov16
10.109520481425857,193275.58065117398,2441005.925955343,193269.25851416815,2440998.0371665866,FALSE,298.5675118016885,Velavadar_LEK2,2016-01-01,2016-11-01,Jan16→Nov16
28.322166971865286,193169.6201703664,2441008.458215294,193178.3344994181,2441035.4064176674,FALSE,403.1004801567347,Velavadar_LEK2,2016-01-01,2016-11-01,Jan16→Nov16
19.728249854354296,193372.42616496768,2441097.7011837168,193356.8714162105,2441109.8359945277,FALSE,201.76170183064923,Velavadar_LEK2,2016-01-01,2016-11-01,Jan16→Nov16
26.398048282086556,193247.1730949622,2441146.829746825,193221.2281458811,2441151.699712973,FALSE,335.1833707296261,Velavadar_LEK2,2016-01-01,2016-11-01,Jan16→Nov16
19.01808637611408,193218.29001210604,2441170.4894702714,193221.2281458811,2441151.699712973,FALSE,369.6898018353292,Velavadar_LEK2,2016-01-01,2016-11-01,Jan16→Nov16
23.731379179689572,193663.07773342027,2440987.648017089,193658.9525257746,2441011.0181052284,FALSE,115.71252949944835,Velavadar_LEK2,2016-01-01,2016-11-01,Jan16→Nov16
3.2948906425435593,193648.59171155782,2441160.2929674615,193646.47078065923,2441162.8144663153,FALSE,130.4782439360805,Velavadar_LEK2,2016-01-01,2016-11-01,Jan16→Nov16
48.758137090608834,193133.01790970445,2441102.1831588503,193181.7754930266,2441101.9507774175,FALSE,439.2721405585804,Velavadar_LEK2,2016-01-01,2016-11-01,Jan16→Nov16
20.535338631380686,193286.99877262185,2440987.6938903793,193269.25851416815,2440998.0371665866,FALSE,291.0652176458157,Velavadar_LEK2,2016-01-01,2016-11-01,Jan16→Nov16
32.24947403222318,193253.00695398886,2441166.0870115906,193235.86909982987,2441193.4059158545,FALSE,335.37577056557785,Velavadar_LEK2,2016-01-01,2016-11-01,Jan16→Nov16
18.76069882035675,193426.90351626155,2441072.8384871525,193444.3448298553,2441065.9273077776,FALSE,143.93769960158355,Velavadar_LEK2,2016-01-01,2016-11-01,Jan16→Nov16
8.817569578994544,193655.06698433138,2441103.650602486,193655.65311352455,2441094.8525353204,FALSE,97.49626510617635,Velavadar_LEK2,2016-01-01,2016-11-01,Jan16→Nov16
44.849123373508306,193511.31939731442,2440940.0500883,193480.5839400913,2440972.711618219,FALSE,130.1045522116708,Velavadar_LEK2,2016-01-01,2016-11-01,Jan16→Nov16
22.49569559054273,193531.1487916566,2440986.04879408,193519.70392588055,2441005.4155534236,FALSE,80.15955692381294,Velavadar_LEK2,2016-01-01,2016-11-01,Jan16→Nov16
26.109521148425806,193318.04455189497,2441085.6426087874,193318.37316497276,2441059.5351556744,FALSE,253.5470307462182,Velavadar_LEK2,2016-01-01,2016-11-01,Jan16→Nov16
9.25496211428775,193486.89582728586,2441008.9313795604,193495.8091188022,2441011.422876717,FALSE,95.51726068849716,Velavadar_LEK2,2016-01-01,2016-11-01,Jan16→Nov16
46.84230693383727,193396.45098376027,2441067.083316203,193423.46940044314,2441028.818359927,FALSE,173.76811735865894,Velavadar_LEK2,2016-01-01,2016-11-01,Jan16→Nov16
12.292110270031449,193452.16484182695,2441024.235501629,193463.35584977287,2441029.320510581,FALSE,121.98564810449267,Velavadar_LEK2,2016-01-01,2016-11-01,Jan16→Nov16
11.264394061875443,193676.7420489134,2441063.020844159,193665.51976616296,2441062.047733965,FALSE,107.07772254236973,Velavadar_LEK2,2016-01-01,2016-11-01,Jan16→Nov16
14.574211700335612,193195.35213338822,2441179.379291306,193204.09344038577,2441191.0410749884,FALSE,394.2545627655428,Velavadar_LEK2,2016-01-01,2016-11-01,Jan16→Nov16
22.121073258520372,193466.46588993433,2441065.951455016,193444.3448298553,2441065.9273077776,FALSE,103.86985450810381,Velavadar_LEK2,2016-01-01,2016-11-01,Jan16→Nov16
60.47211477249766,193471.0070015133,2441142.5794624384,193496.00444744132,2441087.5158232367,FALSE,131.27071127979755,Velavadar_LEK2,2016-01-01,2016-11-01,Jan16→Nov16
53.734027622760195,193517.00833313528,2441147.435946348,193520.99699386308,2441093.850161758,FALSE,105.422233825042,Velavadar_LEK2,2016-01-01,2016-11-01,Jan16→Nov16
6.634643084451065,193513.11692111526,2441006.2091887807,193519.70392588055,2441005.4155534236,FALSE,75.658134016487793,Velavadar_LEK2,2016-01-01,2016-11-01,Jan16→Nov16
34.41971141342167,193555.04740849067,2441135.663534487,193561.2427358132,2441101.8059732467,FALSE,80.8060797900771,Velavadar_LEK2,2016-01-01,2016-11-01,Jan16→Nov16
68.6135893508101,193546.10402014735,2440936.2750706687,193501.3617147212,2440988.2938244864,FALSE,122.2888955741457,Velavadar_LEK2,2016-01-01,2016-11-01,Jan16→Nov16
43.730394307573796,193489.19218175486,2440929.8368521933,193480.5839400913,2440972.711618219,FALSE,149.95276657149174,Velavadar_LEK2,2016-01-01,2016-11-01,Jan16→Nov16
64.05903468781989,193587.068862517,2440960.2929213494,193587.17685078125,2441024.351865016,FALSE,97.46519354774762,Velavadar_LEK2,2016-01-01,2016-11-01,Jan16→Nov16
22.27136434906927,193637.30837847287,2440995.458369638,193635.49876335805,2441017.6560939155,FALSE,90.77360258667674,Velavadar_LEK2,2016-01-01,2016-11-01,Jan16→Nov16
37.11577111381048,193264.11640250406,2440926.7059531473,193258.50707430352,2440963.395405344,FALSE,332.0660680244677,Velavadar_LEK2,2016-01-01,2016-11-01,Jan16→Nov16
28.98608221511962,193343.85966109548,2441073.3420915245,193318.37316497276,2441059.5351556744,FALSE,226.66701843163202,Velavadar_LEK2,2016-01-01,2016-11-01,Jan16→Nov16
9.230136207662376,193636.14221047403,2441027.728048737,193643.52076974564,2441033.2735223407,TRUE,72.13240974438308,Velavadar_LEK2,2016-01-01,2016-11-01,Jan16→Nov16
5.944416947518419,193605.70553113348,2441074.3254373455,193602.39547335292,2441079.263008645,FALSE,40.136132230481564,Velavadar_LEK2,2016-01-01,2016-11-01,Jan16→Nov16
42.97552697989961,193573.59086555612,2441142.9693017206,193561.2427358132,2441101.8059732467,FALSE,86.81823972984367,Velavadar_LEK2,2016-01-01,2016-11-01,Jan16→Nov16
3.6471466663761394,193653.24698619553,2441063.297396316,193651.33392864867,2441060.1922570877,FALSE,83.66612813124975,Velavadar_LEK2,2016-01-01,2016-11-01,Jan16→Nov16
9.761195764661593,193479.05844998706,2441023.0962000364,193478.86080954486,2441032.855394727,FALSE,96.67679859071876,Velavadar_LEK2,2016-01-01,2016-11-01,Jan16→Nov16
16.81457159806006,193539.71216540763,2441103.8398441533,193544.8916759835,2441087.8428916866,FALSE,56.362643251819314,Velavadar_LEK2,2016-01-01,2016-11-01,Jan16→Nov16
23.9528361165824,193573.95156740712,2441122.1092724255,193561.2427358132,2441101.8059732467,FALSE,66.00456966811412,Velavadar_LEK2,2016-01-01,2016-11-01,Jan16→Nov16
31.209288237098523,193163.7503816061,2441076.47304144,193181.7754930266,2441101.9507774175,FALSE,406.63363424224366,Velavadar_LEK2,2016-01-01,2016-11-01,Jan16→Nov16
1.0245535012831892,193629.35490228952,2441035.3899276447,193629.60727044655,2441034.3969421512,FALSE,63.020687955454186,Velavadar_LEK2,2016-01-01,2016-11-01,Jan16→Nov16
26.2570286895368,193307.8781959021,2441129.2399507714,193319.9709676272,2441152.5465255436,FALSE,271.98393660404224,Velavadar_LEK2,2016-01-01,2016-11-01,Jan16→Nov16
63.228637383072424,193323.3149900836,2440898.909924027,193294.58025914303,2440955.231996282,FALSE,292.479004060958,Velavadar_LEK2,2016-01-01,2016-11-01,Jan16→Nov16
5.214734954501576,193560.27691424804,2441041.4413876473,193557.14730255882,2441045.6125974623,FALSE,17.633254622506673,Velavadar_LEK2,2016-01-01,2016-11-01,Jan16→Nov16
51.832002929433685,193512.46857083926,2441144.9757182673,193520.99699386308,2441093.850161758,FALSE,105.69666496827583,Velavadar_LEK2,2016-01-01,2016-11-01,Jan16→Nov16
36.288772723468725,193998.46423399323,2441354.818079077,193962.34683697572,2441358.340671653,TRUE,83.78688898781184,Velavadar_LEK2,2016-11-01,2018-10-01,Nov16→Oct18
21.270337386995603,194743.79429258,2441563.9956825976,194739.05742972094,2441584.731867946,TRUE,853.3417349007374,Velavadar_LEK2,2016-11-01,2018-10-01,Nov16→Oct18
26.259284384207554,193834.35988851645,2441378.232898465,193853.2177878277,2441359.959156376,TRUE,82.35046731277698,Velavadar_LEK2,2016-11-01,2018-10-01,Nov16→Oct18
48.05750572405066,194140.07792290172,2441582.586518661,194106.14838766452,2441548.5525577543,TRUE,315.8145978050919,Velavadar_LEK2,2016-11-01,2018-10-01,Nov16→Oct18
26.092839800952223,193232.80039025602,2441038.984683595,193254.16633801308,2441024.006947941,TRUE,754.3620500114732,Velavadar_LEK2,2016-11-01,2018-10-01,Nov16→Oct18
35.39979750971557,193847.25638492935,2441478.216952762,193857.59742265835,2441512.0726554194,TRUE,135.22585516147953,Velavadar_LEK2,2016-11-01,2018-10-01,Nov16→Oct18
51.12880054311931,194022.41493734936,2441514.9887777255,194073.46872923936,2441512.2202801853,TRUE,187.6888930644708,Velavadar_LEK2,2016-11-01,2018-10-01,Nov16→Oct18
45.026357581687876,194053.94361254454,2441576.021007202,194087.89607661095,2441546.447318543,TRUE,255.9391097956828,Velavadar_LEK2,2016-11-01,2018-10-01,Nov16→Oct18
57.247420624717186,193991.19820264235,2441537.075918894,193943.327937357,2441505.679981741,TRUE,191.76624443603396,Velavadar_LEK2,2016-11-01,2018-10-01,Nov16→Oct18
34.85670440217567,193572.0160073559,2441119.0863039577,193603.9753305596,2441105.1725876266,TRUE,419.72339038325384,Velavadar_LEK2,2016-11-01,2018-10-01,Nov16→Oct18
28.78946324534826,193931.84864276706,2441251.89380795,193911.22712254507,2441231.804355551,TRUE,110.54551170403676,Velavadar_LEK2,2016-11-01,2018-10-01,Nov16→Oct18
14.395522502974986,193596.65794597223,2441092.7755335034,193603.9753305596,2441105.1725876266,TRUE,416.29885755386795,Velavadar_LEK2,2016-11-01,2018-10-01,Nov16→Oct18
16.87944582245393,194646.75680826837,2441525.5466347453,194631.77638589364,2441533.324978833,TRUE,750.0816839979004,Velavadar_LEK2,2016-11-01,2018-10-01,Nov16→Oct18
66.79879734920975,193801.38468174837,2441433.527788107,193867.31691154285,2441422.8030316234,TRUE,134.64791675362306,Velavadar_LEK2,2016-11-01,2018-10-01,Nov16→Oct18
44.847552997385904,194002.14998839685,2441266.942685479,193993.99493534473,2441311.04255078,TRUE,128.38206488621023,Velavadar_LEK2,2016-11-01,2018-10-01,Nov16→Oct18
16.807427730166136,194001.59139248752,2441456.678093229,194013.2042464079,2441444.527733122,TRUE,129.0007189077405,Velavadar_LEK2,2016-11-01,2018-10-01,Nov16→Oct18
21.28704683931325,193866.25817499385,2441381.6318377033,193880.7526414807,2441366.041815112,TRUE,52.79861096049724,Velavadar_LEK2,2016-11-01,2018-10-01,Nov16→Oct18
36.132748026367125,193973.46076337082,2441473.327373938,193938.19185679493,2441465.473730906,TRUE,126.5491725138535,Velavadar_LEK2,2016-11-01,2018-10-01,Nov16→Oct18
29.31970253395425,194019.17686684302,2441296.0253845127,193993.99493534473,2441311.04255078,TRUE,122.92113051188056,Velavadar_LEK2,2016-11-01,2018-10-01,Nov16→Oct18
53.28017053318906,194022.528699294,2441266.046985588,193993.99493534473,2441311.04255078,TRUE,143.60440570397847,Velavadar_LEK2,2016-11-01,2018-10-01,Nov16→Oct18
29.967500874882518,193363.03750919504,2441083.2281359616,193358.1002944252,2441112.7861301256,TRUE,617.9010753144062,Velavadar_LEK2,2016-11-01,2018-10-01,Nov16→Oct18
22.67858194074849,193547.2564138965,2441064.905004016,193549.86341804877,2441087.4332442535,TRUE,472.1498652442927,Velavadar_LEK2,2016-11-01,2018-10-01,Nov16→Oct18
33.26521296883979,193567.35912327055,2441115.7259057164,193549.86341804877,2441087.4332442535,TRUE,425.46580460758804,Velavadar_LEK2,2016-11-01,2018-10-01,Nov16→Oct18
37.560049699238576,194153.98591174633,2441520.2947650445,194121.2333626597,2441501.90923101,TRUE,287.20449982218656,Velavadar_LEK2,2016-11-01,2018-10-01,Nov16→Oct18
34.44207742966657,194148.36743174744,2441354.6185971303,194118.57642863976,2441337.3341292036,TRUE,233.54256266655338,Velavadar_LEK2,2016-11-01,2018-10-01,Nov16→Oct18
43.32763630274701,193940.45850161658,2441548.912497353,193943.327937357,2441505.679981741,FALSE,189.5070006080507,Velavadar_LEK2,2016-11-01,2018-10-01,Nov16→Oct18
12.591493089178666,193908.6929762499,2441444.214433084,193899.2176352386,2441435.9220503783,FALSE,83.3123828835411,Velavadar_LEK2,2016-11-01,2018-10-01,Nov16→Oct18
33.28687049818186,193348.00135708426,2441155.095666086,193347.95216376835,2441121.808831938,FALSE,603.1949028676586,Velavadar_LEK2,2016-11-01,2018-10-01,Nov16→Oct18
6.4981465497758295,193930.6244052265,2441467.3294750773,193937.1224166436,2441467.3713821834,FALSE,107.35024451092035,Velavadar_LEK2,2016-11-01,2018-10-01,Nov16→Oct18
28.636098666982207,193291.41678130755,2441060.7167772013,193262.8688710961,2441062.9624328795,TRUE,692.0996962526013,Velavadar_LEK2,2016-11-01,2018-10-01,Nov16→Oct18
34.19216702204472,194754.16410549913,2441647.3216510103,194732.3787223103,2441620.9682572065,TRUE,886.7021257404367,Velavadar_LEK2,2016-11-01,2018-10-01,Nov16→Oct18
26.060486446130056,193830.37276412567,2441295.5798712084,193804.63848742953,2441299.690340371,FALSE,106.98116149009937,Velavadar_LEK2,2016-11-01,2018-10-01,Nov16→Oct18
42.474238614646055,194010.68756899316,2441271.985964552,193993.99493534473,2441311.04255078,FALSE,130.84243773179836,Velavadar_LEK2,2016-11-01,2018-10-01,Nov16→Oct18
5.05002326407764,193871.31471265995,2441425.888533397,193867.31691154285,2441422.8030316234,TRUE,78.06473886024298,Velavadar_LEK2,2016-11-01,2018-10-01,Nov16→Oct18
36.66520871681721,194775.72148661438,2441584.441243855,194739.05742972094,2441584.731867946,TRUE,889.2987253435898,Velavadar_LEK2,2016-11-01,2018-10-01,Nov16→Oct18
20.826333415749268,194013.7939146868,2441413.191536606,194003.48030700383,2441395.0982875857,TRUE,111.74430459819425,Velavadar_LEK2,2016-11-01,2018-10-01,Nov16→Oct18
59.39836684868126,194012.4781726777,2441503.921662115,194013.2042464079,2441444.527733122,TRUE,172.9349976669516,Velavadar_LEK2,2016-11-01,2018-10-01,Nov16→Oct18
22.417346162354097,193812.77790401218,2441357.702102179,193791.11626211344,2441351.930561725,FALSE,102.1955548904499,Velavadar_LEK2,2016-11-01,2018-10-01,Nov16→Oct18
54.66310347554986,193347.88026265532,2441059.0869138166,193358.1002944252,2441112.7861301256,TRUE,642.4657203135168,Velavadar_LEK2,2016-11-01,2018-10-01,Nov16→Oct18
24.79033313136808,193634.6533784863,2441096.0031338274,193614.42763368844,2441110.337702678,FALSE,385.8002168418978,Velavadar_LEK2,2016-11-01,2018-10-01,Nov16→Oct18
27.655245990551396,193380.21315714595,2441129.394379073,193358.1002944252,2441112.7861301256,TRUE,582.7611163278626,Velavadar_LEK2,2016-11-01,2018-10-01,Nov16→Oct18
46.79572246706296,193307.316517501,2441048.3252757005,193262.8688710961,2441062.9624328795,TRUE,683.393489153505,Velavadar_LEK2,2016-11-01,2018-10-01,Nov16→Oct18
53.511657472889674,193862.04456955908,2441210.7194328033,193911.22712254507,2441231.804355551,TRUE,159.4369503606144,Velavadar_LEK2,2016-11-01,2018-10-01,Nov16→Oct18
49.30343895903414,193211.17875774688,2441048.1502086166,193254.16633801308,2441024.006947941,FALSE,770.1981251623514,Velavadar_LEK2,2016-11-01,2018-10-01,Nov16→Oct18
13.786340127853942,194792.8037607935,2441650.3053217568,194805.91382606816,2441646.040422858,FALSE,924.2872339994582,Velavadar_LEK2,2016-11-01,2018-10-01,Nov16→Oct18
44.889895660328904,193867.6908375463,2441468.3322197986,193857.59742265835,2441512.0726554194,FALSE,117.13875815623572,Velavadar_LEK2,2016-11-01,2018-10-01,Nov16→Oct18
16.955495001895684,194007.0677552753,2441460.333816993,194013.2042464079,2441444.527733122,TRUE,135.39732040000123,Velavadar_LEK2,2016-11-01,2018-10-01,Nov16→Oct18
38.99686699284316,194781.9828292427,2441615.2497907407,194805.91382606816,2441646.040422858,TRUE,903.5373198286961,Velavadar_LEK2,2016-11-01,2018-10-01,Nov16→Oct18
72.67386656559414,194191.7586021512,2441519.45008265,194121.2333626597,2441501.90923101,TRUE,318.9132770594418,Velavadar_LEK2,2016-11-01,2018-10-01,Nov16→Oct18
20.07434130116884,193952.0232549368,2441464.8909410257,193936.17983684037,2441452.5635211132,TRUE,143.60495430142453,Velavadar_LEK2,2018-10-01,2018-11-01,Oct18→Nov18
41.131296757623645,193715.33731517883,2441375.246865462,193720.64555815601,2441334.459537412,TRUE,189.7890902397752,Velavadar_LEK2,2018-10-01,2018-11-01,Oct18→Nov18
28.280685110505512,194049.21817950925,2441467.098723859,194052.46259402653,2441495.192689844,TRUE,201.9763713607165,Velavadar_LEK2,2018-10-01,2018-11-01,Oct18→Nov18
31.27647015128813,193796.28141315718,2441352.611753877,193774.50786954438,2441330.158905869,TRUE,105.84727178174279,Velavadar_LEK2,2018-10-01,2018-11-01,Oct18→Nov18
27.77942428772864,193992.43246256915,2441504.4807531894,193989.81404126703,2441532.136499132,TRUE,196.54414646974567,Velavadar_LEK2,2018-10-01,2018-11-01,Oct18→Nov18
19.838380759573322,193808.80063698214,2441279.2538993843,193805.77194948384,2441298.8597251307,TRUE,104.81882882300788,Velavadar_LEK2,2018-10-01,2018-11-01,Oct18→Nov18
31.185073335022874,194025.63003486244,2441511.083648519,194052.46259402653,2441495.192689844,TRUE,219.56323957352393,Velavadar_LEK2,2018-10-01,2018-11-01,Oct18→Nov18
20.87070826328813,193898.32229970046,2441231.355222944,193894.40281135647,2441251.854590606,TRUE,99.73126396126064,Velavadar_LEK2,2018-10-01,2018-11-01,Oct18→Nov18
12.226183346336065,193868.0605722684,2441326.6433778843,193879.1281354506,2441331.8384336517,TRUE,32.16028543083386,Velavadar_LEK2,2018-10-01,2018-11-01,Oct18→Nov18
26.513331763946624,193822.58181085857,2441383.954402497,193845.70038403576,2441370.9740968198,TRUE,93.68384681967287,Velavadar_LEK2,2018-10-01,2018-11-01,Oct18→Nov18
28.03388516490795,193693.82461638318,2441342.616485362,193720.64555815601,2441334.459537412,TRUE,206.41260313265624,Velavadar_LEK2,2018-10-01,2018-11-01,Oct18→Nov18
34.090624831328356,193868.17345671274,2441195.252705864,193843.19564308232,2441218.453557737,TRUE,139.48061173476296,Velavadar_LEK2,2018-10-01,2018-11-01,Oct18→Nov18
11.527103066652053,193961.66438699423,2441186.579655359,193950.2738041086,2441184.8108346686,TRUE,157.13571905203122,Velavadar_LEK2,2018-10-01,2018-11-01,Oct18→Nov18
43.45503933633434,193771.66304131405,2441210.8631138494,193755.82190906449,2441251.327900674,TRUE,175.781033530713,Velavadar_LEK2,2018-10-01,2018-11-01,Oct18→Nov18
25.08939080772232,193865.12448583302,2441447.676717297,193866.84875079338,2441422.646646553,TRUE,121.68225461384304,Velavadar_LEK2,2018-10-01,2018-11-01,Oct18→Nov18
4.18408687967355,193931.01879408487,2441427.696108107,193927.83975658537,2441430.4164580097,TRUE,101.50550759568367,Velavadar_LEK2,2018-10-01,2018-11-01,Oct18→Nov18
30.22495472324701,193929.24656488016,2441481.982522251,193936.17983684037,2441452.5635211132,TRUE,153.73299630056445,Velavadar_LEK2,2018-10-01,2018-11-01,Oct18→Nov18
18.250033145105956,193791.01335899165,2441288.1243762085,193805.77194948384,2441298.8597251307,TRUE,117.06430277152417,Velavadar_LEK2,2018-10-01,2018-11-01,Oct18→Nov18
9.606780937514367,193880.64168567676,2441356.0455147335,193880.81238380616,2441365.650779026,TRUE,31.54391304232309,Velavadar_LEK2,2018-10-01,2018-11-01,Oct18→Nov18
25.764884021040565,193751.96801163958,2441225.8528791186,193755.82190906449,2441251.327900674,TRUE,181.5475738400194,Velavadar_LEK2,2018-10-01,2018-11-01,Oct18→Nov18
11.629318391121862,194018.7340490373,2441364.27882958,194029.85862366454,2441367.667765343,TRUE,123.37230136438923,Velavadar_LEK2,2018-10-01,2018-11-01,Oct18→Nov18
23.124383626421377,193868.0963090462,2441399.555940273,193866.84875079338,2441422.646646553,TRUE,75.51282173106163,Velavadar_LEK2,2018-10-01,2018-11-01,Oct18→Nov18
40.04180200628602,194069.8676368578,2441308.592186006,194029.92410663067,2441305.7885631877,TRUE,171.43390189499783,Velavadar_LEK2,2018-10-01,2018-11-01,Oct18→Nov18
35.48526047170022,193685.17408042072,2441333.4706097003,193720.64555815601,2441334.459537412,TRUE,214.75352496755386,Velavadar_LEK2,2018-10-01,2018-11-01,Oct18→Nov18
10.013125417583383,194043.10880985312,2441397.447842438,194038.84895291209,2441406.5096468646,TRUE,157.82966723938608,Velavadar_LEK2,2018-10-01,2018-11-01,Oct18→Nov18
3.0933114427117707,193934.30913863768,2441303.4911543867,193937.33696525887,2441302.8580338345,TRUE,44.088672471047694,Velavadar_LEK2,2018-10-01,2018-11-01,Oct18→Nov18
34.8549925954734,193984.32602046672,2441223.5674420926,194000.7102299626,2441254.3315151003,TRUE,136.685636690381,Velavadar_LEK2,2018-10-01,2018-11-01,Oct18→Nov18
17.84844536338633,194047.3479585975,2441364.105439489,194029.85862366454,2441367.667765343,TRUE,151.0886988047314,Velavadar_LEK2,2018-10-01,2018-11-01,Oct18→Nov18
29.578270040502286,193979.1798646559,2441178.5407691007,193950.2738041086,2441184.8108346686,TRUE,171.89927438077143,Velavadar_LEK2,2018-10-01,2018-11-01,Oct18→Nov18
31.154200080840393,193762.0525772438,2441294.272041807,193731.00437066413,2441291.7043481213,FALSE,142.6891838823364,Velavadar_LEK2,2018-10-01,2018-11-01,Oct18→Nov18
36.57677874576201,193656.5210646974,2441335.451183817,193637.8860017591,2441366.924905756,FALSE,243.4325253741272,Velavadar_LEK2,2018-10-01,2018-11-01,Oct18→Nov18
9.804459544067432,193959.85403462214,2441182.7259820937,193950.2738041086,2441184.8108346686,TRUE,159.9995299485346,Velavadar_LEK2,2018-10-01,2018-11-01,Oct18→Nov18
4.903783823397864,193907.55386693784,2441353.432527199,193904.79395692988,2441357.485919918,FALSE,23.62789877610272,Velavadar_LEK2,2018-10-01,2018-11-01,Oct18→Nov18
26.5892737814644,193918.9160091329,2441241.554463665,193894.40281135647,2441251.854590606,FALSE,91.51380089276833,Velavadar_LEK2,2018-10-01,2018-11-01,Oct18→Nov18
11.722071713800279,193938.80233796267,2441291.227915688,193937.33696525887,2441302.8580338345,FALSE,55.677445427885935,Velavadar_LEK2,2018-10-01,2018-11-01,Oct18→Nov18
9.020420184828872,194060.603988966,2441499.076717232,194052.46259402653,2441495.192689844,TRUE,232.47835471735135,Velavadar_LEK2,2018-10-01,2018-11-01,Oct18→Nov18
24.477179207835817,194016.2477965521,2441397.1117730006,194038.84895291209,2441406.5096468646,TRUE,133.77038239390262,Velavadar_LEK2,2018-10-01,2018-11-01,Oct18→Nov18
8.649753472798665,193721.90376497924,2441325.9017835753,193720.64555815601,2441334.459537412,TRUE,178.0855836163417,Velavadar_LEK2,2018-10-01,2018-11-01,Oct18→Nov18
48.09555001450471,193761.4797100682,2441433.525192087,193775.06437231472,2441479.662366717,TRUE,172.22197275962625,Velavadar_LEK2,2018-10-01,2018-11-01,Oct18→Nov18
68.15616241107973,193715.11865403043,2441411.5913184467,193756.40442701487,2441357.3626597533,TRUE,201.57499510326696,Velavadar_LEK2,2018-10-01,2018-11-01,Oct18→Nov18
20.78969393912285,194013.33257779316,2441293.2612911416,194029.92410663067,2441305.7885631877,TRUE,119.5554518311447,Velavadar_LEK2,2018-10-01,2018-11-01,Oct18→Nov18
6.767113276807378,193937.3094348412,2441445.8913527657,193936.17983684037,2441452.5635211132,FALSE,120.75378343763448,Velavadar_LEK2,2018-10-01,2018-11-01,Oct18→Nov18
14.023871840016005,193804.75127092437,2441488.2419216963,193801.45507554687,2441474.610924762,TRUE,183.7329944388944,Velavadar_LEK2,2018-10-01,2018-11-01,Oct18→Nov18
34.89391626525761,193820.06310318006,2441192.3294120096,193843.19564308232,2441218.453557737,TRUE,160.08186111210335,Velavadar_LEK2,2018-10-01,2018-11-01,Oct18→Nov18
26.02511722403261,193808.7919300142,2441499.5804520515,193801.45507554687,2441474.610924762,TRUE,191.5666248789438,Velavadar_LEK2,2018-10-01,2018-11-01,Oct18→Nov18
41.57850658878866,193983.39333302178,2441209.9478395563,193950.2738041086,2441184.8108346686,TRUE,147.10626882230122,Velavadar_LEK2,2018-10-01,2018-11-01,Oct18→Nov18
27.20316716775101,194015.31384186717,2441344.679472096,194029.85862366454,2441367.667765343,TRUE,116.19890418482287,Velavadar_LEK2,2018-10-01,2018-11-01,Oct18→Nov18
25.054400798234457,194015.0157672629,2441398.782923033,194038.84895291209,2441406.5096468646,TRUE,133.5398513806042,Velavadar_LEK2,2018-10-01,2018-11-01,Oct18→Nov18
33.79968158590393,193980.6952304254,2441170.0814322312,193950.2738041086,2441184.8108346686,TRUE,180.1224760120191,Velavadar_LEK2,2018-10-01,2018-11-01,Oct18→Nov18
38.1601664180318,193980.51341019568,2441495.1270873193,193989.81404126703,2441532.136499132,TRUE,182.78324676965175,Velavadar_LEK2,2018-10-01,2018-11-01,Oct18→Nov18
20.299293827201076,193869.41458818116,2441286.8776252065,193862.82241502538,2441306.076702866,TRUE,53.69849434709945,Velavadar_LEK2,2018-10-01,2018-11-01,Oct18→Nov18
17.92224889767705,193898.1346274092,2441400.985314188,193914.99630196305,2441394.9115232145,TRUE,69.93417971383441,Velavadar_LEK2,2018-10-01,2018-11-01,Oct18→Nov18
32.816793263856006,193918.0019941685,2441479.885818892,193936.17983684037,2441452.5635211132,TRUE,149.9072710766666,Velavadar_LEK2,2018-10-01,2018-11-01,Oct18→Nov18
55.08290437557358,193668.81601925474,2441315.8094636393,193720.64555815601,2441334.459537412,TRUE,231.60177510343462,Velavadar_LEK2,2018-10-01,2018-11-01,Oct18→Nov18
3.966513166667152,193809.66107429456,2441298.0800233237,193805.77194948384,2441298.8597251307,TRUE,96.09484940948305,Velavadar_LEK2,2018-10-01,2018-11-01,Oct18→Nov18
48.41708862582807,193949.6968113637,2441505.0288925264,193989.81404126703,2441532.136499132,TRUE,180.93834959688093,Velavadar_LEK2,2018-10-01,2018-11-01,Oct18→Nov18
42.94364886822217,193772.47836167214,2441211.7460921677,193755.82190906449,2441251.327900674,TRUE,174.58235223673987,Velavadar_LEK2,2018-10-01,2018-11-01,Oct18→Nov18
9.25937604516426,194045.97676485672,2441400.5994572206,194038.84895291209,2441406.5096468646,FALSE,161.76552128333515,Velavadar_LEK2,2018-10-01,2018-11-01,Oct18→Nov18
23.850606931773164,193957.55094191685,2441252.5258787177,193938.2550816469,2441266.5444816244,TRUE,97.42568199693343,Velavadar_LEK2,2018-10-01,2018-11-01,Oct18→Nov18
11.583892600632655,193870.60820684192,2441433.603519191,193866.84875079338,2441422.646646553,TRUE,106.6357831078035,Velavadar_LEK2,2018-10-01,2018-11-01,Oct18→Nov18
16.941818667638707,193937.61850711363,2441283.4743366926,193938.2550816469,2441266.5444816244,FALSE,60.72330370056256,Velavadar_LEK2,2018-10-01,2018-11-01,Oct18→Nov18
9.934930486335677,194029.34111530284,2441403.6280036243,194038.84895291209,2441406.5096468646,TRUE,148.37598856794648,Velavadar_LEK2,2018-10-01,2018-11-01,Oct18→Nov18
35.71605945793205,193875.60946023976,2441203.454179067,193843.19564308232,2441218.453557737,TRUE,129.91337325199012,Velavadar_LEK2,2018-10-01,2018-11-01,Oct18→Nov18
20.127643817447797,193975.8038122842,2441367.792535724,193961.2828160862,2441353.8547197166,TRUE,84.30596489781276,Velavadar_LEK2,2018-10-01,2018-11-01,Oct18→Nov18
55.96531879566154,194001.4446142554,2441462.2872102717,194048.7369561405,2441432.361447008,TRUE,165.90775474011193,Velavadar_LEK2,2018-10-01,2018-11-01,Oct18→Nov18
3.800447561724609,193843.35147123085,2441373.9617397543,193845.70038403576,2441370.9740968198,FALSE,70.98396064851592,Velavadar_LEK2,2018-10-01,2018-11-01,Oct18→Nov18
25.16338163244966,193994.91838022182,2441412.7191524194,193972.90626779496,2441400.526421729,TRUE,125.2667367609561,Velavadar_LEK2,2018-10-01,2018-11-01,Oct18→Nov18
16.012588981770005,193988.49012354144,2441295.5110773724,193978.9056841134,2441282.683703255,FALSE,95.44838839675404,Velavadar_LEK2,2018-10-01,2018-11-01,Oct18→Nov18
27.231159202540535,194011.71854126462,2441408.849902268,194038.84895291209,2441406.5096468646,FALSE,136.1959220070763,Velavadar_LEK2,2018-10-01,2018-11-01,Oct18→Nov18
27.328360029475807,193959.54271302558,2441318.7873787056,193937.33696525887,2441302.8580338345,FALSE,60.88112764353181,Velavadar_LEK2,2018-10-01,2018-11-01,Oct18→Nov18
56.794918069398946,194080.42045182615,2441331.7843674724,194029.92410663067,2441305.7885631877,FALSE,180.5076208164153,Velavadar_LEK2,2018-10-01,2018-11-01,Oct18→Nov18
45.49770516293486,193675.29262006265,2441338.086131047,193720.64555815601,2441334.459537412,FALSE,224.73104048297012,Velavadar_LEK2,2018-10-01,2018-11-01,Oct18→Nov18
36.77643810265353,193745.07746103717,2441458.3717220216,193775.06437231472,2441479.662366717,FALSE,200.44747634098394,Velavadar_LEK2,2018-10-01,2018-11-01,Oct18→Nov18
48.93896765836308,194026.87752392446,2441212.9757986614,194000.7102299626,2441254.3315151003,FALSE,173.3978415731832,Velavadar_LEK2,2018-10-01,2018-11-01,Oct18→Nov18
25.958715529595164,193975.03732276466,2441192.5969155645,193950.2738041086,2441184.8108346686,FALSE,157.54149075034994,Velavadar_LEK2,2018-10-01,2018-11-01,Oct18→Nov18
62.74583301868035,193877.6363718035,2441484.4581891173,193866.84875079338,2441422.646646553,FALSE,154.9938053016939,Velavadar_LEK2,2018-10-01,2018-11-01,Oct18→Nov18
38.601704396915835,193809.52463426624,2441237.3309184546,193843.19564308232,2441218.453557737,FALSE,130.22289808994873,Velavadar_LEK2,2018-10-01,2018-11-01,Oct18→Nov18
23.755761465162866,193966.11997243,2441330.596643242,193961.2828160862,2441353.8547197166,FALSE,66.20746208258014,Velavadar_LEK2,2018-10-01,2018-11-01,Oct18→Nov18
26.694887271891346,193962.66325747446,2441455.9169429443,193936.17983684037,2441452.5635211132,FALSE,139.7256441694291,Velavadar_LEK2,2018-10-01,2018-11-01,Oct18→Nov18
24.69614255607102,193962.24635598922,2441260.6863067737,193938.2550816469,2441266.5444816244,FALSE,94.01962808161363,Velavadar_LEK2,2018-10-01,2018-11-01,Oct18→Nov18
49.395689400620256,194008.61655392832,2441461.176156059,194048.7369561405,2441432.361447008,FALSE,169.53708550717286,Velavadar_LEK2,2018-10-01,2018-11-01,Oct18→Nov18
33.15911542273255,194019.42329652645,2441498.0090272385,194052.46259402653,2441495.192689844,FALSE,205.30414896804993,Velavadar_LEK2,2018-10-01,2018-11-01,Oct18→Nov18
58.08378831974182,194087.17840984833,2441358.277952916,194029.85862366454,2441367.667765343,FALSE,189.22986065513308,Velavadar_LEK2,2018-10-01,2018-11-01,Oct18→Nov18
38.24825755527767,194012.27186431858,2441178.5511234226,194036.1184923186,2441148.6468170597,FALSE,189.43969769441648,Velavadar_LEK2,2018-10-01,2018-11-01,Oct18→Nov18
56.29379741229023,194082.7877685364,2441348.49754755,194029.85862366454,2441367.667765343,FALSE,183.70171166696906,Velavadar_LEK2,2018-10-01,2018-11-01,Oct18→Nov18
11.901910866771164,193750.01353921025,2441261.7162750377,193755.82190906449,2441251.327900674,FALSE,165.16864289777604,Velavadar_LEK2,2018-10-01,2018-11-01,Oct18→Nov18
28.771445638563723,193713.79420317773,2441268.647760793,193731.00437066413,2441291.7043481213,FALSE,196.31014295367294,Velavadar_LEK2,2018-10-01,2018-11-01,Oct18→Nov18
16.903916379980597,193859.9868116192,2441220.402672446,193843.19564308232,2441218.453557737,FALSE,117.65327417603959,Velavadar_LEK2,2018-10-01,2018-11-01,Oct18→Nov18
29.375491677973173,193929.6900154475,2441163.8530877554,193950.2738041086,2441184.8108346686,FALSE,169.85098640771403,Velavadar_LEK2,2018-10-01,2018-11-01,Oct18→Nov18
3.5133128317637543,193848.8060934402,2441372.6166363624,193845.70038403576,2441370.9740968198,FALSE,65.86235981899301,Velavadar_LEK2,2018-10-01,2018-11-01,Oct18→Nov18
17.11342407359973,193956.37540880434,2441396.099234749,193972.90626779496,2441400.526421729,FALSE,86.11721325087314,Velavadar_LEK2,2018-10-01,2018-11-01,Oct18→Nov18
33.97018138748325,194063.8269236607,2441367.3102476946,194029.85862366454,2441367.667765343,FALSE,167.87034517788547,Velavadar_LEK2,2018-10-01,2018-11-01,Oct18→Nov18
35.32527340962996,194017.42622362083,2441490.6840658565,194052.46259402653,2441495.192689844,FALSE,198.2032084413427,Velavadar_LEK2,2018-10-01,2018-11-01,Oct18→Nov18
27.837112675824148,193825.55592952567,2441460.6806096323,193801.45507554687,2441474.610924762,FALSE,149.42251133314755,Velavadar_LEK2,2018-10-01,2018-11-01,Oct18→Nov18
9.542674395641688,193853.32576107924,2441376.7113661673,193845.70038403576,2441370.9740968198,FALSE,65.2171343133211,Velavadar_LEK2,2018-10-01,2018-11-01,Oct18→Nov18
24.02634079248397,193840.18956693562,2441394.3599033435,193845.70038403576,2441370.9740968198,TRUE,87.01820873404527,Velavadar_LEK2,2018-10-01,2018-11-01,Oct18→Nov18
28.513269411265462,194009.67657382245,2441511.679560627,193989.81404126703,2441532.136499132,FALSE,211.34384287496053,Velavadar_LEK2,2018-10-01,2018-11-01,Oct18→Nov18
28.19491388087301,193960.99156404985,2441249.8709835904,193938.2550816469,2441266.5444816244,FALSE,101.60873506633973,Velavadar_LEK2,2018-10-01,2018-11-01,Oct18→Nov18
20.558689317387138,194032.09877368974,2441498.0166104767,194052.46259402653,2441495.192689844,FALSE,212.93816491515432,Velavadar_LEK2,2018-10-01,2018-11-01,Oct18→Nov18
32.96382513065724,194006.12982222775,2441390.5491496897,194029.85862366454,2441367.667765343,FALSE,121.73360922342145,Velavadar_LEK2,2018-10-01,2018-11-01,Oct18→Nov18
35.61762652605581,193696.191739949,2441284.174669374,193731.00437066413,2441291.7043481213,FALSE,209.0511407843287,Velavadar_LEK2,2018-10-01,2018-11-01,Oct18→Nov18
31.76489284642145,193810.78390954668,2441267.492725372,193805.77194948384,2441298.8597251307,FALSE,109.48408362325361,Velavadar_LEK2,2018-10-01,2018-11-01,Oct18→Nov18
52.544947176683166,194007.39610074146,2441202.213662058,194000.7102299626,2441254.3315151003,FALSE,167.80131941940292,Velavadar_LEK2,2018-10-01,2018-11-01,Oct18→Nov18
7.981505166568166,193857.1537339283,2441273.9971592147,193851.61997935356,2441268.245465114,FALSE,71.3176045665179,Velavadar_LEK2,2018-10-01,2018-11-01,Oct18→Nov18
23.81033186775889,193942.50921036114,2441326.099801931,193937.33696525887,2441302.8580338345,FALSE,42.88441262120121,Velavadar_LEK2,2018-10-01,2018-11-01,Oct18→Nov18
56.06688036267112,194048.16899141076,2441224.4791946644,194000.7102299626,2441254.3315151003,FALSE,182.59759079128744,Velavadar_LEK2,2018-10-01,2018-11-01,Oct18→Nov18
29.245239841738435,193802.75687662492,2441445.3946729945,193801.45507554687,2441474.610924762,FALSE,150.02938930011723,Velavadar_LEK2,2018-10-01,2018-11-01,Oct18→Nov18
15.258855850817366,193741.163658578,2441247.0889887204,193755.82190906449,2441251.327900674,FALSE,179.59729706163859,Velavadar_LEK2,2018-10-01,2018-11-01,Oct18→Nov18
15.068743446747728,193974.31875694677,2441415.5288183196,193972.90626779496,2441400.526421729,FALSE,112.55526221174426,Velavadar_LEK2,2018-10-01,2018-11-01,Oct18→Nov18
8.47650551674492,193490.65872688833,2441110.5360157164,193482.19049490767,2441110.910439136,FALSE,453.8564577791362,Velavadar_LEK2,2018-11-01,2021-03-01,Nov18→Mar21
24.125214340493024,193439.7040812041,2441033.099232876,193436.42963799712,2441057.0011990853,TRUE,538.1237948200662,Velavadar_LEK2,2018-11-01,2021-03-01,Nov18→Mar21
27.759351946256587,193309.87690086788,2441036.451902997,193284.14626685408,2441046.86900882,TRUE,648.0872550231807,Velavadar_LEK2,2018-11-01,2021-03-01,Nov18→Mar21
12.358452391275083,193857.5875615749,2441364.1173297255,193847.0637065334,2441370.5965133603,FALSE,39.66324962896518,Velavadar_LEK2,2018-11-01,2021-03-01,Nov18→Mar21
5.912090879667453,193658.14869733466,2441101.754511716,193657.01031013537,2441095.9530555923,FALSE,325.5721997930081,Velavadar_LEK2,2018-11-01,2021-03-01,Nov18→Mar21
23.594990178295795,193868.40506528443,2441445.6249348153,193866.18999693717,2441422.13414867,FALSE,111.485634228287,Velavadar_LEK2,2018-11-01,2021-03-01,Nov18→Mar21
47.9121672047265,193525.83044092584,2440973.8466081917,193571.7331142187,2440987.5768795228,FALSE,509.5467717457687,Velavadar_LEK2,2018-11-01,2021-03-01,Nov18→Mar21
7.273160856408959,193285.86030879576,2441039.8007042804,193284.14626685408,2441046.86900882,FALSE,667.9999083269813,Velavadar_LEK2,2018-11-01,2021-03-01,Nov18→Mar21
14.157628442881984,193561.90723696188,2441159.8577745087,193567.6900756652,2441146.9350341004,FALSE,367.60905909241455,Velavadar_LEK2,2018-11-01,2021-03-01,Nov18→Mar21
27.199869348904254,194020.6940634423,2441236.1296744677,194000.56591625855,2441254.4242251194,FALSE,168.1810756269921,Velavadar_LEK2,2018-11-01,2021-03-01,Nov18→Mar21
27.088232922792876,194053.85700194954,2441378.787638471,194029.2623899585,2441367.4352191743,FALSE,174.43461575327333,Velavadar_LEK2,2018-11-01,2021-03-01,Nov18→Mar21
29.0835959928133,193413.6363188265,2441075.0655329246,193436.42963799712,2441057.0011990853,FALSE,538.3854375219805,Velavadar_LEK2,2018-11-01,2021-03-01,Nov18→Mar21
18.766480874963136,193501.66099892955,2441057.1845551296,193517.45642169396,2441067.3179368023,FALSE,473.56941004427966,Velavadar_LEK2,2018-11-01,2021-03-01,Nov18→Mar21
27.19893327160157,194048.51587482437,2441348.2236265377,194029.2623899585,2441367.4352191743,FALSE,164.1074993441926,Velavadar_LEK2,2018-11-01,2021-03-01,Nov18→Mar21
12.205670444587913,193981.49120456353,2441332.40353258,193970.66368816764,2441338.037650053,FALSE,96.62403010671453,Velavadar_LEK2,2018-11-01,2021-03-01,Nov18→Mar21
49.95113366647252,193406.48855239098,2440990.980769509,193365.12118401425,2441018.978208466,FALSE,589.484810351584,Velavadar_LEK2,2018-11-01,2021-03-01,Nov18→Mar21
1.5624596489542748,193937.15028682546,2441454.362780154,193935.66709067812,2441453.8714459063,FALSE,129.95567328207989,Velavadar_LEK2,2018-11-01,2021-03-01,Nov18→Mar21
24.39804756836628,193480.29872472875,2440982.344079284,193475.1430312394,2441006.191166104,FALSE,536.9715803727062,Velavadar_LEK2,2018-11-01,2021-03-01,Nov18→Mar21
30.878756829452957,193395.84193100178,2441015.858380288,193365.12118401425,2441018.978208466,FALSE,584.1889379327723,Velavadar_LEK2,2018-11-01,2021-03-01,Nov18→Mar21
12.744531596005677,193850.3016752289,2441346.9185808944,193859.03128492978,2441337.6332699102,FALSE,36.48742065023306,Velavadar_LEK2,2018-11-01,2021-03-01,Nov18→Mar21
23.371565585369325,193436.6865628119,2441080.371352434,193436.42963799712,2441057.0011990853,FALSE,515.6840477948956,Velavadar_LEK2,2018-11-01,2021-03-01,Nov18→Mar21
26.832679274300254,193352.78369612142,2441103.363322156,193327.12501192582,2441111.213456065,FALSE,580.5062523647572,Velavadar_LEK2,2018-11-01,2021-03-01,Nov18→Mar21
10.475988814617468,193445.91055136808,2441061.457500612,193436.42963799712,2441057.0011990853,FALSE,517.4455850518707,Velavadar_LEK2,2018-11-01,2021-03-01,Nov18→Mar21
20.82567776950902,193552.9296454644,2441132.243589146,193567.6900756652,2441146.9350341004,TRUE,389.194472757859,Velavadar_LEK2,2018-11-01,2021-03-01,Nov18→Mar21
17.272540969156363,193452.68831734403,2441051.1705887034,193436.42963799712,2441057.0011990853,TRUE,517.2873240223914,Velavadar_LEK2,2018-11-01,2021-03-01,Nov18→Mar21
14.285605373219502,193970.78238454764,2441386.8094956484,193975.56608127692,2441400.2703561885,TRUE,100.09902298282556,Velavadar_LEK2,2018-11-01,2021-03-01,Nov18→Mar21
9.814944722555191,193654.22938344977,2441155.6900619552,193649.4795291779,2441164.2791261827,FALSE,292.4021437710559,Velavadar_LEK2,2018-11-01,2021-03-01,Nov18→Mar21
17.48285044034099,193801.5923931467,2441336.05072828,193817.58156197605,2441328.979905155,FALSE,83.32306938226894,Velavadar_LEK2,2018-11-01,2021-03-01,Nov18→Mar21
7.745556450000263,193735.06174615934,2441173.818676,193738.90592058835,2441167.0943940547,FALSE,220.34870078103432,Velavadar_LEK2,2018-11-01,2021-03-01,Nov18→Mar21
45.832231415999296,194035.4793493761,2441311.905945147,193990.77146783052,2441321.9954825137,TRUE,152.38373796833622,Velavadar_LEK2,2018-11-01,2021-03-01,Nov18→Mar21
10.722250141547997,193420.0906323331,2441046.5717131137,193409.39140387467,2441045.8694606717,TRUE,547.2320711800022,Velavadar_LEK2,2018-11-01,2021-03-01,Nov18→Mar21
24.017184497668957,193595.7373921716,2440986.789611364,193571.7331142187,2440987.5768795228,FALSE,452.9121084290741,Velavadar_LEK2,2018-11-01,2021-03-01,Nov18→Mar21
56.22266222011115,193625.20914611875,2441014.6708244253,193573.0683171152,2441035.7022698806,TRUE,412.665398254107,Velavadar_LEK2,2018-11-01,2021-03-01,Nov18→Mar21
25.06747059223598,193825.8298817184,2441391.720187159,193823.01393742423,2441366.811382699,TRUE,81.64754156230973,Velavadar_LEK2,2018-11-01,2021-03-01,Nov18→Mar21
7.509844086114828,193340.35607551932,2440982.192324426,193341.47613009892,2440989.618173599,TRUE,649.0570749124437,Velavadar_LEK2,2018-11-01,2021-03-01,Nov18→Mar21
33.92046952551513,193316.76365705376,2441056.1805129624,193284.14626685408,2441046.86900882,TRUE,633.0395461118752,Velavadar_LEK2,2018-11-01,2021-03-01,Nov18→Mar21
17.72763380037775,193913.24269112106,2441229.000909528,193901.724296175,2441215.5251691765,TRUE,110.07539474236557,Velavadar_LEK2,2018-11-01,2021-03-01,Nov18→Mar21
17.13730356693177,193858.71784195313,2441406.7116302815,193866.18999693717,2441422.13414867,TRUE,76.0003467922281,Velavadar_LEK2,2018-11-01,2021-03-01,Nov18→Mar21
6.74146589724331,193804.87103451247,2441412.7262723884,193811.547072839,2441413.6632220703,TRUE,111.31456785912835,Velavadar_LEK2,2018-11-01,2021-03-01,Nov18→Mar21
11.726216763833689,193611.956563773,2441099.8471005955,193607.68760951364,2441088.925553584,TRUE,360.52077136312175,Velavadar_LEK2,2018-11-01,2021-03-01,Nov18→Mar21
12.067332556228473,193529.51352079771,2441067.8148032078,193517.45642169396,2441067.3179368023,TRUE,444.85208535840246,Velavadar_LEK2,2018-11-01,2021-03-01,Nov18→Mar21
51.01666519160989,193619.8113038396,2441004.641105554,193571.7331142187,2440987.5768795228,TRUE,423.8621820564818,Velavadar_LEK2,2018-11-01,2021-03-01,Nov18→Mar21
22.470497216170592,194009.54941063022,2441418.3726116773,194031.26690463623,2441412.604275761,TRUE,149.74661529493417,Velavadar_LEK2,2018-11-01,2021-03-01,Nov18→Mar21
22.281091779632238,193630.67884552496,2441135.0728036645,193608.40399970458,2441135.600339986,TRUE,323.65581287675354,Velavadar_LEK2,2018-11-01,2021-03-01,Nov18→Mar21
11.400883148111806,193580.7164683572,2441096.018448715,193569.65934204264,2441093.239942962,FALSE,387.070581176683,Velavadar_LEK2,2018-11-01,2021-03-01,Nov18→Mar21
10.63291947182801,193856.68221235965,2441366.0640391833,193847.0637065334,2441370.5965133603,FALSE,41.70362819448787,Velavadar_LEK2,2018-11-01,2021-03-01,Nov18→Mar21
49.57663026263899,193832.5177094567,2441458.5862080357,193811.547072839,2441413.6632220703,FALSE,133.89513443427322,Velavadar_LEK2,2018-11-01,2021-03-01,Nov18→Mar21
10.53124880740307,193446.72739853885,2441059.206494818,193436.42963799712,2441057.0011990853,FALSE,517.9494392931556,Velavadar_LEK2,2018-11-01,2021-03-01,Nov18→Mar21
3.518317299462398,193907.51608052757,2441288.1940807384,193905.4299398833,2441285.360959874,TRUE,52.30977554243315,Velavadar_LEK2,2018-11-01,2021-03-01,Nov18→Mar21
32.2037476771758,193594.55875001306,2441164.6876593498,193567.6900756652,2441146.9350341004,FALSE,336.8044640630012,Velavadar_LEK2,2018-11-01,2021-03-01,Nov18→Mar21
11.153551159325861,193467.3907967675,2441019.702748651,193471.4378574383,2441030.096160189,TRUE,523.4206670682765,Velavadar_LEK2,2018-11-01,2021-03-01,Nov18→Mar21
15.397823835162516,193753.64693304498,2441171.5436109086,193738.90592058835,2441167.0943940547,FALSE,209.92663406366302,Velavadar_LEK2,2018-11-01,2021-03-01,Nov18→Mar21
17.75631863583588,193779.3170296059,2441312.719683786,193774.93902038358,2441329.927818105,FALSE,107.99719594869559,Velavadar_LEK2,2018-11-01,2021-03-01,Nov18→Mar21
20.900966208865714,193677.4967495286,2441100.0950586647,193657.01031013537,2441095.9530555923,FALSE,313.6476013981219,Velavadar_LEK2,2018-11-01,2021-03-01,Nov18→Mar21
39.61427929848463,193552.6174894201,2440952.8798477636,193571.7331142187,2440987.5768795228,FALSE,506.6729035134426,Velavadar_LEK2,2018-11-01,2021-03-01,Nov18→Mar21
16.860947596661525,193342.48609710898,2441118.1653346494,193327.12501192582,2441111.213456065,FALSE,584.2975887656548,Velavadar_LEK2,2018-11-01,2021-03-01,Nov18→Mar21
19.87240356483355,193952.83239891072,2441225.5153561514,193972.24732362048,2441221.2758842553,FALSE,129.15393571544794,Velavadar_LEK2,2018-11-01,2021-03-01,Nov18→Mar21
8.119402170239113,194047.0459920972,2441407.8479813663,194039.03397951642,2441406.5317952065,FALSE,177.5965443134984,Velavadar_LEK2,2018-11-01,2021-03-01,Nov18→Mar21
6.121246184440565,193573.95847473096,2441097.597363412,193569.65934204264,2441093.239942962,FALSE,391.4428240502127,Velavadar_LEK2,2018-11-01,2021-03-01,Nov18→Mar21
20.58314985291289,193253.06203524026,2440975.7470531883,193234.66160178208,2440966.5226233187,FALSE,727.023105755935,Velavadar_LEK2,2018-11-01,2021-03-01,Nov18→Mar21
11.771983371677297,193853.54662811157,2441380.4225665005,193847.0637065334,2441370.5965133603,FALSE,54.89739145199081,Velavadar_LEK2,2018-11-01,2021-03-01,Nov18→Mar21
31.094390344447312,193873.24612452398,2441479.4166389923,193877.6303924616,2441510.200389666,TRUE,144.52009747202547,Velavadar_LEK2,2018-11-01,2021-03-01,Nov18→Mar21
42.68533196305298,193614.41742914068,2441025.1056430824,193573.0683171152,2441035.7022698806,TRUE,411.6194033508641,Velavadar_LEK2,2018-11-01,2021-03-01,Nov18→Mar21
9.370997365466835,193907.06917572548,2441294.5874704537,193905.4299398833,2441285.360959874,FALSE,46.41098426088677,Velavadar_LEK2,2018-11-01,2021-03-01,Nov18→Mar21
26.584301225430146,193386.6700602947,2441059.670388813,193409.39140387467,2441045.8694606717,FALSE,569.4339145125708,Velavadar_LEK2,2018-11-01,2021-03-01,Nov18→Mar21
11.16954816809586,193568.93114260514,2441135.8346485607,193567.6900756652,2441146.9350341004,TRUE,373.70839614190464,Velavadar_LEK2,2018-11-01,2021-03-01,Nov18→Mar21
5.830336255014803,193855.45929726315,2441262.296903295,193853.9028234976,2441267.915640721,TRUE,78.78398711895599,Velavadar_LEK2,2018-11-01,2021-03-01,Nov18→Mar21
12.373451294774426,193865.09772111799,2441198.151782362,193875.1304040086,2441205.3938518837,TRUE,138.6397477630702,Velavadar_LEK2,2018-11-01,2021-03-01,Nov18→Mar21
18.55775903474112,193560.36781793874,2441109.3041267325,193569.65934204264,2441093.239942962,TRUE,395.51779752688395,Velavadar_LEK2,2018-11-01,2021-03-01,Nov18→Mar21
22.156598277866806,193918.34565329214,2441230.1759485016,193901.724296175,2441215.5251691765,TRUE,110.37742570500595,Velavadar_LEK2,2018-11-01,2021-03-01,Nov18→Mar21
14.865173905175117,193752.6542192092,2441161.4412816144,193738.90592058835,2441167.0943940547,TRUE,218.501425415654,Velavadar_LEK2,2018-11-01,2021-03-01,Nov18→Mar21
12.677929451039326,193995.3496118885,2441238.7618448776,193988.6566056254,2441249.5290897586,TRUE,146.7280076826087,Velavadar_LEK2,2018-11-01,2021-03-01,Nov18→Mar21
28.81095111059354,193689.06231095013,2441228.804407545,193702.44372115238,2441254.3192809504,TRUE,222.96458389368618,Velavadar_LEK2,2018-11-01,2021-03-01,Nov18→Mar21
17.629438734254624,193983.28894585723,2441350.3421199056,193970.66368816764,2441338.037650053,TRUE,99.50934750364084,Velavadar_LEK2,2018-11-01,2021-03-01,Nov18→Mar21
18.649790028614394,193462.15090617884,2440992.8113546507,193475.1430312394,2441006.191166104,TRUE,544.1256330829033,Velavadar_LEK2,2018-11-01,2021-03-01,Nov18→Mar21
18.525580592163806,193943.20421859197,2441159.8428497612,193931.51076203625,2441145.474126434,TRUE,184.95149768361068,Velavadar_LEK2,2018-11-01,2021-03-01,Nov18→Mar21
31.557674869027107,193713.1037737084,2441148.924747401,193738.90592058835,2441167.0943940547,TRUE,253.53394252004153,Velavadar_LEK2,2018-11-01,2021-03-01,Nov18→Mar21
18.875568640975164,193934.87383648337,2441164.047678108,193931.51076203625,2441145.474126434,TRUE,178.45683663335532,Velavadar_LEK2,2018-11-01,2021-03-01,Nov18→Mar21
31.951844733154562,194034.76912003016,2441468.736642813,194052.8587088784,2441495.074584212,TRUE,200.60931127927716,Velavadar_LEK2,2018-11-01,2021-03-01,Nov18→Mar21
29.04477260733404,194007.54597478526,2441348.1480180337,194029.2623899585,2441367.4352191743,TRUE,123.29741148529835,Velavadar_LEK2,2018-11-01,2021-03-01,Nov18→Mar21
22.368239863126295,193997.54499980228,2441414.8543830956,194003.87917993282,2441393.401730191,TRUE,137.85533841545387,Velavadar_LEK2,2018-11-01,2021-03-01,Nov18→Mar21
18.331166805853425,193943.9641069843,2441470.217430027,193935.66709067812,2441453.8714459063,TRUE,147.2120413623891,Velavadar_LEK2,2018-11-01,2021-03-01,Nov18→Mar21
14.722520333099878,193285.48993471757,2441128.798070483,193278.12927429873,2441116.047647621,TRUE,634.0180076463419,Velavadar_LEK2,2018-11-01,2021-03-01,Nov18→Mar21
41.44758160427749,193526.57263955576,2441141.7140697613,193567.6900756652,2441146.9350341004,TRUE,407.31989980630965,Velavadar_LEK2,2018-11-01,2021-03-01,Nov18→Mar21
40.65246731736183,193298.70247967678,2440976.474518054,193320.7910065303,2441010.6025136067,TRUE,687.3478485097927,Velavadar_LEK2,2018-11-01,2021-03-01,Nov18→Mar21
7.7032632733609745,193942.37690958363,2441259.250098936,193938.90776529012,2441266.127983998,TRUE,95.37350653068981,Velavadar_LEK2,2018-11-01,2021-03-01,Nov18→Mar21
7.895800836469162,193876.45170089023,2441197.609390091,193875.1304040086,2441205.3938518837,TRUE,138.01840446490598,Velavadar_LEK2,2018-11-01,2021-03-01,Nov18→Mar21
3.2868740760198745,193930.67122094342,2441142.2962793726,193931.51076203625,2441145.474126434,TRUE,198.42029892086967,Velavadar_LEK2,2018-11-01,2021-03-01,Nov18→Mar21
13.573130267847363,193406.67417072566,2441116.2536978824,193394.70676213637,2441122.657680778,TRUE,526.0448917806804,Velavadar_LEK2,2018-11-01,2021-03-01,Nov18→Mar21
23.806597952867005,193303.727872608,2441106.8170964536,193327.12501192582,2441111.213456065,TRUE,624.5089079933894,Velavadar_LEK2,2018-11-01,2021-03-01,Nov18→Mar21
17.15575736509469,193490.73238666504,2441013.3530100132,193475.1430312394,2441006.191166104,TRUE,508.991042655824,Velavadar_LEK2,2018-11-01,2021-03-01,Nov18→Mar21
21.86911196651808,193882.14226914675,2441437.093529324,193866.18999693717,2441422.13414867,TRUE,101.76303858772279,Velavadar_LEK2,2018-11-01,2021-03-01,Nov18→Mar21
5.037133567954459,193978.87548888632,2441279.3292116458,193979.8353433573,2441284.2740467265,TRUE,109.4046663902721,Velavadar_LEK2,2018-11-01,2021-03-01,Nov18→Mar21
14.201850169435188,193602.46501830354,2441075.71884736,193607.68760951364,2441088.925553584,TRUE,383.65930852654293,Velavadar_LEK2,2018-11-01,2021-03-01,Nov18→Mar21
5.241064207732198,193862.0055584409,2441301.183909495,193863.41513692058,2441306.2318637874,TRUE,41.149749942233974,Velavadar_LEK2,2018-11-01,2021-03-01,Nov18→Mar21
26.046504854983123,193282.98667630716,2441090.4580782442,193278.12927429873,2441116.047647621,TRUE,649.8429581743493,Velavadar_LEK2,2018-11-01,2021-03-01,Nov18→Mar21
40.16553453007539,193804.9271749259,2441226.141006404,193844.40385209373,2441218.7341093565,TRUE,135.38190654467712,Velavadar_LEK2,2018-11-01,2021-03-01,Nov18→Mar21
10.530559719852405,193922.23087411144,2441337.759085687,193914.65895048174,2441330.440707413,TRUE,37.39471708631251,Velavadar_LEK2,2018-11-01,2021-03-01,Nov18→Mar21
14.600216413418243,193732.0404210681,2441154.2090832065,193738.90592058835,2441167.0943940547,TRUE,237.04124590104485,Velavadar_LEK2,2018-11-01,2021-03-01,Nov18→Mar21
7.7773701650163005,193852.06695415502,2441364.6421032366,193847.0637065334,2441370.5965133603,TRUE,43.997747446532856,Velavadar_LEK2,2018-11-01,2021-03-01,Nov18→Mar21
29.522267283210883,193947.75689132928,2441480.8047150313,193935.66709067812,2441453.8714459063,TRUE,158.43350016985357,Velavadar_LEK2,2018-11-01,2021-03-01,Nov18→Mar21
27.22837857505161,193859.04412246906,2441183.4253256232,193875.1304040086,2441205.3938518837,TRUE,154.12923547807262,Velavadar_LEK2,2018-11-01,2021-03-01,Nov18→Mar21
31.946203695192885,194033.82012321806,2441469.4212766946,194052.8587088784,2441495.074584212,TRUE,200.35881711627462,Velavadar_LEK2,2018-11-01,2021-03-01,Nov18→Mar21
7.025469883000292,193996.783545668,2441318.3606307763,193990.77146783052,2441321.9954825137,TRUE,113.15631294693297,Velavadar_LEK2,2018-11-01,2021-03-01,Nov18→Mar21
9.58101063634847,193616.83812311088,2441082.3497304777,193623.74365169293,2441088.9912242717,TRUE,368.62217964197146,Velavadar_LEK2,2018-11-01,2021-03-01,Nov18→Mar21
25.650386110190084,193623.85021858543,2441165.3187156003,193649.4795291779,2441164.2791261827,TRUE,311.56128136309496,Velavadar_LEK2,2018-11-01,2021-03-01,Nov18→Mar21
18.600105307022222,193888.13596037045,2441235.411317343,193896.86057704838,2441251.8382763206,TRUE,100.00884805154824,Velavadar_LEK2,2018-11-01,2021-03-01,Nov18→Mar21
54.710929861934304,193424.84702291762,2440984.659854178,193475.1430312394,2441006.191166104,TRUE,578.4952434644308,Velavadar_LEK2,2018-11-01,2021-03-01,Nov18→Mar21
27.82430451771535,193759.76633933626,2441306.604403438,193774.93902038358,2441329.927818105,TRUE,128.4093448230222,Velavadar_LEK2,2018-11-01,2021-03-01,Nov18→Mar21
26.281922200480466,193877.8180527796,2441445.703784897,193866.18999693717,2441422.13414867,TRUE,110.5634342553177,Velavadar_LEK2,2018-11-01,2021-03-01,Nov18→Mar21
19.2116767236493,193775.3088981314,2441173.8548307396,193764.9806106151,2441190.0540591013,TRUE,195.19107905552318,Velavadar_LEK2,2018-11-01,2021-03-01,Nov18→Mar21
28.449243995780787,193423.15524389816,2441122.865933942,193394.70676213637,2441122.657680778,TRUE,508.3081098756488,Velavadar_LEK2,2018-11-01,2021-03-01,Nov18→Mar21
18.007234183722492,193663.7418417649,2441153.2860864475,193649.4795291779,2441164.2791261827,TRUE,286.4793764476537,Velavadar_LEK2,2018-11-01,2021-03-01,Nov18→Mar21
15.748277883480792,193749.2670988414,2441189.0082082357,193764.9806106151,2441190.0540591013,TRUE,199.5519226811806,Velavadar_LEK2,2018-11-01,2021-03-01,Nov18→Mar21
44.0415277099033,193289.36147097766,2440974.9497687947,193269.13577401574,2441014.072362592,TRUE,696.1197302570761,Velavadar_LEK2,2018-11-01,2021-03-01,Nov18→Mar21
3.6133491614796864,193832.1427644689,2441342.38624684,193835.31402304547,2441344.1181276683,TRUE,53.234532882575735,Velavadar_LEK2,2018-11-01,2021-03-01,Nov18→Mar21
10.665667588239428,193564.02577187243,2441102.2963965856,193569.65934204264,2441093.239942962,TRUE,396.59912886207064,Velavadar_LEK2,2018-11-01,2021-03-01,Nov18→Mar21
19.3058799565364,193337.0707631384,2441020.9797254517,193320.7910065303,2441010.6025136067,TRUE,631.6414093347292,Velavadar_LEK2,2018-11-01,2021-03-01,Nov18→Mar21
9.992996841219068,193657.49802095527,2441158.3155890205,193649.4795291779,2441164.2791261827,TRUE,288.2100819306579,Velavadar_LEK2,2018-11-01,2021-03-01,Nov18→Mar21
40.68333546193946,193352.94141576448,2441142.6562148044,193327.12501192582,2441111.213456065,TRUE,565.8014888297988,Velavadar_LEK2,2018-11-01,2021-03-01,Nov18→Mar21
43.51921085685908,193500.8015378159,2440971.0405935072,193475.1430312394,2441006.191166104,TRUE,529.4109657349612,Velavadar_LEK2,2018-11-01,2021-03-01,Nov18→Mar21
7.859280649902931,193909.16050356536,2441292.2784151104,193905.4299398833,2441285.360959874,TRUE,49.44378481639282,Velavadar_LEK2,2018-11-01,2021-03-01,Nov18→Mar21
10.207060665383361,193482.99721556297,2441087.5800077226,193492.8998697151,2441090.054179942,TRUE,472.1599544731648,Velavadar_LEK2,2018-11-01,2021-03-01,Nov18→Mar21
12.614160203908034,193868.10260885628,2441294.5209866,193863.41513692058,2441306.2318637874,TRUE,44.170958649490345,Velavadar_LEK2,2018-11-01,2021-03-01,Nov18→Mar21
27.85152376331677,193412.7112552564,2441018.216504903,193409.39140387467,2441045.8694606717,TRUE,568.8227987800612,Velavadar_LEK2,2018-11-01,2021-03-01,Nov18→Mar21
8.912422418104704,193961.90800263555,2441339.7017546836,193970.66368816764,2441338.037650053,TRUE,77.11719206426861,Velavadar_LEK2,2018-11-01,2021-03-01,Nov18→Mar21
14.526412459182744,193937.55369783894,2441386.026903471,193923.91152863053,2441391.017682791,TRUE,73.05738497816597,Velavadar_LEK2,2018-11-01,2021-03-01,Nov18→Mar21
15.548746487849916,193305.24244951108,2441010.5257544783,193320.7910065303,2441010.6025136067,TRUE,664.4848990544174,Velavadar_LEK2,2018-11-01,2021-03-01,Nov18→Mar21
9.623194244155805,193546.64994577848,2441010.5836564503,193548.759241199,2441019.9728385387,TRUE,468.94207941369166,Velavadar_LEK2,2018-11-01,2021-03-01,Nov18→Mar21
6.644852740376801,193435.3161508925,2441050.4503049166,193436.42963799712,2441057.0011990853,TRUE,532.2736506193407,Velavadar_LEK2,2018-11-01,2021-03-01,Nov18→Mar21
6.456292759553181,193934.08053671286,2441431.3441060735,193927.77725884836,2441429.9468214354,TRUE,107.8371565522239,Velavadar_LEK2,2018-11-01,2021-03-01,Nov18→Mar21
22.40634970844807,193736.89242156138,2441313.520452256,193732.02383610915,2441291.649435294,TRUE,149.62392037649784,Velavadar_LEK2,2018-11-01,2021-03-01,Nov18→Mar21
28.2472997116539,194038.9038185977,2441458.4518213593,194048.92783403193,2441432.042939225,TRUE,197.13662903619823,Velavadar_LEK2,2018-11-01,2021-03-01,Nov18→Mar21
17.843226780735517,193964.65458858872,2441293.6509026284,193979.8353433573,2441284.2740467265,TRUE,89.99504229334723,Velavadar_LEK2,2018-11-01,2021-03-01,Nov18→Mar21
22.475510821926655,193449.22082869592,2441026.6973044155,193471.4378574383,2441030.096160189,TRUE,533.9523434256166,Velavadar_LEK2,2018-11-01,2021-03-01,Nov18→Mar21
21.609776887544005,193705.73345171538,2441349.328416018,193720.89945074305,2441333.9344259365,TRUE,179.72222632737592,Velavadar_LEK2,2018-11-01,2021-03-01,Nov18→Mar21
20.26444864669567,193968.46092450366,2441247.8610540926,193988.6566056254,2441249.5290897586,TRUE,120.98683136394655,Velavadar_LEK2,2018-11-01,2021-03-01,Nov18→Mar21
29.006096981335,193540.95487377932,2441097.4121322925,193569.65934204264,2441093.239942962,TRUE,418.24640795485993,Velavadar_LEK2,2018-11-01,2021-03-01,Nov18→Mar21
26.987249833822197,193619.3369588209,2441062.366185088,193623.74365169293,2441088.9912242717,TRUE,380.8681682405372,Velavadar_LEK2,2018-11-01,2021-03-01,Nov18→Mar21
13.43956105307743,193816.81243910317,2441291.43190593,193805.3214285446,2441298.4017321575,TRUE,81.04344349085542,Velavadar_LEK2,2018-11-01,2021-03-01,Nov18→Mar21
21.508219039709914,193453.8826748522,2441069.570804918,193436.42963799712,2441057.0011990853,TRUE,506.39422779672327,Velavadar_LEK2,2018-11-01,2021-03-01,Nov18→Mar21
25.332401467934588,194018.55056649956,2441236.5837397045,194000.56591625855,2441254.4242251194,TRUE,166.18501557274115,Velavadar_LEK2,2018-11-01,2021-03-01,Nov18→Mar21
9.87189239702073,193977.91436991256,2441293.9572342453,193979.8353433573,2441284.2740467265,TRUE,101.80464380035907,Velavadar_LEK2,2018-11-01,2021-03-01,Nov18→Mar21
23.380393228782992,193230.3887923229,2441013.000620624,193240.06136131607,2440991.7148461114,TRUE,729.6042518716824,Velavadar_LEK2,2018-11-01,2021-03-01,Nov18→Mar21
38.97853829820463,194013.88051517183,2441494.910684128,194052.8587088784,2441495.074584212,FALSE,205.14996317019447,Velavadar_LEK2,2018-11-01,2021-03-01,Nov18→Mar21
33.54262212153232,193782.8455894566,2441231.413720338,193756.8564560513,2441252.6192017905,FALSE,145.68535936744158,Velavadar_LEK2,2018-11-01,2021-03-01,Nov18→Mar21
20.28516445759695,193556.2669166243,2440974.451155579,193571.7331142187,2440987.5768795228,FALSE,488.12820892212267,Velavadar_LEK2,2018-11-01,2021-03-01,Nov18→Mar21
10.936267660338656,193941.98687903193,2441191.997949223,193949.67279993155,2441184.2179382807,FALSE,154.312983508099,Velavadar_LEK2,2018-11-01,2021-03-01,Nov18→Mar21
40.89738586011015,193879.81554092251,2441164.7657130845,193875.1304040086,2441205.3938518837,TRUE,170.6786222780304,Velavadar_LEK2,2018-11-01,2021-03-01,Nov18→Mar21
26.41772252517949,193593.88244786725,2441019.4336490277,193573.0683171152,2441035.7022698806,TRUE,429.55003705358234,Velavadar_LEK2,2018-11-01,2021-03-01,Nov18→Mar21
15.082458612844718,193968.99991268356,2441144.8456877773,193983.41349783208,2441140.4039402637,FALSE,208.25344109299323,Velavadar_LEK2,2018-11-01,2021-03-01,Nov18→Mar21
21.983442913321824,193764.53742535374,2441212.0330342627,193764.9806106151,2441190.0540591013,FALSE,172.3419972420554,Velavadar_LEK2,2018-11-01,2021-03-01,Nov18→Mar21
7.3505340574305444,193677.51574979312,2441329.010085206,193676.97988858883,2441336.341060837,FALSE,203.1866562662808,Velavadar_LEK2,2021-03-01,2021-12-01,Mar21→Dec21
11.202570076495496,193675.6743838941,2441434.5984565127,193664.67216268665,2441436.7076518144,FALSE,213.26604390238862,Velavadar_LEK2,2021-03-01,2021-12-01,Mar21→Dec21
46.483389864896544,193857.6271832334,2441201.030865961,193831.41007090517,2441239.415349213,TRUE,165.58456248961912,Velavadar_LEK2,2021-03-01,2021-12-01,Mar21→Dec21
13.908881602095626,194050.13053617714,2441478.100790283,194051.61895797763,2441491.929802828,TRUE,206.21983168378176,Velavadar_LEK2,2021-03-01,2021-12-01,Mar21→Dec21
12.454518401304586,194060.731068196,2441443.41214091,194050.60766170628,2441436.1573721576,TRUE,199.21661922582248,Velavadar_LEK2,2021-03-01,2021-12-01,Mar21→Dec21
7.208819634715693,193955.4954951695,2441469.613573775,193950.59114752465,2441464.330160607,TRUE,130.19767038206354,Velavadar_LEK2,2021-03-01,2021-12-01,Mar21→Dec21
20.131478383957933,193749.71320409077,2441338.719535225,193756.61190865585,2441357.632078609,TRUE,130.46210034283175,Velavadar_LEK2,2021-03-01,2021-12-01,Mar21→Dec21
11.7287114755297,193769.8592466901,2441388.682509324,193775.50197472196,2441398.9646439874,TRUE,110.0376594591785,Velavadar_LEK2,2021-03-01,2021-12-01,Mar21→Dec21
9.242028728522387,193950.35554109028,2441363.793057137,193941.33592842944,2441365.808418759,TRUE,72.96200248160719,Velavadar_LEK2,2021-03-01,2021-12-01,Mar21→Dec21
14.931966402697855,193901.8059873198,2441523.1131471484,193886.88031416264,2441523.5466231653,TRUE,159.55970280202854,Velavadar_LEK2,2021-03-01,2021-12-01,Mar21→Dec21
20.076106035307262,193708.1158960204,2441396.67567149,193698.69220516935,2441414.402602535,TRUE,172.15537760763243,Velavadar_LEK2,2021-03-01,2021-12-01,Mar21→Dec21
11.418310150971937,193890.61174092558,2441425.281428873,193883.9691787127,2441434.568741399,TRUE,61.290498781437,Velavadar_LEK2,2021-03-01,2021-12-01,Mar21→Dec21
11.409581072666818,193881.61485639508,2441269.117916962,193870.45445731824,2441271.4894212736,TRUE,96.40294900807832,Velavadar_LEK2,2021-03-01,2021-12-01,Mar21→Dec21
13.47462086404291,193593.4021368511,2441318.879298222,193606.63972121401,2441321.395598614,TRUE,287.79928957073327,Velavadar_LEK2,2021-03-01,2021-12-01,Mar21→Dec21
11.329422473361745,194019.45327751717,2441475.618257282,194025.60636140022,2441466.105351716,TRUE,179.7703670088631,Velavadar_LEK2,2021-03-01,2021-12-01,Mar21→Dec21
11.417142103143698,193843.9000724136,2441388.1696379823,193837.30597745202,2441397.4899944905,TRUE,40.499000880292066,Velavadar_LEK2,2021-03-01,2021-12-01,Mar21→Dec21
28.943902002289935,193909.1164216936,2441542.075114334,193886.88031416264,2441523.5466231653,TRUE,179.46853750185255,Velavadar_LEK2,2021-03-01,2021-12-01,Mar21→Dec21
11.87709015101191,193845.21313693604,2441304.747044311,193849.44809673185,2441315.8434575144,TRUE,68.69558711499566,Velavadar_LEK2,2021-03-01,2021-12-01,Mar21→Dec21
12.605289596060036,193574.54953975428,2441367.708080797,193575.355936941,2441355.128611437,TRUE,302.8709196771606,Velavadar_LEK2,2021-03-01,2021-12-01,Mar21→Dec21
11.848591725865758,193550.36134430682,2441310.6426280504,193538.98990187934,2441313.971204774,TRUE,331.60763775786154,Velavadar_LEK2,2021-03-01,2021-12-01,Mar21→Dec21
8.554462776818674,194031.62321281046,2441396.4456219613,194024.8622369051,2441391.204626044,TRUE,157.29956028438707,Velavadar_LEK2,2021-03-01,2021-12-01,Mar21→Dec21
7.736589407152102,193842.2523969861,2441313.0015002973,193849.44809673185,2441315.8434575144,TRUE,63.12569650775167,Velavadar_LEK2,2021-03-01,2021-12-01,Mar21→Dec21
48.979773935634576,194073.83968162772,2441391.682290389,194024.8622369051,2441391.204626044,TRUE,198.17442720264364,Velavadar_LEK2,2021-03-01,2021-12-01,Mar21→Dec21
7.286869203450216,193675.10729693968,2441343.383209891,193676.97988858883,2441336.341060837,TRUE,203.5022664981986,Velavadar_LEK2,2021-03-01,2021-12-01,Mar21→Dec21
6.923089153809458,193985.77939766276,2441482.5443128254,193987.45300697436,2441475.8265605746,TRUE,159.5602294003776,Velavadar_LEK2,2021-03-01,2021-12-01,Mar21→Dec21
12.714818111080797,193764.62993719446,2441405.557473395,193775.50197472196,2441398.9646439874,TRUE,119.70817063624777,Velavadar_LEK2,2021-03-01,2021-12-01,Mar21→Dec21
12.925934687063691,193942.94910654752,2441491.4381760447,193942.49556307326,2441504.3561513447,TRUE,142.0330554683172,Velavadar_LEK2,2021-03-01,2021-12-01,Mar21→Dec21
8.85510747148684,193658.38691822806,2441316.1715449025,193650.04042641207,2441319.1294162143,TRUE,224.49555280751284,Velavadar_LEK2,2021-03-01,2021-12-01,Mar21→Dec21
10.244180197198954,193582.97726723686,2441269.2194100516,193573.35326370818,2441265.709170175,TRUE,309.7548526004527,Velavadar_LEK2,2021-03-01,2021-12-01,Mar21→Dec21
9.440272209084684,193862.1318032703,2441267.0338439844,193870.45445731824,2441271.4894212736,TRUE,99.57473270772847,Velavadar_LEK2,2021-03-01,2021-12-01,Mar21→Dec21
11.630884629352161,193897.4629576292,2441528.3720904505,193886.88031416264,2441523.5466231653,TRUE,164.17195372839126,Velavadar_LEK2,2021-03-01,2021-12-01,Mar21→Dec21
18.226762296867193,193882.97323078918,2441237.982447994,193896.56250922848,2441250.1293148873,TRUE,127.56803538315374,Velavadar_LEK2,2021-03-01,2021-12-01,Mar21→Dec21
7.439284834865724,193933.15163001703,2441466.4819034315,193936.51255702623,2441459.8451023577,TRUE,115.40609842444483,Velavadar_LEK2,2021-03-01,2021-12-01,Mar21→Dec21
9.744027552645743,193875.71761014618,2441429.2664316245,193868.43791476614,2441422.789386919,TRUE,63.85970922735631,Velavadar_LEK2,2021-03-01,2021-12-01,Mar21→Dec21
25.019133459520223,193740.44381524247,2441268.2454302236,193732.86698477174,2441292.089689052,TRUE,167.94325785752216,Velavadar_LEK2,2021-03-01,2021-12-01,Mar21→Dec21
7.50539550339627,193670.84687712567,2441340.6673909277,193676.97988858883,2441336.341060837,TRUE,208.04386586600012,Velavadar_LEK2,2021-03-01,2021-12-01,Mar21→Dec21
22.670284182163716,193627.6446574966,2441388.77734255,193636.68473210157,2441367.987469149,TRUE,250.8561421230864,Velavadar_LEK2,2021-03-01,2021-12-01,Mar21→Dec21
14.90684013523033,193872.10845204422,2441355.7235368434,193884.027232597,2441364.676556052,TRUE,11.060124121122906,Velavadar_LEK2,2021-03-01,2021-12-01,Mar21→Dec21
10.73040255798656,193710.22464571442,2441457.3752946933,193713.37059330603,2441447.1164179123,TRUE,190.80266571195773,Velavadar_LEK2,2021-03-01,2021-12-01,Mar21→Dec21
19.97936743990756,194053.64787766043,2441455.9040734074,194050.60766170628,2441436.1573721576,TRUE,198.10307207578902,Velavadar_LEK2,2021-03-01,2021-12-01,Mar21→Dec21
15.940473525392228,193988.26066935374,2441391.1477227756,193974.4269494001,2441399.0677536125,TRUE,113.79321206588791,Velavadar_LEK2,2021-03-01,2021-12-01,Mar21→Dec21
22.665128148894244,193977.3101872694,2441253.7908360125,193999.90540531714,2441255.569643304,TRUE,149.80919655054723,Velavadar_LEK2,2021-03-01,2021-12-01,Mar21→Dec21
25.39233494914618,193620.69775269905,2441296.422485792,193636.47334851994,2441276.525218375,TRUE,265.82714881473294,Velavadar_LEK2,2021-03-01,2021-12-01,Mar21→Dec21
23.715830506361378,193621.8233606889,2441339.6136585795,193606.63972121401,2441321.395598614,TRUE,256.8889575011064,Velavadar_LEK2,2021-03-01,2021-12-01,Mar21→Dec21
24.64991647970155,193706.6032786489,2441291.9818060137,193687.6310604643,2441307.719446231,TRUE,185.93036404060334,Velavadar_LEK2,2021-03-01,2021-12-01,Mar21→Dec21
28.96905496228194,194065.9993932649,2441466.78205489,194051.61895797763,2441491.929802828,TRUE,214.0972880319402,Velavadar_LEK2,2021-03-01,2021-12-01,Mar21→Dec21
35.36433446270433,193795.79266207543,2441521.4929267643,193761.05994164053,2441514.839034431,TRUE,176.11809644680807,Velavadar_LEK2,2021-03-01,2021-12-01,Mar21→Dec21
14.019925523100934,193915.6174511219,2441274.9688931718,193903.6002294342,2441282.190021517,TRUE,98.19741687221084,Velavadar_LEK2,2021-03-01,2021-12-01,Mar21→Dec21
14.78949474277077,193638.75590393043,2441407.377723888,193648.1207982641,2441418.82446617,TRUE,242.31458109295082,Velavadar_LEK2,2021-03-01,2021-12-01,Mar21→Dec21
7.353460806091372,193737.88225485166,2441398.5299461433,193735.87226434547,2441391.456522362,TRUE,143.40215200396304,Velavadar_LEK2,2021-03-01,2021-12-01,Mar21→Dec21
16.691711921411574,193740.6297522798,2441462.8968899287,193757.30262390117,2441462.1040477217,TRUE,167.95625106057815,Velavadar_LEK2,2021-03-01,2021-12-01,Mar21→Dec21
19.38829067625873,193658.90436609412,2441343.353999015,193676.97988858883,2441336.341060837,TRUE,219.61978687073008,Velavadar_LEK2,2021-03-01,2021-12-01,Mar21→Dec21
14.02449368880102,193586.87381142486,2441400.498727482,193581.29823804979,2441387.6301842555,TRUE,292.6469619280297,Velavadar_LEK2,2021-03-01,2021-12-01,Mar21→Dec21
15.053037572585335,193940.98996516326,2441281.0314164683,193939.20311635203,2441266.084807773,TRUE,105.66531294848244,Velavadar_LEK2,2021-03-01,2021-12-01,Mar21→Dec21
15.136684944903047,194023.6859012063,2441351.238875287,194028.92999754782,2441365.438124728,TRUE,146.96071901088075,Velavadar_LEK2,2021-03-01,2021-12-01,Mar21→Dec21
25.626541786619395,193755.419766819,2441222.7919154535,193761.26098601212,2441247.743865323,TRUE,187.68983086740542,Velavadar_LEK2,2021-03-01,2021-12-01,Mar21→Dec21
21.34290188404422,193887.69003499276,2441193.3644443555,193898.77229965577,2441175.124299872,TRUE,172.3714627071235,Velavadar_LEK2,2021-03-01,2021-12-01,Mar21→Dec21
16.662272903392985,194064.46887666982,2441481.322685976,194051.61895797763,2441491.929802828,TRUE,220.0491250718755,Velavadar_LEK2,2021-03-01,2021-12-01,Mar21→Dec21
10.240951381560597,193945.51297641065,2441392.301374694,193955.1691832334,2441388.8903990276,TRUE,73.21114805926234,Velavadar_LEK2,2021-03-01,2021-12-01,Mar21→Dec21
18.205288660868113,193809.5299559932,2441211.0059978203,193792.7161821482,2441217.9866528264,TRUE,168.68456473088563,Velavadar_LEK2,2021-03-01,2021-12-01,Mar21→Dec21
6.73024587575541,193846.2288969152,2441461.907986275,193843.11311311566,2441455.942409952,TRUE,101.39297128003062,Velavadar_LEK2,2021-03-01,2021-12-01,Mar21→Dec21
8.790934677880035,193824.25591993562,2441442.4062326476,193830.008929968,2441435.7591725397,TRUE,93.54688647783148,Velavadar_LEK2,2021-03-01,2021-12-01,Mar21→Dec21
30.263242553660028,193856.28064349268,2441518.612551257,193851.1598893801,2441488.785688747,TRUE,154.63398044776864,Velavadar_LEK2,2021-03-01,2021-12-01,Mar21→Dec21
12.06859103804696,193843.37557995578,2441237.841347052,193831.41007090517,2441239.415349213,TRUE,132.04972865713583,Velavadar_LEK2,2021-03-01,2021-12-01,Mar21→Dec21
14.52442020799608,194039.50858295662,2441355.4856218705,194028.92999754782,2441365.438124728,TRUE,162.4013977459378,Velavadar_LEK2,2021-03-01,2021-12-01,Mar21→Dec21
12.733735627777614,193748.0805919901,2441348.178790346,193756.61190865585,2441357.632078609,TRUE,130.47666564681757,Velavadar_LEK2,2021-03-01,2021-12-01,Mar21→Dec21
14.494818437900262,193530.60171562215,2441325.7922915625,193538.98990187934,2441313.971204774,TRUE,349.06787141680564,Velavadar_LEK2,2021-03-01,2021-12-01,Mar21→Dec21
11.49130063918087,193661.5119086867,2441318.454816479,193650.04042641207,2441319.1294162143,TRUE,220.95111006761084,Velavadar_LEK2,2021-03-01,2021-12-01,Mar21→Dec21
7.8107462650749175,193937.74417105853,2441358.8724951576,193941.33592842944,2441365.808418759,TRUE,60.68751963569715,Velavadar_LEK2,2021-03-01,2021-12-01,Mar21→Dec21
15.440822943758665,193664.0095397743,2441312.550443266,193650.04042641207,2441319.1294162143,TRUE,219.85614487899662,Velavadar_LEK2,2021-03-01,2021-12-01,Mar21→Dec21
4.437216219062757,193964.11400503025,2441362.1094416734,193965.01974174392,2441357.7656496917,TRUE,86.76565146670718,Velavadar_LEK2,2021-03-01,2021-12-01,Mar21→Dec21
12.767940338242294,193829.68516219474,2441407.734186762,193837.30597745202,2441397.4899944905,TRUE,63.77736191643306,Velavadar_LEK2,2021-03-01,2021-12-01,Mar21→Dec21
19.21470980028602,193787.28211359776,2441421.9453118904,193768.06959481142,2441421.655148844,TRUE,106.38348806686864,Velavadar_LEK2,2021-03-01,2021-12-01,Mar21→Dec21
20.569597131945287,193984.63163510934,2441501.8151332433,193995.28469318303,2441519.4111748394,TRUE,173.48543708462324,Velavadar_LEK2,2021-03-01,2021-12-01,Mar21→Dec21
26.488232734098784,193922.30788446986,2441243.9001795496,193896.56250922848,2441250.1293148873,TRUE,129.55675966849662,Velavadar_LEK2,2021-03-01,2021-12-01,Mar21→Dec21
10.557919371655698,193942.31865844477,2441293.2070176327,193936.82767006033,2441302.224706251,TRUE,97.10269323385084,Velavadar_LEK2,2021-03-01,2021-12-01,Mar21→Dec21
39.711444903304006,194064.10746388606,2441385.137417829,194024.8622369051,2441391.204626044,TRUE,187.73292897690965,Velavadar_LEK2,2021-03-01,2021-12-01,Mar21→Dec21
12.917260811142212,193967.50321215572,2441414.279358506,193954.88741103606,2441411.5049776793,TRUE,102.48309551626244,Velavadar_LEK2,2021-03-01,2021-12-01,Mar21→Dec21
14.7113000753233,194046.91441448085,2441477.991021662,194051.61895797763,2441491.929802828,TRUE,203.47302145647902,Velavadar_LEK2,2021-03-01,2021-12-01,Mar21→Dec21
4.659590833895692,193845.0663354068,2441317.4283721587,193849.44809673185,2441315.8434575144,TRUE,57.88189955262037,Velavadar_LEK2,2021-03-01,2021-12-01,Mar21→Dec21
11.763435988826163,193805.24202825598,2441380.3468163344,193804.00097956037,2441392.0446034926,TRUE,73.69547860980182,Velavadar_LEK2,2021-03-01,2021-12-01,Mar21→Dec21
8.654646682936464,193793.81364430426,2441264.567573102,193796.19799981383,2441256.2478520726,TRUE,131.0028021367527,Velavadar_LEK2,2021-03-01,2021-12-01,Mar21→Dec21
8.549929552919611,193761.66524790204,2441415.990730425,193768.06959481142,2441421.655148844,TRUE,126.30816427872313,Velavadar_LEK2,2021-03-01,2021-12-01,Mar21→Dec21
39.252155795003134,193499.7615964855,2441312.603070832,193538.98990187934,2441313.971204774,TRUE,381.32707903380174,Velavadar_LEK2,2021-03-01,2021-12-01,Mar21→Dec21
11.62697438961906,193836.6813061052,2441364.463578706,193846.67510166886,2441370.4058496263,TRUE,40.7420244535737,Velavadar_LEK2,2021-03-01,2021-12-01,Mar21→Dec21
21.697397586109666,193794.73743089114,2441484.277834149,193812.54847656318,2441471.8865584247,TRUE,144.7759057372819,Velavadar_LEK2,2021-03-01,2021-12-01,Mar21→Dec21
16.45402466269534,193763.25050294184,2441289.762155067,193755.91440860525,2441304.4902454894,TRUE,136.9610285343949,Velavadar_LEK2,2021-03-01,2021-12-01,Mar21→Dec21
6.840462937517726,194035.22932709145,2441362.7715950543,194028.92999754782,2441365.438124728,TRUE,157.83981635430627,Velavadar_LEK2,2021-03-01,2021-12-01,Mar21→Dec21
38.2146781669249,194023.22216544847,2441285.846537537,193999.90540531714,2441255.569643304,TRUE,166.11453309325944,Velavadar_LEK2,2021-03-01,2021-12-01,Mar21→Dec21
18.61190969151063,193846.30219478652,2441228.2516657407,193831.41007090517,2441239.415349213,TRUE,140.66090188947513,Velavadar_LEK2,2021-03-01,2021-12-01,Mar21→Dec21
9.853208297472179,194020.24595620605,2441436.3412987525,194013.48477459565,2441443.508734625,FALSE,159.46816961479493,Velavadar_LEK2,2021-03-01,2021-12-01,Mar21→Dec21
1.8549838083152574,193836.33982426973,2441341.5572420144,193836.10084528103,2441343.396767489,FALSE,47.5056282525625,Velavadar_LEK2,2021-03-01,2021-12-01,Mar21→Dec21
19.654476202002076,193923.1846609694,2441283.8478744114,193903.6002294342,2441282.190021517,FALSE,93.54496214696309,Velavadar_LEK2,2021-03-01,2021-12-01,Mar21→Dec21
8.915808800120397,193861.16571661792,2441417.631210821,193868.43791476614,2441422.789386919,TRUE,54.67163565840545,Velavadar_LEK2,2021-03-01,2021-12-01,Mar21→Dec21
3.512439842927672,193974.28071261244,2441395.5583592984,193974.4269494001,2441399.0677536125,TRUE,101.4462208072842,Velavadar_LEK2,2021-03-01,2021-12-01,Mar21→Dec21
14.555687994780843,193722.86255881013,2441319.8750583087,193721.55153924692,2441334.3715848136,TRUE,157.13279876612845,Velavadar_LEK2,2021-12-01,2022-12-01,Dec21→Dec22
8.355825698181722,193883.56093526227,2441302.4001446706,193877.83625222946,2441296.3134520324,TRUE,46.261828764266035,Velavadar_LEK2,2021-12-01,2022-12-01,Dec21→Dec22
15.834062732801506,193690.89022989798,2441327.748079749,193706.50169968972,2441330.393746691,TRUE,187.6451918792135,Velavadar_LEK2,2021-12-01,2022-12-01,Dec21→Dec22
3.347653659167523,193832.7945836687,2441433.8816518136,193829.72481249057,2441435.2170506064,TRUE,96.5568642679942,Velavadar_LEK2,2021-12-01,2022-12-01,Dec21→Dec22
4.949772643396054,193882.78117825632,2441296.532440183,193877.83625222946,2441296.3134520324,TRUE,51.99701485847534,Velavadar_LEK2,2021-12-01,2022-12-01,Dec21→Dec22
17.444988356514916,193775.6126156714,2441464.117016705,193758.16892954143,2441463.903866621,TRUE,154.233301786176,Velavadar_LEK2,2021-12-01,2022-12-01,Dec21→Dec22
16.657574171792938,193751.7286168309,2441385.3011566135,193735.8282248819,2441390.266266195,TRUE,131.03038507775665,Velavadar_LEK2,2021-12-01,2022-12-01,Dec21→Dec22
16.919553410033302,193875.51843312316,2441347.3328411398,193892.30132153252,2441345.1866947715,TRUE,2.1045383170549563,Velavadar_LEK2,2021-12-01,2022-12-01,Dec21→Dec22
16.199879619117723,194004.4571977823,2441331.6125639277,193992.07702695858,2441321.1642401363,TRUE,128.1302664617094,Velavadar_LEK2,2021-12-01,2022-12-01,Dec21→Dec22
24.266240702595557,193865.90205073424,2441207.3439909555,193844.34370018938,2441218.4834684846,TRUE,141.37680139311357,Velavadar_LEK2,2021-12-01,2022-12-01,Dec21→Dec22
12.232887818479647,193841.7795908111,2441385.428677812,193838.20512305846,2441397.1276830975,TRUE,51.49566627179208,Velavadar_LEK2,2021-12-01,2022-12-01,Dec21→Dec22
14.28997386973886,193692.42741053127,2441319.479202495,193687.08218889497,2441306.226581665,TRUE,187.20870899569283,Velavadar_LEK2,2021-12-01,2022-12-01,Dec21→Dec22
11.18717621086388,193932.8662305949,2441355.540057191,193924.5726268533,2441363.0479895663,TRUE,55.93127515467583,Velavadar_LEK2,2021-12-01,2022-12-01,Dec21→Dec22
7.406158022712634,193887.91698641877,2441215.2930092798,193892.1108515123,2441209.1886934103,TRUE,133.37284240675461,Velavadar_LEK2,2021-12-01,2022-12-01,Dec21→Dec22
29.77745148761385,194007.59911714762,2441367.487367851,194002.55840081588,2441396.8350729737,TRUE,131.60066159189316,Velavadar_LEK2,2021-12-01,2022-12-01,Dec21→Dec22
14.382763239920699,193963.76342387448,2441343.6007308383,193977.30362904008,2441348.451166127,TRUE,86.47668869894174,Velavadar_LEK2,2021-12-01,2022-12-01,Dec21→Dec22
3.2831200189852985,193759.89336379527,2441466.697646062,193758.16892954143,2441463.903866621,TRUE,166.85351239291876,Velavadar_LEK2,2021-12-01,2022-12-01,Dec21→Dec22
10.120957845934683,193741.89593408772,2441398.366679315,193735.8282248819,2441390.266266195,TRUE,144.48565760468782,Velavadar_LEK2,2021-12-01,2022-12-01,Dec21→Dec22
17.574886929145563,193919.72822791268,2441437.097270926,193918.8280033134,2441419.5454548877,TRUE,98.40856340849054,Velavadar_LEK2,2021-12-01,2022-12-01,Dec21→Dec22
3.6216993467438354,193784.18647718377,2441389.173074614,193786.05996228388,2441392.272551947,TRUE,101.81135890650867,Velavadar_LEK2,2021-12-01,2022-12-01,Dec21→Dec22
10.250313331087673,193799.08100083243,2441373.0762272784,193789.89324646955,2441377.6209047316,TRUE,82.17052431007754,Velavadar_LEK2,2021-12-01,2022-12-01,Dec21→Dec22
14.265637013403797,193856.98092763158,2441266.07319306,193845.41918919154,2441274.4299031566,TRUE,84.67996672448167,Velavadar_LEK2,2021-12-01,2022-12-01,Dec21→Dec22
24.047808369016927,193938.85411370374,2441450.354382679,193957.94598127407,2441435.73256063,TRUE,119.16437294145176,Velavadar_LEK2,2021-12-01,2022-12-01,Dec21→Dec22
33.74650600563188,193902.83423162624,2441471.1551896567,193874.90051920264,2441452.220185621,TRUE,125.50543701842186,Velavadar_LEK2,2021-12-01,2022-12-01,Dec21→Dec22
17.674475880689204,193694.40762614002,2441350.9577676547,193677.0396685435,2441354.235136505,TRUE,183.02426891622534,Velavadar_LEK2,2021-12-01,2022-12-01,Dec21→Dec22
1.0410081444892652,193875.6750111491,2441452.915786212,193874.90051920264,2441452.220185621,TRUE,104.6787053459654,Velavadar_LEK2,2021-12-01,2022-12-01,Dec21→Dec22
11.771745838588135,193779.08584518,2441382.287174918,193789.89324646955,2441377.6209047316,TRUE,104.05017075728446,Velavadar_LEK2,2021-12-01,2022-12-01,Dec21→Dec22
18.756464530680773,193965.95414280889,2441269.2350526,193979.30700645933,2441282.4072200004,TRUE,118.67320192729312,Velavadar_LEK2,2021-12-01,2022-12-01,Dec21→Dec22
12.309894341235411,193886.9727773892,2441449.813095891,193874.90051920264,2441452.220185621,TRUE,102.01063750242119,Velavadar_LEK2,2021-12-01,2022-12-01,Dec21→Dec22
11.16745121783607,193844.05176090935,2441285.5133189927,193845.41918919154,2441274.4299031566,TRUE,71.05614827943289,Velavadar_LEK2,2021-12-01,2022-12-01,Dec21→Dec22
4.077869143149366,193895.83457113584,2441255.535986399,193896.25176776102,2441251.4795145667,TRUE,94.52809207029904,Velavadar_LEK2,2021-12-01,2022-12-01,Dec21→Dec22
17.142957811050106,193939.55968258233,2441401.254728216,193925.8595468992,2441390.9500067364,TRUE,81.68042454621205,Velavadar_LEK2,2021-12-01,2022-12-01,Dec21→Dec22
15.622600114949185,193691.25430591952,2441326.990422203,193706.50169968972,2441330.393746691,TRUE,187.36776039606377,Velavadar_LEK2,2021-12-01,2022-12-01,Dec21→Dec22
26.550374177063507,193730.60707408292,2441308.59191264,193756.7509697369,2441303.963836476,TRUE,152.06753416984935,Velavadar_LEK2,2021-12-01,2022-12-01,Dec21→Dec22
11.012702927053745,193899.2907605577,2441336.6762677627,193892.30132153252,2441345.1866947715,TRUE,24.75219098365477,Velavadar_LEK2,2021-12-01,2022-12-01,Dec21→Dec22
16.666432488150235,193828.99113127863,2441256.2065712167,193832.35903295898,2441239.883973073,TRUE,104.00402298857361,Velavadar_LEK2,2021-12-01,2022-12-01,Dec21→Dec22
26.570190267546227,193992.56909867932,2441372.214170194,194002.55840081588,2441396.8350729737,TRUE,117.62395010566806,Velavadar_LEK2,2021-12-01,2022-12-01,Dec21→Dec22
3.450524708124926,193888.9252352435,2441394.5381306717,193889.88178923872,2441397.853417268,TRUE,47.69706692735119,Velavadar_LEK2,2021-12-01,2022-12-01,Dec21→Dec22
9.902224086656567,193859.15820896684,2441318.165730327,193849.5514885371,2441315.76469629,TRUE,35.190193760915434,Velavadar_LEK2,2021-12-01,2022-12-01,Dec21→Dec22
29.33177316591918,194007.728340112,2441289.6584757855,193979.30700645933,2441282.4072200004,FALSE,142.88288812149798,Velavadar_LEK2,2021-12-01,2022-12-01,Dec21→Dec22
23.64382911626813,193800.84003074985,2441233.1922705774,193796.5127688385,2441256.4367421702,FALSE,138.20952674038136,Velavadar_LEK2,2021-12-01,2022-12-01,Dec21→Dec22
11.191656582968049,193805.4888289192,2441309.239980411,193805.5205511601,2441298.0483687855,FALSE,81.82190481441842,Velavadar_LEK2,2021-12-01,2022-12-01,Dec21→Dec22
5.123671545061588,193762.488643303,2441253.9419022053,193762.91413706262,2441248.835928727,TRUE,148.66623788733975,Velavadar_LEK2,2021-12-01,2022-12-01,Dec21→Dec22
2.5709753470865975,193923.50334993657,2441351.013935976,193921.32091345557,2441352.372937537,TRUE,46.1741719982542,Velavadar_LEK2,2021-12-01,2022-12-01,Dec21→Dec22
42.54576448076293,193720.242573144,2441279.5707944566,193687.08218889497,2441306.226581665,TRUE,171.52035153225378,Velavadar_LEK2,2021-12-01,2022-12-01,Dec21→Dec22
26.798702651601342,193750.61647714386,2441277.8767043143,193756.7509697369,2441303.963836476,TRUE,145.01615884210997,Velavadar_LEK2,2021-12-01,2022-12-01,Dec21→Dec22
8.298784851926268,193845.88759715363,2441393.989304249,193838.20512305846,2441397.1276830975,TRUE,55.54933220314501,Velavadar_LEK2,2021-12-01,2022-12-01,Dec21→Dec22
12.6702182287279,193785.6564395787,2441422.96292009,193797.09768212726,2441417.519355182,TRUE,118.32522769644322,Velavadar_LEK2,2021-12-01,2022-12-01,Dec21→Dec22
8.612023735255812,193814.8038361673,2441360.124583751,193809.23078711244,2441353.5589096006,TRUE,63.723921813480906,Velavadar_LEK2,2021-12-01,2022-12-01,Dec21→Dec22
14.53788910095609,193803.3994979876,2441323.560174941,193789.42940577026,2441319.536899789,TRUE,78.02239849333289,Velavadar_LEK2,2021-12-01,2022-12-01,Dec21→Dec22
20.148220257449534,194009.98449955808,2441330.398589309,193992.07702695858,2441321.1642401363,TRUE,133.76929397369867,Velavadar_LEK2,2021-12-01,2022-12-01,Dec21→Dec22
13.346289742526048,193966.11300490386,2441284.417636088,193979.30700645933,2441282.4072200004,TRUE,109.28243040213869,Velavadar_LEK2,2021-12-01,2022-12-01,Dec21→Dec22
24.67907170132622,193733.57669313415,2441295.4779962716,193756.7509697369,2441303.963836476,TRUE,153.21098019819607,Velavadar_LEK2,2021-12-01,2022-12-01,Dec21→Dec22
7.762621796072406,193715.9912126243,2441439.388334601,193712.69808255363,2441446.417814773,TRUE,185.37140542815334,Velavadar_LEK2,2021-12-01,2022-12-01,Dec21→Dec22
4.216703027085336,193876.90104954928,2441366.620943878,193872.68797108682,2441366.795741726,TRUE,18.376554082674005,Velavadar_LEK2,2021-12-01,2022-12-01,Dec21→Dec22
40.04643014313572,193718.59479915595,2441281.514803871,193687.08218889497,2441306.226581665,TRUE,172.26912807942608,Velavadar_LEK2,2021-12-01,2022-12-01,Dec21→Dec22
13.814933565649657,193722.08301454328,2441388.88005475,193735.8282248819,2441390.266266195,TRUE,160.55447185603083,Velavadar_LEK2,2021-12-01,2022-12-01,Dec21→Dec22
38.579042345255644,193731.15304427722,2441275.1005601473,193756.7509697369,2441303.963836476,TRUE,163.5319769372617,Velavadar_LEK2,2021-12-01,2022-12-01,Dec21→Dec22
12.508402387942201,193801.52749062591,2441405.8216234804,193797.09768212726,2441417.519355182,TRUE,95.25104490667447,Velavadar_LEK2,2021-12-01,2022-12-01,Dec21→Dec22
10.662243009602278,193968.85727928375,2441280.289053824,193979.30700645933,2441282.4072200004,TRUE,113.93486248822018,Velavadar_LEK2,2021-12-01,2022-12-01,Dec21→Dec22
26.601258991634737,193864.5304837608,2441250.1830572276,193868.78511948063,2441276.4418663178,TRUE,98.91080978063843,Velavadar_LEK2,2021-12-01,2022-12-01,Dec21→Dec22
9.52447436756122,193761.9324916872,2441348.900402417,193758.28131351992,2441357.6972490093,TRUE,115.4812173791943,Velavadar_LEK2,2021-12-01,2022-12-01,Dec21→Dec22
11.835160443377704,193768.15833309555,2441300.8105708794,193756.7509697369,2441303.963836476,TRUE,119.10910850893872,Velavadar_LEK2,2021-12-01,2022-12-01,Dec21→Dec22
12.629890508576242,193864.62063979343,2441434.2007222488,193867.00936363736,2441421.7987815677,TRUE,86.89583573755245,Velavadar_LEK2,2021-12-01,2022-12-01,Dec21→Dec22
15.575670542956853,193974.49890502743,2441267.592238614,193979.30700645933,2441282.4072200004,TRUE,126.2212515381967,Velavadar_LEK2,2021-12-01,2022-12-01,Dec21→Dec22
15.810718215649782,193784.10997289355,2441266.242325439,193796.5127688385,2441256.4367421702,TRUE,124.22057099822582,Velavadar_LEK2,2021-12-01,2022-12-01,Dec21→Dec22
18.056401171031066,193744.07961423014,2441316.9673106475,193749.9324733895,2441334.048811252,TRUE,136.95325707685137,Velavadar_LEK2,2021-12-01,2022-12-01,Dec21→Dec22
20.555677104656738,193981.65701028326,2441261.9863154353,193979.30700645933,2441282.4072200004,TRUE,135.30974295485683,Velavadar_LEK2,2021-12-01,2022-12-01,Dec21→Dec22
13.985494174229835,193877.757720875,2441344.405673953,193880.436425298,2441330.6791088358,TRUE,3.8613356878577663,Velavadar_LEK2,2021-12-01,2022-12-01,Dec21→Dec22
19.41477330723536,193908.55424705654,2441236.4601129224,193896.25176776102,2441251.4795145667,TRUE,116.04808895702999,Velavadar_LEK2,2021-12-01,2022-12-01,Dec21→Dec22
18.621731082962956,193938.77706435317,2441404.3629337605,193925.8595468992,2441390.9500067364,TRUE,83.15154297562543,Velavadar_LEK2,2021-12-01,2022-12-01,Dec21→Dec22
15.194292716346334,193959.33397902982,2441326.3587432383,193963.98673007241,2441311.8943580496,TRUE,84.79694432488085,Velavadar_LEK2,2021-12-01,2022-12-01,Dec21→Dec22
8.215720300905865,193939.90346872076,2441346.1451301994,193938.94370254158,2441337.985662757,TRUE,62.5270716086611,Velavadar_LEK2,2021-12-01,2022-12-01,Dec21→Dec22
4.6789915687310355,193903.85791834473,2441321.1847020467,193903.06392693648,2441325.795834201,TRUE,37.841824963598306,Velavadar_LEK2,2021-12-01,2022-12-01,Dec21→Dec22
25.086349584992693,193956.06635799533,2441384.629854528,193944.32292432862,2441362.4619339844,TRUE,86.65974435801272,Velavadar_LEK2,2021-12-01,2022-12-01,Dec21→Dec22
13.870119827550846,193679.216477435,2441340.536898404,193677.0396685435,2441354.235136505,TRUE,198.3454936990457,Velavadar_LEK2,2021-12-01,2022-12-01,Dec21→Dec22
13.764399466036027,193726.0982100245,2441449.5634906027,193712.69808255363,2441446.417814773,FALSE,182.09873610736273,Velavadar_LEK2,2021-12-01,2022-12-01,Dec21→Dec22
21.365938282922958,193717.62684069423,2441379.076407735,193735.8282248819,2441390.266266195,TRUE,162.73117750868528,Velavadar_LEK2,2021-12-01,2022-12-01,Dec21→Dec22
33.25327155527165,193902.57194305558,2441470.661236868,193874.90051920264,2441452.220185621,TRUE,124.96869318069878,Velavadar_LEK2,2021-12-01,2022-12-01,Dec21→Dec22
14.71104875143864,193955.77901443795,2441450.283134849,193957.94598127407,2441435.73256063,TRUE,128.65404429924615,Velavadar_LEK2,2021-12-01,2022-12-01,Dec21→Dec22
10.143267907087042,193919.55546985357,2441335.3676216654,193914.19090046838,2441326.759063183,TRUE,44.06898874096603,Velavadar_LEK2,2021-12-01,2022-12-01,Dec21→Dec22
19.37856691449817,193899.5362907675,2441227.08818244,193892.1108515123,2441209.1886934103,TRUE,123.16670295861907,Velavadar_LEK2,2021-12-01,2022-12-01,Dec21→Dec22
17.090567994793062,193779.64934547452,2441245.368896308,193762.91413706262,2441248.835928727,TRUE,141.9237213007135,Velavadar_LEK2,2021-12-01,2022-12-01,Dec21→Dec22
9.330935144524172,193782.89418028056,2441417.5640833373,193788.36097001418,2441410.002300434,FALSE,117.20849832161919,Velavadar_LEK2,2021-12-01,2022-12-01,Dec21→Dec22
9.599599946648372,193987.02481420207,2441288.1157892416,193979.30700645933,2441282.4072200004,FALSE,125.02518436126543,Velavadar_LEK2,2021-12-01,2022-12-01,Dec21→Dec22
2.216317660429956,193757.9336358158,2441302.0894392617,193756.7509697369,2441303.963836476,FALSE,128.0858590553949,Velavadar_LEK2,2021-12-01,2022-12-01,Dec21→Dec22
5.844169320287907,193737.90174333085,2441395.7302241274,193735.8282248819,2441390.266266195,FALSE,147.3679406747243,Velavadar_LEK2,2021-12-01,2022-12-01,Dec21→Dec22
18.54433756037821,193800.98336295885,2441336.9495011107,193809.23078711244,2441353.5589096006,TRUE,77.25965375525143,Velavadar_LEK2,2021-12-01,2022-12-01,Dec21→Dec22
5.661140538602088,193996.10814941738,2441325.1389808725,193992.07702695858,2441321.1642401363,FALSE,120.92556024115056,Velavadar_LEK2,2021-12-01,2022-12-01,Dec21→Dec22
13.612804064384417,193730.17345621003,2441323.837308266,193721.55153924692,2441334.3715848136,FALSE,149.24881073428094,Velavadar_LEK2,2021-12-01,2022-12-01,Dec21→Dec22
10.936115276471636,193778.61664894808,2441405.0377436257,193788.36097001418,2441410.002300434,FALSE,113.95252207349506,Velavadar_LEK2,2021-12-01,2022-12-01,Dec21→Dec22
4.906140072970836,193852.1020089311,2441371.7319038636,193847.23632851162,2441371.1031237184,TRUE,34.52418924065573,Velavadar_LEK2,2021-12-01,2022-12-01,Dec21→Dec22
9.631764747945418,193808.82640290685,2441307.0950386915,193805.5205511601,2441298.0483687855,FALSE,79.9863867744641,Velavadar_LEK2,2021-12-01,2022-12-01,Dec21→Dec22
8.66995918982853,193888.14324752314,2441441.0774450554,193884.3924145546,2441433.260831697,FALSE,93.44420690603933,Velavadar_LEK2,2021-12-01,2022-12-01,Dec21→Dec22
28.867633942501097,193715.20883031268,2441299.7279408844,193687.08218889497,2441306.226581665,TRUE,169.3055409111578,Velavadar_LEK2,2021-12-01,2022-12-01,Dec21→Dec22
13.373286880449426,193782.30360484458,2441421.9250991484,193788.36097001418,2441410.002300434,FALSE,120.30538477796588,Velavadar_LEK2,2021-12-01,2022-12-01,Dec21→Dec22
6.661714300734169,193978.83574009256,2441275.7621958894,193979.30700645933,2441282.4072200004,TRUE,124.66553718151623,Velavadar_LEK2,2021-12-01,2022-12-01,Dec21→Dec22
15.496464855262648,193795.88767101773,2441285.9096685597,193805.5205511601,2441298.0483687855,TRUE,102.62894560840607,Velavadar_LEK2,2021-12-01,2022-12-01,Dec21→Dec22
4.130331384807288,193864.51741506497,2441425.0926895295,193867.00936363736,2441421.7987815677,TRUE,77.91557684597714,Velavadar_LEK2,2021-12-01,2022-12-01,Dec21→Dec22
2.3375979612004985,193789.03201461062,2441350.258856768,193786.701520262,2441350.4409565185,TRUE,88.40266489478908,Velavadar_LEK2,2021-12-01,2022-12-01,Dec21→Dec22
4.913020403474145,193845.05190906266,2441313.7919940725,193849.5514885371,2441315.76469629,TRUE,47.271820906429134,Velavadar_LEK2,2021-12-01,2022-12-01,Dec21→Dec22
8.250502284208395,193765.5052897223,2441467.6785993585,193758.16892954143,2441463.903866621,TRUE,163.6640473341511,Velavadar_LEK2,2021-12-01,2022-12-01,Dec21→Dec22
17.704598501998497,193996.77773350672,2441285.275408375,193979.30700645933,2441282.4072200004,TRUE,134.9599666856025,Velavadar_LEK2,2021-12-01,2022-12-01,Dec21→Dec22
9.032301575070484,193793.6088271258,2441387.313004453,193786.05996228388,2441392.272551947,FALSE,92.45947469876488,Velavadar_LEK2,2021-12-01,2022-12-01,Dec21→Dec22
32.94618818450175,193906.82115212697,2441460.376441478,193874.90051920264,2441452.220185621,TRUE,115.91768365036265,Velavadar_LEK2,2021-12-01,2022-12-01,Dec21→Dec22
5.1019161604145165,193876.40379152138,2441318.8017264525,193879.5754012901,2441314.805423163,TRUE,29.46701387470822,Velavadar_LEK2,2021-12-01,2022-12-01,Dec21→Dec22
8.355987452466884,193827.6870089117,2441307.339812266,193835.44003467308,2441304.2232247335,FALSE,64.39199386829621,Velavadar_LEK2,2021-12-01,2022-12-01,Dec21→Dec22
7.222093130387834,193883.20981282715,2441391.2537792884,193888.78382689977,2441386.661503567,FALSE,43.39138998644896,Velavadar_LEK2,2021-12-01,2022-12-01,Dec21→Dec22
20.070249492179887,193816.60547033846,2441227.448532613,193832.35903295898,2441239.883973073,FALSE,135.24339174145098,Velavadar_LEK2,2021-12-01,2022-12-01,Dec21→Dec22
12.322663719016639,193869.82135378962,2441289.135965391,193868.98803631036,2441276.841510417,FALSE,40.48934139097004,Velavadar_LEK2,2022-12-01,2024-05-01,Dec22→May24
2.8340261759117458,193789.54489190588,2441406.0722543956,193789.37501694093,2441403.2433240567,FALSE,102.76138228635476,Velavadar_LEK2,2022-12-01,2024-05-01,Dec22→May24
12.23591697558366,193720.47120762017,2441356.6341568856,193713.4916717775,2441346.5840950124,FALSE,137.71338018822195,Velavadar_LEK2,2022-12-01,2024-05-01,Dec22→May24
16.334530055256558,193935.243225519,2441343.0898260283,193921.69673452654,2441352.217227297,FALSE,81.97275292060047,Velavadar_LEK2,2022-12-01,2024-05-01,Dec22→May24
14.505627081529667,193692.18536957874,2441331.0971239847,193706.68273300224,2441330.6075621443,FALSE,162.78144692556722,Velavadar_LEK2,2022-12-01,2024-05-01,Dec22→May24
11.565421016992614,193973.54881603914,2441402.6536839968,193968.4475444393,2441392.274089045,FALSE,140.82681354766163,Velavadar_LEK2,2022-12-01,2024-05-01,Dec22→May24
31.92523576390338,193880.7653307243,2441451.745316631,193866.81186407845,2441423.030835143,FALSE,127.6127495522861,Velavadar_LEK2,2022-12-01,2024-05-01,Dec22→May24
11.159103827411919,193910.8565097325,2441396.2965468485,193916.3428814038,2441406.013816224,FALSE,89.23398128584093,Velavadar_LEK2,2022-12-01,2024-05-01,Dec22→May24
13.687362605087241,193825.60546999244,2441418.51706524,193819.84148856334,2441406.1025409573,FALSE,96.30439486597646,Velavadar_LEK2,2022-12-01,2024-05-01,Dec22→May24
13.415624403636718,193911.75720479368,2441375.779221543,193898.34636347764,2441375.421013035,FALSE,75.05094178790544,Velavadar_LEK2,2022-12-01,2024-05-01,Dec22→May24
5.3293365194188835,193899.71099423146,2441312.3642905913,193895.10189418832,2441309.6888421187,FALSE,47.063405544987525,Velavadar_LEK2,2022-12-01,2024-05-01,Dec22→May24
20.805341801090215,193975.4558681595,2441364.5024645417,193973.8624324936,2441343.7582313614,FALSE,126.31092536767775,Velavadar_LEK2,2022-12-01,2024-05-01,Dec22→May24
20.653832657605438,193757.68840994968,2441338.930497421,193759.034061172,2441359.5404471112,FALSE,97.9775425390939,Velavadar_LEK2,2022-12-01,2024-05-01,Dec22→May24
5.329427664749761,193780.72202813908,2441468.7066449896,193777.85359856766,2441464.2149959574,FALSE,160.1472553916867,Velavadar_LEK2,2022-12-01,2024-05-01,Dec22→May24
15.957467442600787,193787.93851135296,2441301.982698224,193788.09839043283,2441286.026031722,FALSE,71.41423562665156,Velavadar_LEK2,2022-12-01,2024-05-01,Dec22→May24
2.480978543939347,193838.4673655915,2441394.808338135,193837.90692963783,2441397.225188581,FALSE,69.98777016870557,Velavadar_LEK2,2022-12-01,2024-05-01,Dec22→May24
22.48235275659938,193773.44208566874,2441230.223554075,193792.0362080969,2441217.585722117,FALSE,126.33277001451611,Velavadar_LEK2,2022-12-01,2024-05-01,Dec22→May24
15.074179752260914,193956.80732102672,2441409.5972461095,193970.21510052157,2441416.4865381066,FALSE,131.3086469217354,Velavadar_LEK2,2022-12-01,2024-05-01,Dec22→May24
31.471395985540784,193987.96654705034,2441315.6242178218,193973.8624324936,2441343.7582313614,FALSE,133.52379418453515,Velavadar_LEK2,2022-12-01,2024-05-01,Dec22→May24
44.982514793003666,193868.76325008462,2441468.6112991306,193859.9801312416,2441424.4945963924,FALSE,142.50693365985737,Velavadar_LEK2,2022-12-01,2024-05-01,Dec22→May24
14.05494951084683,193771.6441220673,2441201.202981922,193764.29508394114,2441189.222445858,FALSE,150.6736711177357,Velavadar_LEK2,2022-12-01,2024-05-01,Dec22→May24
22.631920159549335,193791.12598534953,2441431.1464484204,193775.85909530078,2441414.439387687,FALSE,122.31448277330416,Velavadar_LEK2,2022-12-01,2024-05-01,Dec22→May24
17.53046926278968,193881.4812503704,2441432.629088025,193866.81186407845,2441423.030835143,FALSE,109.1339638501515,Velavadar_LEK2,2022-12-01,2024-05-01,Dec22→May24
17.602077552547232,193779.57392407136,2441197.962593365,193764.29508394114,2441189.222445858,FALSE,149.22872688997174,Velavadar_LEK2,2022-12-01,2024-05-01,Dec22→May24
7.3419478155314195,193884.2809547863,2441275.5319798235,193887.19527233526,2441268.7932150294,FALSE,59.0675304332744,Velavadar_LEK2,2022-12-01,2024-05-01,Dec22→May24
20.09030458904747,193831.7450344542,2441284.2286591223,193820.85260976257,2441301.1098742094,FALSE,48.44745577904804,Velavadar_LEK2,2022-12-01,2024-05-01,Dec22→May24
25.801477359496065,193740.93484989027,2441419.0547985183,193766.72781470435,2441419.7175202034,FALSE,146.64579192251117,Velavadar_LEK2,2022-12-01,2024-05-01,Dec22→May24
17.94432491554501,193937.95200559113,2441220.774409542,193921.6716866155,2441228.3209326304,FALSE,134.65919501938166,Velavadar_LEK2,2022-12-01,2024-05-01,Dec22→May24
9.603052497144146,193902.10703940238,2441287.058912514,193906.3743973655,2441295.661718642,FALSE,61.68725276060105,Velavadar_LEK2,2022-12-01,2024-05-01,Dec22→May24
15.84124523306167,193867.07010046378,2441171.0453692214,193877.4946102376,2441182.973262854,FALSE,156.20804369093506,Velavadar_LEK2,2022-12-01,2024-05-01,Dec22→May24
34.788328565455004,193982.27206582212,2441264.800057375,193950.19561568054,2441278.265908655,FALSE,141.64266853930712,Velavadar_LEK2,2022-12-01,2024-05-01,Dec22→May24
19.821717114951934,193916.9690021055,2441203.2881683633,193898.08585391473,2441209.3153720093,FALSE,138.2079928402161,Velavadar_LEK2,2022-12-01,2024-05-01,Dec22→May24
8.058250894890584,193882.44860469067,2441322.2574641453,193879.34780978784,2441314.8196903886,FALSE,27.90783848500117,Velavadar_LEK2,2022-12-01,2024-05-01,Dec22→May24
22.42192487839945,193901.89482262678,2441440.773866043,193900.85503227782,2441418.376063667,FALSE,123.29787333727711,Velavadar_LEK2,2022-12-01,2024-05-01,Dec22→May24
16.76131451480223,193748.37728441952,2441315.523858114,193748.81610297342,2441298.768288815,FALSE,107.12519820534678,Velavadar_LEK2,2022-12-01,2024-05-01,Dec22→May24
4.834829629829084,193921.3954589689,2441233.1478649727,193921.6716866155,2441228.3209326304,FALSE,114.83567700081453,Velavadar_LEK2,2022-12-01,2024-05-01,Dec22→May24
31.056527837263605,193808.90637489315,2441463.732291301,193777.85359856766,2441464.2149959574,FALSE,144.47283022909517,Velavadar_LEK2,2022-12-01,2024-05-01,Dec22→May24
8.806262844494443,193937.59558124034,2441388.166591796,193928.80670000153,2441388.7196124615,FALSE,102.98239726477267,Velavadar_LEK2,2022-12-01,2024-05-01,Dec22→May24
27.806755208285864,193964.71350695292,2441301.98186253,193950.19561568054,2441278.265908655,FALSE,112.5692064428938,Velavadar_LEK2,2022-12-01,2024-05-01,Dec22→May24
4.296304309430089,193883.46326042071,2441266.66476071,193887.19527233526,2441268.7932150294,FALSE,66.55132642253086,Velavadar_LEK2,2022-12-01,2024-05-01,Dec22→May24
27.423246660909417,193977.46608535966,2441281.156573095,193950.19561568054,2441278.265908655,FALSE,130.77287316029708,Velavadar_LEK2,2022-12-01,2024-05-01,Dec22→May24
13.41045311405602,193684.30328858254,2441362.058863676,193687.2039462556,2441348.965871742,FALSE,174.2157788513028,Velavadar_LEK2,2022-12-01,2024-05-01,Dec22→May24
9.32996225179383,193938.12244876052,2441389.2344140536,193928.80670000153,2441388.7196124615,FALSE,104.04336824894816,Velavadar_LEK2,2022-12-01,2024-05-01,Dec22→May24
50.236937007626636,193709.00869684303,2441426.5029264605,193742.95651908306,2441463.533929756,FALSE,176.72534545639496,Velavadar_LEK2,2022-12-01,2024-05-01,Dec22→May24
29.518791886085232,193803.69699317263,2441430.8151762476,193819.84148856334,2441406.1025409573,FALSE,115.95765461915263,Velavadar_LEK2,2022-12-01,2024-05-01,Dec22→May24
4.84074370820065,193794.2436676741,2441251.9986413103,193796.63739258324,2441256.2061204496,FALSE,96.2938376702923,Velavadar_LEK2,2022-12-01,2024-05-01,Dec22→May24
14.631504705818573,193911.5988168582,2441248.6317329155,193897.08825384133,2441250.509095664,FALSE,96.54389889742271,Velavadar_LEK2,2022-12-01,2024-05-01,Dec22→May24
8.142202629271498,193901.6656341137,2441382.855924339,193898.34636347764,2441375.421013035,FALSE,73.01173867354623,Velavadar_LEK2,2022-12-01,2024-05-01,Dec22→May24
23.643567099182576,193956.99483127892,2441300.9107520506,193950.19561568054,2441278.265908655,FALSE,105.3118739266964,Velavadar_LEK2,2022-12-01,2024-05-01,Dec22→May24
40.58440937412914,193940.8252208305,2441181.84962217,193900.6965869231,2441175.784391344,FALSE,168.48184104177443,Velavadar_LEK2,2022-12-01,2024-05-01,Dec22→May24
13.459813342196291,193913.36177573225,2441423.350794149,193900.85503227782,2441418.376063667,FALSE,112.88359865518113,Velavadar_LEK2,2022-12-01,2024-05-01,Dec22→May24
20.996926241038256,193852.52284342115,2441186.1689548306,193873.00350569538,2441190.79641465,FALSE,140.63065253006997,Velavadar_LEK2,2022-12-01,2024-05-01,Dec22→May24
20.38912196555705,193797.8699969922,2441460.334262955,193777.85359856766,2441464.2149959574,FALSE,145.22542357189997,Velavadar_LEK2,2022-12-01,2024-05-01,Dec22→May24
12.828475814897013,193814.6427282427,2441339.1748782326,193810.02971302986,2441351.1452534306,FALSE,42.13152430641136,Velavadar_LEK2,2022-12-01,2024-05-01,Dec22→May24
18.824861567236276,193756.31217330357,2441340.913403882,193759.034061172,2441359.5404471112,FALSE,99.60528360567143,Velavadar_LEK2,2022-12-01,2024-05-01,Dec22→May24
10.022993295756878,193884.58948960222,2441201.382367613,193875.2019303983,2441204.894365164,FALSE,128.86156623708357,Velavadar_LEK2,2022-12-01,2024-05-01,Dec22→May24
16.278278195030722,193715.2001276933,2441316.735419964,193706.68273300224,2441330.6075621443,FALSE,140.0699863009675,Velavadar_LEK2,2022-12-01,2024-05-01,Dec22→May24
9.501302726727543,193974.75001782045,2441334.2984773587,193973.8624324936,2441343.7582313614,FALSE,120.07612941066024,Velavadar_LEK2,2022-12-01,2024-05-01,Dec22→May24
6.362951839543337,193886.34674628652,2441370.4385093166,193885.74438201485,2441364.1041337834,FALSE,53.799811615601485,Velavadar_LEK2,2022-12-01,2024-05-01,Dec22→May24
6.244868232874148,193781.97034861185,2441355.068662958,193779.598342559,2441360.8455104143,FALSE,78.23305565367622,Velavadar_LEK2,2022-12-01,2024-05-01,Dec22→May24
29.233051115383628,193771.86846862416,2441240.6796371574,193796.63739258324,2441256.2061204496,FALSE,119.62015284346803,Velavadar_LEK2,2022-12-01,2024-05-01,Dec22→May24
7.976268481021992,193839.56643201754,2441197.607441269,193842.36803751928,2441205.0754976086,FALSE,130.07995169037068,Velavadar_LEK2,2022-12-01,2024-05-01,Dec22→May24
6.340064521301039,193965.47677650835,2441412.2740918244,193970.21510052157,2441416.4865381066,FALSE,139.76574572561535,Velavadar_LEK2,2022-12-01,2024-05-01,Dec22→May24
15.606834118493028,193958.29264303076,2441344.832906794,193973.8624324936,2441343.7582313614,FALSE,104.94758864464465,Velavadar_LEK2,2022-12-01,2024-05-01,Dec22→May24
9.650170233670243,193978.01750784088,2441422.1652902197,193970.21510052157,2441416.4865381066,FALSE,155.73711257591236,Velavadar_LEK2,2022-12-01,2024-05-01,Dec22→May24
24.56383569830805,193775.9309430545,2441242.991546218,193796.63739258324,2441256.2061204496,FALSE,115.14345698444137,Velavadar_LEK2,2022-12-01,2024-05-01,Dec22→May24
19.81998264175784,193691.58443467985,2441299.1500906693,193671.83729184617,2441297.452427032,FALSE,165.6456061930813,Velavadar_LEK2,2022-12-01,2024-05-01,Dec22→May24
7.056050740725065,193786.43506003387,2441338.4706582874,193789.75050369283,2441332.2420400297,FALSE,69.46539648767818,Velavadar_LEK2,2022-12-01,2024-05-01,Dec22→May24
18.183149112624715,193944.84633987484,2441397.2844746546,193928.80670000153,2441388.7196124615,FALSE,114.2786058834055,Velavadar_LEK2,2022-12-01,2024-05-01,Dec22→May24
15.268058174233493,193827.23772008994,2441419.4595376113,193819.84148856334,2441406.1025409573,FALSE,96.72303931428274,Velavadar_LEK2,2022-12-01,2024-05-01,Dec22→May24
12.814979850710674,193870.35415556273,2441367.5282069175,193859.61447607534,2441360.5365695497,FALSE,43.57757649524555,Velavadar_LEK2,2022-12-01,2024-05-01,Dec22→May24
31.31109658469571,193976.95991217752,2441294.5157456496,193950.19561568054,2441278.265908655,FALSE,126.24275506063226,Velavadar_LEK2,2022-12-01,2024-05-01,Dec22→May24
15.15380833704663,193808.16093560593,2441197.214469232,193816.3582516599,2441184.469198869,FALSE,137.7406669742863,Velavadar_LEK2,2022-12-01,2024-05-01,Dec22→May24
8.968460261560127,193801.1294034595,2441263.968537454,193796.63739258324,2441256.2061204496,TRUE,82.6891883635997,Velavadar_LEK2,2022-12-01,2024-05-01,Dec22→May24
5.895665808804566,193865.9277505555,2441271.80231143,193868.98803631036,2441276.841510417,FALSE,56.07027758354185,Velavadar_LEK2,2022-12-01,2024-05-01,Dec22→May24
7.759581044843015,193940.80689397882,2441369.6150251743,193944.02619087603,2441362.554768417,FALSE,95.98567531031661,Velavadar_LEK2,2022-12-01,2024-05-01,Dec22→May24
18.68037144988824,193819.0670630412,2441273.013142231,193822.75246018986,2441254.699919539,FALSE,64.61802174962996,Velavadar_LEK2,2022-12-01,2024-05-01,Dec22→May24
5.475292530167851,193889.59226773278,2441349.381190356,193892.3940905485,2441344.677083937,FALSE,41.39727655142779,Velavadar_LEK2,2022-12-01,2024-05-01,Dec22→May24
17.67702954098309,193977.3051494514,2441376.976370037,193968.4475444393,2441392.274089045,FALSE,132.28917269523103,Velavadar_LEK2,2022-12-01,2024-05-01,Dec22→May24
15.399289020256173,193807.46102006643,2441293.507017658,193820.85260976257,2441301.1098742094,FALSE,57.95179503043017,Velavadar_LEK2,2022-12-01,2024-05-01,Dec22→May24
11.682596488381314,193934.86503378762,2441369.8043381637,193944.02619087603,2441362.554768417,FALSE,90.79664087113737,Velavadar_LEK2,2022-12-01,2024-05-01,Dec22→May24
10.159870503961866,193865.2487645713,2441412.991926408,193866.81186407845,2441423.030835143,FALSE,86.83033639565599,Velavadar_LEK2,2022-12-01,2024-05-01,Dec22→May24
12.816356994468817,193941.61991160925,2441389.003540103,193928.80670000153,2441388.7196124615,FALSE,106.7264617219001,Velavadar_LEK2,2022-12-01,2024-05-01,Dec22→May24
31.830289735087153,193731.59430432555,2441375.6720027965,193759.034061172,2441359.5404471112,FALSE,132.65420859613982,Velavadar_LEK2,2022-12-01,2024-05-01,Dec22→May24
7.467707424911013,193895.9795071708,2441368.338312603,193898.34636347764,2441375.421013035,FALSE,58.42849602235276,Velavadar_LEK2,2022-12-01,2024-05-01,Dec22→May24
21.70109617899989,193879.19747611714,2441227.8875474795,193887.25175960845,2441248.038629158,TRUE,101.83070734205715,Velavadar_LEK2,2022-12-01,2024-05-01,Dec22→May24
7.880547850850366,193862.62124500025,2441319.6090855044,193870.4770319413,2441318.9848692226,TRUE,10.530104425012157,Velavadar_LEK2,2022-12-01,2024-05-01,Dec22→May24
21.884904504678694,193885.49969407613,2441160.0362646943,193900.6965869231,2441175.784391344,FALSE,169.52585327555371,Velavadar_LEK2,2022-12-01,2024-05-01,Dec22→May24
2.424064252984173,193935.8607836589,2441237.37826792,193935.5314220899,2441239.7798524927,FALSE,120.60537941213329,Velavadar_LEK2,2022-12-01,2024-05-01,Dec22→May24
16.55940888229998,193894.44008587208,2441191.11639112,193900.6965869231,2441175.784391344,FALSE,141.30500042246587,Velavadar_LEK2,2022-12-01,2024-05-01,Dec22→May24
6.227668084750365,193764.68919272965,2441399.175905618,193758.56971189706,2441398.0201356956,FALSE,115.67615248920839,Velavadar_LEK2,2022-12-01,2024-05-01,Dec22→May24
19.1298073699138,193744.51849588926,2441385.03888542,193758.56971189706,2441398.0201356956,FALSE,124.8212970076741,Velavadar_LEK2,2022-12-01,2024-05-01,Dec22→May24
11.87046060305428,193801.01876648288,2441335.974879247,193789.75050369283,2441332.2420400297,FALSE,54.66967528847302,Velavadar_LEK2,2022-12-01,2024-05-01,Dec22→May24
17.206737477846143,193838.0541546305,2441299.062934628,193821.48897240637,2441303.7176690474,FALSE,32.43923456164973,Velavadar_LEK2,2022-12-01,2024-05-01,Dec22→May24
3.0546049401871818,193932.52712985908,2441240.331975244,193935.5314220899,2441239.7798524927,FALSE,116.17934011481383,Velavadar_LEK2,2022-12-01,2024-05-01,Dec22→May24
14.668317020136053,193920.5177826412,2441307.047559173,193905.86971956724,2441306.2769928975,FALSE,68.51120288225074,Velavadar_LEK2,2022-12-01,2024-05-01,Dec22→May24
11.084237673008799,193879.36857017942,2441280.7280051596,193868.98803631036,2441276.841510417,FALSE,52.14375036522908,Velavadar_LEK2,2022-12-01,2024-05-01,Dec22→May24
18.290924491062558,193932.10954942135,2441280.995766894,193950.19561568054,2441278.265908655,FALSE,89.75509956743049,Velavadar_LEK2,2022-12-01,2024-05-01,Dec22→May24
3.436898557024018,193791.06950050182,2441214.2875789856,193792.0362080969,2441217.585722117,FALSE,129.34430854101285,Velavadar_LEK2,2022-12-01,2024-05-01,Dec22→May24
22.402274902252397,193932.26384585118,2441421.774045025,193916.3428814038,2441406.013816224,TRUE,122.50583580290993,Velavadar_LEK2,2022-12-01,2024-05-01,Dec22→May24
10.461989849247173,193874.32897784337,2441389.2179517155,193865.94867073506,2441382.95507024,FALSE,65.38878407396093,Velavadar_LEK2,2022-12-01,2024-05-01,Dec22→May24
5.813838487591633,193747.14364261943,2441459.5004803077,193742.95651908306,2441463.533929756,FALSE,170.96311501532296,Velavadar_LEK2,2022-12-01,2024-05-01,Dec22→May24
10.369913526149157,193906.42185641397,2441255.0278310576,193897.08825384133,2441250.509095664,TRUE,88.32779541278619,Velavadar_LEK2,2022-12-01,2024-05-01,Dec22→May24
21.371283260959693,193776.96888477314,2441267.781420134,193788.09839043283,2441286.026031722,TRUE,97.75224885399396,Velavadar_LEK2,2022-12-01,2024-05-01,Dec22→May24
33.73657829415282,193848.82844203705,2441165.185415438,193877.4946102376,2441182.973262854,TRUE,161.70831909903274,Velavadar_LEK2,2022-12-01,2024-05-01,Dec22→May24
12.294337601291847,193889.72264459677,2441170.2415286475,193900.6965869231,2441175.784391344,TRUE,160.3622230757113,Velavadar_LEK2,2022-12-01,2024-05-01,Dec22→May24
42.355671110500175,193723.28283814207,2441421.44745769,193758.56971189706,2441398.0201356956,TRUE,162.13463300004102,Velavadar_LEK2,2022-12-01,2024-05-01,Dec22→May24
2.0212200278170775,193787.35828777598,2441403.3779861378,193789.37501694093,2441403.2433240567,TRUE,102.1299297094108,Velavadar_LEK2,2022-12-01,2024-05-01,Dec22→May24
25.413369059443983,193882.3201081707,2441158.022232882,193877.4946102376,2441182.973262854,TRUE,170.96872449724643,Velavadar_LEK2,2022-12-01,2024-05-01,Dec22→May24
8.623997722959121,193854.84652617402,2441308.2389913877,193849.7387538724,2441315.1876602415,TRUE,18.54046879946994,Velavadar_LEK2,2022-12-01,2024-05-01,Dec22→May24
23.707104110804707,193944.97977619374,2441338.866850392,193944.02619087603,2441362.554768417,TRUE,90.87769067998407,Velavadar_LEK2,2022-12-01,2024-05-01,Dec22→May24
10.787718947590278,193903.5898608068,2441200.037398727,193898.08585391473,2441209.3153720093,TRUE,135.76927645192936,Velavadar_LEK2,2022-12-01,2024-05-01,Dec22→May24
10.252356911457191,193861.26097484306,2441406.62946169,193851.07630362245,2441405.453326337,FALSE,80.10231295309738,Velavadar_LEK2,2022-12-01,2024-05-01,Dec22→May24
12.465889028136974,193856.44394693623,2441260.7907139515,193854.92378529673,2441248.417860689,TRUE,66.00647615558933,Velavadar_LEK2,2022-12-01,2024-05-01,Dec22→May24
34.94185392584009,193701.5770405679,2441380.8146914323,193687.2039462556,2441348.965871742,TRUE,162.5751328169196,Velavadar_LEK2,2022-12-01,2024-05-01,Dec22→May24
24.759108190717228,193891.96350640518,2441441.483512813,193900.85503227782,2441418.376063667,TRUE,120.54061775252076,Velavadar_LEK2,2022-12-01,2024-05-01,Dec22→May24
7.163463241680592,193874.72222909788,2441281.135021648,193868.98803631036,2441276.841510417,TRUE,49.75889428115628,Velavadar_LEK2,2022-12-01,2024-05-01,Dec22→May24
17.73157019492704,193950.91031946233,2441389.656013094,193968.4475444393,2441392.274089045,FALSE,114.75898060512596,Velavadar_LEK2,2022-12-01,2024-05-01,Dec22→May24
14.942165613157249,193784.55328224602,2441247.417344052,193796.63739258324,2441256.2061204496,FALSE,106.05815281297487,Velavadar_LEK2,2022-12-01,2024-05-01,Dec22→May24
32.95429159222782,193725.86839203828,2441402.095551483,193758.56971189706,2441398.0201356956,FALSE,149.41267732242054,Velavadar_LEK2,2022-12-01,2024-05-01,Dec22→May24
15.506399260148923,193881.43494117924,2441417.8719559894,193866.81186407845,2441423.030835143,TRUE,94.87601961985646,Velavadar_LEK2,2022-12-01,2024-05-01,Dec22→May24
38.648235573875326,193725.6536136504,2441262.49612208,193715.65983028692,2441299.82989241,TRUE,144.35868115689306,Velavadar_LEK2,2022-12-01,2024-05-01,Dec22→May24
5.389355414466404,193990.62098542237,2441399.1422813833,193985.85019496368,2441396.6353489584,TRUE,153.79853459322,Velavadar_LEK2,2022-12-01,2024-05-01,Dec22→May24
12.06941301899877,193919.6933789669,2441319.5101180617,193913.86212947115,2441330.0773911225,TRUE,65.19039269077946,Velavadar_LEK2,2022-12-01,2024-05-01,Dec22→May24
12.470007392917825,193772.88606229197,2441402.3289723718,193775.85909530078,2441414.439387687,TRUE,111.51500441609798,Velavadar_LEK2,2022-12-01,2024-05-01,Dec22→May24
8.172162875125794,193742.9181345085,2441455.3618570273,193742.95651908306,2441463.533929756,TRUE,170.51549984669956,Velavadar_LEK2,2022-12-01,2024-05-01,Dec22→May24
26.821072781555067,193736.90229327243,2441382.212134073,193758.56971189706,2441398.0201356956,TRUE,130.37831099923002,Velavadar_LEK2,2022-12-01,2024-05-01,Dec22→May24
10.133968711486862,193948.67465869157,2441440.51484902,193957.83997165173,2441436.1911515067,TRUE,147.40305331057934,Velavadar_LEK2,2022-12-01,2024-05-01,Dec22→May24
17.62219265603901,193797.87006962372,2441300.6908181095,193788.09839043283,2441286.026031722,FALSE,62.72250853078896,Velavadar_LEK2,2022-12-01,2024-05-01,Dec22→May24
4.180739596538539,193732.05508849735,2441333.380441148,193728.7065565664,2441335.88362262,FALSE,123.0316671824759,Velavadar_LEK2,2022-12-01,2024-05-01,Dec22→May24
34.821977792599,193941.3634129034,2441199.601495777,193921.6716866155,2441228.3209326304,FALSE,153.78062027447118,Velavadar_LEK2,2022-12-01,2024-05-01,Dec22→May24
17.509164838727873,193782.446705172,2441447.3190134447,193777.85359856766,2441464.2149959574,FALSE,140.64377856934786,Velavadar_LEK2,2022-12-01,2024-05-01,Dec22→May24
19.43641703494457,193808.69280818145,2441285.946974333,193820.85260976257,2441301.1098742094,TRUE,61.67065467613785,Velavadar_LEK2,2022-12-01,2024-05-01,Dec22→May24
9.997748919820134,193787.84731364163,2441463.931019754,193777.85359856766,2441464.2149959574,TRUE,152.66932288670847,Velavadar_LEK2,2022-12-01,2024-05-01,Dec22→May24
3.3263923338693355,193919.66862372737,2441406.079573019,193916.3428814038,2441406.013816224,FALSE,102.38292599322783,Velavadar_LEK2,2022-12-01,2024-05-01,Dec22→May24
32.14684096914903,193999.00274911386,2441367.30226689,193985.85019496368,2441396.6353489584,FALSE,149.68286092361308,Velavadar_LEK2,2022-12-01,2024-05-01,Dec22→May24
37.625287179561575,193982.8886836538,2441307.2316790284,193973.8624324936,2441343.7582313614,FALSE,129.46340115355352,Velavadar_LEK2,2022-12-01,2024-05-01,Dec22→May24
19.565572173972747,193950.75226744567,2441344.181649235,193944.02619087603,2441362.554768417,FALSE,97.40979373509923,Velavadar_LEK2,2022-12-01,2024-05-01,Dec22→May24
26.054118492070852,193804.9342560631,2441427.47054296,193819.84148856334,2441406.1025409573,TRUE,112.4110534111977,Velavadar_LEK2,2022-12-01,2024-05-01,Dec22→May24
19.17328200150911,193888.06798965047,2441432.662640708,193900.85503227782,2441418.376063667,TRUE,110.95383382459656,Velavadar_LEK2,2022-12-01,2024-05-01,Dec22→May24
12.132391028045744,193675.99336574675,2441366.818392952,193671.93880799686,2441355.3835569886,FALSE,183.34154703154925,Velavadar_LEK2,2022-12-01,2024-05-01,Dec22→May24
13.769471518581176,193936.5410238584,2441280.040864449,193950.19561568054,2441278.265908655,TRUE,94.06479223192987,Velavadar_LEK2,2022-12-01,2024-05-01,Dec22→May24
17.923236613767475,193787.1567075437,2441313.1433797474,193770.90976096026,2441305.5750815617,TRUE,69.1114054083408,Velavadar_LEK2,2022-12-01,2024-05-01,Dec22→May24
7.033406010699027,193826.56796974217,2441408.1575959595,193819.84148856334,2441406.1025409573,TRUE,86.17228750761116,Velavadar_LEK2,2022-12-01,2024-05-01,Dec22→May24
20.981470394725537,193763.84447951292,2441284.1269091493,193748.81610297342,2441298.768288815,TRUE,100.55882157161764,Velavadar_LEK2,2022-12-01,2024-05-01,Dec22→May24
3.7597799624538015,193862.45123771252,2441421.6609453596,193859.9801312416,2441424.4945963924,TRUE,95.18084746053522,Velavadar_LEK2,2022-12-01,2024-05-01,Dec22→May24
28.89575958175447,193735.0373122176,2441273.3692760956,193748.81610297342,2441298.768288815,TRUE,131.23257148494446,Velavadar_LEK2,2022-12-01,2024-05-01,Dec22→May24
25.765052566555585,193736.2776679701,2441385.101052473,193758.56971189706,2441398.0201356956,TRUE,132.19282194606555,Velavadar_LEK2,2022-12-01,2024-05-01,Dec22→May24
11.623783900922453,193924.6913215296,2441243.975632756,193935.5314220899,2441239.7798524927,TRUE,108.28643887737634,Velavadar_LEK2,2022-12-01,2024-05-01,Dec22→May24
12.280699735745996,193823.62710047708,2441349.2564392756,193834.6515045156,2441343.8455149927,TRUE,38.52026162980396,Velavadar_LEK2,2022-12-01,2024-05-01,Dec22→May24
6.3445584210883625,193834.79378321653,2441402.7534560235,193837.90692963783,2441397.225188581,FALSE,78.59203566767572,Velavadar_LEK2,2022-12-01,2024-05-01,Dec22→May24
5.770425322289236,193820.35533040843,2441315.8742827503,193820.19100279943,2441310.106197727,TRUE,36.23415659049169,Velavadar_LEK2,2022-12-01,2024-05-01,Dec22→May24
16.056152434814123,193833.55629812134,2441222.1577287293,193833.13577143743,2441238.2083732123,TRUE,106.77848712644425,Velavadar_LEK2,2022-12-01,2024-05-01,Dec22→May24
40.044482100237936,193815.92315824327,2441476.635510149,193777.85359856766,2441464.2149959574,TRUE,154.84445721924288,Velavadar_LEK2,2022-12-01,2024-05-01,Dec22→May24
15.41831341450676,193925.17674191948,2441367.2376779257,193921.69673452654,2441352.217227297,TRUE,81.08239895688362,Velavadar_LEK2,2022-12-01,2024-05-01,Dec22→May24
15.717417210070579,193776.1354474646,2441448.591770921,193777.85359856766,2441464.2149959574,TRUE,145.06420343906993,Velavadar_LEK2,2022-12-01,2024-05-01,Dec22→May24
25.586470434043434,193997.57562962684,2441353.368213203,193973.8624324936,2441343.7582313614,TRUE,145.1226378492873,Velavadar_LEK2,2022-12-01,2024-05-01,Dec22→May24
12.690663055584054,193846.9269086616,2441302.812424676,193849.7387538724,2441315.1876602415,TRUE,25.261355749139124,Velavadar_LEK2,2022-12-01,2024-05-01,Dec22→May24
18.237005954549744,193963.13839982968,2441237.0443043527,193973.20963193633,2441221.840401234,TRUE,140.591125686719,Velavadar_LEK2,2022-12-01,2024-05-01,Dec22→May24
16.086110896009192,193810.281274469,2441199.3632685607,193816.3582516599,2441184.469198869,TRUE,135.00570680098335,Velavadar_LEK2,2022-12-01,2024-05-01,Dec22→May24
20.51154717169578,193882.34902712304,2441292.4045272158,193868.98803631036,2441276.841510417,TRUE,43.98356503866523,Velavadar_LEK2,2022-12-01,2024-05-01,Dec22→May24
15.393688652367368,193980.67950412922,2441329.956304516,193973.8624324936,2441343.7582313614,TRUE,125.81008056991935,Velavadar_LEK2,2022-12-01,2024-05-01,Dec22→May24
33.72023786687678,193968.22985162455,2441306.758377409,193950.19561568054,2441278.265908655,TRUE,115.07533194258008,Velavadar_LEK2,2022-12-01,2024-05-01,Dec22→May24
1.7508483078095012,193984.43475451472,2441397.6658818945,193985.85019496368,2441396.6353489584,TRUE,147.6539217903335,Velavadar_LEK2,2022-12-01,2024-05-01,Dec22→May24
3.8998095829288575,193723.90725733287,2441332.4128862754,193722.39249489084,2441336.006493033,TRUE,131.12335911754252,Velavadar_LEK2,2022-12-01,2024-05-01,Dec22→May24
16.406036407164954,193787.96436691922,2441302.43152069,193788.09839043283,2441286.026031722,TRUE,71.2353382867239,Velavadar_LEK2,2022-12-01,2024-05-01,Dec22→May24
3.4264381814661893,193706.24468409337,2441334.0058840485,193706.68273300224,2441330.6075621443,TRUE,148.84039354682204,Velavadar_LEK2,2022-12-01,2024-05-01,Dec22→May24
7.448630614165527,193901.69486885396,2441244.655789235,193897.08825384133,2441250.509095664,TRUE,94.51532437768167,Velavadar_LEK2,2022-12-01,2024-05-01,Dec22→May24
14.091539674387603,193986.23904040604,2441350.4955206513,193973.8624324936,2441343.7582313614,TRUE,133.4537138217845,Velavadar_LEK2,2022-12-01,2024-05-01,Dec22→May24
11.031517682739233,193834.3733776138,2441386.774906648,193837.90692963783,2441397.225188581,TRUE,63.41293635445507,Velavadar_LEK2,2022-12-01,2024-05-01,Dec22→May24
10.898534574951828,193891.57162046744,2441299.3779147435,193895.10189418832,2441309.6888421187,TRUE,45.77058897549703,Velavadar_LEK2,2022-12-01,2024-05-01,Dec22→May24
10.210908177808166,193800.31120508473,2441348.012642836,193810.02971302986,2441351.1452534306,TRUE,58.58183162316297,Velavadar_LEK2,2022-12-01,2024-05-01,Dec22→May24
15.141158216435585,193832.64231200592,2441291.6094745784,193820.85260976257,2441301.1098742094,TRUE,41.626312476193156,Velavadar_LEK2,2022-12-01,2024-05-01,Dec22→May24
9.805082199650466,193842.12491082645,2441326.836875705,193832.99476551684,2441323.2619514307,TRUE,12.784760664920178,Velavadar_LEK2,2022-12-01,2024-05-01,Dec22→May24
9.411016701449228,193833.85697274152,2441313.8905142914,193832.99476551684,2441323.2619514307,TRUE,24.684668150418826,Velavadar_LEK2,2022-12-01,2024-05-01,Dec22→May24
5.723664147577195,193919.54411423745,2441329.3879127763,193913.86212947115,2441330.0773911225,TRUE,64.68718962031807,Velavadar_LEK2,2022-12-01,2024-05-01,Dec22→May24
9.130694565809394,193778.22100841196,2441350.113695977,193787.3120818403,2441350.9633824923,TRUE,80.159982251248593,Velavadar_LEK2,2022-12-01,2024-05-01,Dec22→May24
15.209485593359915,193795.3604196293,2441232.427489859,193792.0362080969,2441217.585722117,TRUE,111.57227290687527,Velavadar_LEK2,2022-12-01,2024-05-01,Dec22→May24
17.81206849528491,193853.30887265087,2441297.7370431754,193849.7387538724,2441315.1876602415,TRUE,29.08638699112276,Velavadar_LEK2,2022-12-01,2024-05-01,Dec22→May24
6.008118724300139,193789.79735533704,2441223.161117074,193792.0362080969,2441217.585722117,TRUE,122.37783990363798,Velavadar_LEK2,2022-12-01,2024-05-01,Dec22→May24
13.455912090463803,193727.54054069304,2441293.5124332346,193715.65983028692,2441299.82989241,TRUE,131.64175049203763,Velavadar_LEK2,2022-12-01,2024-05-01,Dec22→May24
26.254699268763268,193799.07187028977,2441482.2049740963,193778.52158215205,2441498.5449524056,TRUE,165.15135256667642,Velavadar_LEK2,2022-12-01,2024-05-01,Dec22→May24
18.092914799768103,193770.7793693715,2441280.7910460075,193788.09839043283,2441286.026031722,TRUE,95.87914449798983,Velavadar_LEK2,2022-12-01,2024-05-01,Dec22→May24
7.831735242623273,193808.62568524305,2441376.280065432,193815.20279272,2441380.531857307,TRUE,67.76810404508066,Velavadar_LEK2,2022-12-01,2024-05-01,Dec22→May24
10.141242483955407,193886.28613341047,2441408.150661188,193891.02809568198,2441399.186365737,TRUE,87.21112465596315,Velavadar_LEK2,2022-12-01,2024-05-01,Dec22→May24
20.611843403715387,193726.22230189847,2441282.130110435,193715.65983028692,2441299.82989241,TRUE,136.21292397192428,Velavadar_LEK2,2022-12-01,2024-05-01,Dec22→May24
10.75110164037467,193758.95012983453,2441295.178346467,193748.81610297342,2441298.768288815,TRUE,101.0288692373876,Velavadar_LEK2,2022-12-01,2024-05-01,Dec22→May24
18.876148269194456,193761.29671260156,2441339.702504253,193776.372454366,2441328.3433236605,TRUE,94.5006332235174,Velavadar_LEK2,2022-12-01,2024-05-01,Dec22→May24
50.86766127420345,193709.46987637447,2441411.3139355723,193758.56971189706,2441398.0201356956,TRUE,168.22244795576822,Velavadar_LEK2,2022-12-01,2024-05-01,Dec22→May24
10.74684596228528,193801.8020423513,2441330.834018957,193806.77202291111,2441321.3054308468,TRUE,53.26205819499954,Velavadar_LEK2,2022-12-01,2024-05-01,Dec22→May24
16.646069730720537,193831.45660125118,2441217.6465833234,193842.36803751928,2441205.0754976086,TRUE,111.62437848481038,Velavadar_LEK2,2022-12-01,2024-05-01,Dec22→May24
9.135450360132255,193813.0579845086,2441296.3453941294,193820.85260976257,2441301.1098742094,TRUE,51.7472581878613,Velavadar_LEK2,2022-12-01,2024-05-01,Dec22→May24
6.272010512690115,193677.83509548794,2441299.2866754737,193671.83729184617,2441297.452427032,TRUE,179.19600151905397,Velavadar_LEK2,2022-12-01,2024-05-01,Dec22→May24
16.423258345805134,193896.7613158857,2441234.0890918192,193897.08825384133,2441250.509095664,TRUE,101.70081369369403,Velavadar_LEK2,2022-12-01,2024-05-01,Dec22→May24
22.666545708976646,193950.95305309552,2441217.548898854,193973.20963193633,2441221.840401234,TRUE,145.44981313627562,Velavadar_LEK2,2022-12-01,2024-05-01,Dec22→May24
22.427938638365248,193694.66124257844,2441291.9513299894,193715.65983028692,2441299.82989241,TRUE,163.9893554112532,Velavadar_LEK2,2022-12-01,2024-05-01,Dec22→May24
27.420380348376295,193995.6681501805,2441371.032907399,193985.85019496368,2441396.6353489584,TRUE,147.551221009732,Velavadar_LEK2,2022-12-01,2024-05-01,Dec22→May24
18.705973839375535,193808.75822403556,2441270.4538887725,193796.63739258324,2441256.2061204496,TRUE,72.81828128289993,Velavadar_LEK2,2022-12-01,2024-05-01,Dec22→May24
32.61635864341861,193834.9094837795,2441445.358188772,193859.9801312416,2441424.4945963924,TRUE,120.25365941361324,Velavadar_LEK2,2022-12-01,2024-05-01,Dec22→May24
26.368594884380023,193802.22624211735,2441454.151346392,193777.85359856766,2441464.2149959574,TRUE,137.83742152073836,Velavadar_LEK2,2022-12-01,2024-05-01,Dec22→May24
40.02413853117876,193814.45483198637,2441448.019892457,193777.85359856766,2441464.2149959574,TRUE,127.81178331249625,Velavadar_LEK2,2022-12-01,2024-05-01,Dec22→May24
7.555102753817762,193900.22763104815,2441300.054535672,193906.3743973655,2441295.661718642,TRUE,52.611263562829045,Velavadar_LEK2,2022-12-01,2024-05-01,Dec22→May24
7.744086632718535,193831.23004503638,2441393.302168087,193837.90692963783,2441397.225188581,TRUE,70.61163852169436,Velavadar_LEK2,2022-12-01,2024-05-01,Dec22→May24
6.904337661258831,193795.46548843407,2441328.367917168,193789.75050369283,2441332.2420400297,TRUE,59.46527600393576,Velavadar_LEK2,2022-12-01,2024-05-01,Dec22→May24
49.08320980200141,193748.06509533833,2441249.142592661,193796.63739258324,2441256.2061204496,TRUE,132.07271622653974,Velavadar_LEK2,2022-12-01,2024-05-01,Dec22→May24
19.570575960557537,193779.0798574729,2441268.657280855,193788.09839043283,2441286.026031722,TRUE,95.54222286503644,Velavadar_LEK2,2022-12-01,2024-05-01,Dec22→May24
29.20064532118978,193934.16420547556,2441201.9274739767,193921.6716866155,2441228.3209326304,TRUE,147.8827014527635,Velavadar_LEK2,2022-12-01,2024-05-01,Dec22→May24
19.260890915935594,193948.60062121315,2441225.631426674,193935.5314220899,2441239.7798524927,TRUE,137.87284478055784,Velavadar_LEK2,2022-12-01,2024-05-01,Dec22→May24
36.17434000650563,193696.6254393391,2441383.8917696257,193687.2039462556,2441348.965871742,TRUE,168.27265168101252,Velavadar_LEK2,2022-12-01,2024-05-01,Dec22→May24
14.35725242271225,193823.61034567715,2441196.8602371425,193816.3582516599,2441184.469198869,TRUE,133.63613428278225,Velavadar_LEK2,2022-12-01,2024-05-01,Dec22→May24
16.222668744804682,193780.519128367,2441258.0436568055,193796.63739258324,2441256.2061204496,TRUE,101.28439957715409,Velavadar_LEK2,2022-12-01,2024-05-01,Dec22→May24
15.036635061628111,193829.33847730624,2441268.2174922694,193822.75246018986,2441254.699919539,TRUE,63.90125896611415,Velavadar_LEK2,2022-12-01,2024-05-01,Dec22→May24
15.297802754285536,193673.0219004641,2441312.7042948366,193671.83729184617,2441297.452427032,TRUE,182.43141571371916,Velavadar_LEK2,2022-12-01,2024-05-01,Dec22→May24
15.143692807830073,193926.60813813133,2441252.0153106065,193935.5314220899,2441239.7798524927,TRUE,103.587406206219,Velavadar_LEK2,2022-12-01,2024-05-01,Dec22→May24
18.949593791403174,193952.12161953765,2441410.8551039426,193970.21510052157,2441416.4865381066,TRUE,128.52595023198094,Velavadar_LEK2,2022-12-01,2024-05-01,Dec22→May24
9.328575940901484,193831.8142151441,2441252.4847612525,193822.75246018986,2441254.699919539,TRUE,77.8015456386953,Velavadar_LEK2,2022-12-01,2024-05-01,Dec22→May24
11.75149527726854,193893.69568014098,2441185.222873504,193900.6965869231,2441175.784391344,TRUE,146.7739807323908,Velavadar_LEK2,2022-12-01,2024-05-01,Dec22→May24
13.676707631533244,193875.87203238928,2441288.659417576,193868.98803631036,2441276.841510417,TRUE,43.50351116696963,Velavadar_LEK2,2022-12-01,2024-05-01,Dec22→May24
21.74463987688576,193878.03885729212,2441227.2973684636,193868.15008313511,2441246.663356924,TRUE,102.13535376396479,Velavadar_LEK2,2022-12-01,2024-05-01,Dec22→May24
20.16886969646574,193812.55294364222,2441204.275837547,193816.3582516599,2441184.469198869,TRUE,129.6194150333741,Velavadar_LEK2,2022-12-01,2024-05-01,Dec22→May24
9.60090543891067,193695.8201360267,2441353.2012771624,193687.2039462556,2441348.965871742,TRUE,161.26858711854928,Velavadar_LEK2,2022-12-01,2024-05-01,Dec22→May24
11.846934574244015,193801.84717978927,2441210.9453386,193792.0362080969,2441217.585722117,TRUE,127.4093136580108,Velavadar_LEK2,2022-12-01,2024-05-01,Dec22→May24
22.622549409403117,193837.6950648747,2441176.9512108658,193816.3582516599,2441184.469198869,TRUE,150.81382705165103,Velavadar_LEK2,2022-12-01,2024-05-01,Dec22→May24
11.596077006323979,193825.14317201698,2441366.940225251,193836.70711477444,2441367.8029128183,TRUE,49.98932325216249,Velavadar_LEK2,2022-12-01,2024-05-01,Dec22→May24
14.630217847197306,193803.53737443255,2441307.0372731704,193806.77202291111,2441321.3054308468,TRUE,55.034982775412324,Velavadar_LEK2,2022-12-01,2024-05-01,Dec22→May24
4.150715454595041,193874.05805179445,2441180.6454946413,193877.4946102376,2441182.973262854,TRUE,147.38307233584254,Velavadar_LEK2,2022-12-01,2024-05-01,Dec22→May24
14.068718722919275,193804.85258120488,2441267.6271327697,193796.63739258324,2441256.2061204496,TRUE,77.4898993555189,Velavadar_LEK2,2022-12-01,2024-05-01,Dec22→May24
9.811256144714747,193794.19213667518,2441343.9686993253,193787.3120818403,2441350.9633824923,TRUE,63.103699918720054,Velavadar_LEK2,2022-12-01,2024-05-01,Dec22→May24
12.127833509748566,193801.87072140016,2441332.671770605,193789.75050369283,2441332.2420400297,TRUE,53.3651298480027,Velavadar_LEK2,2022-12-01,2024-05-01,Dec22→May24
8.910571780587738,193966.61758598368,2441348.945763386,193973.8624324936,2441343.7582313614,TRUE,113.88606945914745,Velavadar_LEK2,2022-12-01,2024-05-01,Dec22→May24
28.290351947556218,193942.28062846768,2441305.426486534,193950.19561568054,2441278.265908655,TRUE,89.94249077151828,Velavadar_LEK2,2022-12-01,2024-05-01,Dec22→May24
8.74901339176297,193874.26383034638,2441380.234159369,193865.94867073506,2441382.95507024,TRUE,56.85072372219724,Velavadar_LEK2,2022-12-01,2024-05-01,Dec22→May24
23.071962769213744,193798.72576718166,2441474.0469867717,193777.85359856766,2441464.2149959574,TRUE,157.62097731782043,Velavadar_LEK2,2022-12-01,2024-05-01,Dec22→May24
15.592676405670895,193942.52342267203,2441347.0346767544,193944.02619087603,2441362.554768417,TRUE,89.92480307488933,Velavadar_LEK2,2022-12-01,2024-05-01,Dec22→May24
18.75520356983387,193777.1970020687,2441206.11595205,193792.0362080969,2441217.585722117,TRUE,143.52315223652704,Velavadar_LEK2,2022-12-01,2024-05-01,Dec22→May24
6.276411319164286,193852.5938959466,2441399.3631496085,193851.07630362245,2441405.453326337,TRUE,72.62072523125406,Velavadar_LEK2,2022-12-01,2024-05-01,Dec22→May24
18.685254839274826,193815.49811350383,2441232.039761454,193833.13577143743,2441238.2083732123,TRUE,102.61018919882133,Velavadar_LEK2,2022-12-01,2024-05-01,Dec22→May24
11.907203578495846,193849.62851360987,2441430.3789408305,193859.9801312416,2441424.4945963924,TRUE,103.73410162707741,Velavadar_LEK2,2022-12-01,2024-05-01,Dec22→May24
11.471219144301685,193827.80673516498,2441185.191067341,193816.3582516599,2441184.469198869,TRUE,144.15895673249412,Velavadar_LEK2,2022-12-01,2024-05-01,Dec22→May24
40.056641070403515,193841.49504724247,2441460.031002561,193859.9801312416,2441424.4945963924,TRUE,133.9251684967255,Velavadar_LEK2,2022-12-01,2024-05-01,Dec22→May24
8.535407935128948,193780.43828963308,2441282.260922911,193788.09839043283,2441286.026031722,FALSE,86.76322993002537,Velavadar_LEK2,2022-12-01,2024-05-01,Dec22→May24
12.415226901530676,193856.83193325187,2441260.6855756515,193854.92378529673,2441248.417860689,FALSE,66.12172868859439,Velavadar_LEK2,2022-12-01,2024-05-01,Dec22→May24
17.75221316640715,193698.3234081447,2441303.6495179953,193715.65983028692,2441299.82989241,FALSE,158.28520655475123,Velavadar_LEK2,2022-12-01,2024-05-01,Dec22→May24
14.474691610206122,193873.06226859815,2441219.2100399504,193875.2019303983,2441204.894365164,FALSE,109.09023150865893,Velavadar_LEK2,2022-12-01,2024-05-01,Dec22→May24
6.291201262431433,193945.06127068604,2441356.349301222,193944.02619087603,2441362.554768417,FALSE,94.87737349832118,Velavadar_LEK2,2022-12-01,2024-05-01,Dec22→May24
12.108993999301553,193921.47114270407,2441216.2135994057,193921.6716866155,2441228.3209326304,FALSE,129.05515319526512,Velavadar_LEK2,2022-12-01,2024-05-01,Dec22→May24
31.675161484481634,193942.81331155988,2441204.73391184,193921.6716866155,2441228.3209326304,FALSE,150.4066568324875,Velavadar_LEK2,2022-12-01,2024-05-01,Dec22→May24
35.185941420725705,193805.26642166174,2441438.1278106435,193819.84148856334,2441406.1025409573,TRUE,121.91356939816168,Velavadar_LEK2,2022-12-01,2024-05-01,Dec22→May24
15.714565284925103,193826.35416281153,2441172.3436340434,193816.3582516599,2441184.469198869,TRUE,157.05349727061306,Velavadar_LEK2,2022-12-01,2024-05-01,Dec22→May24
23.03875904382902,193839.1220610301,2441180.9204806164,193816.3582516599,2441184.469198869,TRUE,146.71078773986284,Velavadar_LEK2,2022-12-01,2024-05-01,Dec22→May24
14.956260525135647,193800.1457530291,2441362.3700947925,193810.02971302986,2441351.1452534306,TRUE,65.31288912751886,Velavadar_LEK2,2022-12-01,2024-05-01,Dec22→May24
16.83663293816377,193925.23833885664,2441372.2654638225,193928.80670000153,2441388.7196124615,TRUE,83.75634856153816,Velavadar_LEK2,2022-12-01,2024-05-01,Dec22→May24
16.952854472566422,193744.26950305144,2441351.2093548495,193759.034061172,2441359.5404471112,TRUE,113.30508913072524,Velavadar_LEK2,2022-12-01,2024-05-01,Dec22→May24
25.89512742405008,193851.94744217594,2441175.7232658956,193873.00350569538,2441190.79641465,TRUE,151.08512672114384,Velavadar_LEK2,2022-12-01,2024-05-01,Dec22→May24
13.286883371143071,193919.97373057806,2441318.27952684,193913.86212947115,2441330.0773911225,TRUE,65.61703796039718,Velavadar_LEK2,2022-12-01,2024-05-01,Dec22→May24
21.73130002675953,193673.1870219729,2441377.07897961,193671.93880799686,2441355.3835569886,TRUE,188.55536784498665,Velavadar_LEK2,2022-12-01,2024-05-01,Dec22→May24
7.023922715273511,193752.01604902215,2441359.2523572384,193759.034061172,2441359.5404471112,TRUE,107.89609312946789,Velavadar_LEK2,2022-12-01,2024-05-01,Dec22→May24
15.779079341193292,193917.3122024538,2441421.763094352,193916.3428814038,2441406.013816224,TRUE,113.64859490565954,Velavadar_LEK2,2022-12-01,2024-05-01,Dec22→May24
48.61963421078401,193828.21476486468,2441461.302616303,193859.9801312416,2441424.4945963924,TRUE,137.14634327782974,Velavadar_LEK2,2022-12-01,2024-05-01,Dec22→May24
21.322378536029685,193985.80782400124,2441326.0960840355,193973.8624324936,2441343.7582313614,TRUE,130.90006518454973,Velavadar_LEK2,2022-12-01,2024-05-01,Dec22→May24
12.762813016922898,193851.98831398928,2441235.99721641,193854.92378529673,2441248.417860689,TRUE,90.8291248167239,Velavadar_LEK2,2022-12-01,2024-05-01,Dec22→May24
11.493472961737144,193764.7838597909,2441295.8502033832,193770.90976096026,2441305.5750815617,TRUE,95.28510330008153,Velavadar_LEK2,2022-12-01,2024-05-01,Dec22→May24
48.76736858072011,193889.72916746553,2441466.0779424063,193866.81186407845,2441423.030835143,FALSE,143.58448138754193,Velavadar_LEK2,2022-12-01,2024-05-01,Dec22→May24
18.457821112109595,193853.93603199488,2441190.6924289507,193842.36803751928,2441205.0754976086,FALSE,136.0904061475125,Velavadar_LEK2,2022-12-01,2024-05-01,Dec22→May24
14.32961073415026,193797.33299463085,2441361.206382572,193787.3120818403,2441350.9633824923,FALSE,67.08412014190661,Velavadar_LEK2,2022-12-01,2024-05-01,Dec22→May24
